ISO-10303-21;
HEADER;
FILE_DESCRIPTION((''),'2;1');
FILE_NAME('C-1825360-3','2018-09-10T',('workeradm'),('TE Connectivity Ltd.'),
'CREO PARAMETRIC BY PTC INC, 2016050','CREO PARAMETRIC BY PTC INC, 2016050','');
FILE_SCHEMA(('AUTOMOTIVE_DESIGN { 1 0 10303 214 1 1 1 1 }'));
ENDSEC;
DATA;
#2=DIRECTION('',(-5.205003326640E-2,1.043867726674E-1,9.931737993569E-1));
#3=VECTOR('',#2,1.006873117921E0);
#4=CARTESIAN_POINT('',(-5.992592220717E0,3.544895764735E0,-3.5E0));
#5=LINE('',#4,#3);
#6=DIRECTION('',(1.E0,0.E0,0.E0));
#7=VECTOR('',#6,1.198518444143E1);
#8=CARTESIAN_POINT('',(-5.992592220717E0,3.544895764735E0,-3.5E0));
#9=LINE('',#8,#7);
#10=DIRECTION('',(5.205003326640E-2,1.043867726674E-1,9.931737993569E-1));
#11=VECTOR('',#10,1.006873117921E0);
#12=CARTESIAN_POINT('',(5.992592220717E0,3.544895764735E0,-3.5E0));
#13=LINE('',#12,#11);
#14=DIRECTION('',(0.E0,-1.045284632678E-1,-9.945218953683E-1));
#15=VECTOR('',#14,2.533082465147E-1);
#16=CARTESIAN_POINT('',(-4.625E0,3.649547543398E0,-2.504304837016E0));
#17=LINE('',#16,#15);
#18=DIRECTION('',(1.E0,0.E0,0.E0));
#19=VECTOR('',#18,1.6E0);
#20=CARTESIAN_POINT('',(-4.625E0,3.649547543398E0,-2.504304837016E0));
#21=LINE('',#20,#19);
#22=DIRECTION('',(0.E0,-1.045284632678E-1,-9.945218953683E-1));
#23=VECTOR('',#22,2.533082465147E-1);
#24=CARTESIAN_POINT('',(-3.025E0,3.649547543398E0,-2.504304837016E0));
#25=LINE('',#24,#23);
#26=DIRECTION('',(1.E0,0.E0,0.E0));
#27=VECTOR('',#26,1.6E0);
#28=CARTESIAN_POINT('',(-4.625E0,3.623069621657E0,-2.756225434452E0));
#29=LINE('',#28,#27);
#30=DIRECTION('',(0.E0,1.045284632678E-1,9.945218953683E-1));
#31=VECTOR('',#30,2.533082465147E-1);
#32=CARTESIAN_POINT('',(-2.085E0,3.623069621657E0,-2.756225434452E0));
#33=LINE('',#32,#31);
#34=DIRECTION('',(1.E0,0.E0,0.E0));
#35=VECTOR('',#34,1.6E0);
#36=CARTESIAN_POINT('',(-2.085E0,3.649547543398E0,-2.504304837016E0));
#37=LINE('',#36,#35);
#38=DIRECTION('',(0.E0,1.045284632678E-1,9.945218953683E-1));
#39=VECTOR('',#38,2.533082465147E-1);
#40=CARTESIAN_POINT('',(-4.85E-1,3.623069621657E0,-2.756225434452E0));
#41=LINE('',#40,#39);
#42=DIRECTION('',(1.E0,0.E0,0.E0));
#43=VECTOR('',#42,1.6E0);
#44=CARTESIAN_POINT('',(-2.085E0,3.623069621657E0,-2.756225434452E0));
#45=LINE('',#44,#43);
#46=DIRECTION('',(0.E0,1.045284632678E-1,9.945218953683E-1));
#47=VECTOR('',#46,2.533082465147E-1);
#48=CARTESIAN_POINT('',(4.55E-1,3.623069621657E0,-2.756225434452E0));
#49=LINE('',#48,#47);
#50=DIRECTION('',(1.E0,0.E0,0.E0));
#51=VECTOR('',#50,1.6E0);
#52=CARTESIAN_POINT('',(4.55E-1,3.649547543398E0,-2.504304837016E0));
#53=LINE('',#52,#51);
#54=DIRECTION('',(0.E0,1.045284632678E-1,9.945218953683E-1));
#55=VECTOR('',#54,2.533082465147E-1);
#56=CARTESIAN_POINT('',(2.055E0,3.623069621657E0,-2.756225434452E0));
#57=LINE('',#56,#55);
#58=DIRECTION('',(1.E0,0.E0,0.E0));
#59=VECTOR('',#58,1.6E0);
#60=CARTESIAN_POINT('',(4.55E-1,3.623069621657E0,-2.756225434452E0));
#61=LINE('',#60,#59);
#62=DIRECTION('',(0.E0,1.045284632678E-1,9.945218953683E-1));
#63=VECTOR('',#62,2.533082465147E-1);
#64=CARTESIAN_POINT('',(2.995E0,3.623069621657E0,-2.756225434452E0));
#65=LINE('',#64,#63);
#66=DIRECTION('',(1.E0,0.E0,0.E0));
#67=VECTOR('',#66,1.6E0);
#68=CARTESIAN_POINT('',(2.995E0,3.649547543398E0,-2.504304837016E0));
#69=LINE('',#68,#67);
#70=DIRECTION('',(0.E0,1.045284632678E-1,9.945218953683E-1));
#71=VECTOR('',#70,2.533082465147E-1);
#72=CARTESIAN_POINT('',(4.595E0,3.623069621657E0,-2.756225434452E0));
#73=LINE('',#72,#71);
#74=DIRECTION('',(1.E0,0.E0,0.E0));
#75=VECTOR('',#74,1.6E0);
#76=CARTESIAN_POINT('',(2.995E0,3.623069621657E0,-2.756225434452E0));
#77=LINE('',#76,#75);
#78=DIRECTION('',(-1.776356839400E-14,-1.E0,-3.108624468950E-14));
#79=VECTOR('',#78,1.E-1);
#80=CARTESIAN_POINT('',(-6.045E0,3.75E0,-2.500000000004E0));
#81=LINE('',#80,#79);
#82=DIRECTION('',(1.E0,0.E0,0.E0));
#83=VECTOR('',#82,1.209E1);
#84=CARTESIAN_POINT('',(-6.045E0,3.65E0,-2.500000000004E0));
#85=LINE('',#84,#83);
#86=DIRECTION('',(0.E0,-1.E0,-1.776356839400E-14));
#87=VECTOR('',#86,1.E-1);
#88=CARTESIAN_POINT('',(6.045E0,3.75E0,-2.500000000004E0));
#89=LINE('',#88,#87);
#90=DIRECTION('',(5.226442768871E-2,-5.226442768887E-2,9.972646886342E-1));
#91=VECTOR('',#90,2.506857034543E0);
#92=CARTESIAN_POINT('',(-6.045E0,3.75E0,-2.500000000004E0));
#93=LINE('',#92,#91);
#94=DIRECTION('',(1.E0,0.E0,0.E0));
#95=VECTOR('',#94,1.209E1);
#96=CARTESIAN_POINT('',(-6.045E0,3.75E0,-2.500000000004E0));
#97=LINE('',#96,#95);
#98=DIRECTION('',(-5.226442768871E-2,-5.226442768887E-2,9.972646886342E-1));
#99=VECTOR('',#98,2.506857034543E0);
#100=CARTESIAN_POINT('',(6.045E0,3.75E0,-2.500000000004E0));
#101=LINE('',#100,#99);
#102=DIRECTION('',(0.E0,1.E0,0.E0));
#103=VECTOR('',#102,7.3E0);
#104=CARTESIAN_POINT('',(6.045E0,-3.65E0,-2.500000000004E0));
#105=LINE('',#104,#103);
#106=DIRECTION('',(0.E0,1.E0,0.E0));
#107=VECTOR('',#106,7.089791529469E0);
#108=CARTESIAN_POINT('',(-5.992592220717E0,-3.544895764735E0,-3.5E0));
#109=LINE('',#108,#107);
#110=DIRECTION('',(1.E0,0.E0,0.E0));
#111=VECTOR('',#110,1.198518444143E1);
#112=CARTESIAN_POINT('',(-5.992592220717E0,-3.544895764735E0,-3.5E0));
#113=LINE('',#112,#111);
#114=DIRECTION('',(0.E0,1.E0,0.E0));
#115=VECTOR('',#114,7.089791529469E0);
#116=CARTESIAN_POINT('',(5.992592220717E0,-3.544895764735E0,-3.5E0));
#117=LINE('',#116,#115);
#118=DIRECTION('',(0.E0,1.E0,0.E0));
#119=VECTOR('',#118,7.3E0);
#120=CARTESIAN_POINT('',(-6.045E0,-3.65E0,-2.500000000004E0));
#121=LINE('',#120,#119);
#122=DIRECTION('',(1.E0,0.E0,0.E0));
#123=VECTOR('',#122,1.209E1);
#124=CARTESIAN_POINT('',(-6.045E0,-3.65E0,-2.500000000004E0));
#125=LINE('',#124,#123);
#126=DIRECTION('',(-5.205003326640E-2,1.043867726674E-1,-9.931737993569E-1));
#127=VECTOR('',#126,1.006873117921E0);
#128=CARTESIAN_POINT('',(6.045E0,-3.65E0,-2.500000000004E0));
#129=LINE('',#128,#127);
#130=DIRECTION('',(5.205003326640E-2,1.043867726674E-1,-9.931737993569E-1));
#131=VECTOR('',#130,1.006873117921E0);
#132=CARTESIAN_POINT('',(-6.045E0,-3.65E0,-2.500000000004E0));
#133=LINE('',#132,#131);
#134=DIRECTION('',(0.E0,1.045284632678E-1,-9.945218953683E-1));
#135=VECTOR('',#134,2.533082465147E-1);
#136=CARTESIAN_POINT('',(-4.625E0,-3.649547543398E0,-2.504304837016E0));
#137=LINE('',#136,#135);
#138=DIRECTION('',(1.E0,0.E0,0.E0));
#139=VECTOR('',#138,1.6E0);
#140=CARTESIAN_POINT('',(-4.625E0,-3.623069621657E0,-2.756225434452E0));
#141=LINE('',#140,#139);
#142=DIRECTION('',(0.E0,1.045284632678E-1,-9.945218953683E-1));
#143=VECTOR('',#142,2.533082465147E-1);
#144=CARTESIAN_POINT('',(-3.025E0,-3.649547543398E0,-2.504304837016E0));
#145=LINE('',#144,#143);
#146=DIRECTION('',(1.E0,0.E0,0.E0));
#147=VECTOR('',#146,1.6E0);
#148=CARTESIAN_POINT('',(-4.625E0,-3.649547543398E0,-2.504304837016E0));
#149=LINE('',#148,#147);
#150=DIRECTION('',(0.E0,-1.045284632678E-1,9.945218953683E-1));
#151=VECTOR('',#150,2.533082465147E-1);
#152=CARTESIAN_POINT('',(-2.085E0,-3.623069621657E0,-2.756225434452E0));
#153=LINE('',#152,#151);
#154=DIRECTION('',(1.E0,0.E0,0.E0));
#155=VECTOR('',#154,1.6E0);
#156=CARTESIAN_POINT('',(-2.085E0,-3.623069621657E0,-2.756225434452E0));
#157=LINE('',#156,#155);
#158=DIRECTION('',(0.E0,-1.045284632678E-1,9.945218953683E-1));
#159=VECTOR('',#158,2.533082465147E-1);
#160=CARTESIAN_POINT('',(-4.85E-1,-3.623069621657E0,-2.756225434452E0));
#161=LINE('',#160,#159);
#162=DIRECTION('',(1.E0,0.E0,0.E0));
#163=VECTOR('',#162,1.6E0);
#164=CARTESIAN_POINT('',(-2.085E0,-3.649547543398E0,-2.504304837016E0));
#165=LINE('',#164,#163);
#166=DIRECTION('',(0.E0,-1.045284632678E-1,9.945218953683E-1));
#167=VECTOR('',#166,2.533082465147E-1);
#168=CARTESIAN_POINT('',(4.55E-1,-3.623069621657E0,-2.756225434452E0));
#169=LINE('',#168,#167);
#170=DIRECTION('',(1.E0,0.E0,0.E0));
#171=VECTOR('',#170,1.6E0);
#172=CARTESIAN_POINT('',(4.55E-1,-3.623069621657E0,-2.756225434452E0));
#173=LINE('',#172,#171);
#174=DIRECTION('',(0.E0,-1.045284632678E-1,9.945218953683E-1));
#175=VECTOR('',#174,2.533082465147E-1);
#176=CARTESIAN_POINT('',(2.055E0,-3.623069621657E0,-2.756225434452E0));
#177=LINE('',#176,#175);
#178=DIRECTION('',(1.E0,0.E0,0.E0));
#179=VECTOR('',#178,1.6E0);
#180=CARTESIAN_POINT('',(4.55E-1,-3.649547543398E0,-2.504304837016E0));
#181=LINE('',#180,#179);
#182=DIRECTION('',(0.E0,-1.045284632678E-1,9.945218953683E-1));
#183=VECTOR('',#182,2.533082465147E-1);
#184=CARTESIAN_POINT('',(2.995E0,-3.623069621657E0,-2.756225434452E0));
#185=LINE('',#184,#183);
#186=DIRECTION('',(1.E0,0.E0,0.E0));
#187=VECTOR('',#186,1.6E0);
#188=CARTESIAN_POINT('',(2.995E0,-3.623069621657E0,-2.756225434452E0));
#189=LINE('',#188,#187);
#190=DIRECTION('',(0.E0,-1.045284632678E-1,9.945218953683E-1));
#191=VECTOR('',#190,2.533082465147E-1);
#192=CARTESIAN_POINT('',(4.595E0,-3.623069621657E0,-2.756225434452E0));
#193=LINE('',#192,#191);
#194=DIRECTION('',(1.E0,0.E0,0.E0));
#195=VECTOR('',#194,1.6E0);
#196=CARTESIAN_POINT('',(2.995E0,-3.649547543398E0,-2.504304837016E0));
#197=LINE('',#196,#195);
#198=DIRECTION('',(1.776356839400E-14,-1.E0,3.108624468950E-14));
#199=VECTOR('',#198,1.E-1);
#200=CARTESIAN_POINT('',(-6.045E0,-3.65E0,-2.500000000004E0));
#201=LINE('',#200,#199);
#202=DIRECTION('',(1.E0,0.E0,0.E0));
#203=VECTOR('',#202,1.209E1);
#204=CARTESIAN_POINT('',(-6.045E0,-3.75E0,-2.500000000004E0));
#205=LINE('',#204,#203);
#206=DIRECTION('',(0.E0,-1.E0,1.332267629550E-14));
#207=VECTOR('',#206,1.E-1);
#208=CARTESIAN_POINT('',(6.045E0,-3.65E0,-2.500000000004E0));
#209=LINE('',#208,#207);
#210=DIRECTION('',(-5.226442768871E-2,-5.226442768887E-2,-9.972646886342E-1));
#211=VECTOR('',#210,2.506857034543E0);
#212=CARTESIAN_POINT('',(-5.913980551792E0,-3.618980551792E0,0.E0));
#213=LINE('',#212,#211);
#214=DIRECTION('',(1.E0,0.E0,0.E0));
#215=VECTOR('',#214,1.182796110358E1);
#216=CARTESIAN_POINT('',(-5.913980551792E0,-3.618980551792E0,0.E0));
#217=LINE('',#216,#215);
#218=DIRECTION('',(5.226442768871E-2,-5.226442768887E-2,-9.972646886342E-1));
#219=VECTOR('',#218,2.506857034543E0);
#220=CARTESIAN_POINT('',(5.913980551792E0,-3.618980551792E0,0.E0));
#221=LINE('',#220,#219);
#222=DIRECTION('',(0.E0,-1.E0,0.E0));
#223=VECTOR('',#222,7.237961103584E0);
#224=CARTESIAN_POINT('',(-5.913980551792E0,3.618980551792E0,0.E0));
#225=LINE('',#224,#223);
#226=DIRECTION('',(1.E0,0.E0,0.E0));
#227=VECTOR('',#226,1.182796110358E1);
#228=CARTESIAN_POINT('',(-5.913980551792E0,3.618980551792E0,0.E0));
#229=LINE('',#228,#227);
#230=DIRECTION('',(0.E0,-1.E0,0.E0));
#231=VECTOR('',#230,7.237961103584E0);
#232=CARTESIAN_POINT('',(5.913980551792E0,3.618980551792E0,0.E0));
#233=LINE('',#232,#231);
#234=DIRECTION('',(1.E0,0.E0,0.E0));
#235=VECTOR('',#234,1.05E0);
#236=CARTESIAN_POINT('',(-4.35E0,-1.15E0,0.E0));
#237=LINE('',#236,#235);
#238=DIRECTION('',(0.E0,1.E0,0.E0));
#239=VECTOR('',#238,1.9E0);
#240=CARTESIAN_POINT('',(-3.1E0,-9.5E-1,0.E0));
#241=LINE('',#240,#239);
#242=CARTESIAN_POINT('',(-3.3E0,9.5E-1,0.E0));
#243=DIRECTION('',(0.E0,0.E0,1.E0));
#244=DIRECTION('',(1.E0,0.E0,0.E0));
#245=AXIS2_PLACEMENT_3D('',#242,#243,#244);
#247=DIRECTION('',(-1.E0,0.E0,0.E0));
#248=VECTOR('',#247,1.05E0);
#249=CARTESIAN_POINT('',(-3.3E0,1.15E0,0.E0));
#250=LINE('',#249,#248);
#251=CARTESIAN_POINT('',(-4.35E0,9.5E-1,0.E0));
#252=DIRECTION('',(0.E0,0.E0,1.E0));
#253=DIRECTION('',(0.E0,1.E0,0.E0));
#254=AXIS2_PLACEMENT_3D('',#251,#252,#253);
#256=DIRECTION('',(0.E0,-1.E0,0.E0));
#257=VECTOR('',#256,1.9E0);
#258=CARTESIAN_POINT('',(-4.55E0,9.5E-1,0.E0));
#259=LINE('',#258,#257);
#260=DIRECTION('',(1.E0,0.E0,0.E0));
#261=VECTOR('',#260,1.05E0);
#262=CARTESIAN_POINT('',(-1.81E0,-1.15E0,0.E0));
#263=LINE('',#262,#261);
#264=DIRECTION('',(0.E0,1.E0,0.E0));
#265=VECTOR('',#264,1.9E0);
#266=CARTESIAN_POINT('',(-5.6E-1,-9.5E-1,0.E0));
#267=LINE('',#266,#265);
#268=CARTESIAN_POINT('',(-7.6E-1,9.5E-1,0.E0));
#269=DIRECTION('',(0.E0,0.E0,1.E0));
#270=DIRECTION('',(1.E0,0.E0,0.E0));
#271=AXIS2_PLACEMENT_3D('',#268,#269,#270);
#273=DIRECTION('',(-1.E0,0.E0,0.E0));
#274=VECTOR('',#273,1.05E0);
#275=CARTESIAN_POINT('',(-7.6E-1,1.15E0,0.E0));
#276=LINE('',#275,#274);
#277=CARTESIAN_POINT('',(-1.81E0,9.5E-1,0.E0));
#278=DIRECTION('',(0.E0,0.E0,1.E0));
#279=DIRECTION('',(0.E0,1.E0,0.E0));
#280=AXIS2_PLACEMENT_3D('',#277,#278,#279);
#282=DIRECTION('',(0.E0,-1.E0,0.E0));
#283=VECTOR('',#282,1.9E0);
#284=CARTESIAN_POINT('',(-2.01E0,9.5E-1,0.E0));
#285=LINE('',#284,#283);
#286=DIRECTION('',(1.E0,0.E0,0.E0));
#287=VECTOR('',#286,1.05E0);
#288=CARTESIAN_POINT('',(7.3E-1,-1.15E0,0.E0));
#289=LINE('',#288,#287);
#290=DIRECTION('',(0.E0,1.E0,0.E0));
#291=VECTOR('',#290,1.9E0);
#292=CARTESIAN_POINT('',(1.98E0,-9.5E-1,0.E0));
#293=LINE('',#292,#291);
#294=CARTESIAN_POINT('',(1.78E0,9.5E-1,0.E0));
#295=DIRECTION('',(0.E0,0.E0,1.E0));
#296=DIRECTION('',(1.E0,0.E0,0.E0));
#297=AXIS2_PLACEMENT_3D('',#294,#295,#296);
#299=DIRECTION('',(-1.E0,0.E0,0.E0));
#300=VECTOR('',#299,1.05E0);
#301=CARTESIAN_POINT('',(1.78E0,1.15E0,0.E0));
#302=LINE('',#301,#300);
#303=CARTESIAN_POINT('',(7.3E-1,9.5E-1,0.E0));
#304=DIRECTION('',(0.E0,0.E0,1.E0));
#305=DIRECTION('',(0.E0,1.E0,0.E0));
#306=AXIS2_PLACEMENT_3D('',#303,#304,#305);
#308=DIRECTION('',(0.E0,-1.E0,0.E0));
#309=VECTOR('',#308,1.9E0);
#310=CARTESIAN_POINT('',(5.3E-1,9.5E-1,0.E0));
#311=LINE('',#310,#309);
#312=DIRECTION('',(1.E0,0.E0,0.E0));
#313=VECTOR('',#312,1.05E0);
#314=CARTESIAN_POINT('',(3.27E0,-1.15E0,0.E0));
#315=LINE('',#314,#313);
#316=DIRECTION('',(0.E0,1.E0,0.E0));
#317=VECTOR('',#316,1.9E0);
#318=CARTESIAN_POINT('',(4.52E0,-9.5E-1,0.E0));
#319=LINE('',#318,#317);
#320=CARTESIAN_POINT('',(4.32E0,9.5E-1,0.E0));
#321=DIRECTION('',(0.E0,0.E0,1.E0));
#322=DIRECTION('',(1.E0,0.E0,0.E0));
#323=AXIS2_PLACEMENT_3D('',#320,#321,#322);
#325=DIRECTION('',(-1.E0,0.E0,0.E0));
#326=VECTOR('',#325,1.05E0);
#327=CARTESIAN_POINT('',(4.32E0,1.15E0,0.E0));
#328=LINE('',#327,#326);
#329=CARTESIAN_POINT('',(3.27E0,9.5E-1,0.E0));
#330=DIRECTION('',(0.E0,0.E0,1.E0));
#331=DIRECTION('',(0.E0,1.E0,0.E0));
#332=AXIS2_PLACEMENT_3D('',#329,#330,#331);
#334=DIRECTION('',(0.E0,-1.E0,0.E0));
#335=VECTOR('',#334,1.9E0);
#336=CARTESIAN_POINT('',(3.07E0,9.5E-1,0.E0));
#337=LINE('',#336,#335);
#338=CARTESIAN_POINT('',(-4.35E0,-9.5E-1,0.E0));
#339=DIRECTION('',(0.E0,0.E0,-1.E0));
#340=DIRECTION('',(0.E0,-1.E0,0.E0));
#341=AXIS2_PLACEMENT_3D('',#338,#339,#340);
#343=DIRECTION('',(0.E0,0.E0,-1.E0));
#344=VECTOR('',#343,1.E0);
#345=CARTESIAN_POINT('',(-4.55E0,-9.5E-1,0.E0));
#346=LINE('',#345,#344);
#347=CARTESIAN_POINT('',(-4.525E0,-1.046824583655E0,-1.E0));
#348=CARTESIAN_POINT('',(-4.517340299365E0,-1.060668667054E0,
-8.538442051923E-1));
#349=CARTESIAN_POINT('',(-4.509666371405E0,-1.071021634698E0,
-7.074169368579E-1));
#350=CARTESIAN_POINT('',(-4.501986841536E0,-1.08E0,-5.608827777265E-1));
#352=CARTESIAN_POINT('',(-4.437177978871E0,-1.13E0,-2.796221411063E-1));
#353=CARTESIAN_POINT('',(-4.437177978871E0,-1.13E0,-2.729819693242E-1));
#354=CARTESIAN_POINT('',(-4.437192984326E0,-1.129992733595E0,
-2.601656174329E-1));
#355=CARTESIAN_POINT('',(-4.437256239339E0,-1.129962083208E0,
-2.423816649458E-1));
#356=CARTESIAN_POINT('',(-4.437356339755E0,-1.129913522272E0,
-2.258924860985E-1));
#357=CARTESIAN_POINT('',(-4.437489725270E0,-1.129848706004E0,
-2.106142748429E-1));
#358=CARTESIAN_POINT('',(-4.437653149890E0,-1.129769124859E0,
-1.964560235903E-1));
#359=CARTESIAN_POINT('',(-4.437843660771E0,-1.129676120459E0,
-1.833371486650E-1));
#360=CARTESIAN_POINT('',(-4.438058581937E0,-1.129570897665E0,
-1.711819104334E-1));
#361=CARTESIAN_POINT('',(-4.438295497052E0,-1.129454535930E0,
-1.599203853813E-1));
#362=CARTESIAN_POINT('',(-4.438552235047E0,-1.129327998309E0,
-1.494876864820E-1));
#363=CARTESIAN_POINT('',(-4.438826857063E0,-1.129192139043E0,
-1.398236998874E-1));
#364=CARTESIAN_POINT('',(-4.439117645334E0,-1.129047709552E0,
-1.308727162890E-1));
#365=CARTESIAN_POINT('',(-4.439423094304E0,-1.128895362803E0,
-1.225831148959E-1));
#366=CARTESIAN_POINT('',(-4.439741903002E0,-1.128735656617E0,
-1.149070877940E-1));
#367=CARTESIAN_POINT('',(-4.440072969775E0,-1.128569055437E0,
-1.078003763479E-1));
#368=CARTESIAN_POINT('',(-4.440415392715E0,-1.128395928889E0,
-1.012219752353E-1));
#369=CARTESIAN_POINT('',(-4.440768468484E0,-1.128216550829E0,
-9.513396445265E-2));
#370=CARTESIAN_POINT('',(-4.441131701786E0,-1.128031092658E0,
-8.950123243252E-2));
#371=CARTESIAN_POINT('',(-4.441504818564E0,-1.127839614305E0,
-8.429128592113E-2));
#372=CARTESIAN_POINT('',(-4.441887784464E0,-1.127642052027E0,
-7.947410162574E-2));
#373=CARTESIAN_POINT('',(-4.442280855729E0,-1.127438188779E0,
-7.502175626826E-2));
#374=CARTESIAN_POINT('',(-4.442684631302E0,-1.127227622749E0,
-7.090836117013E-2));
#375=CARTESIAN_POINT('',(-4.443100107463E0,-1.127009733284E0,
-6.711019185543E-2));
#376=CARTESIAN_POINT('',(-4.443528789931E0,-1.126783614953E0,
-6.360556930444E-2));
#377=CARTESIAN_POINT('',(-4.443972861387E0,-1.126547979188E0,
-6.037485726553E-2));
#378=CARTESIAN_POINT('',(-4.444435442141E0,-1.126301001978E0,
-5.740051205190E-2));
#379=CARTESIAN_POINT('',(-4.444921042645E0,-1.126040059827E0,
-5.466733231794E-2));
#380=CARTESIAN_POINT('',(-4.445436261891E0,-1.125761323183E0,
-5.216277692473E-2));
#381=CARTESIAN_POINT('',(-4.445991436898E0,-1.125458793815E0,
-4.987855141048E-2));
#382=CARTESIAN_POINT('',(-4.446602412608E0,-1.125123267560E0,
-4.781190205830E-2));
#383=CARTESIAN_POINT('',(-4.447301259793E0,-1.124736095683E0,
-4.597533882851E-2));
#384=CARTESIAN_POINT('',(-4.448133748956E0,-1.124270403049E0,
-4.441374737025E-2));
#385=CARTESIAN_POINT('',(-4.449293969428E0,-1.123613101854E0,
-4.327648448382E-2));
#386=CARTESIAN_POINT('',(-4.450675573780E0,-1.122815302540E0,
-4.350921374489E-2));
#387=CARTESIAN_POINT('',(-4.451718373330E0,-1.122202655242E0,
-4.462461522064E-2));
#388=CARTESIAN_POINT('',(-4.452620590915E0,-1.121666381912E0,
-4.607878594411E-2));
#389=CARTESIAN_POINT('',(-4.453426602596E0,-1.121181805582E0,
-4.778233282272E-2));
#390=CARTESIAN_POINT('',(-4.454188367037E0,-1.120719182976E0,
-4.970733836158E-2));
#391=CARTESIAN_POINT('',(-4.454922282157E0,-1.120269070462E0,
-5.184276701226E-2));
#392=CARTESIAN_POINT('',(-4.455642990585E0,-1.119822838358E0,
-5.419263865996E-2));
#393=CARTESIAN_POINT('',(-4.456358965744E0,-1.119375348304E0,
-5.676456645283E-2));
#394=CARTESIAN_POINT('',(-4.457076852498E0,-1.118922438692E0,
-5.957045511495E-2));
#395=CARTESIAN_POINT('',(-4.457801654772E0,-1.118460836297E0,
-6.262463917835E-2));
#396=CARTESIAN_POINT('',(-4.458537496838E0,-1.117987714656E0,
-6.594381820432E-2));
#397=CARTESIAN_POINT('',(-4.459287865252E0,-1.117500555245E0,
-6.954671395387E-2));
#398=CARTESIAN_POINT('',(-4.460055831453E0,-1.116997015178E0,
-7.345405461484E-2));
#399=CARTESIAN_POINT('',(-4.460844177071E0,-1.116474850328E0,
-7.768857515516E-2));
#400=CARTESIAN_POINT('',(-4.461655485811E0,-1.115931856174E0,
-8.227509249193E-2));
#401=CARTESIAN_POINT('',(-4.462492202139E0,-1.115365827205E0,
-8.724058814009E-2));
#402=CARTESIAN_POINT('',(-4.463356683395E0,-1.114774517903E0,
-9.261438821403E-2));
#403=CARTESIAN_POINT('',(-4.464251203083E0,-1.114155634818E0,
-9.842813986564E-2));
#404=CARTESIAN_POINT('',(-4.465177976014E0,-1.113506812593E0,
-1.047159707557E-1));
#405=CARTESIAN_POINT('',(-4.466139195020E0,-1.112825579578E0,
-1.115148114609E-1));
#406=CARTESIAN_POINT('',(-4.467137036656E0,-1.112109342903E0,
-1.188645826677E-1));
#407=CARTESIAN_POINT('',(-4.468173668205E0,-1.111355371087E0,
-1.268084391585E-1));
#408=CARTESIAN_POINT('',(-4.469251248920E0,-1.110560779010E0,
-1.353930250563E-1));
#409=CARTESIAN_POINT('',(-4.470371928019E0,-1.109722513594E0,
-1.446687551996E-1));
#410=CARTESIAN_POINT('',(-4.471537838688E0,-1.108837340724E0,
-1.546901190117E-1));
#411=CARTESIAN_POINT('',(-4.472751087002E0,-1.107901834370E0,
-1.655159977521E-1));
#412=CARTESIAN_POINT('',(-4.474013739484E0,-1.106912365158E0,
-1.772100316567E-1));
#413=CARTESIAN_POINT('',(-4.475327801951E0,-1.105865094229E0,
-1.898409754723E-1));
#414=CARTESIAN_POINT('',(-4.476695203552E0,-1.104755961757E0,
-2.034831759734E-1));
#415=CARTESIAN_POINT('',(-4.478117785686E0,-1.103580669411E0,
-2.182172083928E-1));
#416=CARTESIAN_POINT('',(-4.479597249444E0,-1.102334695569E0,
-2.341301970074E-1));
#417=CARTESIAN_POINT('',(-4.481135113629E0,-1.101013302888E0,
-2.513163187185E-1));
#418=CARTESIAN_POINT('',(-4.482732670689E0,-1.099611548451E0,
-2.698773974149E-1));
#419=CARTESIAN_POINT('',(-4.484390941323E0,-1.098124296033E0,
-2.899236308545E-1));
#420=CARTESIAN_POINT('',(-4.486110564890E0,-1.096546289877E0,
-3.115736656894E-1));
#421=CARTESIAN_POINT('',(-4.487891740401E0,-1.094872192519E0,
-3.349553326015E-1));
#422=CARTESIAN_POINT('',(-4.489734203271E0,-1.093096592586E0,
-3.602071128404E-1));
#423=CARTESIAN_POINT('',(-4.491637105108E0,-1.091214115420E0,
-3.874784734935E-1));
#424=CARTESIAN_POINT('',(-4.493599018526E0,-1.089219415896E0,
-4.169324057366E-1));
#425=CARTESIAN_POINT('',(-4.495617713512E0,-1.087107442181E0,
-4.487441894813E-1));
#426=CARTESIAN_POINT('',(-4.497690559655E0,-1.084872977432E0,
-4.831127100432E-1));
#427=CARTESIAN_POINT('',(-4.499812254433E0,-1.082513355334E0,
-5.202205952158E-1));
#428=CARTESIAN_POINT('',(-4.501259288179E0,-1.080850604128E0,
-5.470002326858E-1));
#429=CARTESIAN_POINT('',(-4.501986841536E0,-1.08E0,-5.608827777264E-1));
#431=DIRECTION('',(0.E0,0.E0,1.E0));
#432=VECTOR('',#431,7.203778588937E-1);
#433=CARTESIAN_POINT('',(-4.437177978871E0,-1.13E0,-1.E0));
#434=LINE('',#433,#432);
#435=DIRECTION('',(0.E0,0.E0,-1.E0));
#436=VECTOR('',#435,1.E0);
#437=CARTESIAN_POINT('',(-4.55E0,9.5E-1,0.E0));
#438=LINE('',#437,#436);
#439=DIRECTION('',(0.E0,0.E0,-1.E0));
#440=VECTOR('',#439,1.E0);
#441=CARTESIAN_POINT('',(-4.35E0,1.15E0,0.E0));
#442=LINE('',#441,#440);
#443=DIRECTION('',(0.E0,0.E0,-1.E0));
#444=VECTOR('',#443,1.E0);
#445=CARTESIAN_POINT('',(-3.3E0,1.15E0,0.E0));
#446=LINE('',#445,#444);
#447=DIRECTION('',(0.E0,0.E0,-1.E0));
#448=VECTOR('',#447,1.E0);
#449=CARTESIAN_POINT('',(-3.1E0,9.5E-1,0.E0));
#450=LINE('',#449,#448);
#451=DIRECTION('',(0.E0,0.E0,-1.E0));
#452=VECTOR('',#451,1.E0);
#453=CARTESIAN_POINT('',(-3.1E0,-9.5E-1,0.E0));
#454=LINE('',#453,#452);
#455=CARTESIAN_POINT('',(-3.3E0,-9.5E-1,0.E0));
#456=DIRECTION('',(0.E0,0.E0,-1.E0));
#457=DIRECTION('',(1.E0,0.E0,0.E0));
#458=AXIS2_PLACEMENT_3D('',#455,#456,#457);
#460=DIRECTION('',(0.E0,0.E0,-1.E0));
#461=VECTOR('',#460,1.E0);
#462=CARTESIAN_POINT('',(-3.3E0,-1.15E0,0.E0));
#463=LINE('',#462,#461);
#464=DIRECTION('',(0.E0,0.E0,1.E0));
#465=VECTOR('',#464,7.203778588937E-1);
#466=CARTESIAN_POINT('',(-3.212822021129E0,-1.13E0,-1.E0));
#467=LINE('',#466,#465);
#468=CARTESIAN_POINT('',(-3.148013158464E0,-1.08E0,-5.608827777265E-1));
#469=CARTESIAN_POINT('',(-3.148749505802E0,-1.080860885432E0,
-5.468324335281E-1));
#470=CARTESIAN_POINT('',(-3.150214130839E0,-1.082543495282E0,
-5.197373914869E-1));
#471=CARTESIAN_POINT('',(-3.152361455026E0,-1.084930191845E0,
-4.822200943541E-1));
#472=CARTESIAN_POINT('',(-3.154459160179E0,-1.087189288022E0,
-4.474963092021E-1));
#473=CARTESIAN_POINT('',(-3.156501777326E0,-1.089323523735E0,
-4.153782887854E-1));
#474=CARTESIAN_POINT('',(-3.158486608770E0,-1.091338281112E0,
-3.856615142502E-1));
#475=CARTESIAN_POINT('',(-3.160411368106E0,-1.093238765047E0,
-3.581660207914E-1));
#476=CARTESIAN_POINT('',(-3.162274601173E0,-1.095030482564E0,
-3.327245707308E-1));
#477=CARTESIAN_POINT('',(-3.164075458730E0,-1.096718973725E0,
-3.091838556118E-1));
#478=CARTESIAN_POINT('',(-3.165813695771E0,-1.098309813592E0,
-2.874019366094E-1));
#479=CARTESIAN_POINT('',(-3.167489546261E0,-1.099808497698E0,
-2.672478869320E-1));
#480=CARTESIAN_POINT('',(-3.169103708701E0,-1.101220442708E0,
-2.486001586741E-1));
#481=CARTESIAN_POINT('',(-3.170657265496E0,-1.102550930351E0,
-2.313460495574E-1));
#482=CARTESIAN_POINT('',(-3.172151578181E0,-1.103805040004E0,
-2.153815015990E-1));
#483=CARTESIAN_POINT('',(-3.173588242130E0,-1.104987637831E0,
-2.006103305606E-1));
#484=CARTESIAN_POINT('',(-3.174969040147E0,-1.106103366015E0,
-1.869436204037E-1));
#485=CARTESIAN_POINT('',(-3.176295896660E0,-1.107156633441E0,
-1.742992255002E-1));
#486=CARTESIAN_POINT('',(-3.177570827461E0,-1.108151603713E0,
-1.626013976192E-1));
#487=CARTESIAN_POINT('',(-3.178795934389E0,-1.109092218006E0,
-1.517800833894E-1));
#488=CARTESIAN_POINT('',(-3.179973381262E0,-1.109982200989E0,
-1.417705111253E-1));
#489=CARTESIAN_POINT('',(-3.181105376134E0,-1.110825070455E0,
-1.325127934818E-1));
#490=CARTESIAN_POINT('',(-3.182194158419E0,-1.111624149030E0,
-1.239515601133E-1));
#491=CARTESIAN_POINT('',(-3.183241990295E0,-1.112382577394E0,
-1.160356201468E-1));
#492=CARTESIAN_POINT('',(-3.184251152303E0,-1.113103328844E0,
-1.087176522003E-1));
#493=CARTESIAN_POINT('',(-3.185223944396E0,-1.113789225966E0,
-1.019539126380E-1));
#494=CARTESIAN_POINT('',(-3.186162688728E0,-1.114442956761E0,
-9.570398810204E-2));
#495=CARTESIAN_POINT('',(-3.187069739899E0,-1.115067094202E0,
-8.993055479797E-2));
#496=CARTESIAN_POINT('',(-3.187947501119E0,-1.115664118069E0,
-8.459915888854E-2));
#497=CARTESIAN_POINT('',(-3.188798481407E0,-1.116236462216E0,
-7.967783794761E-2));
#498=CARTESIAN_POINT('',(-3.189625299230E0,-1.116786522954E0,
-7.513716650877E-2));
#499=CARTESIAN_POINT('',(-3.190430729862E0,-1.117316695375E0,
-7.095012134082E-2));
#500=CARTESIAN_POINT('',(-3.191217776608E0,-1.117829422482E0,
-6.709196465365E-2));
#501=CARTESIAN_POINT('',(-3.191989775581E0,-1.118327262460E0,
-6.354016742402E-2));
#502=CARTESIAN_POINT('',(-3.192750545036E0,-1.118812980072E0,
-6.027440297304E-2));
#503=CARTESIAN_POINT('',(-3.193504635781E0,-1.119289694876E0,
-5.727661638070E-2));
#504=CARTESIAN_POINT('',(-3.194257672583E0,-1.119761079076E0,
-5.453126144189E-2));
#505=CARTESIAN_POINT('',(-3.195017171208E0,-1.120231826822E0,
-5.202578935160E-2));
#506=CARTESIAN_POINT('',(-3.195793195690E0,-1.120708021804E0,
-4.975167653842E-2));
#507=CARTESIAN_POINT('',(-3.196602482491E0,-1.121199481037E0,
-4.770812373690E-2));
#508=CARTESIAN_POINT('',(-3.197467786302E0,-1.121719356755E0,
-4.590221365497E-2));
#509=CARTESIAN_POINT('',(-3.198449601471E0,-1.122301937795E0,
-4.439917813657E-2));
#510=CARTESIAN_POINT('',(-3.199620706109E0,-1.122988376680E0,
-4.326942343143E-2));
#511=CARTESIAN_POINT('',(-3.201238546468E0,-1.123916902211E0,
-4.355949087650E-2));
#512=CARTESIAN_POINT('',(-3.202318065768E0,-1.124523786343E0,
-4.517091429534E-2));
#513=CARTESIAN_POINT('',(-3.203149230450E0,-1.124986257712E0,
-4.707437809453E-2));
#514=CARTESIAN_POINT('',(-3.203850351092E0,-1.125372250996E0,
-4.928576544507E-2));
#515=CARTESIAN_POINT('',(-3.204470919055E0,-1.125710973104E0,
-5.173873070974E-2));
#516=CARTESIAN_POINT('',(-3.205037572298E0,-1.126017796939E0,
-5.444000945889E-2));
#517=CARTESIAN_POINT('',(-3.205565184682E0,-1.126301383750E0,
-5.739358920840E-2));
#518=CARTESIAN_POINT('',(-3.206063175498E0,-1.126567193185E0,
-6.061277220226E-2));
#519=CARTESIAN_POINT('',(-3.206537677150E0,-1.126818794541E0,
-6.411350618171E-2));
#520=CARTESIAN_POINT('',(-3.206992855773E0,-1.127058622804E0,
-6.791483463467E-2));
#521=CARTESIAN_POINT('',(-3.207431571935E0,-1.127288366739E0,
-7.203821408586E-2));
#522=CARTESIAN_POINT('',(-3.207855781173E0,-1.127509201609E0,
-7.650745891377E-2));
#523=CARTESIAN_POINT('',(-3.208266779065E0,-1.127721932524E0,
-8.134874339989E-2));
#524=CARTESIAN_POINT('',(-3.208665351741E0,-1.127927083102E0,
-8.659064238505E-2));
#525=CARTESIAN_POINT('',(-3.209051854312E0,-1.128124943858E0,
-9.226387943987E-2));
#526=CARTESIAN_POINT('',(-3.209426303213E0,-1.128315625604E0,
-9.840169293516E-2));
#527=CARTESIAN_POINT('',(-3.209788424360E0,-1.128499088465E0,
-1.050400596939E-1));
#528=CARTESIAN_POINT('',(-3.210137683295E0,-1.128675160667E0,
-1.122179144297E-1));
#529=CARTESIAN_POINT('',(-3.210473302042E0,-1.128843549829E0,
-1.199773471521E-1));
#530=CARTESIAN_POINT('',(-3.210794271906E0,-1.129003851601E0,
-1.283639122203E-1));
#531=CARTESIAN_POINT('',(-3.211099354095E0,-1.129155551676E0,
-1.374268190543E-1));
#532=CARTESIAN_POINT('',(-3.211387080962E0,-1.129298027659E0,
-1.472192538834E-1));
#533=CARTESIAN_POINT('',(-3.211655751462E0,-1.129430547553E0,
-1.577986904283E-1));
#534=CARTESIAN_POINT('',(-3.211903423181E0,-1.129552266038E0,
-1.692271875482E-1));
#535=CARTESIAN_POINT('',(-3.212127902927E0,-1.129662219428E0,
-1.815717841676E-1));
#536=CARTESIAN_POINT('',(-3.212326734506E0,-1.129759318539E0,
-1.949047803965E-1));
#537=CARTESIAN_POINT('',(-3.212497184681E0,-1.129842339793E0,
-2.093045402295E-1));
#538=CARTESIAN_POINT('',(-3.212636226330E0,-1.129909913909E0,
-2.248545241869E-1));
#539=CARTESIAN_POINT('',(-3.212740521346E0,-1.129960513198E0,
-2.416490203860E-1));
#540=CARTESIAN_POINT('',(-3.212806399712E0,-1.129992435361E0,
-2.597748680323E-1));
#541=CARTESIAN_POINT('',(-3.212822021129E0,-1.13E0,-2.728472433131E-1));
#542=CARTESIAN_POINT('',(-3.212822021129E0,-1.13E0,-2.796221411063E-1));
#544=CARTESIAN_POINT('',(-3.125E0,-1.046824583655E0,-1.E0));
#545=CARTESIAN_POINT('',(-3.132659700635E0,-1.060668667054E0,
-8.538442051923E-1));
#546=CARTESIAN_POINT('',(-3.140333628595E0,-1.071021634698E0,
-7.074169368579E-1));
#547=CARTESIAN_POINT('',(-3.148013158464E0,-1.08E0,-5.608827777265E-1));
#549=DIRECTION('',(0.E0,0.E0,-1.E0));
#550=VECTOR('',#549,1.E0);
#551=CARTESIAN_POINT('',(-4.35E0,-1.15E0,0.E0));
#552=LINE('',#551,#550);
#553=CARTESIAN_POINT('',(-3.3E0,-9.5E-1,-1.E0));
#554=DIRECTION('',(0.E0,0.E0,1.E0));
#555=DIRECTION('',(0.E0,-1.E0,0.E0));
#556=AXIS2_PLACEMENT_3D('',#553,#554,#555);
#558=DIRECTION('',(1.E0,0.E0,0.E0));
#559=VECTOR('',#558,1.05E0);
#560=CARTESIAN_POINT('',(-4.35E0,-1.15E0,-1.E0));
#561=LINE('',#560,#559);
#562=CARTESIAN_POINT('',(-4.35E0,-9.5E-1,-1.E0));
#563=DIRECTION('',(0.E0,0.E0,1.E0));
#564=DIRECTION('',(-4.358898943541E-1,-9.E-1,0.E0));
#565=AXIS2_PLACEMENT_3D('',#562,#563,#564);
#567=DIRECTION('',(-1.E0,0.E0,0.E0));
#568=VECTOR('',#567,1.224355957742E0);
#569=CARTESIAN_POINT('',(-3.212822021129E0,-1.13E0,-1.E0));
#570=LINE('',#569,#568);
#571=DIRECTION('',(-1.E0,0.E0,0.E0));
#572=VECTOR('',#571,1.299862765400E0);
#573=CARTESIAN_POINT('',(-3.175068617300E0,-1.3E-1,-1.E0));
#574=LINE('',#573,#572);
#575=DIRECTION('',(0.E0,1.E0,0.E0));
#576=VECTOR('',#575,8.668245836552E-1);
#577=CARTESIAN_POINT('',(-4.525E0,-1.046824583655E0,-1.E0));
#578=LINE('',#577,#576);
#579=CARTESIAN_POINT('',(-4.35E0,-9.5E-1,-1.E0));
#580=DIRECTION('',(0.E0,0.E0,1.E0));
#581=DIRECTION('',(-1.E0,0.E0,0.E0));
#582=AXIS2_PLACEMENT_3D('',#579,#580,#581);
#584=DIRECTION('',(0.E0,-1.E0,0.E0));
#585=VECTOR('',#584,1.9E0);
#586=CARTESIAN_POINT('',(-4.55E0,9.5E-1,-1.E0));
#587=LINE('',#586,#585);
#588=CARTESIAN_POINT('',(-4.35E0,9.5E-1,-1.E0));
#589=DIRECTION('',(0.E0,0.E0,1.E0));
#590=DIRECTION('',(0.E0,1.E0,0.E0));
#591=AXIS2_PLACEMENT_3D('',#588,#589,#590);
#593=DIRECTION('',(-1.E0,0.E0,0.E0));
#594=VECTOR('',#593,1.05E0);
#595=CARTESIAN_POINT('',(-3.3E0,1.15E0,-1.E0));
#596=LINE('',#595,#594);
#597=CARTESIAN_POINT('',(-3.3E0,9.5E-1,-1.E0));
#598=DIRECTION('',(0.E0,0.E0,1.E0));
#599=DIRECTION('',(1.E0,0.E0,0.E0));
#600=AXIS2_PLACEMENT_3D('',#597,#598,#599);
#602=DIRECTION('',(0.E0,1.E0,0.E0));
#603=VECTOR('',#602,1.9E0);
#604=CARTESIAN_POINT('',(-3.1E0,-9.5E-1,-1.E0));
#605=LINE('',#604,#603);
#606=CARTESIAN_POINT('',(-3.3E0,-9.5E-1,-1.E0));
#607=DIRECTION('',(0.E0,0.E0,1.E0));
#608=DIRECTION('',(8.75E-1,-4.841229182759E-1,0.E0));
#609=AXIS2_PLACEMENT_3D('',#606,#607,#608);
#611=DIRECTION('',(0.E0,1.E0,0.E0));
#612=VECTOR('',#611,8.668245836552E-1);
#613=CARTESIAN_POINT('',(-3.125E0,-1.046824583655E0,-1.E0));
#614=LINE('',#613,#612);
#615=DIRECTION('',(-5.233595624294E-2,0.E0,9.986295347546E-1));
#616=VECTOR('',#615,1.281378225431E0);
#617=CARTESIAN_POINT('',(-3.212822021129E0,-1.13E0,-2.796221411063E-1));
#618=LINE('',#617,#616);
#619=DIRECTION('',(-5.233595624294E-2,0.E0,-9.986295347546E-1));
#620=VECTOR('',#619,1.281378225431E0);
#621=CARTESIAN_POINT('',(-4.370115824134E0,-1.13E0,1.E0));
#622=LINE('',#621,#620);
#623=DIRECTION('',(-1.E0,0.E0,0.E0));
#624=VECTOR('',#623,1.090231648268E0);
#625=CARTESIAN_POINT('',(-3.279884175866E0,-1.13E0,1.E0));
#626=LINE('',#625,#624);
#627=CARTESIAN_POINT('',(-3.229815558566E0,-1.8E-1,1.E0));
#628=CARTESIAN_POINT('',(-3.229815558566E0,-1.633218971167E-1,1.E0));
#629=CARTESIAN_POINT('',(-3.242464040603E0,-1.426141733865E-1,1.E0));
#630=CARTESIAN_POINT('',(-3.263206072983E0,-1.3E-1,1.E0));
#631=CARTESIAN_POINT('',(-3.279884175866E0,-1.3E-1,1.E0));
#633=CARTESIAN_POINT('',(-3.279884175866E0,-1.13E0,1.E0));
#634=CARTESIAN_POINT('',(-3.263206072983E0,-1.13E0,1.E0));
#635=CARTESIAN_POINT('',(-3.242464040603E0,-1.117385826613E0,1.E0));
#636=CARTESIAN_POINT('',(-3.229815558566E0,-1.096678102883E0,1.E0));
#637=CARTESIAN_POINT('',(-3.229815558566E0,-1.08E0,1.E0));
#639=CARTESIAN_POINT('',(-4.420184441434E0,-1.08E0,1.E0));
#640=CARTESIAN_POINT('',(-4.420184441434E0,-1.096678102883E0,1.E0));
#641=CARTESIAN_POINT('',(-4.407535959397E0,-1.117385826613E0,1.E0));
#642=CARTESIAN_POINT('',(-4.386793927017E0,-1.13E0,1.E0));
#643=CARTESIAN_POINT('',(-4.370115824134E0,-1.13E0,1.E0));
#645=DIRECTION('',(0.E0,1.E0,0.E0));
#646=VECTOR('',#645,9.E-1);
#647=CARTESIAN_POINT('',(-4.420184441434E0,-1.08E0,1.E0));
#648=LINE('',#647,#646);
#649=CARTESIAN_POINT('',(-4.370115824134E0,-1.3E-1,1.E0));
#650=CARTESIAN_POINT('',(-4.386793927017E0,-1.3E-1,1.E0));
#651=CARTESIAN_POINT('',(-4.407535959397E0,-1.426141733865E-1,1.E0));
#652=CARTESIAN_POINT('',(-4.420184441434E0,-1.633218971167E-1,1.E0));
#653=CARTESIAN_POINT('',(-4.420184441434E0,-1.8E-1,1.E0));
#655=CARTESIAN_POINT('',(-3.175068617300E0,-1.3E-1,-1.E0));
#656=CARTESIAN_POINT('',(-3.158390514417E0,-1.3E-1,-1.E0));
#657=CARTESIAN_POINT('',(-3.137648482036E0,-1.426141733865E-1,-1.E0));
#658=CARTESIAN_POINT('',(-3.125E0,-1.633218971167E-1,-1.E0));
#659=CARTESIAN_POINT('',(-3.125E0,-1.8E-1,-1.E0));
#661=DIRECTION('',(5.233595624294E-2,0.E0,-9.986295347546E-1));
#662=VECTOR('',#661,2.002744691996E0);
#663=CARTESIAN_POINT('',(-3.229815558566E0,-1.8E-1,1.E0));
#664=LINE('',#663,#662);
#665=DIRECTION('',(-5.233595624294E-2,0.E0,9.986295347546E-1));
#666=VECTOR('',#665,1.563024848960E0);
#667=CARTESIAN_POINT('',(-3.148013158464E0,-1.08E0,-5.608827777265E-1));
#668=LINE('',#667,#666);
#669=DIRECTION('',(0.E0,1.E0,0.E0));
#670=VECTOR('',#669,9.E-1);
#671=CARTESIAN_POINT('',(-3.229815558566E0,-1.08E0,1.E0));
#672=LINE('',#671,#670);
#673=DIRECTION('',(5.233595624294E-2,0.E0,-9.986295347546E-1));
#674=VECTOR('',#673,2.002744691996E0);
#675=CARTESIAN_POINT('',(-3.279884175866E0,-1.3E-1,1.E0));
#676=LINE('',#675,#674);
#677=DIRECTION('',(-1.E0,0.E0,0.E0));
#678=VECTOR('',#677,1.090231648268E0);
#679=CARTESIAN_POINT('',(-3.279884175866E0,-1.3E-1,1.E0));
#680=LINE('',#679,#678);
#681=DIRECTION('',(5.233595624294E-2,0.E0,9.986295347546E-1));
#682=VECTOR('',#681,2.002744691996E0);
#683=CARTESIAN_POINT('',(-4.474931382700E0,-1.3E-1,-1.E0));
#684=LINE('',#683,#682);
#685=CARTESIAN_POINT('',(-4.525E0,-1.8E-1,-1.E0));
#686=CARTESIAN_POINT('',(-4.525E0,-1.633218971167E-1,-1.E0));
#687=CARTESIAN_POINT('',(-4.512351517964E0,-1.426141733865E-1,-1.E0));
#688=CARTESIAN_POINT('',(-4.491609485583E0,-1.3E-1,-1.E0));
#689=CARTESIAN_POINT('',(-4.474931382700E0,-1.3E-1,-1.E0));
#691=DIRECTION('',(-5.233595624294E-2,0.E0,-9.986295347546E-1));
#692=VECTOR('',#691,1.563024848960E0);
#693=CARTESIAN_POINT('',(-4.420184441434E0,-1.08E0,1.E0));
#694=LINE('',#693,#692);
#695=DIRECTION('',(5.233595624294E-2,0.E0,9.986295347546E-1));
#696=VECTOR('',#695,2.002744691996E0);
#697=CARTESIAN_POINT('',(-4.525E0,-1.8E-1,-1.E0));
#698=LINE('',#697,#696);
#699=CARTESIAN_POINT('',(-1.81E0,-9.5E-1,0.E0));
#700=DIRECTION('',(0.E0,0.E0,-1.E0));
#701=DIRECTION('',(0.E0,-1.E0,0.E0));
#702=AXIS2_PLACEMENT_3D('',#699,#700,#701);
#704=DIRECTION('',(0.E0,0.E0,-1.E0));
#705=VECTOR('',#704,1.E0);
#706=CARTESIAN_POINT('',(-2.01E0,-9.5E-1,0.E0));
#707=LINE('',#706,#705);
#708=CARTESIAN_POINT('',(-1.985E0,-1.046824583655E0,-1.E0));
#709=CARTESIAN_POINT('',(-1.977340299365E0,-1.060668667054E0,
-8.538442051923E-1));
#710=CARTESIAN_POINT('',(-1.969666371405E0,-1.071021634698E0,
-7.074169368579E-1));
#711=CARTESIAN_POINT('',(-1.961986841536E0,-1.08E0,-5.608827777265E-1));
#713=CARTESIAN_POINT('',(-1.897177978871E0,-1.13E0,-2.796221411063E-1));
#714=CARTESIAN_POINT('',(-1.897177978871E0,-1.13E0,-2.729819154385E-1));
#715=CARTESIAN_POINT('',(-1.897192984570E0,-1.129992733477E0,
-2.601654644959E-1));
#716=CARTESIAN_POINT('',(-1.897256240547E0,-1.129962082623E0,
-2.423813910701E-1));
#717=CARTESIAN_POINT('',(-1.897356342400E0,-1.129913520988E0,
-2.258921144871E-1));
#718=CARTESIAN_POINT('',(-1.897489729718E0,-1.129848703841E0,
-2.106138262668E-1));
#719=CARTESIAN_POINT('',(-1.897653156408E0,-1.129769121681E0,
-1.964555162452E-1));
#720=CARTESIAN_POINT('',(-1.897843669541E0,-1.129676116173E0,
-1.833365985226E-1));
#721=CARTESIAN_POINT('',(-1.898058593063E0,-1.129570892210E0,
-1.711813314487E-1));
#722=CARTESIAN_POINT('',(-1.898295510571E0,-1.129454529280E0,
-1.599197897057E-1));
#723=CARTESIAN_POINT('',(-1.898552250933E0,-1.129327990466E0,
-1.494870846509E-1));
#724=CARTESIAN_POINT('',(-1.898826875236E0,-1.129192130036E0,
-1.398231009905E-1));
#725=CARTESIAN_POINT('',(-1.899117665665E0,-1.129047699434E0,
-1.308721281248E-1));
#726=CARTESIAN_POINT('',(-1.899423116620E0,-1.128895351649E0,
-1.225825441096E-1));
#727=CARTESIAN_POINT('',(-1.899741927091E0,-1.128735644523E0,
-1.149065400093E-1));
#728=CARTESIAN_POINT('',(-1.900072995385E0,-1.128569042519E0,
-1.077998562742E-1));
#729=CARTESIAN_POINT('',(-1.900415419560E0,-1.128395915284E0,
-1.012214867740E-1));
#730=CARTESIAN_POINT('',(-1.900768496243E0,-1.128216536691E0,
-9.513351078662E-2));
#731=CARTESIAN_POINT('',(-1.901131730103E0,-1.128031078164E0,
-8.950081611128E-2));
#732=CARTESIAN_POINT('',(-1.901504847044E0,-1.127839599651E0,
-8.429090892410E-2));
#733=CARTESIAN_POINT('',(-1.901887812675E0,-1.127642037434E0,
-7.947376543745E-2));
#734=CARTESIAN_POINT('',(-1.902280883193E0,-1.127438174495E0,
-7.502146189558E-2));
#735=CARTESIAN_POINT('',(-1.902684657487E0,-1.127227609054E0,
-7.090810922619E-2));
#736=CARTESIAN_POINT('',(-1.903100131768E0,-1.127009720498E0,
-6.710998259694E-2));
#737=CARTESIAN_POINT('',(-1.903528811667E0,-1.126783603451E0,
-6.360540266925E-2));
#738=CARTESIAN_POINT('',(-1.903972879740E0,-1.126547969416E0,
-6.037473289679E-2));
#739=CARTESIAN_POINT('',(-1.904435456123E0,-1.126300994483E0,
-5.740042931197E-2));
#740=CARTESIAN_POINT('',(-1.904921050996E0,-1.126040055317E0,
-5.466729025837E-2));
#741=CARTESIAN_POINT('',(-1.905436262971E0,-1.125761322584E0,
-5.216277427914E-2));
#742=CARTESIAN_POINT('',(-1.905991428210E0,-1.125458798555E0,
-4.987858622900E-2));
#743=CARTESIAN_POINT('',(-1.906602390886E0,-1.125123279508E0,
-4.781197201507E-2));
#744=CARTESIAN_POINT('',(-1.907301216850E0,-1.124736119577E0,
-4.597543732189E-2));
#745=CARTESIAN_POINT('',(-1.908133677836E0,-1.124270442920E0,
-4.441386796960E-2));
#746=CARTESIAN_POINT('',(-1.909293810131E0,-1.123613192757E0,
-4.327656618746E-2));
#747=CARTESIAN_POINT('',(-1.910675403287E0,-1.122815401922E0,
-4.350909725662E-2));
#748=CARTESIAN_POINT('',(-1.911718226004E0,-1.122202742304E0,
-4.462441698350E-2));
#749=CARTESIAN_POINT('',(-1.912620448247E0,-1.121666467198E0,
-4.607851919432E-2));
#750=CARTESIAN_POINT('',(-1.913426461811E0,-1.121181890644E0,
-4.778200605434E-2));
#751=CARTESIAN_POINT('',(-1.914188225099E0,-1.120719269594E0,
-4.970695239045E-2));
#752=CARTESIAN_POINT('',(-1.914922137877E0,-1.120269159363E0,
-5.184232192172E-2));
#753=CARTESIAN_POINT('',(-1.915642843117E0,-1.119822930087E0,
-5.419213341292E-2));
#754=CARTESIAN_POINT('',(-1.916358814621E0,-1.119375443193E0,
-5.676399974060E-2));
#755=CARTESIAN_POINT('',(-1.917076697429E0,-1.118922536979E0,
-5.956982540184E-2));
#756=CARTESIAN_POINT('',(-1.917801495594E0,-1.118460938150E0,
-6.262394484768E-2));
#757=CARTESIAN_POINT('',(-1.918537333479E0,-1.117987820193E0,
-6.594305762280E-2));
#758=CARTESIAN_POINT('',(-1.919287697710E0,-1.117500664550E0,
-6.954588553235E-2));
#759=CARTESIAN_POINT('',(-1.920055659784E0,-1.116997128303E0,
-7.345315685204E-2));
#760=CARTESIAN_POINT('',(-1.920844001380E0,-1.116474967298E0,
-7.768760668158E-2));
#761=CARTESIAN_POINT('',(-1.921655306251E0,-1.115931976989E0,
-8.227405211291E-2));
#762=CARTESIAN_POINT('',(-1.922492018906E0,-1.115365951841E0,
-8.723947488217E-2));
#763=CARTESIAN_POINT('',(-1.923356496731E0,-1.114774646308E0,
-9.261320137060E-2));
#764=CARTESIAN_POINT('',(-1.924251013282E0,-1.114155766908E0,
-9.842687910383E-2));
#765=CARTESIAN_POINT('',(-1.925177783415E0,-1.113506948255E0,
-1.047146361163E-1));
#766=CARTESIAN_POINT('',(-1.926139000009E0,-1.112825718665E0,
-1.115134034332E-1));
#767=CARTESIAN_POINT('',(-1.927136839674E0,-1.112109485231E0,
-1.188631022589E-1));
#768=CARTESIAN_POINT('',(-1.928173469744E0,-1.111355516429E0,
-1.268068879726E-1));
#769=CARTESIAN_POINT('',(-1.929251049530E0,-1.110560927094E0,
-1.353914053845E-1));
#770=CARTESIAN_POINT('',(-1.930371728311E0,-1.109722664096E0,
-1.446670701145E-1));
#771=CARTESIAN_POINT('',(-1.931537639339E0,-1.108837493259E0,
-1.546883724851E-1));
#772=CARTESIAN_POINT('',(-1.932750888754E0,-1.107901988487E0,
-1.655141947808E-1));
#773=CARTESIAN_POINT('',(-1.934013543154E0,-1.106912520330E0,
-1.772081783997E-1));
#774=CARTESIAN_POINT('',(-1.935327608429E0,-1.105865249845E0,
-1.898390794159E-1));
#775=CARTESIAN_POINT('',(-1.936695013802E0,-1.104756117115E0,
-2.034812460723E-1));
#776=CARTESIAN_POINT('',(-1.938117600751E0,-1.103580823706E0,
-2.182152552767E-1));
#777=CARTESIAN_POINT('',(-1.939597070447E0,-1.102334847878E0,
-2.341282332218E-1));
#778=CARTESIAN_POINT('',(-1.941134941774E0,-1.101013452159E0,
-2.513143589650E-1));
#779=CARTESIAN_POINT('',(-1.942732507255E0,-1.099611693494E0,
-2.698754588061E-1));
#780=CARTESIAN_POINT('',(-1.944390787666E0,-1.098124435505E0,
-2.899217332426E-1));
#781=CARTESIAN_POINT('',(-1.946110422435E0,-1.096546422264E0,
-3.115718320319E-1));
#782=CARTESIAN_POINT('',(-1.947891610628E0,-1.094872316134E0,
-3.349535892694E-1));
#783=CARTESIAN_POINT('',(-1.949734087695E0,-1.093096705561E0,
-3.602054899214E-1));
#784=CARTESIAN_POINT('',(-1.951637005282E0,-1.091214215683E0,
-3.874770055645E-1));
#785=CARTESIAN_POINT('',(-1.953598935954E0,-1.089219501229E0,
-4.169311313768E-1));
#786=CARTESIAN_POINT('',(-1.955617649600E0,-1.087107510254E0,
-4.487431512991E-1));
#787=CARTESIAN_POINT('',(-1.957690515781E0,-1.084873025702E0,
-4.831119568559E-1));
#788=CARTESIAN_POINT('',(-1.959812231828E0,-1.082513381153E0,
-5.202201812812E-1));
#789=CARTESIAN_POINT('',(-1.961259280592E0,-1.080850612999E0,
-5.470000879133E-1));
#790=CARTESIAN_POINT('',(-1.961986841536E0,-1.08E0,-5.608827777265E-1));
#792=DIRECTION('',(0.E0,0.E0,1.E0));
#793=VECTOR('',#792,7.203778588937E-1);
#794=CARTESIAN_POINT('',(-1.897177978871E0,-1.13E0,-1.E0));
#795=LINE('',#794,#793);
#796=DIRECTION('',(0.E0,0.E0,-1.E0));
#797=VECTOR('',#796,1.E0);
#798=CARTESIAN_POINT('',(-2.01E0,9.5E-1,0.E0));
#799=LINE('',#798,#797);
#800=DIRECTION('',(0.E0,0.E0,-1.E0));
#801=VECTOR('',#800,1.E0);
#802=CARTESIAN_POINT('',(-1.81E0,1.15E0,0.E0));
#803=LINE('',#802,#801);
#804=DIRECTION('',(0.E0,0.E0,-1.E0));
#805=VECTOR('',#804,1.E0);
#806=CARTESIAN_POINT('',(-7.6E-1,1.15E0,0.E0));
#807=LINE('',#806,#805);
#808=DIRECTION('',(0.E0,0.E0,-1.E0));
#809=VECTOR('',#808,1.E0);
#810=CARTESIAN_POINT('',(-5.6E-1,9.5E-1,0.E0));
#811=LINE('',#810,#809);
#812=DIRECTION('',(0.E0,0.E0,-1.E0));
#813=VECTOR('',#812,1.E0);
#814=CARTESIAN_POINT('',(-5.6E-1,-9.5E-1,0.E0));
#815=LINE('',#814,#813);
#816=CARTESIAN_POINT('',(-7.6E-1,-9.5E-1,0.E0));
#817=DIRECTION('',(0.E0,0.E0,-1.E0));
#818=DIRECTION('',(1.E0,0.E0,0.E0));
#819=AXIS2_PLACEMENT_3D('',#816,#817,#818);
#821=DIRECTION('',(0.E0,0.E0,-1.E0));
#822=VECTOR('',#821,1.E0);
#823=CARTESIAN_POINT('',(-7.6E-1,-1.15E0,0.E0));
#824=LINE('',#823,#822);
#825=DIRECTION('',(0.E0,0.E0,1.E0));
#826=VECTOR('',#825,7.203778588937E-1);
#827=CARTESIAN_POINT('',(-6.728220211292E-1,-1.13E0,-1.E0));
#828=LINE('',#827,#826);
#829=CARTESIAN_POINT('',(-6.080131584643E-1,-1.08E0,-5.608827777265E-1));
#830=CARTESIAN_POINT('',(-6.087495146374E-1,-1.080860895761E0,
-5.468322649374E-1));
#831=CARTESIAN_POINT('',(-6.102141571513E-1,-1.082543525328E0,
-5.197369099031E-1));
#832=CARTESIAN_POINT('',(-6.123615060308E-1,-1.084930247920E0,
-4.822192198594E-1));
#833=CARTESIAN_POINT('',(-6.144592343843E-1,-1.087189366971E0,
-4.474951060860E-1));
#834=CARTESIAN_POINT('',(-6.165018730679E-1,-1.089323622536E0,
-4.153768147828E-1));
#835=CARTESIAN_POINT('',(-6.184867243499E-1,-1.091338396995E0,
-3.856598197180E-1));
#836=CARTESIAN_POINT('',(-6.204115017181E-1,-1.093238895386E0,
-3.581641511450E-1));
#837=CARTESIAN_POINT('',(-6.222747509663E-1,-1.095030624919E0,
-3.327225664356E-1));
#838=CARTESIAN_POINT('',(-6.240756228993E-1,-1.096719125903E0,
-3.091817518425E-1));
#839=CARTESIAN_POINT('',(-6.258138725572E-1,-1.098309973611E0,
-2.873997641249E-1));
#840=CARTESIAN_POINT('',(-6.274897339707E-1,-1.099808663787E0,
-2.672456724445E-1));
#841=CARTESIAN_POINT('',(-6.291039057273E-1,-1.101220613295E0,
-2.485979252141E-1));
#842=CARTESIAN_POINT('',(-6.306574703212E-1,-1.102551104045E0,
-2.313438169366E-1));
#843=CARTESIAN_POINT('',(-6.321517893808E-1,-1.103805215581E0,
-2.153792867792E-1));
#844=CARTESIAN_POINT('',(-6.335884583738E-1,-1.104987814219E0,
-2.006081479654E-1));
#845=CARTESIAN_POINT('',(-6.349692602030E-1,-1.106103542277E0,
-1.869414822037E-1));
#846=CARTESIAN_POINT('',(-6.362961193876E-1,-1.107156808761E0,
-1.742971419059E-1));
#847=CARTESIAN_POINT('',(-6.375710518082E-1,-1.108151777384E0,
-1.625993771058E-1));
#848=CARTESIAN_POINT('',(-6.387961593936E-1,-1.109092389421E0,
-1.517781328773E-1));
#849=CARTESIAN_POINT('',(-6.399736060459E-1,-1.109982369626E0,
-1.417686361791E-1));
#850=CARTESIAN_POINT('',(-6.411055998985E-1,-1.110825235870E0,
-1.325109984705E-1));
#851=CARTESIAN_POINT('',(-6.421943804417E-1,-1.111624310849E0,
-1.239498483599E-1));
#852=CARTESIAN_POINT('',(-6.432422099231E-1,-1.112382735302E0,
-1.160339940595E-1));
#853=CARTESIAN_POINT('',(-6.442513689520E-1,-1.113103482580E0,
-1.087161133916E-1));
#854=CARTESIAN_POINT('',(-6.452241575430E-1,-1.113789375315E0,
-1.019524620248E-1));
#855=CARTESIAN_POINT('',(-6.461628979061E-1,-1.114443101553E0,
-9.570262601972E-2));
#856=CARTESIAN_POINT('',(-6.470699446949E-1,-1.115067234298E0,
-8.992928107124E-2));
#857=CARTESIAN_POINT('',(-6.479477011761E-1,-1.115664253370E0,
-8.459797288302E-2));
#858=CARTESIAN_POINT('',(-6.487986764223E-1,-1.116236592654E0,
-7.967673862426E-2));
#859=CARTESIAN_POINT('',(-6.496254889459E-1,-1.116786648488E0,
-7.513615254474E-2));
#860=CARTESIAN_POINT('',(-6.504309140696E-1,-1.117316815992E0,
-7.094919115793E-2));
#861=CARTESIAN_POINT('',(-6.512179551479E-1,-1.117829538193E0,
-6.709111648521E-2));
#862=CARTESIAN_POINT('',(-6.519899483486E-1,-1.118327373306E0,
-6.353939934875E-2));
#863=CARTESIAN_POINT('',(-6.527507119871E-1,-1.118813086125E0,
-6.027371299807E-2));
#864=CARTESIAN_POINT('',(-6.535047969458E-1,-1.119289796247E0,
-5.727600248281E-2));
#865=CARTESIAN_POINT('',(-6.542578281226E-1,-1.119761175947E0,
-5.453072162608E-2));
#866=CARTESIAN_POINT('',(-6.550173213768E-1,-1.120231919422E0,
-5.202532185167E-2));
#867=CARTESIAN_POINT('',(-6.557933412944E-1,-1.120708110673E0,
-4.975127970514E-2));
#868=CARTESIAN_POINT('',(-6.566026239027E-1,-1.121199566447E0,
-4.770779745533E-2));
#869=CARTESIAN_POINT('',(-6.574679281683E-1,-1.121719441436E0,
-4.590195782064E-2));
#870=CARTESIAN_POINT('',(-6.584497404817E-1,-1.122302019805E0,
-4.439900136243E-2));
#871=CARTESIAN_POINT('',(-6.596208739051E-1,-1.122988473976E0,
-4.326935495306E-2));
#872=CARTESIAN_POINT('',(-6.612386509378E-1,-1.123916961249E0,
-4.355960701798E-2));
#873=CARTESIAN_POINT('',(-6.623181089203E-1,-1.124523810418E0,
-4.517100456293E-2));
#874=CARTESIAN_POINT('',(-6.631492507755E-1,-1.124986268930E0,
-4.707443763254E-2));
#875=CARTESIAN_POINT('',(-6.638503545483E-1,-1.125372252868E0,
-4.928578155898E-2));
#876=CARTESIAN_POINT('',(-6.644709117171E-1,-1.125710969102E0,
-5.173870124129E-2));
#877=CARTESIAN_POINT('',(-6.650375568976E-1,-1.126017788621E0,
-5.443993190925E-2));
#878=CARTESIAN_POINT('',(-6.655651633203E-1,-1.126301372302E0,
-5.739346226493E-2));
#879=CARTESIAN_POINT('',(-6.660631496318E-1,-1.126567179419E0,
-6.061259489033E-2));
#880=CARTESIAN_POINT('',(-6.665376479328E-1,-1.126818779094E0,
-6.411327794998E-2));
#881=CARTESIAN_POINT('',(-6.669928241366E-1,-1.127058606184E0,
-6.791455529616E-2));
#882=CARTESIAN_POINT('',(-6.674315386674E-1,-1.127288349367E0,
-7.203788384486E-2));
#883=CARTESIAN_POINT('',(-6.678557469555E-1,-1.127509183846E0,
-7.650707840345E-2));
#884=CARTESIAN_POINT('',(-6.682667444980E-1,-1.127721914682E0,
-8.134831371498E-2));
#885=CARTESIAN_POINT('',(-6.686653173643E-1,-1.127927065456E0,
-8.659016518007E-2));
#886=CARTESIAN_POINT('',(-6.690518206109E-1,-1.128124926651E0,
-9.226335698587E-2));
#887=CARTESIAN_POINT('',(-6.694262706240E-1,-1.128315609052E0,
-9.840112817441E-2));
#888=CARTESIAN_POINT('',(-6.697883932749E-1,-1.128499072757E0,
-1.050394563332E-1));
#889=CARTESIAN_POINT('',(-6.701376540614E-1,-1.128675145966E0,
-1.122172770306E-1));
#890=CARTESIAN_POINT('',(-6.704732749641E-1,-1.128843536276E0,
-1.199766812448E-1));
#891=CARTESIAN_POINT('',(-6.707942472412E-1,-1.129003839311E0,
-1.283632244251E-1));
#892=CARTESIAN_POINT('',(-6.710993320522E-1,-1.129155540740E0,
-1.374261172247E-1));
#893=CARTESIAN_POINT('',(-6.713870616955E-1,-1.129298018139E0,
-1.472185472505E-1));
#894=CARTESIAN_POINT('',(-6.716557350671E-1,-1.129430539483E0,
-1.577979897776E-1));
#895=CARTESIAN_POINT('',(-6.719034096884E-1,-1.129552259419E0,
-1.692265054054E-1));
#896=CARTESIAN_POINT('',(-6.721278922916E-1,-1.129662214228E0,
-1.815711350069E-1));
#897=CARTESIAN_POINT('',(-6.723267266020E-1,-1.129759314685E0,
-1.949041808676E-1));
#898=CARTESIAN_POINT('',(-6.724971792872E-1,-1.129842337169E0,
-2.093040094212E-1));
#899=CARTESIAN_POINT('',(-6.726362231219E-1,-1.129909912352E0,
-2.248540838677E-1));
#900=CARTESIAN_POINT('',(-6.727405198816E-1,-1.129960512488E0,
-2.416486954626E-1));
#901=CARTESIAN_POINT('',(-6.728063994155E-1,-1.129992435218E0,
-2.597746863372E-1));
#902=CARTESIAN_POINT('',(-6.728220211292E-1,-1.13E0,-2.728471792559E-1));
#903=CARTESIAN_POINT('',(-6.728220211292E-1,-1.13E0,-2.796221411063E-1));
#905=CARTESIAN_POINT('',(-6.080131584643E-1,-1.08E0,-5.608827777265E-1));
#906=CARTESIAN_POINT('',(-6.003336285951E-1,-1.071021634698E0,
-7.074169368579E-1));
#907=CARTESIAN_POINT('',(-5.926597006352E-1,-1.060668667054E0,
-8.538442051923E-1));
#908=CARTESIAN_POINT('',(-5.85E-1,-1.046824583655E0,-1.E0));
#910=DIRECTION('',(0.E0,0.E0,-1.E0));
#911=VECTOR('',#910,1.E0);
#912=CARTESIAN_POINT('',(-1.81E0,-1.15E0,0.E0));
#913=LINE('',#912,#911);
#914=DIRECTION('',(-1.E0,0.E0,0.E0));
#915=VECTOR('',#914,1.224355957742E0);
#916=CARTESIAN_POINT('',(-6.728220211292E-1,-1.13E0,-1.E0));
#917=LINE('',#916,#915);
#918=CARTESIAN_POINT('',(-7.6E-1,-9.5E-1,-1.E0));
#919=DIRECTION('',(0.E0,0.E0,1.E0));
#920=DIRECTION('',(0.E0,-1.E0,0.E0));
#921=AXIS2_PLACEMENT_3D('',#918,#919,#920);
#923=DIRECTION('',(1.E0,0.E0,0.E0));
#924=VECTOR('',#923,1.05E0);
#925=CARTESIAN_POINT('',(-1.81E0,-1.15E0,-1.E0));
#926=LINE('',#925,#924);
#927=CARTESIAN_POINT('',(-1.81E0,-9.5E-1,-1.E0));
#928=DIRECTION('',(0.E0,0.E0,1.E0));
#929=DIRECTION('',(-4.358898943541E-1,-9.E-1,0.E0));
#930=AXIS2_PLACEMENT_3D('',#927,#928,#929);
#932=DIRECTION('',(-1.E0,0.E0,0.E0));
#933=VECTOR('',#932,1.299862765400E0);
#934=CARTESIAN_POINT('',(-6.350686172999E-1,-1.3E-1,-1.E0));
#935=LINE('',#934,#933);
#936=DIRECTION('',(0.E0,1.E0,0.E0));
#937=VECTOR('',#936,8.668245836552E-1);
#938=CARTESIAN_POINT('',(-1.985E0,-1.046824583655E0,-1.E0));
#939=LINE('',#938,#937);
#940=CARTESIAN_POINT('',(-1.81E0,-9.5E-1,-1.E0));
#941=DIRECTION('',(0.E0,0.E0,1.E0));
#942=DIRECTION('',(-1.E0,0.E0,0.E0));
#943=AXIS2_PLACEMENT_3D('',#940,#941,#942);
#945=DIRECTION('',(0.E0,-1.E0,0.E0));
#946=VECTOR('',#945,1.9E0);
#947=CARTESIAN_POINT('',(-2.01E0,9.5E-1,-1.E0));
#948=LINE('',#947,#946);
#949=CARTESIAN_POINT('',(-1.81E0,9.5E-1,-1.E0));
#950=DIRECTION('',(0.E0,0.E0,1.E0));
#951=DIRECTION('',(0.E0,1.E0,0.E0));
#952=AXIS2_PLACEMENT_3D('',#949,#950,#951);
#954=DIRECTION('',(-1.E0,0.E0,0.E0));
#955=VECTOR('',#954,1.05E0);
#956=CARTESIAN_POINT('',(-7.6E-1,1.15E0,-1.E0));
#957=LINE('',#956,#955);
#958=CARTESIAN_POINT('',(-7.6E-1,9.5E-1,-1.E0));
#959=DIRECTION('',(0.E0,0.E0,1.E0));
#960=DIRECTION('',(1.E0,0.E0,0.E0));
#961=AXIS2_PLACEMENT_3D('',#958,#959,#960);
#963=DIRECTION('',(0.E0,1.E0,0.E0));
#964=VECTOR('',#963,1.9E0);
#965=CARTESIAN_POINT('',(-5.6E-1,-9.5E-1,-1.E0));
#966=LINE('',#965,#964);
#967=CARTESIAN_POINT('',(-7.6E-1,-9.5E-1,-1.E0));
#968=DIRECTION('',(0.E0,0.E0,1.E0));
#969=DIRECTION('',(8.75E-1,-4.841229182759E-1,0.E0));
#970=AXIS2_PLACEMENT_3D('',#967,#968,#969);
#972=DIRECTION('',(0.E0,1.E0,0.E0));
#973=VECTOR('',#972,8.668245836552E-1);
#974=CARTESIAN_POINT('',(-5.85E-1,-1.046824583655E0,-1.E0));
#975=LINE('',#974,#973);
#976=DIRECTION('',(-5.233595624294E-2,0.E0,9.986295347546E-1));
#977=VECTOR('',#976,1.281378225431E0);
#978=CARTESIAN_POINT('',(-6.728220211292E-1,-1.13E0,-2.796221411063E-1));
#979=LINE('',#978,#977);
#980=DIRECTION('',(-5.233595624294E-2,0.E0,-9.986295347546E-1));
#981=VECTOR('',#980,1.281378225431E0);
#982=CARTESIAN_POINT('',(-1.830115824134E0,-1.13E0,1.E0));
#983=LINE('',#982,#981);
#984=DIRECTION('',(-1.E0,0.E0,0.E0));
#985=VECTOR('',#984,1.090231648268E0);
#986=CARTESIAN_POINT('',(-7.398841758660E-1,-1.13E0,1.E0));
#987=LINE('',#986,#985);
#988=CARTESIAN_POINT('',(-7.398841758660E-1,-1.13E0,1.E0));
#989=CARTESIAN_POINT('',(-7.232060729827E-1,-1.13E0,1.E0));
#990=CARTESIAN_POINT('',(-7.024640406026E-1,-1.117385826613E0,1.E0));
#991=CARTESIAN_POINT('',(-6.898155585661E-1,-1.096678102883E0,1.E0));
#992=CARTESIAN_POINT('',(-6.898155585661E-1,-1.08E0,1.E0));
#994=CARTESIAN_POINT('',(-1.880184441434E0,-1.08E0,1.E0));
#995=CARTESIAN_POINT('',(-1.880184441434E0,-1.096678102883E0,1.E0));
#996=CARTESIAN_POINT('',(-1.867535959397E0,-1.117385826613E0,1.E0));
#997=CARTESIAN_POINT('',(-1.846793927017E0,-1.13E0,1.E0));
#998=CARTESIAN_POINT('',(-1.830115824134E0,-1.13E0,1.E0));
#1000=DIRECTION('',(0.E0,1.E0,0.E0));
#1001=VECTOR('',#1000,9.E-1);
#1002=CARTESIAN_POINT('',(-1.880184441434E0,-1.08E0,1.E0));
#1003=LINE('',#1002,#1001);
#1004=CARTESIAN_POINT('',(-1.830115824134E0,-1.3E-1,1.E0));
#1005=CARTESIAN_POINT('',(-1.846793927017E0,-1.3E-1,1.E0));
#1006=CARTESIAN_POINT('',(-1.867535959397E0,-1.426141733865E-1,1.E0));
#1007=CARTESIAN_POINT('',(-1.880184441434E0,-1.633218971167E-1,1.E0));
#1008=CARTESIAN_POINT('',(-1.880184441434E0,-1.8E-1,1.E0));
#1010=CARTESIAN_POINT('',(-6.898155585661E-1,-1.8E-1,1.E0));
#1011=CARTESIAN_POINT('',(-6.898155585661E-1,-1.633218971167E-1,1.E0));
#1012=CARTESIAN_POINT('',(-7.024640406026E-1,-1.426141733865E-1,1.E0));
#1013=CARTESIAN_POINT('',(-7.232060729827E-1,-1.3E-1,1.E0));
#1014=CARTESIAN_POINT('',(-7.398841758660E-1,-1.3E-1,1.E0));
#1016=DIRECTION('',(-5.233595624294E-2,0.E0,-9.986295347546E-1));
#1017=VECTOR('',#1016,1.563024848960E0);
#1018=CARTESIAN_POINT('',(-1.880184441434E0,-1.08E0,1.E0));
#1019=LINE('',#1018,#1017);
#1020=DIRECTION('',(5.233595624294E-2,0.E0,9.986295347546E-1));
#1021=VECTOR('',#1020,2.002744691996E0);
#1022=CARTESIAN_POINT('',(-1.985E0,-1.8E-1,-1.E0));
#1023=LINE('',#1022,#1021);
#1024=CARTESIAN_POINT('',(-1.985E0,-1.8E-1,-1.E0));
#1025=CARTESIAN_POINT('',(-1.985E0,-1.633218971167E-1,-1.E0));
#1026=CARTESIAN_POINT('',(-1.972351517964E0,-1.426141733865E-1,-1.E0));
#1027=CARTESIAN_POINT('',(-1.951609485583E0,-1.3E-1,-1.E0));
#1028=CARTESIAN_POINT('',(-1.934931382700E0,-1.3E-1,-1.E0));
#1030=DIRECTION('',(5.233595624294E-2,0.E0,-9.986295347546E-1));
#1031=VECTOR('',#1030,2.002744691996E0);
#1032=CARTESIAN_POINT('',(-7.398841758660E-1,-1.3E-1,1.E0));
#1033=LINE('',#1032,#1031);
#1034=DIRECTION('',(-1.E0,0.E0,0.E0));
#1035=VECTOR('',#1034,1.090231648268E0);
#1036=CARTESIAN_POINT('',(-7.398841758660E-1,-1.3E-1,1.E0));
#1037=LINE('',#1036,#1035);
#1038=DIRECTION('',(5.233595624294E-2,0.E0,9.986295347546E-1));
#1039=VECTOR('',#1038,2.002744691996E0);
#1040=CARTESIAN_POINT('',(-1.934931382700E0,-1.3E-1,-1.E0));
#1041=LINE('',#1040,#1039);
#1042=CARTESIAN_POINT('',(-6.350686172999E-1,-1.3E-1,-1.E0));
#1043=CARTESIAN_POINT('',(-6.183905144166E-1,-1.3E-1,-1.E0));
#1044=CARTESIAN_POINT('',(-5.976484820365E-1,-1.426141733865E-1,-1.E0));
#1045=CARTESIAN_POINT('',(-5.85E-1,-1.633218971167E-1,-1.E0));
#1046=CARTESIAN_POINT('',(-5.85E-1,-1.8E-1,-1.E0));
#1048=DIRECTION('',(-5.233595624294E-2,0.E0,9.986295347546E-1));
#1049=VECTOR('',#1048,1.563024848960E0);
#1050=CARTESIAN_POINT('',(-6.080131584643E-1,-1.08E0,-5.608827777265E-1));
#1051=LINE('',#1050,#1049);
#1052=DIRECTION('',(0.E0,1.E0,0.E0));
#1053=VECTOR('',#1052,9.E-1);
#1054=CARTESIAN_POINT('',(-6.898155585661E-1,-1.08E0,1.E0));
#1055=LINE('',#1054,#1053);
#1056=DIRECTION('',(5.233595624294E-2,0.E0,-9.986295347546E-1));
#1057=VECTOR('',#1056,2.002744691996E0);
#1058=CARTESIAN_POINT('',(-6.898155585661E-1,-1.8E-1,1.E0));
#1059=LINE('',#1058,#1057);
#1060=CARTESIAN_POINT('',(7.3E-1,-9.5E-1,0.E0));
#1061=DIRECTION('',(0.E0,0.E0,-1.E0));
#1062=DIRECTION('',(0.E0,-1.E0,0.E0));
#1063=AXIS2_PLACEMENT_3D('',#1060,#1061,#1062);
#1065=DIRECTION('',(0.E0,0.E0,-1.E0));
#1066=VECTOR('',#1065,1.E0);
#1067=CARTESIAN_POINT('',(5.3E-1,-9.5E-1,0.E0));
#1068=LINE('',#1067,#1066);
#1069=CARTESIAN_POINT('',(5.55E-1,-1.046824583655E0,-1.E0));
#1070=CARTESIAN_POINT('',(5.626597006352E-1,-1.060668667054E0,
-8.538442051923E-1));
#1071=CARTESIAN_POINT('',(5.703336285951E-1,-1.071021634698E0,
-7.074169368579E-1));
#1072=CARTESIAN_POINT('',(5.780131584643E-1,-1.08E0,-5.608827777265E-1));
#1074=CARTESIAN_POINT('',(6.428220211292E-1,-1.13E0,-2.796221411063E-1));
#1075=CARTESIAN_POINT('',(6.428220211292E-1,-1.13E0,-2.729819154385E-1));
#1076=CARTESIAN_POINT('',(6.428070154295E-1,-1.129992733477E0,
-2.601654644959E-1));
#1077=CARTESIAN_POINT('',(6.427437594530E-1,-1.129962082623E0,
-2.423813910701E-1));
#1078=CARTESIAN_POINT('',(6.426436576E-1,-1.129913520988E0,-2.258921144871E-1));
#1079=CARTESIAN_POINT('',(6.425102702824E-1,-1.129848703841E0,
-2.106138262668E-1));
#1080=CARTESIAN_POINT('',(6.423468435919E-1,-1.129769121681E0,
-1.964555162452E-1));
#1081=CARTESIAN_POINT('',(6.421563304590E-1,-1.129676116173E0,
-1.833365985226E-1));
#1082=CARTESIAN_POINT('',(6.419414069366E-1,-1.129570892210E0,
-1.711813314487E-1));
#1083=CARTESIAN_POINT('',(6.417044894292E-1,-1.129454529280E0,
-1.599197897057E-1));
#1084=CARTESIAN_POINT('',(6.414477490675E-1,-1.129327990466E0,
-1.494870846509E-1));
#1085=CARTESIAN_POINT('',(6.411731247645E-1,-1.129192130036E0,
-1.398231009905E-1));
#1086=CARTESIAN_POINT('',(6.408823343351E-1,-1.129047699434E0,
-1.308721281248E-1));
#1087=CARTESIAN_POINT('',(6.405768833796E-1,-1.128895351649E0,
-1.225825441096E-1));
#1088=CARTESIAN_POINT('',(6.402580729090E-1,-1.128735644523E0,
-1.149065400093E-1));
#1089=CARTESIAN_POINT('',(6.399270046148E-1,-1.128569042519E0,
-1.077998562742E-1));
#1090=CARTESIAN_POINT('',(6.395845804398E-1,-1.128395915284E0,
-1.012214867740E-1));
#1091=CARTESIAN_POINT('',(6.392315037568E-1,-1.128216536691E0,
-9.513351078662E-2));
#1092=CARTESIAN_POINT('',(6.388682698971E-1,-1.128031078164E0,
-8.950081611128E-2));
#1093=CARTESIAN_POINT('',(6.384951529557E-1,-1.127839599651E0,
-8.429090892410E-2));
#1094=CARTESIAN_POINT('',(6.381121873253E-1,-1.127642037434E0,
-7.947376543746E-2));
#1095=CARTESIAN_POINT('',(6.377191168071E-1,-1.127438174495E0,
-7.502146189558E-2));
#1096=CARTESIAN_POINT('',(6.373153425135E-1,-1.127227609054E0,
-7.090810922619E-2));
#1097=CARTESIAN_POINT('',(6.368998682315E-1,-1.127009720498E0,
-6.710998259694E-2));
#1098=CARTESIAN_POINT('',(6.364711883329E-1,-1.126783603451E0,
-6.360540266925E-2));
#1099=CARTESIAN_POINT('',(6.360271202604E-1,-1.126547969416E0,
-6.037473289680E-2));
#1100=CARTESIAN_POINT('',(6.355645438774E-1,-1.126300994483E0,
-5.740042931198E-2));
#1101=CARTESIAN_POINT('',(6.350789490044E-1,-1.126040055317E0,
-5.466729025838E-2));
#1102=CARTESIAN_POINT('',(6.345637370289E-1,-1.125761322584E0,
-5.216277427914E-2));
#1103=CARTESIAN_POINT('',(6.340085717901E-1,-1.125458798555E0,
-4.987858622900E-2));
#1104=CARTESIAN_POINT('',(6.333976091136E-1,-1.125123279508E0,
-4.781197201508E-2));
#1105=CARTESIAN_POINT('',(6.326987831501E-1,-1.124736119577E0,
-4.597543732190E-2));
#1106=CARTESIAN_POINT('',(6.318663221640E-1,-1.124270442920E0,
-4.441386796961E-2));
#1107=CARTESIAN_POINT('',(6.307061898686E-1,-1.123613192757E0,
-4.327656618746E-2));
#1108=CARTESIAN_POINT('',(6.293245967135E-1,-1.122815401922E0,
-4.350909725662E-2));
#1109=CARTESIAN_POINT('',(6.282817739965E-1,-1.122202742304E0,
-4.462441698350E-2));
#1110=CARTESIAN_POINT('',(6.273795517529E-1,-1.121666467198E0,
-4.607851919432E-2));
#1111=CARTESIAN_POINT('',(6.265735381893E-1,-1.121181890644E0,
-4.778200605434E-2));
#1112=CARTESIAN_POINT('',(6.258117749014E-1,-1.120719269594E0,
-4.970695239045E-2));
#1113=CARTESIAN_POINT('',(6.250778621230E-1,-1.120269159363E0,
-5.184232192171E-2));
#1114=CARTESIAN_POINT('',(6.243571568826E-1,-1.119822930087E0,
-5.419213341292E-2));
#1115=CARTESIAN_POINT('',(6.236411853792E-1,-1.119375443193E0,
-5.676399974060E-2));
#1116=CARTESIAN_POINT('',(6.229233025713E-1,-1.118922536979E0,
-5.956982540184E-2));
#1117=CARTESIAN_POINT('',(6.221985044061E-1,-1.118460938150E0,
-6.262394484768E-2));
#1118=CARTESIAN_POINT('',(6.214626665211E-1,-1.117987820193E0,
-6.594305762280E-2));
#1119=CARTESIAN_POINT('',(6.207123022904E-1,-1.117500664550E0,
-6.954588553235E-2));
#1120=CARTESIAN_POINT('',(6.199443402158E-1,-1.116997128303E0,
-7.345315685204E-2));
#1121=CARTESIAN_POINT('',(6.191559986201E-1,-1.116474967298E0,
-7.768760668157E-2));
#1122=CARTESIAN_POINT('',(6.183446937488E-1,-1.115931976989E0,
-8.227405211291E-2));
#1123=CARTESIAN_POINT('',(6.175079810939E-1,-1.115365951841E0,
-8.723947488217E-2));
#1124=CARTESIAN_POINT('',(6.166435032691E-1,-1.114774646308E0,
-9.261320137059E-2));
#1125=CARTESIAN_POINT('',(6.157489867182E-1,-1.114155766908E0,
-9.842687910382E-2));
#1126=CARTESIAN_POINT('',(6.148222165855E-1,-1.113506948255E0,
-1.047146361163E-1));
#1127=CARTESIAN_POINT('',(6.138609999910E-1,-1.112825718665E0,
-1.115134034332E-1));
#1128=CARTESIAN_POINT('',(6.128631603261E-1,-1.112109485231E0,
-1.188631022589E-1));
#1129=CARTESIAN_POINT('',(6.118265302563E-1,-1.111355516429E0,
-1.268068879726E-1));
#1130=CARTESIAN_POINT('',(6.107489504698E-1,-1.110560927094E0,
-1.353914053845E-1));
#1131=CARTESIAN_POINT('',(6.096282716886E-1,-1.109722664096E0,
-1.446670701145E-1));
#1132=CARTESIAN_POINT('',(6.084623606614E-1,-1.108837493259E0,
-1.546883724851E-1));
#1133=CARTESIAN_POINT('',(6.072491112456E-1,-1.107901988487E0,
-1.655141947808E-1));
#1134=CARTESIAN_POINT('',(6.059864568462E-1,-1.106912520330E0,
-1.772081783997E-1));
#1135=CARTESIAN_POINT('',(6.046723915715E-1,-1.105865249845E0,
-1.898390794159E-1));
#1136=CARTESIAN_POINT('',(6.033049861977E-1,-1.104756117115E0,
-2.034812460722E-1));
#1137=CARTESIAN_POINT('',(6.018823992492E-1,-1.103580823706E0,
-2.182152552767E-1));
#1138=CARTESIAN_POINT('',(6.004029295531E-1,-1.102334847878E0,
-2.341282332218E-1));
#1139=CARTESIAN_POINT('',(5.988650582261E-1,-1.101013452159E0,
-2.513143589650E-1));
#1140=CARTESIAN_POINT('',(5.972674927450E-1,-1.099611693494E0,
-2.698754588061E-1));
#1141=CARTESIAN_POINT('',(5.956092123337E-1,-1.098124435505E0,
-2.899217332426E-1));
#1142=CARTESIAN_POINT('',(5.938895775650E-1,-1.096546422264E0,
-3.115718320319E-1));
#1143=CARTESIAN_POINT('',(5.921083893721E-1,-1.094872316134E0,
-3.349535892694E-1));
#1144=CARTESIAN_POINT('',(5.902659123052E-1,-1.093096705561E0,
-3.602054899214E-1));
#1145=CARTESIAN_POINT('',(5.883629947179E-1,-1.091214215683E0,
-3.874770055645E-1));
#1146=CARTESIAN_POINT('',(5.864010640458E-1,-1.089219501229E0,
-4.169311313768E-1));
#1147=CARTESIAN_POINT('',(5.843823503997E-1,-1.087107510254E0,
-4.487431512991E-1));
#1148=CARTESIAN_POINT('',(5.823094842189E-1,-1.084873025702E0,
-4.831119568559E-1));
#1149=CARTESIAN_POINT('',(5.801877681716E-1,-1.082513381153E0,
-5.202201812811E-1));
#1150=CARTESIAN_POINT('',(5.787407194079E-1,-1.080850612999E0,
-5.470000879133E-1));
#1151=CARTESIAN_POINT('',(5.780131584643E-1,-1.08E0,-5.608827777265E-1));
#1153=DIRECTION('',(0.E0,0.E0,1.E0));
#1154=VECTOR('',#1153,7.203778588937E-1);
#1155=CARTESIAN_POINT('',(6.428220211292E-1,-1.13E0,-1.E0));
#1156=LINE('',#1155,#1154);
#1157=DIRECTION('',(0.E0,0.E0,-1.E0));
#1158=VECTOR('',#1157,1.E0);
#1159=CARTESIAN_POINT('',(5.3E-1,9.5E-1,0.E0));
#1160=LINE('',#1159,#1158);
#1161=DIRECTION('',(0.E0,0.E0,-1.E0));
#1162=VECTOR('',#1161,1.E0);
#1163=CARTESIAN_POINT('',(7.3E-1,1.15E0,0.E0));
#1164=LINE('',#1163,#1162);
#1165=DIRECTION('',(0.E0,0.E0,-1.E0));
#1166=VECTOR('',#1165,1.E0);
#1167=CARTESIAN_POINT('',(1.78E0,1.15E0,0.E0));
#1168=LINE('',#1167,#1166);
#1169=DIRECTION('',(0.E0,0.E0,-1.E0));
#1170=VECTOR('',#1169,1.E0);
#1171=CARTESIAN_POINT('',(1.98E0,9.5E-1,0.E0));
#1172=LINE('',#1171,#1170);
#1173=DIRECTION('',(0.E0,0.E0,-1.E0));
#1174=VECTOR('',#1173,1.E0);
#1175=CARTESIAN_POINT('',(1.98E0,-9.5E-1,0.E0));
#1176=LINE('',#1175,#1174);
#1177=CARTESIAN_POINT('',(1.78E0,-9.5E-1,0.E0));
#1178=DIRECTION('',(0.E0,0.E0,-1.E0));
#1179=DIRECTION('',(1.E0,0.E0,0.E0));
#1180=AXIS2_PLACEMENT_3D('',#1177,#1178,#1179);
#1182=DIRECTION('',(0.E0,0.E0,-1.E0));
#1183=VECTOR('',#1182,1.E0);
#1184=CARTESIAN_POINT('',(1.78E0,-1.15E0,0.E0));
#1185=LINE('',#1184,#1183);
#1186=DIRECTION('',(0.E0,0.E0,1.E0));
#1187=VECTOR('',#1186,7.203778588937E-1);
#1188=CARTESIAN_POINT('',(1.867177978871E0,-1.13E0,-1.E0));
#1189=LINE('',#1188,#1187);
#1190=CARTESIAN_POINT('',(1.931986841536E0,-1.08E0,-5.608827777265E-1));
#1191=CARTESIAN_POINT('',(1.931250485363E0,-1.080860895761E0,
-5.468322649374E-1));
#1192=CARTESIAN_POINT('',(1.929785842849E0,-1.082543525328E0,
-5.197369099031E-1));
#1193=CARTESIAN_POINT('',(1.927638493969E0,-1.084930247920E0,
-4.822192198594E-1));
#1194=CARTESIAN_POINT('',(1.925540765616E0,-1.087189366971E0,
-4.474951060860E-1));
#1195=CARTESIAN_POINT('',(1.923498126932E0,-1.089323622536E0,
-4.153768147828E-1));
#1196=CARTESIAN_POINT('',(1.921513275650E0,-1.091338396995E0,
-3.856598197180E-1));
#1197=CARTESIAN_POINT('',(1.919588498282E0,-1.093238895386E0,
-3.581641511450E-1));
#1198=CARTESIAN_POINT('',(1.917725249034E0,-1.095030624919E0,
-3.327225664356E-1));
#1199=CARTESIAN_POINT('',(1.915924377101E0,-1.096719125903E0,
-3.091817518425E-1));
#1200=CARTESIAN_POINT('',(1.914186127443E0,-1.098309973611E0,
-2.873997641249E-1));
#1201=CARTESIAN_POINT('',(1.912510266029E0,-1.099808663787E0,
-2.672456724445E-1));
#1202=CARTESIAN_POINT('',(1.910896094273E0,-1.101220613295E0,
-2.485979252140E-1));
#1203=CARTESIAN_POINT('',(1.909342529679E0,-1.102551104045E0,
-2.313438169366E-1));
#1204=CARTESIAN_POINT('',(1.907848210619E0,-1.103805215581E0,
-2.153792867792E-1));
#1205=CARTESIAN_POINT('',(1.906411541626E0,-1.104987814219E0,
-2.006081479653E-1));
#1206=CARTESIAN_POINT('',(1.905030739797E0,-1.106103542277E0,
-1.869414822037E-1));
#1207=CARTESIAN_POINT('',(1.903703880612E0,-1.107156808761E0,
-1.742971419059E-1));
#1208=CARTESIAN_POINT('',(1.902428948192E0,-1.108151777384E0,
-1.625993771058E-1));
#1209=CARTESIAN_POINT('',(1.901203840606E0,-1.109092389421E0,
-1.517781328773E-1));
#1210=CARTESIAN_POINT('',(1.900026393954E0,-1.109982369626E0,
-1.417686361791E-1));
#1211=CARTESIAN_POINT('',(1.898894400101E0,-1.110825235870E0,
-1.325109984705E-1));
#1212=CARTESIAN_POINT('',(1.897805619558E0,-1.111624310849E0,
-1.239498483599E-1));
#1213=CARTESIAN_POINT('',(1.896757790077E0,-1.112382735302E0,
-1.160339940595E-1));
#1214=CARTESIAN_POINT('',(1.895748631048E0,-1.113103482580E0,
-1.087161133916E-1));
#1215=CARTESIAN_POINT('',(1.894775842457E0,-1.113789375315E0,
-1.019524620248E-1));
#1216=CARTESIAN_POINT('',(1.893837102094E0,-1.114443101553E0,
-9.570262601972E-2));
#1217=CARTESIAN_POINT('',(1.892930055305E0,-1.115067234298E0,
-8.992928107122E-2));
#1218=CARTESIAN_POINT('',(1.892052298824E0,-1.115664253370E0,
-8.459797288301E-2));
#1219=CARTESIAN_POINT('',(1.891201323578E0,-1.116236592654E0,
-7.967673862425E-2));
#1220=CARTESIAN_POINT('',(1.890374511054E0,-1.116786648488E0,
-7.513615254473E-2));
#1221=CARTESIAN_POINT('',(1.889569085930E0,-1.117316815992E0,
-7.094919115792E-2));
#1222=CARTESIAN_POINT('',(1.888782044852E0,-1.117829538193E0,
-6.709111648521E-2));
#1223=CARTESIAN_POINT('',(1.888010051651E0,-1.118327373306E0,
-6.353939934874E-2));
#1224=CARTESIAN_POINT('',(1.887249288013E0,-1.118813086125E0,
-6.027371299807E-2));
#1225=CARTESIAN_POINT('',(1.886495203054E0,-1.119289796247E0,
-5.727600248280E-2));
#1226=CARTESIAN_POINT('',(1.885742171877E0,-1.119761175947E0,
-5.453072162608E-2));
#1227=CARTESIAN_POINT('',(1.884982678623E0,-1.120231919422E0,
-5.202532185167E-2));
#1228=CARTESIAN_POINT('',(1.884206658706E0,-1.120708110673E0,
-4.975127970513E-2));
#1229=CARTESIAN_POINT('',(1.883397376097E0,-1.121199566447E0,
-4.770779745532E-2));
#1230=CARTESIAN_POINT('',(1.882532071832E0,-1.121719441436E0,
-4.590195782063E-2));
#1231=CARTESIAN_POINT('',(1.881550259518E0,-1.122302019805E0,
-4.439900136243E-2));
#1232=CARTESIAN_POINT('',(1.880379126095E0,-1.122988473976E0,
-4.326935495304E-2));
#1233=CARTESIAN_POINT('',(1.878761349062E0,-1.123916961249E0,
-4.355960701799E-2));
#1234=CARTESIAN_POINT('',(1.877681891080E0,-1.124523810418E0,
-4.517100456292E-2));
#1235=CARTESIAN_POINT('',(1.876850749224E0,-1.124986268930E0,
-4.707443763255E-2));
#1236=CARTESIAN_POINT('',(1.876149645452E0,-1.125372252868E0,
-4.928578155899E-2));
#1237=CARTESIAN_POINT('',(1.875529088283E0,-1.125710969102E0,
-5.173870124129E-2));
#1238=CARTESIAN_POINT('',(1.874962443102E0,-1.126017788621E0,
-5.443993190925E-2));
#1239=CARTESIAN_POINT('',(1.874434836680E0,-1.126301372302E0,
-5.739346226493E-2));
#1240=CARTESIAN_POINT('',(1.873936850368E0,-1.126567179419E0,
-6.061259489033E-2));
#1241=CARTESIAN_POINT('',(1.873462352067E0,-1.126818779094E0,
-6.411327794998E-2));
#1242=CARTESIAN_POINT('',(1.873007175863E0,-1.127058606184E0,
-6.791455529616E-2));
#1243=CARTESIAN_POINT('',(1.872568461333E0,-1.127288349367E0,
-7.203788384485E-2));
#1244=CARTESIAN_POINT('',(1.872144253045E0,-1.127509183846E0,
-7.650707840346E-2));
#1245=CARTESIAN_POINT('',(1.871733255502E0,-1.127721914682E0,
-8.134831371498E-2));
#1246=CARTESIAN_POINT('',(1.871334682636E0,-1.127927065456E0,
-8.659016518007E-2));
#1247=CARTESIAN_POINT('',(1.870948179389E0,-1.128124926651E0,
-9.226335698586E-2));
#1248=CARTESIAN_POINT('',(1.870573729376E0,-1.128315609052E0,
-9.840112817441E-2));
#1249=CARTESIAN_POINT('',(1.870211606725E0,-1.128499072757E0,
-1.050394563332E-1));
#1250=CARTESIAN_POINT('',(1.869862345939E0,-1.128675145966E0,
-1.122172770306E-1));
#1251=CARTESIAN_POINT('',(1.869526725036E0,-1.128843536276E0,
-1.199766812448E-1));
#1252=CARTESIAN_POINT('',(1.869205752759E0,-1.129003839311E0,
-1.283632244251E-1));
#1253=CARTESIAN_POINT('',(1.868900667948E0,-1.129155540740E0,
-1.374261172247E-1));
#1254=CARTESIAN_POINT('',(1.868612938305E0,-1.129298018139E0,
-1.472185472505E-1));
#1255=CARTESIAN_POINT('',(1.868344264933E0,-1.129430539483E0,
-1.577979897776E-1));
#1256=CARTESIAN_POINT('',(1.868096590312E0,-1.129552259419E0,
-1.692265054054E-1));
#1257=CARTESIAN_POINT('',(1.867872107708E0,-1.129662214228E0,
-1.815711350069E-1));
#1258=CARTESIAN_POINT('',(1.867673273398E0,-1.129759314685E0,
-1.949041808676E-1));
#1259=CARTESIAN_POINT('',(1.867502820713E0,-1.129842337169E0,
-2.093040094212E-1));
#1260=CARTESIAN_POINT('',(1.867363776878E0,-1.129909912352E0,
-2.248540838677E-1));
#1261=CARTESIAN_POINT('',(1.867259480118E0,-1.129960512488E0,
-2.416486954626E-1));
#1262=CARTESIAN_POINT('',(1.867193600584E0,-1.129992435218E0,
-2.597746863372E-1));
#1263=CARTESIAN_POINT('',(1.867177978871E0,-1.13E0,-2.728471792559E-1));
#1264=CARTESIAN_POINT('',(1.867177978871E0,-1.13E0,-2.796221411063E-1));
#1266=CARTESIAN_POINT('',(1.931986841536E0,-1.08E0,-5.608827777265E-1));
#1267=CARTESIAN_POINT('',(1.939666371405E0,-1.071021634698E0,
-7.074169368579E-1));
#1268=CARTESIAN_POINT('',(1.947340299365E0,-1.060668667054E0,
-8.538442051923E-1));
#1269=CARTESIAN_POINT('',(1.955E0,-1.046824583655E0,-1.E0));
#1271=DIRECTION('',(0.E0,0.E0,-1.E0));
#1272=VECTOR('',#1271,1.E0);
#1273=CARTESIAN_POINT('',(7.3E-1,-1.15E0,0.E0));
#1274=LINE('',#1273,#1272);
#1275=DIRECTION('',(-1.E0,0.E0,0.E0));
#1276=VECTOR('',#1275,1.224355957742E0);
#1277=CARTESIAN_POINT('',(1.867177978871E0,-1.13E0,-1.E0));
#1278=LINE('',#1277,#1276);
#1279=CARTESIAN_POINT('',(1.78E0,-9.5E-1,-1.E0));
#1280=DIRECTION('',(0.E0,0.E0,1.E0));
#1281=DIRECTION('',(0.E0,-1.E0,0.E0));
#1282=AXIS2_PLACEMENT_3D('',#1279,#1280,#1281);
#1284=DIRECTION('',(1.E0,0.E0,0.E0));
#1285=VECTOR('',#1284,1.05E0);
#1286=CARTESIAN_POINT('',(7.3E-1,-1.15E0,-1.E0));
#1287=LINE('',#1286,#1285);
#1288=CARTESIAN_POINT('',(7.3E-1,-9.5E-1,-1.E0));
#1289=DIRECTION('',(0.E0,0.E0,1.E0));
#1290=DIRECTION('',(-4.358898943541E-1,-9.E-1,0.E0));
#1291=AXIS2_PLACEMENT_3D('',#1288,#1289,#1290);
#1293=DIRECTION('',(-1.E0,0.E0,0.E0));
#1294=VECTOR('',#1293,1.299862765400E0);
#1295=CARTESIAN_POINT('',(1.904931382700E0,-1.3E-1,-1.E0));
#1296=LINE('',#1295,#1294);
#1297=DIRECTION('',(0.E0,1.E0,0.E0));
#1298=VECTOR('',#1297,8.668245836552E-1);
#1299=CARTESIAN_POINT('',(5.55E-1,-1.046824583655E0,-1.E0));
#1300=LINE('',#1299,#1298);
#1301=CARTESIAN_POINT('',(7.3E-1,-9.5E-1,-1.E0));
#1302=DIRECTION('',(0.E0,0.E0,1.E0));
#1303=DIRECTION('',(-1.E0,0.E0,0.E0));
#1304=AXIS2_PLACEMENT_3D('',#1301,#1302,#1303);
#1306=DIRECTION('',(0.E0,-1.E0,0.E0));
#1307=VECTOR('',#1306,1.9E0);
#1308=CARTESIAN_POINT('',(5.3E-1,9.5E-1,-1.E0));
#1309=LINE('',#1308,#1307);
#1310=CARTESIAN_POINT('',(7.3E-1,9.5E-1,-1.E0));
#1311=DIRECTION('',(0.E0,0.E0,1.E0));
#1312=DIRECTION('',(0.E0,1.E0,0.E0));
#1313=AXIS2_PLACEMENT_3D('',#1310,#1311,#1312);
#1315=DIRECTION('',(-1.E0,0.E0,0.E0));
#1316=VECTOR('',#1315,1.05E0);
#1317=CARTESIAN_POINT('',(1.78E0,1.15E0,-1.E0));
#1318=LINE('',#1317,#1316);
#1319=CARTESIAN_POINT('',(1.78E0,9.5E-1,-1.E0));
#1320=DIRECTION('',(0.E0,0.E0,1.E0));
#1321=DIRECTION('',(1.E0,0.E0,0.E0));
#1322=AXIS2_PLACEMENT_3D('',#1319,#1320,#1321);
#1324=DIRECTION('',(0.E0,1.E0,0.E0));
#1325=VECTOR('',#1324,1.9E0);
#1326=CARTESIAN_POINT('',(1.98E0,-9.5E-1,-1.E0));
#1327=LINE('',#1326,#1325);
#1328=CARTESIAN_POINT('',(1.78E0,-9.5E-1,-1.E0));
#1329=DIRECTION('',(0.E0,0.E0,1.E0));
#1330=DIRECTION('',(8.75E-1,-4.841229182759E-1,0.E0));
#1331=AXIS2_PLACEMENT_3D('',#1328,#1329,#1330);
#1333=DIRECTION('',(0.E0,1.E0,0.E0));
#1334=VECTOR('',#1333,8.668245836552E-1);
#1335=CARTESIAN_POINT('',(1.955E0,-1.046824583655E0,-1.E0));
#1336=LINE('',#1335,#1334);
#1337=DIRECTION('',(-5.233595624294E-2,0.E0,9.986295347546E-1));
#1338=VECTOR('',#1337,1.281378225431E0);
#1339=CARTESIAN_POINT('',(1.867177978871E0,-1.13E0,-2.796221411063E-1));
#1340=LINE('',#1339,#1338);
#1341=DIRECTION('',(-5.233595624294E-2,0.E0,-9.986295347546E-1));
#1342=VECTOR('',#1341,1.281378225431E0);
#1343=CARTESIAN_POINT('',(7.098841758660E-1,-1.13E0,1.E0));
#1344=LINE('',#1343,#1342);
#1345=DIRECTION('',(-1.E0,0.E0,0.E0));
#1346=VECTOR('',#1345,1.090231648268E0);
#1347=CARTESIAN_POINT('',(1.800115824134E0,-1.13E0,1.E0));
#1348=LINE('',#1347,#1346);
#1349=CARTESIAN_POINT('',(1.800115824134E0,-1.13E0,1.E0));
#1350=CARTESIAN_POINT('',(1.816793927017E0,-1.13E0,1.E0));
#1351=CARTESIAN_POINT('',(1.837535959397E0,-1.117385826613E0,1.E0));
#1352=CARTESIAN_POINT('',(1.850184441434E0,-1.096678102883E0,1.E0));
#1353=CARTESIAN_POINT('',(1.850184441434E0,-1.08E0,1.E0));
#1355=CARTESIAN_POINT('',(6.598155585661E-1,-1.08E0,1.E0));
#1356=CARTESIAN_POINT('',(6.598155585661E-1,-1.096678102883E0,1.E0));
#1357=CARTESIAN_POINT('',(6.724640406026E-1,-1.117385826613E0,1.E0));
#1358=CARTESIAN_POINT('',(6.932060729827E-1,-1.13E0,1.E0));
#1359=CARTESIAN_POINT('',(7.098841758660E-1,-1.13E0,1.E0));
#1361=DIRECTION('',(0.E0,1.E0,0.E0));
#1362=VECTOR('',#1361,9.E-1);
#1363=CARTESIAN_POINT('',(6.598155585661E-1,-1.08E0,1.E0));
#1364=LINE('',#1363,#1362);
#1365=CARTESIAN_POINT('',(7.098841758660E-1,-1.3E-1,1.E0));
#1366=CARTESIAN_POINT('',(6.932060729827E-1,-1.3E-1,1.E0));
#1367=CARTESIAN_POINT('',(6.724640406026E-1,-1.426141733865E-1,1.E0));
#1368=CARTESIAN_POINT('',(6.598155585661E-1,-1.633218971167E-1,1.E0));
#1369=CARTESIAN_POINT('',(6.598155585661E-1,-1.8E-1,1.E0));
#1371=CARTESIAN_POINT('',(1.850184441434E0,-1.8E-1,1.E0));
#1372=CARTESIAN_POINT('',(1.850184441434E0,-1.633218971167E-1,1.E0));
#1373=CARTESIAN_POINT('',(1.837535959397E0,-1.426141733865E-1,1.E0));
#1374=CARTESIAN_POINT('',(1.816793927017E0,-1.3E-1,1.E0));
#1375=CARTESIAN_POINT('',(1.800115824134E0,-1.3E-1,1.E0));
#1377=DIRECTION('',(-5.233595624294E-2,0.E0,-9.986295347546E-1));
#1378=VECTOR('',#1377,1.563024848960E0);
#1379=CARTESIAN_POINT('',(6.598155585661E-1,-1.08E0,1.E0));
#1380=LINE('',#1379,#1378);
#1381=DIRECTION('',(5.233595624294E-2,0.E0,9.986295347546E-1));
#1382=VECTOR('',#1381,2.002744691996E0);
#1383=CARTESIAN_POINT('',(5.55E-1,-1.8E-1,-1.E0));
#1384=LINE('',#1383,#1382);
#1385=CARTESIAN_POINT('',(5.55E-1,-1.8E-1,-1.E0));
#1386=CARTESIAN_POINT('',(5.55E-1,-1.633218971167E-1,-1.E0));
#1387=CARTESIAN_POINT('',(5.676484820365E-1,-1.426141733865E-1,-1.E0));
#1388=CARTESIAN_POINT('',(5.883905144166E-1,-1.3E-1,-1.E0));
#1389=CARTESIAN_POINT('',(6.050686172999E-1,-1.3E-1,-1.E0));
#1391=DIRECTION('',(5.233595624294E-2,0.E0,-9.986295347546E-1));
#1392=VECTOR('',#1391,2.002744691996E0);
#1393=CARTESIAN_POINT('',(1.800115824134E0,-1.3E-1,1.E0));
#1394=LINE('',#1393,#1392);
#1395=DIRECTION('',(-1.E0,0.E0,0.E0));
#1396=VECTOR('',#1395,1.090231648268E0);
#1397=CARTESIAN_POINT('',(1.800115824134E0,-1.3E-1,1.E0));
#1398=LINE('',#1397,#1396);
#1399=DIRECTION('',(5.233595624294E-2,0.E0,9.986295347546E-1));
#1400=VECTOR('',#1399,2.002744691996E0);
#1401=CARTESIAN_POINT('',(6.050686172999E-1,-1.3E-1,-1.E0));
#1402=LINE('',#1401,#1400);
#1403=CARTESIAN_POINT('',(1.904931382700E0,-1.3E-1,-1.E0));
#1404=CARTESIAN_POINT('',(1.921609485583E0,-1.3E-1,-1.E0));
#1405=CARTESIAN_POINT('',(1.942351517964E0,-1.426141733865E-1,-1.E0));
#1406=CARTESIAN_POINT('',(1.955E0,-1.633218971167E-1,-1.E0));
#1407=CARTESIAN_POINT('',(1.955E0,-1.8E-1,-1.E0));
#1409=DIRECTION('',(-5.233595624294E-2,0.E0,9.986295347546E-1));
#1410=VECTOR('',#1409,1.563024848960E0);
#1411=CARTESIAN_POINT('',(1.931986841536E0,-1.08E0,-5.608827777265E-1));
#1412=LINE('',#1411,#1410);
#1413=DIRECTION('',(0.E0,1.E0,0.E0));
#1414=VECTOR('',#1413,9.E-1);
#1415=CARTESIAN_POINT('',(1.850184441434E0,-1.08E0,1.E0));
#1416=LINE('',#1415,#1414);
#1417=DIRECTION('',(5.233595624294E-2,0.E0,-9.986295347546E-1));
#1418=VECTOR('',#1417,2.002744691996E0);
#1419=CARTESIAN_POINT('',(1.850184441434E0,-1.8E-1,1.E0));
#1420=LINE('',#1419,#1418);
#1421=CARTESIAN_POINT('',(3.27E0,-9.5E-1,0.E0));
#1422=DIRECTION('',(0.E0,0.E0,-1.E0));
#1423=DIRECTION('',(0.E0,-1.E0,0.E0));
#1424=AXIS2_PLACEMENT_3D('',#1421,#1422,#1423);
#1426=DIRECTION('',(0.E0,0.E0,-1.E0));
#1427=VECTOR('',#1426,1.E0);
#1428=CARTESIAN_POINT('',(3.07E0,-9.5E-1,0.E0));
#1429=LINE('',#1428,#1427);
#1430=CARTESIAN_POINT('',(3.095E0,-1.046824583655E0,-1.E0));
#1431=CARTESIAN_POINT('',(3.102659700635E0,-1.060668667054E0,
-8.538442051923E-1));
#1432=CARTESIAN_POINT('',(3.110333628595E0,-1.071021634698E0,
-7.074169368579E-1));
#1433=CARTESIAN_POINT('',(3.118013158464E0,-1.08E0,-5.608827777265E-1));
#1435=CARTESIAN_POINT('',(3.182822021129E0,-1.13E0,-2.796221411063E-1));
#1436=CARTESIAN_POINT('',(3.182822021129E0,-1.13E0,-2.729819154385E-1));
#1437=CARTESIAN_POINT('',(3.182807015430E0,-1.129992733477E0,
-2.601654644959E-1));
#1438=CARTESIAN_POINT('',(3.182743759453E0,-1.129962082623E0,
-2.423813910701E-1));
#1439=CARTESIAN_POINT('',(3.182643657600E0,-1.129913520988E0,
-2.258921144871E-1));
#1440=CARTESIAN_POINT('',(3.182510270282E0,-1.129848703841E0,
-2.106138262668E-1));
#1441=CARTESIAN_POINT('',(3.182346843592E0,-1.129769121681E0,
-1.964555162452E-1));
#1442=CARTESIAN_POINT('',(3.182156330459E0,-1.129676116173E0,
-1.833365985226E-1));
#1443=CARTESIAN_POINT('',(3.181941406937E0,-1.129570892210E0,
-1.711813314487E-1));
#1444=CARTESIAN_POINT('',(3.181704489429E0,-1.129454529280E0,
-1.599197897057E-1));
#1445=CARTESIAN_POINT('',(3.181447749067E0,-1.129327990466E0,
-1.494870846509E-1));
#1446=CARTESIAN_POINT('',(3.181173124764E0,-1.129192130036E0,
-1.398231009905E-1));
#1447=CARTESIAN_POINT('',(3.180882334335E0,-1.129047699434E0,
-1.308721281248E-1));
#1448=CARTESIAN_POINT('',(3.180576883380E0,-1.128895351649E0,
-1.225825441096E-1));
#1449=CARTESIAN_POINT('',(3.180258072909E0,-1.128735644523E0,
-1.149065400093E-1));
#1450=CARTESIAN_POINT('',(3.179927004615E0,-1.128569042519E0,
-1.077998562742E-1));
#1451=CARTESIAN_POINT('',(3.179584580440E0,-1.128395915284E0,
-1.012214867740E-1));
#1452=CARTESIAN_POINT('',(3.179231503757E0,-1.128216536691E0,
-9.513351078661E-2));
#1453=CARTESIAN_POINT('',(3.178868269897E0,-1.128031078164E0,
-8.950081611127E-2));
#1454=CARTESIAN_POINT('',(3.178495152956E0,-1.127839599651E0,
-8.429090892410E-2));
#1455=CARTESIAN_POINT('',(3.178112187325E0,-1.127642037434E0,
-7.947376543745E-2));
#1456=CARTESIAN_POINT('',(3.177719116807E0,-1.127438174495E0,
-7.502146189558E-2));
#1457=CARTESIAN_POINT('',(3.177315342513E0,-1.127227609054E0,
-7.090810922619E-2));
#1458=CARTESIAN_POINT('',(3.176899868232E0,-1.127009720498E0,
-6.710998259694E-2));
#1459=CARTESIAN_POINT('',(3.176471188333E0,-1.126783603451E0,
-6.360540266924E-2));
#1460=CARTESIAN_POINT('',(3.176027120260E0,-1.126547969416E0,
-6.037473289679E-2));
#1461=CARTESIAN_POINT('',(3.175564543877E0,-1.126300994483E0,
-5.740042931197E-2));
#1462=CARTESIAN_POINT('',(3.175078949004E0,-1.126040055317E0,
-5.466729025837E-2));
#1463=CARTESIAN_POINT('',(3.174563737029E0,-1.125761322584E0,
-5.216277427914E-2));
#1464=CARTESIAN_POINT('',(3.174008571790E0,-1.125458798555E0,
-4.987858622900E-2));
#1465=CARTESIAN_POINT('',(3.173397609114E0,-1.125123279508E0,
-4.781197201507E-2));
#1466=CARTESIAN_POINT('',(3.172698783150E0,-1.124736119577E0,
-4.597543732189E-2));
#1467=CARTESIAN_POINT('',(3.171866322164E0,-1.124270442920E0,
-4.441386796960E-2));
#1468=CARTESIAN_POINT('',(3.170706189869E0,-1.123613192757E0,
-4.327656618747E-2));
#1469=CARTESIAN_POINT('',(3.169324596714E0,-1.122815401922E0,
-4.350909725661E-2));
#1470=CARTESIAN_POINT('',(3.168281773997E0,-1.122202742304E0,
-4.462441698350E-2));
#1471=CARTESIAN_POINT('',(3.167379551753E0,-1.121666467198E0,
-4.607851919431E-2));
#1472=CARTESIAN_POINT('',(3.166573538189E0,-1.121181890644E0,
-4.778200605433E-2));
#1473=CARTESIAN_POINT('',(3.165811774901E0,-1.120719269594E0,
-4.970695239045E-2));
#1474=CARTESIAN_POINT('',(3.165077862123E0,-1.120269159363E0,
-5.184232192170E-2));
#1475=CARTESIAN_POINT('',(3.164357156883E0,-1.119822930087E0,
-5.419213341292E-2));
#1476=CARTESIAN_POINT('',(3.163641185379E0,-1.119375443193E0,
-5.676399974059E-2));
#1477=CARTESIAN_POINT('',(3.162923302571E0,-1.118922536979E0,
-5.956982540183E-2));
#1478=CARTESIAN_POINT('',(3.162198504406E0,-1.118460938150E0,
-6.262394484767E-2));
#1479=CARTESIAN_POINT('',(3.161462666521E0,-1.117987820193E0,
-6.594305762279E-2));
#1480=CARTESIAN_POINT('',(3.160712302290E0,-1.117500664550E0,
-6.954588553233E-2));
#1481=CARTESIAN_POINT('',(3.159944340216E0,-1.116997128303E0,
-7.345315685203E-2));
#1482=CARTESIAN_POINT('',(3.159155998620E0,-1.116474967298E0,
-7.768760668156E-2));
#1483=CARTESIAN_POINT('',(3.158344693749E0,-1.115931976989E0,
-8.227405211289E-2));
#1484=CARTESIAN_POINT('',(3.157507981094E0,-1.115365951841E0,
-8.723947488215E-2));
#1485=CARTESIAN_POINT('',(3.156643503269E0,-1.114774646308E0,
-9.261320137057E-2));
#1486=CARTESIAN_POINT('',(3.155748986718E0,-1.114155766908E0,
-9.842687910381E-2));
#1487=CARTESIAN_POINT('',(3.154822216585E0,-1.113506948255E0,
-1.047146361163E-1));
#1488=CARTESIAN_POINT('',(3.153860999991E0,-1.112825718665E0,
-1.115134034332E-1));
#1489=CARTESIAN_POINT('',(3.152863160326E0,-1.112109485231E0,
-1.188631022589E-1));
#1490=CARTESIAN_POINT('',(3.151826530256E0,-1.111355516429E0,
-1.268068879726E-1));
#1491=CARTESIAN_POINT('',(3.150748950470E0,-1.110560927094E0,
-1.353914053845E-1));
#1492=CARTESIAN_POINT('',(3.149628271689E0,-1.109722664096E0,
-1.446670701145E-1));
#1493=CARTESIAN_POINT('',(3.148462360661E0,-1.108837493259E0,
-1.546883724851E-1));
#1494=CARTESIAN_POINT('',(3.147249111246E0,-1.107901988487E0,
-1.655141947808E-1));
#1495=CARTESIAN_POINT('',(3.145986456846E0,-1.106912520330E0,
-1.772081783997E-1));
#1496=CARTESIAN_POINT('',(3.144672391571E0,-1.105865249845E0,
-1.898390794159E-1));
#1497=CARTESIAN_POINT('',(3.143304986198E0,-1.104756117115E0,
-2.034812460722E-1));
#1498=CARTESIAN_POINT('',(3.141882399249E0,-1.103580823706E0,
-2.182152552767E-1));
#1499=CARTESIAN_POINT('',(3.140402929553E0,-1.102334847878E0,
-2.341282332217E-1));
#1500=CARTESIAN_POINT('',(3.138865058226E0,-1.101013452159E0,
-2.513143589650E-1));
#1501=CARTESIAN_POINT('',(3.137267492745E0,-1.099611693494E0,
-2.698754588061E-1));
#1502=CARTESIAN_POINT('',(3.135609212334E0,-1.098124435505E0,
-2.899217332426E-1));
#1503=CARTESIAN_POINT('',(3.133889577565E0,-1.096546422264E0,
-3.115718320319E-1));
#1504=CARTESIAN_POINT('',(3.132108389372E0,-1.094872316134E0,
-3.349535892694E-1));
#1505=CARTESIAN_POINT('',(3.130265912305E0,-1.093096705561E0,
-3.602054899213E-1));
#1506=CARTESIAN_POINT('',(3.128362994718E0,-1.091214215683E0,
-3.874770055645E-1));
#1507=CARTESIAN_POINT('',(3.126401064046E0,-1.089219501229E0,
-4.169311313768E-1));
#1508=CARTESIAN_POINT('',(3.124382350400E0,-1.087107510254E0,
-4.487431512991E-1));
#1509=CARTESIAN_POINT('',(3.122309484219E0,-1.084873025702E0,
-4.831119568558E-1));
#1510=CARTESIAN_POINT('',(3.120187768172E0,-1.082513381153E0,
-5.202201812811E-1));
#1511=CARTESIAN_POINT('',(3.118740719408E0,-1.080850612999E0,
-5.470000879133E-1));
#1512=CARTESIAN_POINT('',(3.118013158464E0,-1.08E0,-5.608827777265E-1));
#1514=DIRECTION('',(0.E0,0.E0,1.E0));
#1515=VECTOR('',#1514,7.203778588937E-1);
#1516=CARTESIAN_POINT('',(3.182822021129E0,-1.13E0,-1.E0));
#1517=LINE('',#1516,#1515);
#1518=DIRECTION('',(0.E0,0.E0,-1.E0));
#1519=VECTOR('',#1518,1.E0);
#1520=CARTESIAN_POINT('',(3.07E0,9.5E-1,0.E0));
#1521=LINE('',#1520,#1519);
#1522=DIRECTION('',(0.E0,0.E0,-1.E0));
#1523=VECTOR('',#1522,1.E0);
#1524=CARTESIAN_POINT('',(3.27E0,1.15E0,0.E0));
#1525=LINE('',#1524,#1523);
#1526=DIRECTION('',(0.E0,0.E0,-1.E0));
#1527=VECTOR('',#1526,1.E0);
#1528=CARTESIAN_POINT('',(4.32E0,1.15E0,0.E0));
#1529=LINE('',#1528,#1527);
#1530=DIRECTION('',(0.E0,0.E0,-1.E0));
#1531=VECTOR('',#1530,1.E0);
#1532=CARTESIAN_POINT('',(4.52E0,9.5E-1,0.E0));
#1533=LINE('',#1532,#1531);
#1534=DIRECTION('',(0.E0,0.E0,-1.E0));
#1535=VECTOR('',#1534,1.E0);
#1536=CARTESIAN_POINT('',(4.52E0,-9.5E-1,0.E0));
#1537=LINE('',#1536,#1535);
#1538=CARTESIAN_POINT('',(4.32E0,-9.5E-1,0.E0));
#1539=DIRECTION('',(0.E0,0.E0,-1.E0));
#1540=DIRECTION('',(1.E0,0.E0,0.E0));
#1541=AXIS2_PLACEMENT_3D('',#1538,#1539,#1540);
#1543=DIRECTION('',(0.E0,0.E0,-1.E0));
#1544=VECTOR('',#1543,1.E0);
#1545=CARTESIAN_POINT('',(4.32E0,-1.15E0,0.E0));
#1546=LINE('',#1545,#1544);
#1547=DIRECTION('',(0.E0,0.E0,1.E0));
#1548=VECTOR('',#1547,7.203778588939E-1);
#1549=CARTESIAN_POINT('',(4.407177978871E0,-1.13E0,-1.E0));
#1550=LINE('',#1549,#1548);
#1551=CARTESIAN_POINT('',(4.471986841536E0,-1.08E0,-5.608827777265E-1));
#1552=CARTESIAN_POINT('',(4.471250485363E0,-1.080860895761E0,
-5.468322649375E-1));
#1553=CARTESIAN_POINT('',(4.469785842849E0,-1.082543525328E0,
-5.197369099031E-1));
#1554=CARTESIAN_POINT('',(4.467638493969E0,-1.084930247920E0,
-4.822192198594E-1));
#1555=CARTESIAN_POINT('',(4.465540765616E0,-1.087189366971E0,
-4.474951060860E-1));
#1556=CARTESIAN_POINT('',(4.463498126932E0,-1.089323622536E0,
-4.153768147829E-1));
#1557=CARTESIAN_POINT('',(4.461513275650E0,-1.091338396995E0,
-3.856598197181E-1));
#1558=CARTESIAN_POINT('',(4.459588498282E0,-1.093238895386E0,
-3.581641511451E-1));
#1559=CARTESIAN_POINT('',(4.457725249034E0,-1.095030624919E0,
-3.327225664357E-1));
#1560=CARTESIAN_POINT('',(4.455924377101E0,-1.096719125903E0,
-3.091817518426E-1));
#1561=CARTESIAN_POINT('',(4.454186127443E0,-1.098309973611E0,
-2.873997641250E-1));
#1562=CARTESIAN_POINT('',(4.452510266029E0,-1.099808663787E0,
-2.672456724446E-1));
#1563=CARTESIAN_POINT('',(4.450896094273E0,-1.101220613295E0,
-2.485979252141E-1));
#1564=CARTESIAN_POINT('',(4.449342529679E0,-1.102551104045E0,
-2.313438169367E-1));
#1565=CARTESIAN_POINT('',(4.447848210619E0,-1.103805215581E0,
-2.153792867793E-1));
#1566=CARTESIAN_POINT('',(4.446411541626E0,-1.104987814219E0,
-2.006081479654E-1));
#1567=CARTESIAN_POINT('',(4.445030739797E0,-1.106103542277E0,
-1.869414822037E-1));
#1568=CARTESIAN_POINT('',(4.443703880612E0,-1.107156808761E0,
-1.742971419059E-1));
#1569=CARTESIAN_POINT('',(4.442428948192E0,-1.108151777384E0,
-1.625993771058E-1));
#1570=CARTESIAN_POINT('',(4.441203840606E0,-1.109092389421E0,
-1.517781328773E-1));
#1571=CARTESIAN_POINT('',(4.440026393954E0,-1.109982369626E0,
-1.417686361792E-1));
#1572=CARTESIAN_POINT('',(4.438894400101E0,-1.110825235870E0,
-1.325109984706E-1));
#1573=CARTESIAN_POINT('',(4.437805619558E0,-1.111624310849E0,
-1.239498483599E-1));
#1574=CARTESIAN_POINT('',(4.436757790077E0,-1.112382735302E0,
-1.160339940596E-1));
#1575=CARTESIAN_POINT('',(4.435748631048E0,-1.113103482580E0,
-1.087161133917E-1));
#1576=CARTESIAN_POINT('',(4.434775842457E0,-1.113789375315E0,
-1.019524620249E-1));
#1577=CARTESIAN_POINT('',(4.433837102094E0,-1.114443101553E0,
-9.570262601976E-2));
#1578=CARTESIAN_POINT('',(4.432930055305E0,-1.115067234298E0,
-8.992928107127E-2));
#1579=CARTESIAN_POINT('',(4.432052298824E0,-1.115664253370E0,
-8.459797288305E-2));
#1580=CARTESIAN_POINT('',(4.431201323578E0,-1.116236592654E0,
-7.967673862429E-2));
#1581=CARTESIAN_POINT('',(4.430374511054E0,-1.116786648488E0,
-7.513615254477E-2));
#1582=CARTESIAN_POINT('',(4.429569085930E0,-1.117316815992E0,
-7.094919115796E-2));
#1583=CARTESIAN_POINT('',(4.428782044852E0,-1.117829538193E0,
-6.709111648524E-2));
#1584=CARTESIAN_POINT('',(4.428010051651E0,-1.118327373306E0,
-6.353939934877E-2));
#1585=CARTESIAN_POINT('',(4.427249288013E0,-1.118813086125E0,
-6.027371299809E-2));
#1586=CARTESIAN_POINT('',(4.426495203054E0,-1.119289796247E0,
-5.727600248284E-2));
#1587=CARTESIAN_POINT('',(4.425742171877E0,-1.119761175947E0,
-5.453072162610E-2));
#1588=CARTESIAN_POINT('',(4.424982678623E0,-1.120231919422E0,
-5.202532185169E-2));
#1589=CARTESIAN_POINT('',(4.424206658706E0,-1.120708110673E0,
-4.975127970514E-2));
#1590=CARTESIAN_POINT('',(4.423397376097E0,-1.121199566447E0,
-4.770779745534E-2));
#1591=CARTESIAN_POINT('',(4.422532071832E0,-1.121719441436E0,
-4.590195782065E-2));
#1592=CARTESIAN_POINT('',(4.421550259518E0,-1.122302019805E0,
-4.439900136244E-2));
#1593=CARTESIAN_POINT('',(4.420379126095E0,-1.122988473976E0,
-4.326935495305E-2));
#1594=CARTESIAN_POINT('',(4.418761349062E0,-1.123916961249E0,
-4.355960701798E-2));
#1595=CARTESIAN_POINT('',(4.417681891080E0,-1.124523810418E0,
-4.517100456292E-2));
#1596=CARTESIAN_POINT('',(4.416850749224E0,-1.124986268930E0,
-4.707443763254E-2));
#1597=CARTESIAN_POINT('',(4.416149645452E0,-1.125372252868E0,
-4.928578155898E-2));
#1598=CARTESIAN_POINT('',(4.415529088283E0,-1.125710969102E0,
-5.173870124129E-2));
#1599=CARTESIAN_POINT('',(4.414962443102E0,-1.126017788621E0,
-5.443993190925E-2));
#1600=CARTESIAN_POINT('',(4.414434836680E0,-1.126301372302E0,
-5.739346226493E-2));
#1601=CARTESIAN_POINT('',(4.413936850368E0,-1.126567179419E0,
-6.061259489033E-2));
#1602=CARTESIAN_POINT('',(4.413462352067E0,-1.126818779094E0,
-6.411327794999E-2));
#1603=CARTESIAN_POINT('',(4.413007175863E0,-1.127058606184E0,
-6.791455529616E-2));
#1604=CARTESIAN_POINT('',(4.412568461333E0,-1.127288349367E0,
-7.203788384487E-2));
#1605=CARTESIAN_POINT('',(4.412144253045E0,-1.127509183846E0,
-7.650707840346E-2));
#1606=CARTESIAN_POINT('',(4.411733255502E0,-1.127721914682E0,
-8.134831371499E-2));
#1607=CARTESIAN_POINT('',(4.411334682636E0,-1.127927065456E0,
-8.659016518008E-2));
#1608=CARTESIAN_POINT('',(4.410948179389E0,-1.128124926651E0,
-9.226335698588E-2));
#1609=CARTESIAN_POINT('',(4.410573729376E0,-1.128315609052E0,
-9.840112817443E-2));
#1610=CARTESIAN_POINT('',(4.410211606725E0,-1.128499072757E0,
-1.050394563332E-1));
#1611=CARTESIAN_POINT('',(4.409862345939E0,-1.128675145966E0,
-1.122172770306E-1));
#1612=CARTESIAN_POINT('',(4.409526725036E0,-1.128843536276E0,
-1.199766812448E-1));
#1613=CARTESIAN_POINT('',(4.409205752759E0,-1.129003839311E0,
-1.283632244251E-1));
#1614=CARTESIAN_POINT('',(4.408900667948E0,-1.129155540740E0,
-1.374261172247E-1));
#1615=CARTESIAN_POINT('',(4.408612938305E0,-1.129298018139E0,
-1.472185472505E-1));
#1616=CARTESIAN_POINT('',(4.408344264933E0,-1.129430539483E0,
-1.577979897776E-1));
#1617=CARTESIAN_POINT('',(4.408096590312E0,-1.129552259419E0,
-1.692265054054E-1));
#1618=CARTESIAN_POINT('',(4.407872107708E0,-1.129662214228E0,
-1.815711350069E-1));
#1619=CARTESIAN_POINT('',(4.407673273398E0,-1.129759314685E0,
-1.949041808676E-1));
#1620=CARTESIAN_POINT('',(4.407502820713E0,-1.129842337169E0,
-2.093040094213E-1));
#1621=CARTESIAN_POINT('',(4.407363776878E0,-1.129909912352E0,
-2.248540838677E-1));
#1622=CARTESIAN_POINT('',(4.407259480118E0,-1.129960512488E0,
-2.416486954626E-1));
#1623=CARTESIAN_POINT('',(4.407193600584E0,-1.129992435218E0,
-2.597746863372E-1));
#1624=CARTESIAN_POINT('',(4.407177978871E0,-1.13E0,-2.728471792561E-1));
#1625=CARTESIAN_POINT('',(4.407177978871E0,-1.13E0,-2.796221411061E-1));
#1627=CARTESIAN_POINT('',(4.471986841536E0,-1.08E0,-5.608827777265E-1));
#1628=CARTESIAN_POINT('',(4.479666371405E0,-1.071021634698E0,
-7.074169368579E-1));
#1629=CARTESIAN_POINT('',(4.487340299365E0,-1.060668667054E0,
-8.538442051923E-1));
#1630=CARTESIAN_POINT('',(4.495E0,-1.046824583655E0,-1.E0));
#1632=DIRECTION('',(0.E0,0.E0,-1.E0));
#1633=VECTOR('',#1632,1.E0);
#1634=CARTESIAN_POINT('',(3.27E0,-1.15E0,0.E0));
#1635=LINE('',#1634,#1633);
#1636=DIRECTION('',(-1.E0,0.E0,0.E0));
#1637=VECTOR('',#1636,1.224355957742E0);
#1638=CARTESIAN_POINT('',(4.407177978871E0,-1.13E0,-1.E0));
#1639=LINE('',#1638,#1637);
#1640=CARTESIAN_POINT('',(4.32E0,-9.5E-1,-1.E0));
#1641=DIRECTION('',(0.E0,0.E0,1.E0));
#1642=DIRECTION('',(0.E0,-1.E0,0.E0));
#1643=AXIS2_PLACEMENT_3D('',#1640,#1641,#1642);
#1645=DIRECTION('',(1.E0,0.E0,0.E0));
#1646=VECTOR('',#1645,1.05E0);
#1647=CARTESIAN_POINT('',(3.27E0,-1.15E0,-1.E0));
#1648=LINE('',#1647,#1646);
#1649=CARTESIAN_POINT('',(3.27E0,-9.5E-1,-1.E0));
#1650=DIRECTION('',(0.E0,0.E0,1.E0));
#1651=DIRECTION('',(-4.358898943541E-1,-9.E-1,0.E0));
#1652=AXIS2_PLACEMENT_3D('',#1649,#1650,#1651);
#1654=DIRECTION('',(-1.E0,0.E0,0.E0));
#1655=VECTOR('',#1654,1.299862765400E0);
#1656=CARTESIAN_POINT('',(4.444931382700E0,-1.3E-1,-1.E0));
#1657=LINE('',#1656,#1655);
#1658=DIRECTION('',(0.E0,1.E0,0.E0));
#1659=VECTOR('',#1658,8.668245836552E-1);
#1660=CARTESIAN_POINT('',(3.095E0,-1.046824583655E0,-1.E0));
#1661=LINE('',#1660,#1659);
#1662=CARTESIAN_POINT('',(3.27E0,-9.5E-1,-1.E0));
#1663=DIRECTION('',(0.E0,0.E0,1.E0));
#1664=DIRECTION('',(-1.E0,0.E0,0.E0));
#1665=AXIS2_PLACEMENT_3D('',#1662,#1663,#1664);
#1667=DIRECTION('',(0.E0,-1.E0,0.E0));
#1668=VECTOR('',#1667,1.9E0);
#1669=CARTESIAN_POINT('',(3.07E0,9.5E-1,-1.E0));
#1670=LINE('',#1669,#1668);
#1671=CARTESIAN_POINT('',(3.27E0,9.5E-1,-1.E0));
#1672=DIRECTION('',(0.E0,0.E0,1.E0));
#1673=DIRECTION('',(0.E0,1.E0,0.E0));
#1674=AXIS2_PLACEMENT_3D('',#1671,#1672,#1673);
#1676=DIRECTION('',(-1.E0,0.E0,0.E0));
#1677=VECTOR('',#1676,1.05E0);
#1678=CARTESIAN_POINT('',(4.32E0,1.15E0,-1.E0));
#1679=LINE('',#1678,#1677);
#1680=CARTESIAN_POINT('',(4.32E0,9.5E-1,-1.E0));
#1681=DIRECTION('',(0.E0,0.E0,1.E0));
#1682=DIRECTION('',(1.E0,0.E0,0.E0));
#1683=AXIS2_PLACEMENT_3D('',#1680,#1681,#1682);
#1685=DIRECTION('',(0.E0,1.E0,0.E0));
#1686=VECTOR('',#1685,1.9E0);
#1687=CARTESIAN_POINT('',(4.52E0,-9.5E-1,-1.E0));
#1688=LINE('',#1687,#1686);
#1689=CARTESIAN_POINT('',(4.32E0,-9.5E-1,-1.E0));
#1690=DIRECTION('',(0.E0,0.E0,1.E0));
#1691=DIRECTION('',(8.75E-1,-4.841229182759E-1,0.E0));
#1692=AXIS2_PLACEMENT_3D('',#1689,#1690,#1691);
#1694=DIRECTION('',(0.E0,1.E0,0.E0));
#1695=VECTOR('',#1694,8.668245836552E-1);
#1696=CARTESIAN_POINT('',(4.495E0,-1.046824583655E0,-1.E0));
#1697=LINE('',#1696,#1695);
#1698=DIRECTION('',(-5.233595624295E-2,0.E0,9.986295347546E-1));
#1699=VECTOR('',#1698,1.281378225430E0);
#1700=CARTESIAN_POINT('',(4.407177978871E0,-1.13E0,-2.796221411061E-1));
#1701=LINE('',#1700,#1699);
#1702=DIRECTION('',(-5.233595624294E-2,0.E0,-9.986295347546E-1));
#1703=VECTOR('',#1702,1.281378225431E0);
#1704=CARTESIAN_POINT('',(3.249884175866E0,-1.13E0,1.E0));
#1705=LINE('',#1704,#1703);
#1706=DIRECTION('',(-1.E0,0.E0,0.E0));
#1707=VECTOR('',#1706,1.090231648268E0);
#1708=CARTESIAN_POINT('',(4.340115824134E0,-1.13E0,1.E0));
#1709=LINE('',#1708,#1707);
#1710=CARTESIAN_POINT('',(4.340115824134E0,-1.13E0,1.E0));
#1711=CARTESIAN_POINT('',(4.356793927017E0,-1.13E0,1.E0));
#1712=CARTESIAN_POINT('',(4.377535959397E0,-1.117385826613E0,1.E0));
#1713=CARTESIAN_POINT('',(4.390184441434E0,-1.096678102883E0,1.E0));
#1714=CARTESIAN_POINT('',(4.390184441434E0,-1.08E0,1.E0));
#1716=CARTESIAN_POINT('',(3.199815558566E0,-1.08E0,1.E0));
#1717=CARTESIAN_POINT('',(3.199815558566E0,-1.096678102883E0,1.E0));
#1718=CARTESIAN_POINT('',(3.212464040603E0,-1.117385826613E0,1.E0));
#1719=CARTESIAN_POINT('',(3.233206072983E0,-1.13E0,1.E0));
#1720=CARTESIAN_POINT('',(3.249884175866E0,-1.13E0,1.E0));
#1722=DIRECTION('',(0.E0,1.E0,0.E0));
#1723=VECTOR('',#1722,9.E-1);
#1724=CARTESIAN_POINT('',(3.199815558566E0,-1.08E0,1.E0));
#1725=LINE('',#1724,#1723);
#1726=CARTESIAN_POINT('',(3.249884175866E0,-1.3E-1,1.E0));
#1727=CARTESIAN_POINT('',(3.233206072983E0,-1.3E-1,1.E0));
#1728=CARTESIAN_POINT('',(3.212464040603E0,-1.426141733865E-1,1.E0));
#1729=CARTESIAN_POINT('',(3.199815558566E0,-1.633218971167E-1,1.E0));
#1730=CARTESIAN_POINT('',(3.199815558566E0,-1.8E-1,1.E0));
#1732=CARTESIAN_POINT('',(4.390184441434E0,-1.8E-1,1.E0));
#1733=CARTESIAN_POINT('',(4.390184441434E0,-1.633218971167E-1,1.E0));
#1734=CARTESIAN_POINT('',(4.377535959397E0,-1.426141733865E-1,1.E0));
#1735=CARTESIAN_POINT('',(4.356793927017E0,-1.3E-1,1.E0));
#1736=CARTESIAN_POINT('',(4.340115824134E0,-1.3E-1,1.E0));
#1738=DIRECTION('',(-5.233595624294E-2,0.E0,-9.986295347546E-1));
#1739=VECTOR('',#1738,1.563024848960E0);
#1740=CARTESIAN_POINT('',(3.199815558566E0,-1.08E0,1.E0));
#1741=LINE('',#1740,#1739);
#1742=DIRECTION('',(5.233595624294E-2,0.E0,9.986295347546E-1));
#1743=VECTOR('',#1742,2.002744691996E0);
#1744=CARTESIAN_POINT('',(3.095E0,-1.8E-1,-1.E0));
#1745=LINE('',#1744,#1743);
#1746=CARTESIAN_POINT('',(3.095E0,-1.8E-1,-1.E0));
#1747=CARTESIAN_POINT('',(3.095E0,-1.633218971167E-1,-1.E0));
#1748=CARTESIAN_POINT('',(3.107648482036E0,-1.426141733865E-1,-1.E0));
#1749=CARTESIAN_POINT('',(3.128390514417E0,-1.3E-1,-1.E0));
#1750=CARTESIAN_POINT('',(3.145068617300E0,-1.3E-1,-1.E0));
#1752=DIRECTION('',(5.233595624294E-2,0.E0,-9.986295347546E-1));
#1753=VECTOR('',#1752,2.002744691996E0);
#1754=CARTESIAN_POINT('',(4.340115824134E0,-1.3E-1,1.E0));
#1755=LINE('',#1754,#1753);
#1756=DIRECTION('',(-1.E0,0.E0,0.E0));
#1757=VECTOR('',#1756,1.090231648268E0);
#1758=CARTESIAN_POINT('',(4.340115824134E0,-1.3E-1,1.E0));
#1759=LINE('',#1758,#1757);
#1760=DIRECTION('',(5.233595624294E-2,0.E0,9.986295347546E-1));
#1761=VECTOR('',#1760,2.002744691996E0);
#1762=CARTESIAN_POINT('',(3.145068617300E0,-1.3E-1,-1.E0));
#1763=LINE('',#1762,#1761);
#1764=CARTESIAN_POINT('',(4.444931382700E0,-1.3E-1,-1.E0));
#1765=CARTESIAN_POINT('',(4.461609485583E0,-1.3E-1,-1.E0));
#1766=CARTESIAN_POINT('',(4.482351517964E0,-1.426141733865E-1,-1.E0));
#1767=CARTESIAN_POINT('',(4.495E0,-1.633218971167E-1,-1.E0));
#1768=CARTESIAN_POINT('',(4.495E0,-1.8E-1,-1.E0));
#1770=DIRECTION('',(-5.233595624294E-2,0.E0,9.986295347546E-1));
#1771=VECTOR('',#1770,1.563024848960E0);
#1772=CARTESIAN_POINT('',(4.471986841536E0,-1.08E0,-5.608827777265E-1));
#1773=LINE('',#1772,#1771);
#1774=DIRECTION('',(0.E0,1.E0,0.E0));
#1775=VECTOR('',#1774,9.E-1);
#1776=CARTESIAN_POINT('',(4.390184441434E0,-1.08E0,1.E0));
#1777=LINE('',#1776,#1775);
#1778=DIRECTION('',(5.233595624294E-2,0.E0,-9.986295347546E-1));
#1779=VECTOR('',#1778,2.002744691996E0);
#1780=CARTESIAN_POINT('',(4.390184441434E0,-1.8E-1,1.E0));
#1781=LINE('',#1780,#1779);
#1782=DIRECTION('',(0.E0,-6.813398303193E-2,-9.976761801087E-1));
#1783=VECTOR('',#1782,1.614362027417E0);
#1784=CARTESIAN_POINT('',(-4.625E0,-3.898210782645E0,-2.779559805094E0));
#1785=LINE('',#1784,#1783);
#1786=DIRECTION('',(0.E0,-9.976761801087E-1,6.813398303193E-2));
#1787=VECTOR('',#1786,2.5E-1);
#1788=CARTESIAN_POINT('',(-4.625E0,-3.758784652601E0,-4.407203841678E0));
#1789=LINE('',#1788,#1787);
#1790=DIRECTION('',(0.E0,6.813398303193E-2,9.976761801087E-1));
#1791=VECTOR('',#1790,1.614362027417E0);
#1792=CARTESIAN_POINT('',(-4.625E0,-3.758784652601E0,-4.407203841678E0));
#1793=LINE('',#1792,#1791);
#1794=CARTESIAN_POINT('',(-4.625E0,-3.598907928612E0,-2.800000000004E0));
#1795=DIRECTION('',(-1.E0,0.E0,0.E0));
#1796=DIRECTION('',(0.E0,-9.976761801087E-1,6.813398303182E-2));
#1797=AXIS2_PLACEMENT_3D('',#1794,#1795,#1796);
#1799=CARTESIAN_POINT('',(-4.625E0,-3.598907928612E0,-2.800000000004E0));
#1800=DIRECTION('',(1.E0,0.E0,0.E0));
#1801=DIRECTION('',(0.E0,-1.687987159523E-1,9.856505432925E-1));
#1802=AXIS2_PLACEMENT_3D('',#1799,#1800,#1801);
#1804=DIRECTION('',(0.E0,9.976761801087E-1,6.813398303193E-2));
#1805=VECTOR('',#1804,2.5E-1);
#1806=CARTESIAN_POINT('',(-4.625E0,3.758784652601E0,-4.407203841678E0));
#1807=LINE('',#1806,#1805);
#1808=DIRECTION('',(0.E0,-6.813398303193E-2,9.976761801087E-1));
#1809=VECTOR('',#1808,1.614362027417E0);
#1810=CARTESIAN_POINT('',(-4.625E0,4.008203697628E0,-4.390170345920E0));
#1811=LINE('',#1810,#1809);
#1812=CARTESIAN_POINT('',(-4.625E0,3.598907928612E0,-2.800000000004E0));
#1813=DIRECTION('',(1.E0,0.E0,0.E0));
#1814=DIRECTION('',(0.E0,9.976761801087E-1,6.813398303193E-2));
#1815=AXIS2_PLACEMENT_3D('',#1812,#1813,#1814);
#1817=CARTESIAN_POINT('',(-4.625E0,3.598907928612E0,-2.800000000004E0));
#1818=DIRECTION('',(-1.E0,0.E0,0.E0));
#1819=DIRECTION('',(0.E0,4.832338608894E-1,8.754913110305E-1));
#1820=AXIS2_PLACEMENT_3D('',#1817,#1818,#1819);
#1822=DIRECTION('',(0.E0,6.813398303193E-2,-9.976761801087E-1));
#1823=VECTOR('',#1822,1.614362027417E0);
#1824=CARTESIAN_POINT('',(-4.625E0,3.648791737618E0,-2.796593300852E0));
#1825=LINE('',#1824,#1823);
#1826=DIRECTION('',(1.E0,0.E0,0.E0));
#1827=VECTOR('',#1826,1.6E0);
#1828=CARTESIAN_POINT('',(-4.625E0,-3.898210782645E0,-2.779559805094E0));
#1829=LINE('',#1828,#1827);
#1830=DIRECTION('',(-1.E0,0.E0,0.E0));
#1831=VECTOR('',#1830,1.E-1);
#1832=CARTESIAN_POINT('',(-3.025E0,-4.008203697628E0,-4.390170345920E0));
#1833=LINE('',#1832,#1831);
#1834=DIRECTION('',(-7.071067811865E-1,-4.817800143112E-2,-7.054635923831E-1));
#1835=VECTOR('',#1834,5.656854249492E-1);
#1836=CARTESIAN_POINT('',(-3.125E0,-4.008203697628E0,-4.390170345920E0));
#1837=LINE('',#1836,#1835);
#1838=DIRECTION('',(0.E0,-6.813398303193E-2,-9.976761801087E-1));
#1839=VECTOR('',#1838,2.290192378865E0);
#1840=CARTESIAN_POINT('',(-3.525E0,-4.035457290841E0,-4.789240817963E0));
#1841=LINE('',#1840,#1839);
#1842=DIRECTION('',(-5.E-1,-5.900576016667E-2,-8.640129167247E-1));
#1843=VECTOR('',#1842,3.E-1);
#1844=CARTESIAN_POINT('',(-3.525E0,-4.191497219522E0,-7.074111202223E0));
#1845=LINE('',#1844,#1843);
#1846=DIRECTION('',(0.E0,6.813398303192E-2,9.976761801087E-1));
#1847=VECTOR('',#1846,1.5E-1);
#1848=CARTESIAN_POINT('',(-3.675E0,-4.219419045027E0,-7.482966504257E0));
#1849=LINE('',#1848,#1847);
#1850=DIRECTION('',(0.E0,6.813398303193E-2,9.976761801087E-1));
#1851=VECTOR('',#1850,1.5E-1);
#1852=CARTESIAN_POINT('',(-3.975E0,-4.219419045027E0,-7.482966504257E0));
#1853=LINE('',#1852,#1851);
#1854=DIRECTION('',(-5.E-1,5.900576016667E-2,8.640129167247E-1));
#1855=VECTOR('',#1854,3.E-1);
#1856=CARTESIAN_POINT('',(-3.975E0,-4.209198947572E0,-7.333315077241E0));
#1857=LINE('',#1856,#1855);
#1858=DIRECTION('',(0.E0,6.813398303193E-2,9.976761801087E-1));
#1859=VECTOR('',#1858,2.290192378865E0);
#1860=CARTESIAN_POINT('',(-4.125E0,-4.191497219522E0,-7.074111202223E0));
#1861=LINE('',#1860,#1859);
#1862=DIRECTION('',(-7.071067811865E-1,4.817800143112E-2,7.054635923831E-1));
#1863=VECTOR('',#1862,5.656854249492E-1);
#1864=CARTESIAN_POINT('',(-4.125E0,-4.035457290841E0,-4.789240817963E0));
#1865=LINE('',#1864,#1863);
#1866=DIRECTION('',(1.E0,0.E0,0.E0));
#1867=VECTOR('',#1866,1.E-1);
#1868=CARTESIAN_POINT('',(-4.625E0,-4.008203697628E0,-4.390170345920E0));
#1869=LINE('',#1868,#1867);
#1870=DIRECTION('',(0.E0,-6.813398303193E-2,-9.976761801087E-1));
#1871=VECTOR('',#1870,1.614362027417E0);
#1872=CARTESIAN_POINT('',(-3.025E0,-3.898210782645E0,-2.779559805094E0));
#1873=LINE('',#1872,#1871);
#1874=CARTESIAN_POINT('',(-3.025E0,-3.598907928612E0,-2.800000000004E0));
#1875=DIRECTION('',(1.E0,0.E0,0.E0));
#1876=DIRECTION('',(0.E0,-1.687987159523E-1,9.856505432925E-1));
#1877=AXIS2_PLACEMENT_3D('',#1874,#1875,#1876);
#1879=CARTESIAN_POINT('',(-3.025E0,-3.598907928612E0,-2.800000000004E0));
#1880=DIRECTION('',(-1.E0,0.E0,0.E0));
#1881=DIRECTION('',(0.E0,-9.976761801087E-1,6.813398303182E-2));
#1882=AXIS2_PLACEMENT_3D('',#1879,#1880,#1881);
#1884=DIRECTION('',(0.E0,6.813398303193E-2,9.976761801087E-1));
#1885=VECTOR('',#1884,1.614362027417E0);
#1886=CARTESIAN_POINT('',(-3.025E0,-3.758784652601E0,-4.407203841678E0));
#1887=LINE('',#1886,#1885);
#1888=DIRECTION('',(0.E0,-9.976761801087E-1,6.813398303193E-2));
#1889=VECTOR('',#1888,2.5E-1);
#1890=CARTESIAN_POINT('',(-3.025E0,-3.758784652601E0,-4.407203841678E0));
#1891=LINE('',#1890,#1889);
#1892=DIRECTION('',(0.E0,9.976761801087E-1,6.813398303193E-2));
#1893=VECTOR('',#1892,2.5E-1);
#1894=CARTESIAN_POINT('',(-3.025E0,3.758784652601E0,-4.407203841678E0));
#1895=LINE('',#1894,#1893);
#1896=DIRECTION('',(0.E0,6.813398303193E-2,-9.976761801087E-1));
#1897=VECTOR('',#1896,1.614362027417E0);
#1898=CARTESIAN_POINT('',(-3.025E0,3.648791737618E0,-2.796593300852E0));
#1899=LINE('',#1898,#1897);
#1900=CARTESIAN_POINT('',(-3.025E0,3.598907928612E0,-2.800000000004E0));
#1901=DIRECTION('',(-1.E0,0.E0,0.E0));
#1902=DIRECTION('',(0.E0,4.832338608894E-1,8.754913110305E-1));
#1903=AXIS2_PLACEMENT_3D('',#1900,#1901,#1902);
#1905=CARTESIAN_POINT('',(-3.025E0,3.598907928612E0,-2.800000000004E0));
#1906=DIRECTION('',(1.E0,0.E0,0.E0));
#1907=DIRECTION('',(0.E0,9.976761801087E-1,6.813398303193E-2));
#1908=AXIS2_PLACEMENT_3D('',#1905,#1906,#1907);
#1910=DIRECTION('',(0.E0,-6.813398303193E-2,9.976761801087E-1));
#1911=VECTOR('',#1910,1.614362027417E0);
#1912=CARTESIAN_POINT('',(-3.025E0,4.008203697628E0,-4.390170345920E0));
#1913=LINE('',#1912,#1911);
#1914=DIRECTION('',(1.E0,0.E0,0.E0));
#1915=VECTOR('',#1914,1.6E0);
#1916=CARTESIAN_POINT('',(-4.625E0,-3.648791737618E0,-2.796593300852E0));
#1917=LINE('',#1916,#1915);
#1918=DIRECTION('',(1.E0,0.E0,0.E0));
#1919=VECTOR('',#1918,1.E-1);
#1920=CARTESIAN_POINT('',(-4.625E0,-3.758784652601E0,-4.407203841678E0));
#1921=LINE('',#1920,#1919);
#1922=DIRECTION('',(-7.071067811865E-1,4.817800143112E-2,7.054635923831E-1));
#1923=VECTOR('',#1922,5.656854249492E-1);
#1924=CARTESIAN_POINT('',(-4.125E0,-3.786038245814E0,-4.806274313721E0));
#1925=LINE('',#1924,#1923);
#1926=DIRECTION('',(0.E0,6.813398303193E-2,9.976761801087E-1));
#1927=VECTOR('',#1926,2.290192378865E0);
#1928=CARTESIAN_POINT('',(-4.125E0,-3.942078174495E0,-7.091144697981E0));
#1929=LINE('',#1928,#1927);
#1930=DIRECTION('',(-5.E-1,5.900576016667E-2,8.640129167247E-1));
#1931=VECTOR('',#1930,3.E-1);
#1932=CARTESIAN_POINT('',(-3.975E0,-3.959779902545E0,-7.350348572999E0));
#1933=LINE('',#1932,#1931);
#1934=DIRECTION('',(0.E0,6.813398303192E-2,9.976761801087E-1));
#1935=VECTOR('',#1934,1.5E-1);
#1936=CARTESIAN_POINT('',(-3.975E0,-3.97E0,-7.500000000015E0));
#1937=LINE('',#1936,#1935);
#1938=DIRECTION('',(1.E0,0.E0,0.E0));
#1939=VECTOR('',#1938,3.E-1);
#1940=CARTESIAN_POINT('',(-3.975E0,-3.97E0,-7.500000000015E0));
#1941=LINE('',#1940,#1939);
#1942=DIRECTION('',(0.E0,6.813398303193E-2,9.976761801087E-1));
#1943=VECTOR('',#1942,1.5E-1);
#1944=CARTESIAN_POINT('',(-3.675E0,-3.97E0,-7.500000000015E0));
#1945=LINE('',#1944,#1943);
#1946=DIRECTION('',(-5.E-1,-5.900576016667E-2,-8.640129167247E-1));
#1947=VECTOR('',#1946,3.E-1);
#1948=CARTESIAN_POINT('',(-3.525E0,-3.942078174495E0,-7.091144697981E0));
#1949=LINE('',#1948,#1947);
#1950=DIRECTION('',(0.E0,-6.813398303193E-2,-9.976761801087E-1));
#1951=VECTOR('',#1950,2.290192378865E0);
#1952=CARTESIAN_POINT('',(-3.525E0,-3.786038245814E0,-4.806274313721E0));
#1953=LINE('',#1952,#1951);
#1954=DIRECTION('',(-7.071067811865E-1,-4.817800143112E-2,-7.054635923831E-1));
#1955=VECTOR('',#1954,5.656854249492E-1);
#1956=CARTESIAN_POINT('',(-3.125E0,-3.758784652601E0,-4.407203841678E0));
#1957=LINE('',#1956,#1955);
#1958=DIRECTION('',(-1.E0,0.E0,0.E0));
#1959=VECTOR('',#1958,1.E-1);
#1960=CARTESIAN_POINT('',(-3.025E0,-3.758784652601E0,-4.407203841678E0));
#1961=LINE('',#1960,#1959);
#1962=DIRECTION('',(0.E0,9.976761801087E-1,-6.813398303193E-2));
#1963=VECTOR('',#1962,2.5E-1);
#1964=CARTESIAN_POINT('',(-4.525E0,-4.008203697628E0,-4.390170345920E0));
#1965=LINE('',#1964,#1963);
#1966=DIRECTION('',(0.E0,9.976761801087E-1,-6.813398303193E-2));
#1967=VECTOR('',#1966,2.5E-1);
#1968=CARTESIAN_POINT('',(-4.125E0,-4.035457290841E0,-4.789240817963E0));
#1969=LINE('',#1968,#1967);
#1970=DIRECTION('',(0.E0,9.976761801087E-1,-6.813398303192E-2));
#1971=VECTOR('',#1970,2.5E-1);
#1972=CARTESIAN_POINT('',(-4.125E0,-4.191497219522E0,-7.074111202223E0));
#1973=LINE('',#1972,#1971);
#1974=DIRECTION('',(0.E0,9.976761801087E-1,-6.813398303193E-2));
#1975=VECTOR('',#1974,2.5E-1);
#1976=CARTESIAN_POINT('',(-3.975E0,-4.209198947572E0,-7.333315077241E0));
#1977=LINE('',#1976,#1975);
#1978=DIRECTION('',(1.E0,0.E0,0.E0));
#1979=VECTOR('',#1978,3.E-1);
#1980=CARTESIAN_POINT('',(-3.975E0,-4.219419045027E0,-7.482966504257E0));
#1981=LINE('',#1980,#1979);
#1982=DIRECTION('',(0.E0,9.976761801087E-1,-6.813398303193E-2));
#1983=VECTOR('',#1982,2.5E-1);
#1984=CARTESIAN_POINT('',(-3.675E0,-4.219419045027E0,-7.482966504257E0));
#1985=LINE('',#1984,#1983);
#1986=DIRECTION('',(0.E0,9.976761801087E-1,-6.813398303193E-2));
#1987=VECTOR('',#1986,2.5E-1);
#1988=CARTESIAN_POINT('',(-3.975E0,-4.219419045027E0,-7.482966504257E0));
#1989=LINE('',#1988,#1987);
#1990=DIRECTION('',(0.E0,9.976761801087E-1,-6.813398303193E-2));
#1991=VECTOR('',#1990,2.5E-1);
#1992=CARTESIAN_POINT('',(-3.675E0,-4.209198947572E0,-7.333315077241E0));
#1993=LINE('',#1992,#1991);
#1994=DIRECTION('',(0.E0,9.976761801087E-1,-6.813398303192E-2));
#1995=VECTOR('',#1994,2.5E-1);
#1996=CARTESIAN_POINT('',(-3.525E0,-4.191497219522E0,-7.074111202223E0));
#1997=LINE('',#1996,#1995);
#1998=DIRECTION('',(0.E0,9.976761801087E-1,-6.813398303193E-2));
#1999=VECTOR('',#1998,2.5E-1);
#2000=CARTESIAN_POINT('',(-3.525E0,-4.035457290841E0,-4.789240817963E0));
#2001=LINE('',#2000,#1999);
#2002=DIRECTION('',(0.E0,9.976761801087E-1,-6.813398303193E-2));
#2003=VECTOR('',#2002,2.5E-1);
#2004=CARTESIAN_POINT('',(-3.125E0,-4.008203697628E0,-4.390170345920E0));
#2005=LINE('',#2004,#2003);
#2006=DIRECTION('',(0.E0,-9.976761801087E-1,-6.813398303193E-2));
#2007=VECTOR('',#2006,2.5E-1);
#2008=CARTESIAN_POINT('',(-3.125E0,4.008203697628E0,-4.390170345920E0));
#2009=LINE('',#2008,#2007);
#2010=DIRECTION('',(1.E0,0.E0,0.E0));
#2011=VECTOR('',#2010,1.E-1);
#2012=CARTESIAN_POINT('',(-4.625E0,4.008203697628E0,-4.390170345920E0));
#2013=LINE('',#2012,#2011);
#2014=DIRECTION('',(7.071067811865E-1,4.817800143113E-2,-7.054635923831E-1));
#2015=VECTOR('',#2014,5.656854249492E-1);
#2016=CARTESIAN_POINT('',(-4.525E0,4.008203697628E0,-4.390170345920E0));
#2017=LINE('',#2016,#2015);
#2018=DIRECTION('',(0.E0,6.813398303193E-2,-9.976761801087E-1));
#2019=VECTOR('',#2018,2.290192378865E0);
#2020=CARTESIAN_POINT('',(-4.125E0,4.035457290841E0,-4.789240817963E0));
#2021=LINE('',#2020,#2019);
#2022=DIRECTION('',(5.E-1,5.900576016667E-2,-8.640129167247E-1));
#2023=VECTOR('',#2022,3.E-1);
#2024=CARTESIAN_POINT('',(-4.125E0,4.191497219522E0,-7.074111202223E0));
#2025=LINE('',#2024,#2023);
#2026=DIRECTION('',(0.E0,-6.813398303193E-2,9.976761801087E-1));
#2027=VECTOR('',#2026,1.499999999998E-1);
#2028=CARTESIAN_POINT('',(-3.975E0,4.219419045027E0,-7.482966504257E0));
#2029=LINE('',#2028,#2027);
#2030=DIRECTION('',(1.E0,0.E0,0.E0));
#2031=VECTOR('',#2030,3.E-1);
#2032=CARTESIAN_POINT('',(-3.975E0,4.219419045027E0,-7.482966504257E0));
#2033=LINE('',#2032,#2031);
#2034=DIRECTION('',(0.E0,-6.813398303193E-2,9.976761801087E-1));
#2035=VECTOR('',#2034,1.499999999998E-1);
#2036=CARTESIAN_POINT('',(-3.675E0,4.219419045027E0,-7.482966504257E0));
#2037=LINE('',#2036,#2035);
#2038=DIRECTION('',(5.E-1,-5.900576016667E-2,8.640129167247E-1));
#2039=VECTOR('',#2038,3.E-1);
#2040=CARTESIAN_POINT('',(-3.675E0,4.209198947572E0,-7.333315077241E0));
#2041=LINE('',#2040,#2039);
#2042=DIRECTION('',(0.E0,-6.813398303193E-2,9.976761801087E-1));
#2043=VECTOR('',#2042,2.290192378865E0);
#2044=CARTESIAN_POINT('',(-3.525E0,4.191497219522E0,-7.074111202223E0));
#2045=LINE('',#2044,#2043);
#2046=DIRECTION('',(7.071067811865E-1,-4.817800143112E-2,7.054635923831E-1));
#2047=VECTOR('',#2046,5.656854249492E-1);
#2048=CARTESIAN_POINT('',(-3.525E0,4.035457290841E0,-4.789240817963E0));
#2049=LINE('',#2048,#2047);
#2050=DIRECTION('',(-1.E0,0.E0,0.E0));
#2051=VECTOR('',#2050,1.E-1);
#2052=CARTESIAN_POINT('',(-3.025E0,4.008203697628E0,-4.390170345920E0));
#2053=LINE('',#2052,#2051);
#2054=DIRECTION('',(1.E0,0.E0,0.E0));
#2055=VECTOR('',#2054,1.E-1);
#2056=CARTESIAN_POINT('',(-4.625E0,3.758784652601E0,-4.407203841678E0));
#2057=LINE('',#2056,#2055);
#2058=DIRECTION('',(1.E0,0.E0,0.E0));
#2059=VECTOR('',#2058,1.6E0);
#2060=CARTESIAN_POINT('',(-4.625E0,3.648791737618E0,-2.796593300852E0));
#2061=LINE('',#2060,#2059);
#2062=DIRECTION('',(-1.E0,0.E0,-1.776356839400E-14));
#2063=VECTOR('',#2062,1.E-1);
#2064=CARTESIAN_POINT('',(-3.025E0,3.758784652601E0,-4.407203841678E0));
#2065=LINE('',#2064,#2063);
#2066=DIRECTION('',(7.071067811865E-1,-4.817800143112E-2,7.054635923831E-1));
#2067=VECTOR('',#2066,5.656854249492E-1);
#2068=CARTESIAN_POINT('',(-3.525E0,3.786038245814E0,-4.806274313721E0));
#2069=LINE('',#2068,#2067);
#2070=DIRECTION('',(0.E0,-6.813398303193E-2,9.976761801087E-1));
#2071=VECTOR('',#2070,2.290192378865E0);
#2072=CARTESIAN_POINT('',(-3.525E0,3.942078174495E0,-7.091144697981E0));
#2073=LINE('',#2072,#2071);
#2074=DIRECTION('',(5.E-1,-5.900576016667E-2,8.640129167247E-1));
#2075=VECTOR('',#2074,3.E-1);
#2076=CARTESIAN_POINT('',(-3.675E0,3.959779902545E0,-7.350348572999E0));
#2077=LINE('',#2076,#2075);
#2078=DIRECTION('',(0.E0,-6.813398303192E-2,9.976761801087E-1));
#2079=VECTOR('',#2078,1.499999999998E-1);
#2080=CARTESIAN_POINT('',(-3.675E0,3.97E0,-7.500000000015E0));
#2081=LINE('',#2080,#2079);
#2082=DIRECTION('',(0.E0,-6.813398303192E-2,9.976761801087E-1));
#2083=VECTOR('',#2082,1.499999999998E-1);
#2084=CARTESIAN_POINT('',(-3.975E0,3.97E0,-7.500000000015E0));
#2085=LINE('',#2084,#2083);
#2086=DIRECTION('',(5.E-1,5.900576016667E-2,-8.640129167247E-1));
#2087=VECTOR('',#2086,3.E-1);
#2088=CARTESIAN_POINT('',(-4.125E0,3.942078174495E0,-7.091144697981E0));
#2089=LINE('',#2088,#2087);
#2090=DIRECTION('',(0.E0,6.813398303193E-2,-9.976761801087E-1));
#2091=VECTOR('',#2090,2.290192378865E0);
#2092=CARTESIAN_POINT('',(-4.125E0,3.786038245814E0,-4.806274313721E0));
#2093=LINE('',#2092,#2091);
#2094=DIRECTION('',(7.071067811865E-1,4.817800143112E-2,-7.054635923831E-1));
#2095=VECTOR('',#2094,5.656854249492E-1);
#2096=CARTESIAN_POINT('',(-4.525E0,3.758784652601E0,-4.407203841678E0));
#2097=LINE('',#2096,#2095);
#2098=DIRECTION('',(0.E0,-9.976761801087E-1,-6.813398303193E-2));
#2099=VECTOR('',#2098,2.5E-1);
#2100=CARTESIAN_POINT('',(-3.525E0,4.035457290841E0,-4.789240817963E0));
#2101=LINE('',#2100,#2099);
#2102=DIRECTION('',(0.E0,-9.976761801087E-1,-6.813398303193E-2));
#2103=VECTOR('',#2102,2.5E-1);
#2104=CARTESIAN_POINT('',(-3.525E0,4.191497219522E0,-7.074111202223E0));
#2105=LINE('',#2104,#2103);
#2106=DIRECTION('',(0.E0,-9.976761801087E-1,-6.813398303192E-2));
#2107=VECTOR('',#2106,2.5E-1);
#2108=CARTESIAN_POINT('',(-3.675E0,4.209198947572E0,-7.333315077241E0));
#2109=LINE('',#2108,#2107);
#2110=DIRECTION('',(0.E0,9.976761801087E-1,6.813398303192E-2));
#2111=VECTOR('',#2110,2.5E-1);
#2112=CARTESIAN_POINT('',(-3.975E0,3.97E0,-7.500000000015E0));
#2113=LINE('',#2112,#2111);
#2114=DIRECTION('',(1.E0,0.E0,0.E0));
#2115=VECTOR('',#2114,3.E-1);
#2116=CARTESIAN_POINT('',(-3.975E0,3.97E0,-7.500000000015E0));
#2117=LINE('',#2116,#2115);
#2118=DIRECTION('',(0.E0,9.976761801087E-1,6.813398303193E-2));
#2119=VECTOR('',#2118,2.5E-1);
#2120=CARTESIAN_POINT('',(-3.675E0,3.97E0,-7.500000000015E0));
#2121=LINE('',#2120,#2119);
#2122=DIRECTION('',(0.E0,-9.976761801087E-1,-6.813398303192E-2));
#2123=VECTOR('',#2122,2.5E-1);
#2124=CARTESIAN_POINT('',(-3.975E0,4.209198947572E0,-7.333315077241E0));
#2125=LINE('',#2124,#2123);
#2126=DIRECTION('',(0.E0,-9.976761801087E-1,-6.813398303192E-2));
#2127=VECTOR('',#2126,2.5E-1);
#2128=CARTESIAN_POINT('',(-4.125E0,4.191497219522E0,-7.074111202223E0));
#2129=LINE('',#2128,#2127);
#2130=DIRECTION('',(0.E0,-9.976761801087E-1,-6.813398303193E-2));
#2131=VECTOR('',#2130,2.5E-1);
#2132=CARTESIAN_POINT('',(-4.125E0,4.035457290841E0,-4.789240817963E0));
#2133=LINE('',#2132,#2131);
#2134=DIRECTION('',(0.E0,-9.976761801087E-1,-6.813398303193E-2));
#2135=VECTOR('',#2134,2.5E-1);
#2136=CARTESIAN_POINT('',(-4.525E0,4.008203697628E0,-4.390170345920E0));
#2137=LINE('',#2136,#2135);
#2138=DIRECTION('',(1.E0,0.E0,0.E0));
#2139=VECTOR('',#2138,1.6E0);
#2140=CARTESIAN_POINT('',(-4.625E0,3.898210782645E0,-2.779559805094E0));
#2141=LINE('',#2140,#2139);
#2142=DIRECTION('',(0.E0,-9.976761801087E-1,6.813398303193E-2));
#2143=VECTOR('',#2142,2.5E-1);
#2144=CARTESIAN_POINT('',(-2.085E0,-3.758784652601E0,-4.407203841678E0));
#2145=LINE('',#2144,#2143);
#2146=DIRECTION('',(0.E0,6.813398303193E-2,9.976761801087E-1));
#2147=VECTOR('',#2146,1.614362027417E0);
#2148=CARTESIAN_POINT('',(-2.085E0,-3.758784652601E0,-4.407203841678E0));
#2149=LINE('',#2148,#2147);
#2150=CARTESIAN_POINT('',(-2.085E0,-3.598907928612E0,-2.800000000004E0));
#2151=DIRECTION('',(-1.E0,0.E0,0.E0));
#2152=DIRECTION('',(0.E0,-9.976761801087E-1,6.813398303182E-2));
#2153=AXIS2_PLACEMENT_3D('',#2150,#2151,#2152);
#2155=CARTESIAN_POINT('',(-2.085E0,-3.598907928612E0,-2.800000000004E0));
#2156=DIRECTION('',(1.E0,0.E0,0.E0));
#2157=DIRECTION('',(0.E0,-1.687987159523E-1,9.856505432925E-1));
#2158=AXIS2_PLACEMENT_3D('',#2155,#2156,#2157);
#2160=DIRECTION('',(0.E0,-6.813398303193E-2,-9.976761801087E-1));
#2161=VECTOR('',#2160,1.614362027417E0);
#2162=CARTESIAN_POINT('',(-2.085E0,-3.898210782645E0,-2.779559805094E0));
#2163=LINE('',#2162,#2161);
#2164=DIRECTION('',(0.E0,9.976761801087E-1,6.813398303193E-2));
#2165=VECTOR('',#2164,2.5E-1);
#2166=CARTESIAN_POINT('',(-2.085E0,3.758784652601E0,-4.407203841678E0));
#2167=LINE('',#2166,#2165);
#2168=DIRECTION('',(0.E0,-6.813398303193E-2,9.976761801087E-1));
#2169=VECTOR('',#2168,1.614362027417E0);
#2170=CARTESIAN_POINT('',(-2.085E0,4.008203697628E0,-4.390170345920E0));
#2171=LINE('',#2170,#2169);
#2172=CARTESIAN_POINT('',(-2.085E0,3.598907928612E0,-2.800000000004E0));
#2173=DIRECTION('',(1.E0,0.E0,0.E0));
#2174=DIRECTION('',(0.E0,9.976761801087E-1,6.813398303193E-2));
#2175=AXIS2_PLACEMENT_3D('',#2172,#2173,#2174);
#2177=CARTESIAN_POINT('',(-2.085E0,3.598907928612E0,-2.800000000004E0));
#2178=DIRECTION('',(-1.E0,0.E0,0.E0));
#2179=DIRECTION('',(0.E0,4.832338608894E-1,8.754913110305E-1));
#2180=AXIS2_PLACEMENT_3D('',#2177,#2178,#2179);
#2182=DIRECTION('',(0.E0,6.813398303193E-2,-9.976761801087E-1));
#2183=VECTOR('',#2182,1.614362027417E0);
#2184=CARTESIAN_POINT('',(-2.085E0,3.648791737618E0,-2.796593300852E0));
#2185=LINE('',#2184,#2183);
#2186=DIRECTION('',(0.E0,9.976761801087E-1,-6.813398303192E-2));
#2187=VECTOR('',#2186,2.5E-1);
#2188=CARTESIAN_POINT('',(-1.985E0,-4.008203697628E0,-4.390170345920E0));
#2189=LINE('',#2188,#2187);
#2190=DIRECTION('',(0.E0,9.976761801087E-1,-6.813398303193E-2));
#2191=VECTOR('',#2190,2.5E-1);
#2192=CARTESIAN_POINT('',(-1.585E0,-4.035457290841E0,-4.789240817963E0));
#2193=LINE('',#2192,#2191);
#2194=DIRECTION('',(0.E0,9.976761801087E-1,-6.813398303192E-2));
#2195=VECTOR('',#2194,2.5E-1);
#2196=CARTESIAN_POINT('',(-1.585E0,-4.191497219522E0,-7.074111202223E0));
#2197=LINE('',#2196,#2195);
#2198=DIRECTION('',(0.E0,9.976761801087E-1,-6.813398303193E-2));
#2199=VECTOR('',#2198,2.5E-1);
#2200=CARTESIAN_POINT('',(-1.435E0,-4.209198947572E0,-7.333315077241E0));
#2201=LINE('',#2200,#2199);
#2202=DIRECTION('',(0.E0,6.813398303193E-2,9.976761801087E-1));
#2203=VECTOR('',#2202,1.5E-1);
#2204=CARTESIAN_POINT('',(-1.435E0,-4.219419045027E0,-7.482966504257E0));
#2205=LINE('',#2204,#2203);
#2206=DIRECTION('',(-5.E-1,5.900576016667E-2,8.640129167247E-1));
#2207=VECTOR('',#2206,3.E-1);
#2208=CARTESIAN_POINT('',(-1.435E0,-4.209198947572E0,-7.333315077241E0));
#2209=LINE('',#2208,#2207);
#2210=DIRECTION('',(0.E0,6.813398303193E-2,9.976761801087E-1));
#2211=VECTOR('',#2210,2.290192378865E0);
#2212=CARTESIAN_POINT('',(-1.585E0,-4.191497219522E0,-7.074111202223E0));
#2213=LINE('',#2212,#2211);
#2214=DIRECTION('',(-7.071067811865E-1,4.817800143112E-2,7.054635923831E-1));
#2215=VECTOR('',#2214,5.656854249492E-1);
#2216=CARTESIAN_POINT('',(-1.585E0,-4.035457290841E0,-4.789240817963E0));
#2217=LINE('',#2216,#2215);
#2218=DIRECTION('',(1.E0,0.E0,0.E0));
#2219=VECTOR('',#2218,1.E-1);
#2220=CARTESIAN_POINT('',(-2.085E0,-4.008203697628E0,-4.390170345920E0));
#2221=LINE('',#2220,#2219);
#2222=DIRECTION('',(1.E0,0.E0,0.E0));
#2223=VECTOR('',#2222,1.6E0);
#2224=CARTESIAN_POINT('',(-2.085E0,-3.898210782645E0,-2.779559805094E0));
#2225=LINE('',#2224,#2223);
#2226=DIRECTION('',(-1.E0,0.E0,0.E0));
#2227=VECTOR('',#2226,1.E-1);
#2228=CARTESIAN_POINT('',(-4.85E-1,-4.008203697628E0,-4.390170345920E0));
#2229=LINE('',#2228,#2227);
#2230=DIRECTION('',(-7.071067811865E-1,-4.817800143112E-2,-7.054635923831E-1));
#2231=VECTOR('',#2230,5.656854249492E-1);
#2232=CARTESIAN_POINT('',(-5.85E-1,-4.008203697628E0,-4.390170345920E0));
#2233=LINE('',#2232,#2231);
#2234=DIRECTION('',(0.E0,-6.813398303193E-2,-9.976761801087E-1));
#2235=VECTOR('',#2234,2.290192378865E0);
#2236=CARTESIAN_POINT('',(-9.85E-1,-4.035457290841E0,-4.789240817963E0));
#2237=LINE('',#2236,#2235);
#2238=DIRECTION('',(-5.E-1,-5.900576016667E-2,-8.640129167247E-1));
#2239=VECTOR('',#2238,3.E-1);
#2240=CARTESIAN_POINT('',(-9.85E-1,-4.191497219522E0,-7.074111202223E0));
#2241=LINE('',#2240,#2239);
#2242=DIRECTION('',(0.E0,6.813398303192E-2,9.976761801087E-1));
#2243=VECTOR('',#2242,1.5E-1);
#2244=CARTESIAN_POINT('',(-1.135E0,-4.219419045027E0,-7.482966504257E0));
#2245=LINE('',#2244,#2243);
#2246=DIRECTION('',(0.E0,-9.976761801087E-1,6.813398303193E-2));
#2247=VECTOR('',#2246,2.5E-1);
#2248=CARTESIAN_POINT('',(-4.85E-1,-3.758784652601E0,-4.407203841678E0));
#2249=LINE('',#2248,#2247);
#2250=DIRECTION('',(0.E0,-6.813398303193E-2,-9.976761801087E-1));
#2251=VECTOR('',#2250,1.614362027417E0);
#2252=CARTESIAN_POINT('',(-4.85E-1,-3.898210782645E0,-2.779559805094E0));
#2253=LINE('',#2252,#2251);
#2254=CARTESIAN_POINT('',(-4.85E-1,-3.598907928612E0,-2.800000000004E0));
#2255=DIRECTION('',(1.E0,0.E0,0.E0));
#2256=DIRECTION('',(0.E0,-1.687987159523E-1,9.856505432925E-1));
#2257=AXIS2_PLACEMENT_3D('',#2254,#2255,#2256);
#2259=CARTESIAN_POINT('',(-4.85E-1,-3.598907928612E0,-2.800000000004E0));
#2260=DIRECTION('',(-1.E0,0.E0,0.E0));
#2261=DIRECTION('',(0.E0,-9.976761801087E-1,6.813398303182E-2));
#2262=AXIS2_PLACEMENT_3D('',#2259,#2260,#2261);
#2264=DIRECTION('',(0.E0,6.813398303193E-2,9.976761801087E-1));
#2265=VECTOR('',#2264,1.614362027417E0);
#2266=CARTESIAN_POINT('',(-4.85E-1,-3.758784652601E0,-4.407203841678E0));
#2267=LINE('',#2266,#2265);
#2268=DIRECTION('',(0.E0,9.976761801087E-1,6.813398303193E-2));
#2269=VECTOR('',#2268,2.5E-1);
#2270=CARTESIAN_POINT('',(-4.85E-1,3.758784652601E0,-4.407203841678E0));
#2271=LINE('',#2270,#2269);
#2272=DIRECTION('',(0.E0,6.813398303193E-2,-9.976761801087E-1));
#2273=VECTOR('',#2272,1.614362027417E0);
#2274=CARTESIAN_POINT('',(-4.85E-1,3.648791737618E0,-2.796593300852E0));
#2275=LINE('',#2274,#2273);
#2276=CARTESIAN_POINT('',(-4.85E-1,3.598907928612E0,-2.800000000004E0));
#2277=DIRECTION('',(-1.E0,0.E0,0.E0));
#2278=DIRECTION('',(0.E0,4.832338608894E-1,8.754913110305E-1));
#2279=AXIS2_PLACEMENT_3D('',#2276,#2277,#2278);
#2281=CARTESIAN_POINT('',(-4.85E-1,3.598907928612E0,-2.800000000004E0));
#2282=DIRECTION('',(1.E0,0.E0,0.E0));
#2283=DIRECTION('',(0.E0,9.976761801087E-1,6.813398303193E-2));
#2284=AXIS2_PLACEMENT_3D('',#2281,#2282,#2283);
#2286=DIRECTION('',(0.E0,-6.813398303193E-2,9.976761801087E-1));
#2287=VECTOR('',#2286,1.614362027417E0);
#2288=CARTESIAN_POINT('',(-4.85E-1,4.008203697628E0,-4.390170345920E0));
#2289=LINE('',#2288,#2287);
#2290=DIRECTION('',(0.E0,9.976761801087E-1,-6.813398303193E-2));
#2291=VECTOR('',#2290,2.5E-1);
#2292=CARTESIAN_POINT('',(-5.85E-1,-4.008203697628E0,-4.390170345920E0));
#2293=LINE('',#2292,#2291);
#2294=DIRECTION('',(0.E0,6.813398303192E-2,9.976761801087E-1));
#2295=VECTOR('',#2294,1.5E-1);
#2296=CARTESIAN_POINT('',(-1.435E0,-3.97E0,-7.500000000015E0));
#2297=LINE('',#2296,#2295);
#2298=DIRECTION('',(1.E0,0.E0,0.E0));
#2299=VECTOR('',#2298,3.E-1);
#2300=CARTESIAN_POINT('',(-1.435E0,-3.97E0,-7.500000000015E0));
#2301=LINE('',#2300,#2299);
#2302=DIRECTION('',(0.E0,6.813398303193E-2,9.976761801087E-1));
#2303=VECTOR('',#2302,1.5E-1);
#2304=CARTESIAN_POINT('',(-1.135E0,-3.97E0,-7.500000000015E0));
#2305=LINE('',#2304,#2303);
#2306=DIRECTION('',(-5.E-1,-5.900576016667E-2,-8.640129167247E-1));
#2307=VECTOR('',#2306,3.E-1);
#2308=CARTESIAN_POINT('',(-9.85E-1,-3.942078174495E0,-7.091144697981E0));
#2309=LINE('',#2308,#2307);
#2310=DIRECTION('',(0.E0,-6.813398303193E-2,-9.976761801087E-1));
#2311=VECTOR('',#2310,2.290192378865E0);
#2312=CARTESIAN_POINT('',(-9.85E-1,-3.786038245814E0,-4.806274313721E0));
#2313=LINE('',#2312,#2311);
#2314=DIRECTION('',(-7.071067811865E-1,-4.817800143112E-2,-7.054635923831E-1));
#2315=VECTOR('',#2314,5.656854249492E-1);
#2316=CARTESIAN_POINT('',(-5.85E-1,-3.758784652601E0,-4.407203841678E0));
#2317=LINE('',#2316,#2315);
#2318=DIRECTION('',(-1.E0,0.E0,0.E0));
#2319=VECTOR('',#2318,1.E-1);
#2320=CARTESIAN_POINT('',(-4.85E-1,-3.758784652601E0,-4.407203841678E0));
#2321=LINE('',#2320,#2319);
#2322=DIRECTION('',(1.E0,0.E0,1.776356839400E-14));
#2323=VECTOR('',#2322,1.E-1);
#2324=CARTESIAN_POINT('',(-2.085E0,-3.758784652601E0,-4.407203841678E0));
#2325=LINE('',#2324,#2323);
#2326=DIRECTION('',(-7.071067811865E-1,4.817800143112E-2,7.054635923831E-1));
#2327=VECTOR('',#2326,5.656854249492E-1);
#2328=CARTESIAN_POINT('',(-1.585E0,-3.786038245814E0,-4.806274313721E0));
#2329=LINE('',#2328,#2327);
#2330=DIRECTION('',(0.E0,6.813398303193E-2,9.976761801087E-1));
#2331=VECTOR('',#2330,2.290192378865E0);
#2332=CARTESIAN_POINT('',(-1.585E0,-3.942078174495E0,-7.091144697981E0));
#2333=LINE('',#2332,#2331);
#2334=DIRECTION('',(-5.E-1,5.900576016667E-2,8.640129167247E-1));
#2335=VECTOR('',#2334,3.E-1);
#2336=CARTESIAN_POINT('',(-1.435E0,-3.959779902545E0,-7.350348572999E0));
#2337=LINE('',#2336,#2335);
#2338=DIRECTION('',(0.E0,9.976761801087E-1,-6.813398303193E-2));
#2339=VECTOR('',#2338,2.5E-1);
#2340=CARTESIAN_POINT('',(-1.435E0,-4.219419045027E0,-7.482966504257E0));
#2341=LINE('',#2340,#2339);
#2342=DIRECTION('',(1.E0,0.E0,0.E0));
#2343=VECTOR('',#2342,3.E-1);
#2344=CARTESIAN_POINT('',(-1.435E0,-4.219419045027E0,-7.482966504257E0));
#2345=LINE('',#2344,#2343);
#2346=DIRECTION('',(0.E0,9.976761801087E-1,-6.813398303193E-2));
#2347=VECTOR('',#2346,2.5E-1);
#2348=CARTESIAN_POINT('',(-1.135E0,-4.219419045027E0,-7.482966504257E0));
#2349=LINE('',#2348,#2347);
#2350=DIRECTION('',(0.E0,9.976761801087E-1,-6.813398303193E-2));
#2351=VECTOR('',#2350,2.5E-1);
#2352=CARTESIAN_POINT('',(-1.135E0,-4.209198947572E0,-7.333315077241E0));
#2353=LINE('',#2352,#2351);
#2354=DIRECTION('',(0.E0,9.976761801087E-1,-6.813398303192E-2));
#2355=VECTOR('',#2354,2.5E-1);
#2356=CARTESIAN_POINT('',(-9.85E-1,-4.191497219522E0,-7.074111202223E0));
#2357=LINE('',#2356,#2355);
#2358=DIRECTION('',(0.E0,9.976761801087E-1,-6.813398303193E-2));
#2359=VECTOR('',#2358,2.5E-1);
#2360=CARTESIAN_POINT('',(-9.85E-1,-4.035457290841E0,-4.789240817963E0));
#2361=LINE('',#2360,#2359);
#2362=DIRECTION('',(1.E0,0.E0,0.E0));
#2363=VECTOR('',#2362,1.6E0);
#2364=CARTESIAN_POINT('',(-2.085E0,-3.648791737618E0,-2.796593300852E0));
#2365=LINE('',#2364,#2363);
#2366=DIRECTION('',(0.E0,-9.976761801087E-1,-6.813398303193E-2));
#2367=VECTOR('',#2366,2.5E-1);
#2368=CARTESIAN_POINT('',(-5.85E-1,4.008203697628E0,-4.390170345920E0));
#2369=LINE('',#2368,#2367);
#2370=DIRECTION('',(0.E0,-9.976761801087E-1,-6.813398303192E-2));
#2371=VECTOR('',#2370,2.5E-1);
#2372=CARTESIAN_POINT('',(-9.85E-1,4.035457290841E0,-4.789240817963E0));
#2373=LINE('',#2372,#2371);
#2374=DIRECTION('',(1.E0,0.E0,0.E0));
#2375=VECTOR('',#2374,1.E-1);
#2376=CARTESIAN_POINT('',(-2.085E0,4.008203697628E0,-4.390170345920E0));
#2377=LINE('',#2376,#2375);
#2378=DIRECTION('',(7.071067811865E-1,4.817800143113E-2,-7.054635923831E-1));
#2379=VECTOR('',#2378,5.656854249492E-1);
#2380=CARTESIAN_POINT('',(-1.985E0,4.008203697628E0,-4.390170345920E0));
#2381=LINE('',#2380,#2379);
#2382=DIRECTION('',(0.E0,6.813398303193E-2,-9.976761801087E-1));
#2383=VECTOR('',#2382,2.290192378865E0);
#2384=CARTESIAN_POINT('',(-1.585E0,4.035457290841E0,-4.789240817963E0));
#2385=LINE('',#2384,#2383);
#2386=DIRECTION('',(5.E-1,5.900576016667E-2,-8.640129167247E-1));
#2387=VECTOR('',#2386,3.E-1);
#2388=CARTESIAN_POINT('',(-1.585E0,4.191497219522E0,-7.074111202223E0));
#2389=LINE('',#2388,#2387);
#2390=DIRECTION('',(0.E0,-6.813398303193E-2,9.976761801087E-1));
#2391=VECTOR('',#2390,1.499999999998E-1);
#2392=CARTESIAN_POINT('',(-1.435E0,4.219419045027E0,-7.482966504257E0));
#2393=LINE('',#2392,#2391);
#2394=DIRECTION('',(1.E0,0.E0,0.E0));
#2395=VECTOR('',#2394,3.E-1);
#2396=CARTESIAN_POINT('',(-1.435E0,4.219419045027E0,-7.482966504257E0));
#2397=LINE('',#2396,#2395);
#2398=DIRECTION('',(0.E0,-6.813398303193E-2,9.976761801087E-1));
#2399=VECTOR('',#2398,1.499999999998E-1);
#2400=CARTESIAN_POINT('',(-1.135E0,4.219419045027E0,-7.482966504257E0));
#2401=LINE('',#2400,#2399);
#2402=DIRECTION('',(5.E-1,-5.900576016667E-2,8.640129167247E-1));
#2403=VECTOR('',#2402,3.E-1);
#2404=CARTESIAN_POINT('',(-1.135E0,4.209198947572E0,-7.333315077241E0));
#2405=LINE('',#2404,#2403);
#2406=DIRECTION('',(0.E0,-6.813398303192E-2,9.976761801087E-1));
#2407=VECTOR('',#2406,2.290192378865E0);
#2408=CARTESIAN_POINT('',(-9.85E-1,4.191497219522E0,-7.074111202223E0));
#2409=LINE('',#2408,#2407);
#2410=DIRECTION('',(7.071067811865E-1,-4.817800143112E-2,7.054635923831E-1));
#2411=VECTOR('',#2410,5.656854249492E-1);
#2412=CARTESIAN_POINT('',(-9.85E-1,4.035457290841E0,-4.789240817963E0));
#2413=LINE('',#2412,#2411);
#2414=DIRECTION('',(-1.E0,0.E0,0.E0));
#2415=VECTOR('',#2414,1.E-1);
#2416=CARTESIAN_POINT('',(-4.85E-1,4.008203697628E0,-4.390170345920E0));
#2417=LINE('',#2416,#2415);
#2418=DIRECTION('',(0.E0,-9.976761801087E-1,-6.813398303193E-2));
#2419=VECTOR('',#2418,2.5E-1);
#2420=CARTESIAN_POINT('',(-1.985E0,4.008203697628E0,-4.390170345920E0));
#2421=LINE('',#2420,#2419);
#2422=DIRECTION('',(1.E0,0.E0,0.E0));
#2423=VECTOR('',#2422,1.E-1);
#2424=CARTESIAN_POINT('',(-2.085E0,3.758784652601E0,-4.407203841678E0));
#2425=LINE('',#2424,#2423);
#2426=DIRECTION('',(1.E0,0.E0,0.E0));
#2427=VECTOR('',#2426,1.6E0);
#2428=CARTESIAN_POINT('',(-2.085E0,3.648791737618E0,-2.796593300852E0));
#2429=LINE('',#2428,#2427);
#2430=DIRECTION('',(-1.E0,0.E0,-1.776356839400E-14));
#2431=VECTOR('',#2430,1.E-1);
#2432=CARTESIAN_POINT('',(-4.85E-1,3.758784652601E0,-4.407203841678E0));
#2433=LINE('',#2432,#2431);
#2434=DIRECTION('',(7.071067811865E-1,-4.817800143112E-2,7.054635923831E-1));
#2435=VECTOR('',#2434,5.656854249492E-1);
#2436=CARTESIAN_POINT('',(-9.85E-1,3.786038245814E0,-4.806274313721E0));
#2437=LINE('',#2436,#2435);
#2438=DIRECTION('',(0.E0,-6.813398303193E-2,9.976761801087E-1));
#2439=VECTOR('',#2438,2.290192378865E0);
#2440=CARTESIAN_POINT('',(-9.85E-1,3.942078174495E0,-7.091144697981E0));
#2441=LINE('',#2440,#2439);
#2442=DIRECTION('',(5.E-1,-5.900576016667E-2,8.640129167247E-1));
#2443=VECTOR('',#2442,3.E-1);
#2444=CARTESIAN_POINT('',(-1.135E0,3.959779902545E0,-7.350348572999E0));
#2445=LINE('',#2444,#2443);
#2446=DIRECTION('',(0.E0,-6.813398303192E-2,9.976761801087E-1));
#2447=VECTOR('',#2446,1.499999999998E-1);
#2448=CARTESIAN_POINT('',(-1.135E0,3.97E0,-7.500000000015E0));
#2449=LINE('',#2448,#2447);
#2450=DIRECTION('',(0.E0,-6.813398303192E-2,9.976761801087E-1));
#2451=VECTOR('',#2450,1.499999999998E-1);
#2452=CARTESIAN_POINT('',(-1.435E0,3.97E0,-7.500000000015E0));
#2453=LINE('',#2452,#2451);
#2454=DIRECTION('',(5.E-1,5.900576016667E-2,-8.640129167247E-1));
#2455=VECTOR('',#2454,3.E-1);
#2456=CARTESIAN_POINT('',(-1.585E0,3.942078174495E0,-7.091144697981E0));
#2457=LINE('',#2456,#2455);
#2458=DIRECTION('',(0.E0,6.813398303193E-2,-9.976761801087E-1));
#2459=VECTOR('',#2458,2.290192378865E0);
#2460=CARTESIAN_POINT('',(-1.585E0,3.786038245814E0,-4.806274313721E0));
#2461=LINE('',#2460,#2459);
#2462=DIRECTION('',(7.071067811865E-1,4.817800143112E-2,-7.054635923831E-1));
#2463=VECTOR('',#2462,5.656854249492E-1);
#2464=CARTESIAN_POINT('',(-1.985E0,3.758784652601E0,-4.407203841678E0));
#2465=LINE('',#2464,#2463);
#2466=DIRECTION('',(0.E0,-9.976761801087E-1,-6.813398303192E-2));
#2467=VECTOR('',#2466,2.5E-1);
#2468=CARTESIAN_POINT('',(-9.85E-1,4.191497219522E0,-7.074111202223E0));
#2469=LINE('',#2468,#2467);
#2470=DIRECTION('',(0.E0,-9.976761801087E-1,-6.813398303192E-2));
#2471=VECTOR('',#2470,2.5E-1);
#2472=CARTESIAN_POINT('',(-1.135E0,4.209198947572E0,-7.333315077241E0));
#2473=LINE('',#2472,#2471);
#2474=DIRECTION('',(0.E0,9.976761801087E-1,6.813398303192E-2));
#2475=VECTOR('',#2474,2.5E-1);
#2476=CARTESIAN_POINT('',(-1.435E0,3.97E0,-7.500000000015E0));
#2477=LINE('',#2476,#2475);
#2478=DIRECTION('',(1.E0,0.E0,0.E0));
#2479=VECTOR('',#2478,3.E-1);
#2480=CARTESIAN_POINT('',(-1.435E0,3.97E0,-7.500000000015E0));
#2481=LINE('',#2480,#2479);
#2482=DIRECTION('',(0.E0,9.976761801087E-1,6.813398303193E-2));
#2483=VECTOR('',#2482,2.5E-1);
#2484=CARTESIAN_POINT('',(-1.135E0,3.97E0,-7.500000000015E0));
#2485=LINE('',#2484,#2483);
#2486=DIRECTION('',(0.E0,-9.976761801087E-1,-6.813398303192E-2));
#2487=VECTOR('',#2486,2.5E-1);
#2488=CARTESIAN_POINT('',(-1.435E0,4.209198947572E0,-7.333315077241E0));
#2489=LINE('',#2488,#2487);
#2490=DIRECTION('',(0.E0,-9.976761801087E-1,-6.813398303192E-2));
#2491=VECTOR('',#2490,2.5E-1);
#2492=CARTESIAN_POINT('',(-1.585E0,4.191497219522E0,-7.074111202223E0));
#2493=LINE('',#2492,#2491);
#2494=DIRECTION('',(0.E0,-9.976761801087E-1,-6.813398303193E-2));
#2495=VECTOR('',#2494,2.5E-1);
#2496=CARTESIAN_POINT('',(-1.585E0,4.035457290841E0,-4.789240817963E0));
#2497=LINE('',#2496,#2495);
#2498=DIRECTION('',(1.E0,0.E0,0.E0));
#2499=VECTOR('',#2498,1.6E0);
#2500=CARTESIAN_POINT('',(-2.085E0,3.898210782645E0,-2.779559805094E0));
#2501=LINE('',#2500,#2499);
#2502=DIRECTION('',(0.E0,-9.976761801087E-1,6.813398303193E-2));
#2503=VECTOR('',#2502,2.5E-1);
#2504=CARTESIAN_POINT('',(4.55E-1,-3.758784652601E0,-4.407203841678E0));
#2505=LINE('',#2504,#2503);
#2506=DIRECTION('',(0.E0,6.813398303193E-2,9.976761801087E-1));
#2507=VECTOR('',#2506,1.614362027417E0);
#2508=CARTESIAN_POINT('',(4.55E-1,-3.758784652601E0,-4.407203841678E0));
#2509=LINE('',#2508,#2507);
#2510=CARTESIAN_POINT('',(4.55E-1,-3.598907928612E0,-2.800000000004E0));
#2511=DIRECTION('',(-1.E0,0.E0,0.E0));
#2512=DIRECTION('',(0.E0,-9.976761801087E-1,6.813398303182E-2));
#2513=AXIS2_PLACEMENT_3D('',#2510,#2511,#2512);
#2515=CARTESIAN_POINT('',(4.55E-1,-3.598907928612E0,-2.800000000004E0));
#2516=DIRECTION('',(1.E0,0.E0,0.E0));
#2517=DIRECTION('',(0.E0,-1.687987159523E-1,9.856505432925E-1));
#2518=AXIS2_PLACEMENT_3D('',#2515,#2516,#2517);
#2520=DIRECTION('',(0.E0,-6.813398303193E-2,-9.976761801087E-1));
#2521=VECTOR('',#2520,1.614362027417E0);
#2522=CARTESIAN_POINT('',(4.55E-1,-3.898210782645E0,-2.779559805094E0));
#2523=LINE('',#2522,#2521);
#2524=DIRECTION('',(0.E0,9.976761801087E-1,6.813398303193E-2));
#2525=VECTOR('',#2524,2.5E-1);
#2526=CARTESIAN_POINT('',(4.55E-1,3.758784652601E0,-4.407203841678E0));
#2527=LINE('',#2526,#2525);
#2528=DIRECTION('',(0.E0,-6.813398303193E-2,9.976761801087E-1));
#2529=VECTOR('',#2528,1.614362027417E0);
#2530=CARTESIAN_POINT('',(4.55E-1,4.008203697628E0,-4.390170345920E0));
#2531=LINE('',#2530,#2529);
#2532=CARTESIAN_POINT('',(4.55E-1,3.598907928612E0,-2.800000000004E0));
#2533=DIRECTION('',(1.E0,0.E0,0.E0));
#2534=DIRECTION('',(0.E0,9.976761801087E-1,6.813398303193E-2));
#2535=AXIS2_PLACEMENT_3D('',#2532,#2533,#2534);
#2537=CARTESIAN_POINT('',(4.55E-1,3.598907928612E0,-2.800000000004E0));
#2538=DIRECTION('',(-1.E0,0.E0,0.E0));
#2539=DIRECTION('',(0.E0,4.832338608894E-1,8.754913110305E-1));
#2540=AXIS2_PLACEMENT_3D('',#2537,#2538,#2539);
#2542=DIRECTION('',(0.E0,6.813398303193E-2,-9.976761801087E-1));
#2543=VECTOR('',#2542,1.614362027417E0);
#2544=CARTESIAN_POINT('',(4.55E-1,3.648791737618E0,-2.796593300852E0));
#2545=LINE('',#2544,#2543);
#2546=DIRECTION('',(0.E0,9.976761801087E-1,-6.813398303193E-2));
#2547=VECTOR('',#2546,2.5E-1);
#2548=CARTESIAN_POINT('',(5.55E-1,-4.008203697628E0,-4.390170345920E0));
#2549=LINE('',#2548,#2547);
#2550=DIRECTION('',(0.E0,9.976761801087E-1,-6.813398303193E-2));
#2551=VECTOR('',#2550,2.5E-1);
#2552=CARTESIAN_POINT('',(9.55E-1,-4.035457290841E0,-4.789240817963E0));
#2553=LINE('',#2552,#2551);
#2554=DIRECTION('',(0.E0,9.976761801087E-1,-6.813398303192E-2));
#2555=VECTOR('',#2554,2.5E-1);
#2556=CARTESIAN_POINT('',(9.55E-1,-4.191497219522E0,-7.074111202223E0));
#2557=LINE('',#2556,#2555);
#2558=DIRECTION('',(0.E0,9.976761801087E-1,-6.813398303193E-2));
#2559=VECTOR('',#2558,2.5E-1);
#2560=CARTESIAN_POINT('',(1.105E0,-4.209198947572E0,-7.333315077241E0));
#2561=LINE('',#2560,#2559);
#2562=DIRECTION('',(0.E0,6.813398303193E-2,9.976761801087E-1));
#2563=VECTOR('',#2562,1.5E-1);
#2564=CARTESIAN_POINT('',(1.105E0,-4.219419045027E0,-7.482966504257E0));
#2565=LINE('',#2564,#2563);
#2566=DIRECTION('',(-5.E-1,5.900576016667E-2,8.640129167247E-1));
#2567=VECTOR('',#2566,3.E-1);
#2568=CARTESIAN_POINT('',(1.105E0,-4.209198947572E0,-7.333315077241E0));
#2569=LINE('',#2568,#2567);
#2570=DIRECTION('',(0.E0,6.813398303193E-2,9.976761801087E-1));
#2571=VECTOR('',#2570,2.290192378865E0);
#2572=CARTESIAN_POINT('',(9.55E-1,-4.191497219522E0,-7.074111202223E0));
#2573=LINE('',#2572,#2571);
#2574=DIRECTION('',(-7.071067811865E-1,4.817800143112E-2,7.054635923831E-1));
#2575=VECTOR('',#2574,5.656854249492E-1);
#2576=CARTESIAN_POINT('',(9.55E-1,-4.035457290841E0,-4.789240817963E0));
#2577=LINE('',#2576,#2575);
#2578=DIRECTION('',(1.E0,0.E0,0.E0));
#2579=VECTOR('',#2578,1.E-1);
#2580=CARTESIAN_POINT('',(4.55E-1,-4.008203697628E0,-4.390170345920E0));
#2581=LINE('',#2580,#2579);
#2582=DIRECTION('',(1.E0,0.E0,0.E0));
#2583=VECTOR('',#2582,1.6E0);
#2584=CARTESIAN_POINT('',(4.55E-1,-3.898210782645E0,-2.779559805094E0));
#2585=LINE('',#2584,#2583);
#2586=DIRECTION('',(-1.E0,0.E0,0.E0));
#2587=VECTOR('',#2586,1.E-1);
#2588=CARTESIAN_POINT('',(2.055E0,-4.008203697628E0,-4.390170345920E0));
#2589=LINE('',#2588,#2587);
#2590=DIRECTION('',(-7.071067811865E-1,-4.817800143112E-2,-7.054635923831E-1));
#2591=VECTOR('',#2590,5.656854249492E-1);
#2592=CARTESIAN_POINT('',(1.955E0,-4.008203697628E0,-4.390170345920E0));
#2593=LINE('',#2592,#2591);
#2594=DIRECTION('',(0.E0,-6.813398303193E-2,-9.976761801087E-1));
#2595=VECTOR('',#2594,2.290192378865E0);
#2596=CARTESIAN_POINT('',(1.555E0,-4.035457290841E0,-4.789240817963E0));
#2597=LINE('',#2596,#2595);
#2598=DIRECTION('',(-5.E-1,-5.900576016667E-2,-8.640129167247E-1));
#2599=VECTOR('',#2598,3.E-1);
#2600=CARTESIAN_POINT('',(1.555E0,-4.191497219522E0,-7.074111202223E0));
#2601=LINE('',#2600,#2599);
#2602=DIRECTION('',(0.E0,6.813398303192E-2,9.976761801087E-1));
#2603=VECTOR('',#2602,1.5E-1);
#2604=CARTESIAN_POINT('',(1.405E0,-4.219419045027E0,-7.482966504257E0));
#2605=LINE('',#2604,#2603);
#2606=DIRECTION('',(0.E0,-9.976761801087E-1,6.813398303193E-2));
#2607=VECTOR('',#2606,2.5E-1);
#2608=CARTESIAN_POINT('',(2.055E0,-3.758784652601E0,-4.407203841678E0));
#2609=LINE('',#2608,#2607);
#2610=DIRECTION('',(0.E0,-6.813398303193E-2,-9.976761801087E-1));
#2611=VECTOR('',#2610,1.614362027417E0);
#2612=CARTESIAN_POINT('',(2.055E0,-3.898210782645E0,-2.779559805094E0));
#2613=LINE('',#2612,#2611);
#2614=CARTESIAN_POINT('',(2.055E0,-3.598907928612E0,-2.800000000004E0));
#2615=DIRECTION('',(1.E0,0.E0,0.E0));
#2616=DIRECTION('',(0.E0,-1.687987159523E-1,9.856505432925E-1));
#2617=AXIS2_PLACEMENT_3D('',#2614,#2615,#2616);
#2619=CARTESIAN_POINT('',(2.055E0,-3.598907928612E0,-2.800000000004E0));
#2620=DIRECTION('',(-1.E0,0.E0,0.E0));
#2621=DIRECTION('',(0.E0,-9.976761801087E-1,6.813398303182E-2));
#2622=AXIS2_PLACEMENT_3D('',#2619,#2620,#2621);
#2624=DIRECTION('',(0.E0,6.813398303193E-2,9.976761801087E-1));
#2625=VECTOR('',#2624,1.614362027417E0);
#2626=CARTESIAN_POINT('',(2.055E0,-3.758784652601E0,-4.407203841678E0));
#2627=LINE('',#2626,#2625);
#2628=DIRECTION('',(0.E0,9.976761801087E-1,6.813398303193E-2));
#2629=VECTOR('',#2628,2.5E-1);
#2630=CARTESIAN_POINT('',(2.055E0,3.758784652601E0,-4.407203841678E0));
#2631=LINE('',#2630,#2629);
#2632=DIRECTION('',(0.E0,6.813398303193E-2,-9.976761801087E-1));
#2633=VECTOR('',#2632,1.614362027417E0);
#2634=CARTESIAN_POINT('',(2.055E0,3.648791737618E0,-2.796593300852E0));
#2635=LINE('',#2634,#2633);
#2636=CARTESIAN_POINT('',(2.055E0,3.598907928612E0,-2.800000000004E0));
#2637=DIRECTION('',(-1.E0,0.E0,0.E0));
#2638=DIRECTION('',(0.E0,4.832338608894E-1,8.754913110305E-1));
#2639=AXIS2_PLACEMENT_3D('',#2636,#2637,#2638);
#2641=CARTESIAN_POINT('',(2.055E0,3.598907928612E0,-2.800000000004E0));
#2642=DIRECTION('',(1.E0,0.E0,0.E0));
#2643=DIRECTION('',(0.E0,9.976761801087E-1,6.813398303193E-2));
#2644=AXIS2_PLACEMENT_3D('',#2641,#2642,#2643);
#2646=DIRECTION('',(0.E0,-6.813398303193E-2,9.976761801087E-1));
#2647=VECTOR('',#2646,1.614362027417E0);
#2648=CARTESIAN_POINT('',(2.055E0,4.008203697628E0,-4.390170345920E0));
#2649=LINE('',#2648,#2647);
#2650=DIRECTION('',(0.E0,9.976761801087E-1,-6.813398303192E-2));
#2651=VECTOR('',#2650,2.5E-1);
#2652=CARTESIAN_POINT('',(1.955E0,-4.008203697628E0,-4.390170345920E0));
#2653=LINE('',#2652,#2651);
#2654=DIRECTION('',(0.E0,6.813398303192E-2,9.976761801087E-1));
#2655=VECTOR('',#2654,1.5E-1);
#2656=CARTESIAN_POINT('',(1.105E0,-3.97E0,-7.500000000015E0));
#2657=LINE('',#2656,#2655);
#2658=DIRECTION('',(1.E0,0.E0,0.E0));
#2659=VECTOR('',#2658,3.E-1);
#2660=CARTESIAN_POINT('',(1.105E0,-3.97E0,-7.500000000015E0));
#2661=LINE('',#2660,#2659);
#2662=DIRECTION('',(0.E0,6.813398303193E-2,9.976761801087E-1));
#2663=VECTOR('',#2662,1.5E-1);
#2664=CARTESIAN_POINT('',(1.405E0,-3.97E0,-7.500000000015E0));
#2665=LINE('',#2664,#2663);
#2666=DIRECTION('',(-5.E-1,-5.900576016667E-2,-8.640129167247E-1));
#2667=VECTOR('',#2666,3.E-1);
#2668=CARTESIAN_POINT('',(1.555E0,-3.942078174495E0,-7.091144697981E0));
#2669=LINE('',#2668,#2667);
#2670=DIRECTION('',(0.E0,-6.813398303193E-2,-9.976761801087E-1));
#2671=VECTOR('',#2670,2.290192378865E0);
#2672=CARTESIAN_POINT('',(1.555E0,-3.786038245814E0,-4.806274313721E0));
#2673=LINE('',#2672,#2671);
#2674=DIRECTION('',(-7.071067811865E-1,-4.817800143112E-2,-7.054635923831E-1));
#2675=VECTOR('',#2674,5.656854249492E-1);
#2676=CARTESIAN_POINT('',(1.955E0,-3.758784652601E0,-4.407203841678E0));
#2677=LINE('',#2676,#2675);
#2678=DIRECTION('',(-1.E0,0.E0,0.E0));
#2679=VECTOR('',#2678,1.E-1);
#2680=CARTESIAN_POINT('',(2.055E0,-3.758784652601E0,-4.407203841678E0));
#2681=LINE('',#2680,#2679);
#2682=DIRECTION('',(1.E0,0.E0,0.E0));
#2683=VECTOR('',#2682,1.E-1);
#2684=CARTESIAN_POINT('',(4.55E-1,-3.758784652601E0,-4.407203841678E0));
#2685=LINE('',#2684,#2683);
#2686=DIRECTION('',(-7.071067811865E-1,4.817800143112E-2,7.054635923831E-1));
#2687=VECTOR('',#2686,5.656854249492E-1);
#2688=CARTESIAN_POINT('',(9.55E-1,-3.786038245814E0,-4.806274313721E0));
#2689=LINE('',#2688,#2687);
#2690=DIRECTION('',(0.E0,6.813398303193E-2,9.976761801087E-1));
#2691=VECTOR('',#2690,2.290192378865E0);
#2692=CARTESIAN_POINT('',(9.55E-1,-3.942078174495E0,-7.091144697981E0));
#2693=LINE('',#2692,#2691);
#2694=DIRECTION('',(-5.E-1,5.900576016667E-2,8.640129167247E-1));
#2695=VECTOR('',#2694,3.E-1);
#2696=CARTESIAN_POINT('',(1.105E0,-3.959779902545E0,-7.350348572999E0));
#2697=LINE('',#2696,#2695);
#2698=DIRECTION('',(0.E0,9.976761801087E-1,-6.813398303193E-2));
#2699=VECTOR('',#2698,2.5E-1);
#2700=CARTESIAN_POINT('',(1.105E0,-4.219419045027E0,-7.482966504257E0));
#2701=LINE('',#2700,#2699);
#2702=DIRECTION('',(1.E0,0.E0,0.E0));
#2703=VECTOR('',#2702,3.E-1);
#2704=CARTESIAN_POINT('',(1.105E0,-4.219419045027E0,-7.482966504257E0));
#2705=LINE('',#2704,#2703);
#2706=DIRECTION('',(0.E0,9.976761801087E-1,-6.813398303193E-2));
#2707=VECTOR('',#2706,2.5E-1);
#2708=CARTESIAN_POINT('',(1.405E0,-4.219419045027E0,-7.482966504257E0));
#2709=LINE('',#2708,#2707);
#2710=DIRECTION('',(0.E0,9.976761801087E-1,-6.813398303192E-2));
#2711=VECTOR('',#2710,2.5E-1);
#2712=CARTESIAN_POINT('',(1.405E0,-4.209198947572E0,-7.333315077241E0));
#2713=LINE('',#2712,#2711);
#2714=DIRECTION('',(0.E0,9.976761801087E-1,-6.813398303191E-2));
#2715=VECTOR('',#2714,2.5E-1);
#2716=CARTESIAN_POINT('',(1.555E0,-4.191497219522E0,-7.074111202223E0));
#2717=LINE('',#2716,#2715);
#2718=DIRECTION('',(0.E0,9.976761801087E-1,-6.813398303192E-2));
#2719=VECTOR('',#2718,2.5E-1);
#2720=CARTESIAN_POINT('',(1.555E0,-4.035457290841E0,-4.789240817963E0));
#2721=LINE('',#2720,#2719);
#2722=DIRECTION('',(1.E0,0.E0,0.E0));
#2723=VECTOR('',#2722,1.6E0);
#2724=CARTESIAN_POINT('',(4.55E-1,-3.648791737618E0,-2.796593300852E0));
#2725=LINE('',#2724,#2723);
#2726=DIRECTION('',(0.E0,-9.976761801087E-1,-6.813398303193E-2));
#2727=VECTOR('',#2726,2.5E-1);
#2728=CARTESIAN_POINT('',(1.955E0,4.008203697628E0,-4.390170345920E0));
#2729=LINE('',#2728,#2727);
#2730=DIRECTION('',(0.E0,-9.976761801087E-1,-6.813398303192E-2));
#2731=VECTOR('',#2730,2.5E-1);
#2732=CARTESIAN_POINT('',(1.555E0,4.035457290841E0,-4.789240817963E0));
#2733=LINE('',#2732,#2731);
#2734=DIRECTION('',(1.E0,0.E0,0.E0));
#2735=VECTOR('',#2734,1.E-1);
#2736=CARTESIAN_POINT('',(4.55E-1,4.008203697628E0,-4.390170345920E0));
#2737=LINE('',#2736,#2735);
#2738=DIRECTION('',(7.071067811865E-1,4.817800143113E-2,-7.054635923831E-1));
#2739=VECTOR('',#2738,5.656854249492E-1);
#2740=CARTESIAN_POINT('',(5.55E-1,4.008203697628E0,-4.390170345920E0));
#2741=LINE('',#2740,#2739);
#2742=DIRECTION('',(0.E0,6.813398303193E-2,-9.976761801087E-1));
#2743=VECTOR('',#2742,2.290192378865E0);
#2744=CARTESIAN_POINT('',(9.55E-1,4.035457290841E0,-4.789240817963E0));
#2745=LINE('',#2744,#2743);
#2746=DIRECTION('',(5.E-1,5.900576016667E-2,-8.640129167247E-1));
#2747=VECTOR('',#2746,3.E-1);
#2748=CARTESIAN_POINT('',(9.55E-1,4.191497219522E0,-7.074111202223E0));
#2749=LINE('',#2748,#2747);
#2750=DIRECTION('',(0.E0,-6.813398303193E-2,9.976761801087E-1));
#2751=VECTOR('',#2750,1.499999999998E-1);
#2752=CARTESIAN_POINT('',(1.105E0,4.219419045027E0,-7.482966504257E0));
#2753=LINE('',#2752,#2751);
#2754=DIRECTION('',(1.E0,0.E0,0.E0));
#2755=VECTOR('',#2754,3.E-1);
#2756=CARTESIAN_POINT('',(1.105E0,4.219419045027E0,-7.482966504257E0));
#2757=LINE('',#2756,#2755);
#2758=DIRECTION('',(0.E0,-6.813398303193E-2,9.976761801087E-1));
#2759=VECTOR('',#2758,1.499999999998E-1);
#2760=CARTESIAN_POINT('',(1.405E0,4.219419045027E0,-7.482966504257E0));
#2761=LINE('',#2760,#2759);
#2762=DIRECTION('',(5.E-1,-5.900576016667E-2,8.640129167247E-1));
#2763=VECTOR('',#2762,3.E-1);
#2764=CARTESIAN_POINT('',(1.405E0,4.209198947572E0,-7.333315077241E0));
#2765=LINE('',#2764,#2763);
#2766=DIRECTION('',(0.E0,-6.813398303192E-2,9.976761801087E-1));
#2767=VECTOR('',#2766,2.290192378865E0);
#2768=CARTESIAN_POINT('',(1.555E0,4.191497219522E0,-7.074111202223E0));
#2769=LINE('',#2768,#2767);
#2770=DIRECTION('',(7.071067811865E-1,-4.817800143112E-2,7.054635923831E-1));
#2771=VECTOR('',#2770,5.656854249492E-1);
#2772=CARTESIAN_POINT('',(1.555E0,4.035457290841E0,-4.789240817963E0));
#2773=LINE('',#2772,#2771);
#2774=DIRECTION('',(-1.E0,0.E0,0.E0));
#2775=VECTOR('',#2774,1.E-1);
#2776=CARTESIAN_POINT('',(2.055E0,4.008203697628E0,-4.390170345920E0));
#2777=LINE('',#2776,#2775);
#2778=DIRECTION('',(0.E0,-9.976761801087E-1,-6.813398303193E-2));
#2779=VECTOR('',#2778,2.5E-1);
#2780=CARTESIAN_POINT('',(5.55E-1,4.008203697628E0,-4.390170345920E0));
#2781=LINE('',#2780,#2779);
#2782=DIRECTION('',(1.E0,0.E0,0.E0));
#2783=VECTOR('',#2782,1.E-1);
#2784=CARTESIAN_POINT('',(4.55E-1,3.758784652601E0,-4.407203841678E0));
#2785=LINE('',#2784,#2783);
#2786=DIRECTION('',(1.E0,0.E0,0.E0));
#2787=VECTOR('',#2786,1.6E0);
#2788=CARTESIAN_POINT('',(4.55E-1,3.648791737618E0,-2.796593300852E0));
#2789=LINE('',#2788,#2787);
#2790=DIRECTION('',(-1.E0,0.E0,-1.776356839400E-14));
#2791=VECTOR('',#2790,1.E-1);
#2792=CARTESIAN_POINT('',(2.055E0,3.758784652601E0,-4.407203841678E0));
#2793=LINE('',#2792,#2791);
#2794=DIRECTION('',(7.071067811865E-1,-4.817800143112E-2,7.054635923831E-1));
#2795=VECTOR('',#2794,5.656854249492E-1);
#2796=CARTESIAN_POINT('',(1.555E0,3.786038245814E0,-4.806274313721E0));
#2797=LINE('',#2796,#2795);
#2798=DIRECTION('',(0.E0,-6.813398303193E-2,9.976761801087E-1));
#2799=VECTOR('',#2798,2.290192378865E0);
#2800=CARTESIAN_POINT('',(1.555E0,3.942078174495E0,-7.091144697981E0));
#2801=LINE('',#2800,#2799);
#2802=DIRECTION('',(5.E-1,-5.900576016667E-2,8.640129167247E-1));
#2803=VECTOR('',#2802,3.E-1);
#2804=CARTESIAN_POINT('',(1.405E0,3.959779902545E0,-7.350348572999E0));
#2805=LINE('',#2804,#2803);
#2806=DIRECTION('',(0.E0,-6.813398303192E-2,9.976761801087E-1));
#2807=VECTOR('',#2806,1.499999999998E-1);
#2808=CARTESIAN_POINT('',(1.405E0,3.97E0,-7.500000000015E0));
#2809=LINE('',#2808,#2807);
#2810=DIRECTION('',(0.E0,-6.813398303192E-2,9.976761801087E-1));
#2811=VECTOR('',#2810,1.499999999998E-1);
#2812=CARTESIAN_POINT('',(1.105E0,3.97E0,-7.500000000015E0));
#2813=LINE('',#2812,#2811);
#2814=DIRECTION('',(5.E-1,5.900576016667E-2,-8.640129167247E-1));
#2815=VECTOR('',#2814,3.E-1);
#2816=CARTESIAN_POINT('',(9.55E-1,3.942078174495E0,-7.091144697981E0));
#2817=LINE('',#2816,#2815);
#2818=DIRECTION('',(0.E0,6.813398303193E-2,-9.976761801087E-1));
#2819=VECTOR('',#2818,2.290192378865E0);
#2820=CARTESIAN_POINT('',(9.55E-1,3.786038245814E0,-4.806274313721E0));
#2821=LINE('',#2820,#2819);
#2822=DIRECTION('',(7.071067811865E-1,4.817800143112E-2,-7.054635923831E-1));
#2823=VECTOR('',#2822,5.656854249492E-1);
#2824=CARTESIAN_POINT('',(5.55E-1,3.758784652601E0,-4.407203841678E0));
#2825=LINE('',#2824,#2823);
#2826=DIRECTION('',(0.E0,-9.976761801087E-1,-6.813398303192E-2));
#2827=VECTOR('',#2826,2.5E-1);
#2828=CARTESIAN_POINT('',(1.555E0,4.191497219522E0,-7.074111202223E0));
#2829=LINE('',#2828,#2827);
#2830=DIRECTION('',(0.E0,-9.976761801087E-1,-6.813398303192E-2));
#2831=VECTOR('',#2830,2.5E-1);
#2832=CARTESIAN_POINT('',(1.405E0,4.209198947572E0,-7.333315077241E0));
#2833=LINE('',#2832,#2831);
#2834=DIRECTION('',(0.E0,9.976761801087E-1,6.813398303192E-2));
#2835=VECTOR('',#2834,2.5E-1);
#2836=CARTESIAN_POINT('',(1.105E0,3.97E0,-7.500000000015E0));
#2837=LINE('',#2836,#2835);
#2838=DIRECTION('',(1.E0,0.E0,0.E0));
#2839=VECTOR('',#2838,3.E-1);
#2840=CARTESIAN_POINT('',(1.105E0,3.97E0,-7.500000000015E0));
#2841=LINE('',#2840,#2839);
#2842=DIRECTION('',(0.E0,9.976761801087E-1,6.813398303193E-2));
#2843=VECTOR('',#2842,2.5E-1);
#2844=CARTESIAN_POINT('',(1.405E0,3.97E0,-7.500000000015E0));
#2845=LINE('',#2844,#2843);
#2846=DIRECTION('',(0.E0,-9.976761801087E-1,-6.813398303192E-2));
#2847=VECTOR('',#2846,2.5E-1);
#2848=CARTESIAN_POINT('',(1.105E0,4.209198947572E0,-7.333315077241E0));
#2849=LINE('',#2848,#2847);
#2850=DIRECTION('',(0.E0,-9.976761801087E-1,-6.813398303192E-2));
#2851=VECTOR('',#2850,2.5E-1);
#2852=CARTESIAN_POINT('',(9.55E-1,4.191497219522E0,-7.074111202223E0));
#2853=LINE('',#2852,#2851);
#2854=DIRECTION('',(0.E0,-9.976761801087E-1,-6.813398303193E-2));
#2855=VECTOR('',#2854,2.5E-1);
#2856=CARTESIAN_POINT('',(9.55E-1,4.035457290841E0,-4.789240817963E0));
#2857=LINE('',#2856,#2855);
#2858=DIRECTION('',(1.E0,0.E0,0.E0));
#2859=VECTOR('',#2858,1.6E0);
#2860=CARTESIAN_POINT('',(4.55E-1,3.898210782645E0,-2.779559805094E0));
#2861=LINE('',#2860,#2859);
#2862=DIRECTION('',(0.E0,-9.976761801087E-1,6.813398303193E-2));
#2863=VECTOR('',#2862,2.5E-1);
#2864=CARTESIAN_POINT('',(2.995E0,-3.758784652601E0,-4.407203841678E0));
#2865=LINE('',#2864,#2863);
#2866=DIRECTION('',(0.E0,6.813398303193E-2,9.976761801087E-1));
#2867=VECTOR('',#2866,1.614362027417E0);
#2868=CARTESIAN_POINT('',(2.995E0,-3.758784652601E0,-4.407203841678E0));
#2869=LINE('',#2868,#2867);
#2870=CARTESIAN_POINT('',(2.995E0,-3.598907928612E0,-2.800000000004E0));
#2871=DIRECTION('',(-1.E0,0.E0,0.E0));
#2872=DIRECTION('',(0.E0,-9.976761801087E-1,6.813398303182E-2));
#2873=AXIS2_PLACEMENT_3D('',#2870,#2871,#2872);
#2875=CARTESIAN_POINT('',(2.995E0,-3.598907928612E0,-2.800000000004E0));
#2876=DIRECTION('',(1.E0,0.E0,0.E0));
#2877=DIRECTION('',(0.E0,-1.687987159523E-1,9.856505432925E-1));
#2878=AXIS2_PLACEMENT_3D('',#2875,#2876,#2877);
#2880=DIRECTION('',(0.E0,-6.813398303193E-2,-9.976761801087E-1));
#2881=VECTOR('',#2880,1.614362027417E0);
#2882=CARTESIAN_POINT('',(2.995E0,-3.898210782645E0,-2.779559805094E0));
#2883=LINE('',#2882,#2881);
#2884=DIRECTION('',(0.E0,9.976761801087E-1,6.813398303193E-2));
#2885=VECTOR('',#2884,2.5E-1);
#2886=CARTESIAN_POINT('',(2.995E0,3.758784652601E0,-4.407203841678E0));
#2887=LINE('',#2886,#2885);
#2888=DIRECTION('',(0.E0,-6.813398303193E-2,9.976761801087E-1));
#2889=VECTOR('',#2888,1.614362027417E0);
#2890=CARTESIAN_POINT('',(2.995E0,4.008203697628E0,-4.390170345920E0));
#2891=LINE('',#2890,#2889);
#2892=CARTESIAN_POINT('',(2.995E0,3.598907928612E0,-2.800000000004E0));
#2893=DIRECTION('',(1.E0,0.E0,0.E0));
#2894=DIRECTION('',(0.E0,9.976761801087E-1,6.813398303193E-2));
#2895=AXIS2_PLACEMENT_3D('',#2892,#2893,#2894);
#2897=CARTESIAN_POINT('',(2.995E0,3.598907928612E0,-2.800000000004E0));
#2898=DIRECTION('',(-1.E0,0.E0,0.E0));
#2899=DIRECTION('',(0.E0,4.832338608894E-1,8.754913110305E-1));
#2900=AXIS2_PLACEMENT_3D('',#2897,#2898,#2899);
#2902=DIRECTION('',(0.E0,6.813398303193E-2,-9.976761801087E-1));
#2903=VECTOR('',#2902,1.614362027417E0);
#2904=CARTESIAN_POINT('',(2.995E0,3.648791737618E0,-2.796593300852E0));
#2905=LINE('',#2904,#2903);
#2906=DIRECTION('',(0.E0,9.976761801087E-1,-6.813398303193E-2));
#2907=VECTOR('',#2906,2.5E-1);
#2908=CARTESIAN_POINT('',(3.095E0,-4.008203697628E0,-4.390170345920E0));
#2909=LINE('',#2908,#2907);
#2910=DIRECTION('',(0.E0,9.976761801087E-1,-6.813398303193E-2));
#2911=VECTOR('',#2910,2.5E-1);
#2912=CARTESIAN_POINT('',(3.495E0,-4.035457290841E0,-4.789240817963E0));
#2913=LINE('',#2912,#2911);
#2914=DIRECTION('',(0.E0,9.976761801087E-1,-6.813398303192E-2));
#2915=VECTOR('',#2914,2.5E-1);
#2916=CARTESIAN_POINT('',(3.495E0,-4.191497219522E0,-7.074111202223E0));
#2917=LINE('',#2916,#2915);
#2918=DIRECTION('',(0.E0,9.976761801087E-1,-6.813398303193E-2));
#2919=VECTOR('',#2918,2.5E-1);
#2920=CARTESIAN_POINT('',(3.645E0,-4.209198947572E0,-7.333315077241E0));
#2921=LINE('',#2920,#2919);
#2922=DIRECTION('',(0.E0,6.813398303192E-2,9.976761801087E-1));
#2923=VECTOR('',#2922,1.5E-1);
#2924=CARTESIAN_POINT('',(3.645E0,-4.219419045027E0,-7.482966504257E0));
#2925=LINE('',#2924,#2923);
#2926=DIRECTION('',(-5.E-1,5.900576016667E-2,8.640129167247E-1));
#2927=VECTOR('',#2926,3.E-1);
#2928=CARTESIAN_POINT('',(3.645E0,-4.209198947572E0,-7.333315077241E0));
#2929=LINE('',#2928,#2927);
#2930=DIRECTION('',(0.E0,6.813398303193E-2,9.976761801087E-1));
#2931=VECTOR('',#2930,2.290192378865E0);
#2932=CARTESIAN_POINT('',(3.495E0,-4.191497219522E0,-7.074111202223E0));
#2933=LINE('',#2932,#2931);
#2934=DIRECTION('',(-7.071067811865E-1,4.817800143112E-2,7.054635923831E-1));
#2935=VECTOR('',#2934,5.656854249492E-1);
#2936=CARTESIAN_POINT('',(3.495E0,-4.035457290841E0,-4.789240817963E0));
#2937=LINE('',#2936,#2935);
#2938=DIRECTION('',(1.E0,0.E0,0.E0));
#2939=VECTOR('',#2938,1.E-1);
#2940=CARTESIAN_POINT('',(2.995E0,-4.008203697628E0,-4.390170345920E0));
#2941=LINE('',#2940,#2939);
#2942=DIRECTION('',(1.E0,0.E0,0.E0));
#2943=VECTOR('',#2942,1.6E0);
#2944=CARTESIAN_POINT('',(2.995E0,-3.898210782645E0,-2.779559805094E0));
#2945=LINE('',#2944,#2943);
#2946=DIRECTION('',(-1.E0,0.E0,0.E0));
#2947=VECTOR('',#2946,1.E-1);
#2948=CARTESIAN_POINT('',(4.595E0,-4.008203697628E0,-4.390170345920E0));
#2949=LINE('',#2948,#2947);
#2950=DIRECTION('',(-7.071067811865E-1,-4.817800143112E-2,-7.054635923831E-1));
#2951=VECTOR('',#2950,5.656854249492E-1);
#2952=CARTESIAN_POINT('',(4.495E0,-4.008203697628E0,-4.390170345920E0));
#2953=LINE('',#2952,#2951);
#2954=DIRECTION('',(0.E0,-6.813398303193E-2,-9.976761801087E-1));
#2955=VECTOR('',#2954,2.290192378865E0);
#2956=CARTESIAN_POINT('',(4.095E0,-4.035457290841E0,-4.789240817963E0));
#2957=LINE('',#2956,#2955);
#2958=DIRECTION('',(-5.E-1,-5.900576016667E-2,-8.640129167247E-1));
#2959=VECTOR('',#2958,3.E-1);
#2960=CARTESIAN_POINT('',(4.095E0,-4.191497219522E0,-7.074111202223E0));
#2961=LINE('',#2960,#2959);
#2962=DIRECTION('',(0.E0,6.813398303192E-2,9.976761801087E-1));
#2963=VECTOR('',#2962,1.5E-1);
#2964=CARTESIAN_POINT('',(3.945E0,-4.219419045027E0,-7.482966504257E0));
#2965=LINE('',#2964,#2963);
#2966=DIRECTION('',(0.E0,-9.976761801087E-1,6.813398303193E-2));
#2967=VECTOR('',#2966,2.5E-1);
#2968=CARTESIAN_POINT('',(4.595E0,-3.758784652601E0,-4.407203841678E0));
#2969=LINE('',#2968,#2967);
#2970=DIRECTION('',(0.E0,-6.813398303193E-2,-9.976761801087E-1));
#2971=VECTOR('',#2970,1.614362027417E0);
#2972=CARTESIAN_POINT('',(4.595E0,-3.898210782645E0,-2.779559805094E0));
#2973=LINE('',#2972,#2971);
#2974=CARTESIAN_POINT('',(4.595E0,-3.598907928612E0,-2.800000000004E0));
#2975=DIRECTION('',(1.E0,0.E0,0.E0));
#2976=DIRECTION('',(0.E0,-1.687987159523E-1,9.856505432925E-1));
#2977=AXIS2_PLACEMENT_3D('',#2974,#2975,#2976);
#2979=CARTESIAN_POINT('',(4.595E0,-3.598907928612E0,-2.800000000004E0));
#2980=DIRECTION('',(-1.E0,0.E0,0.E0));
#2981=DIRECTION('',(0.E0,-9.976761801087E-1,6.813398303182E-2));
#2982=AXIS2_PLACEMENT_3D('',#2979,#2980,#2981);
#2984=DIRECTION('',(0.E0,6.813398303193E-2,9.976761801087E-1));
#2985=VECTOR('',#2984,1.614362027417E0);
#2986=CARTESIAN_POINT('',(4.595E0,-3.758784652601E0,-4.407203841678E0));
#2987=LINE('',#2986,#2985);
#2988=DIRECTION('',(0.E0,9.976761801087E-1,6.813398303193E-2));
#2989=VECTOR('',#2988,2.5E-1);
#2990=CARTESIAN_POINT('',(4.595E0,3.758784652601E0,-4.407203841678E0));
#2991=LINE('',#2990,#2989);
#2992=DIRECTION('',(0.E0,6.813398303193E-2,-9.976761801087E-1));
#2993=VECTOR('',#2992,1.614362027417E0);
#2994=CARTESIAN_POINT('',(4.595E0,3.648791737618E0,-2.796593300852E0));
#2995=LINE('',#2994,#2993);
#2996=CARTESIAN_POINT('',(4.595E0,3.598907928612E0,-2.800000000004E0));
#2997=DIRECTION('',(-1.E0,0.E0,0.E0));
#2998=DIRECTION('',(0.E0,4.832338608894E-1,8.754913110305E-1));
#2999=AXIS2_PLACEMENT_3D('',#2996,#2997,#2998);
#3001=CARTESIAN_POINT('',(4.595E0,3.598907928612E0,-2.800000000004E0));
#3002=DIRECTION('',(1.E0,0.E0,0.E0));
#3003=DIRECTION('',(0.E0,9.976761801087E-1,6.813398303193E-2));
#3004=AXIS2_PLACEMENT_3D('',#3001,#3002,#3003);
#3006=DIRECTION('',(0.E0,-6.813398303193E-2,9.976761801087E-1));
#3007=VECTOR('',#3006,1.614362027417E0);
#3008=CARTESIAN_POINT('',(4.595E0,4.008203697628E0,-4.390170345920E0));
#3009=LINE('',#3008,#3007);
#3010=DIRECTION('',(0.E0,9.976761801087E-1,-6.813398303193E-2));
#3011=VECTOR('',#3010,2.5E-1);
#3012=CARTESIAN_POINT('',(4.495E0,-4.008203697628E0,-4.390170345920E0));
#3013=LINE('',#3012,#3011);
#3014=DIRECTION('',(0.E0,6.813398303192E-2,9.976761801087E-1));
#3015=VECTOR('',#3014,1.5E-1);
#3016=CARTESIAN_POINT('',(3.645E0,-3.97E0,-7.500000000015E0));
#3017=LINE('',#3016,#3015);
#3018=DIRECTION('',(1.E0,0.E0,0.E0));
#3019=VECTOR('',#3018,3.E-1);
#3020=CARTESIAN_POINT('',(3.645E0,-3.97E0,-7.500000000015E0));
#3021=LINE('',#3020,#3019);
#3022=DIRECTION('',(0.E0,6.813398303192E-2,9.976761801087E-1));
#3023=VECTOR('',#3022,1.5E-1);
#3024=CARTESIAN_POINT('',(3.945E0,-3.97E0,-7.500000000015E0));
#3025=LINE('',#3024,#3023);
#3026=DIRECTION('',(-5.E-1,-5.900576016667E-2,-8.640129167247E-1));
#3027=VECTOR('',#3026,3.E-1);
#3028=CARTESIAN_POINT('',(4.095E0,-3.942078174495E0,-7.091144697981E0));
#3029=LINE('',#3028,#3027);
#3030=DIRECTION('',(0.E0,-6.813398303193E-2,-9.976761801087E-1));
#3031=VECTOR('',#3030,2.290192378865E0);
#3032=CARTESIAN_POINT('',(4.095E0,-3.786038245814E0,-4.806274313721E0));
#3033=LINE('',#3032,#3031);
#3034=DIRECTION('',(-7.071067811865E-1,-4.817800143112E-2,-7.054635923831E-1));
#3035=VECTOR('',#3034,5.656854249492E-1);
#3036=CARTESIAN_POINT('',(4.495E0,-3.758784652601E0,-4.407203841678E0));
#3037=LINE('',#3036,#3035);
#3038=DIRECTION('',(-1.E0,0.E0,0.E0));
#3039=VECTOR('',#3038,1.E-1);
#3040=CARTESIAN_POINT('',(4.595E0,-3.758784652601E0,-4.407203841678E0));
#3041=LINE('',#3040,#3039);
#3042=DIRECTION('',(1.E0,0.E0,0.E0));
#3043=VECTOR('',#3042,1.E-1);
#3044=CARTESIAN_POINT('',(2.995E0,-3.758784652601E0,-4.407203841678E0));
#3045=LINE('',#3044,#3043);
#3046=DIRECTION('',(-7.071067811865E-1,4.817800143112E-2,7.054635923831E-1));
#3047=VECTOR('',#3046,5.656854249492E-1);
#3048=CARTESIAN_POINT('',(3.495E0,-3.786038245814E0,-4.806274313721E0));
#3049=LINE('',#3048,#3047);
#3050=DIRECTION('',(0.E0,6.813398303193E-2,9.976761801087E-1));
#3051=VECTOR('',#3050,2.290192378865E0);
#3052=CARTESIAN_POINT('',(3.495E0,-3.942078174495E0,-7.091144697981E0));
#3053=LINE('',#3052,#3051);
#3054=DIRECTION('',(-5.E-1,5.900576016667E-2,8.640129167247E-1));
#3055=VECTOR('',#3054,3.E-1);
#3056=CARTESIAN_POINT('',(3.645E0,-3.959779902545E0,-7.350348572999E0));
#3057=LINE('',#3056,#3055);
#3058=DIRECTION('',(0.E0,9.976761801087E-1,-6.813398303193E-2));
#3059=VECTOR('',#3058,2.5E-1);
#3060=CARTESIAN_POINT('',(3.645E0,-4.219419045027E0,-7.482966504257E0));
#3061=LINE('',#3060,#3059);
#3062=DIRECTION('',(1.E0,0.E0,0.E0));
#3063=VECTOR('',#3062,3.E-1);
#3064=CARTESIAN_POINT('',(3.645E0,-4.219419045027E0,-7.482966504257E0));
#3065=LINE('',#3064,#3063);
#3066=DIRECTION('',(0.E0,9.976761801087E-1,-6.813398303193E-2));
#3067=VECTOR('',#3066,2.5E-1);
#3068=CARTESIAN_POINT('',(3.945E0,-4.219419045027E0,-7.482966504257E0));
#3069=LINE('',#3068,#3067);
#3070=DIRECTION('',(0.E0,9.976761801087E-1,-6.813398303192E-2));
#3071=VECTOR('',#3070,2.5E-1);
#3072=CARTESIAN_POINT('',(3.945E0,-4.209198947572E0,-7.333315077241E0));
#3073=LINE('',#3072,#3071);
#3074=DIRECTION('',(0.E0,9.976761801087E-1,-6.813398303191E-2));
#3075=VECTOR('',#3074,2.5E-1);
#3076=CARTESIAN_POINT('',(4.095E0,-4.191497219522E0,-7.074111202223E0));
#3077=LINE('',#3076,#3075);
#3078=DIRECTION('',(0.E0,9.976761801087E-1,-6.813398303193E-2));
#3079=VECTOR('',#3078,2.5E-1);
#3080=CARTESIAN_POINT('',(4.095E0,-4.035457290841E0,-4.789240817963E0));
#3081=LINE('',#3080,#3079);
#3082=DIRECTION('',(1.E0,0.E0,0.E0));
#3083=VECTOR('',#3082,1.6E0);
#3084=CARTESIAN_POINT('',(2.995E0,-3.648791737618E0,-2.796593300852E0));
#3085=LINE('',#3084,#3083);
#3086=DIRECTION('',(0.E0,-9.976761801087E-1,-6.813398303193E-2));
#3087=VECTOR('',#3086,2.5E-1);
#3088=CARTESIAN_POINT('',(4.495E0,4.008203697628E0,-4.390170345920E0));
#3089=LINE('',#3088,#3087);
#3090=DIRECTION('',(0.E0,-9.976761801087E-1,-6.813398303192E-2));
#3091=VECTOR('',#3090,2.5E-1);
#3092=CARTESIAN_POINT('',(4.095E0,4.035457290841E0,-4.789240817963E0));
#3093=LINE('',#3092,#3091);
#3094=DIRECTION('',(1.E0,0.E0,0.E0));
#3095=VECTOR('',#3094,1.E-1);
#3096=CARTESIAN_POINT('',(2.995E0,4.008203697628E0,-4.390170345920E0));
#3097=LINE('',#3096,#3095);
#3098=DIRECTION('',(7.071067811865E-1,4.817800143113E-2,-7.054635923831E-1));
#3099=VECTOR('',#3098,5.656854249492E-1);
#3100=CARTESIAN_POINT('',(3.095E0,4.008203697628E0,-4.390170345920E0));
#3101=LINE('',#3100,#3099);
#3102=DIRECTION('',(0.E0,6.813398303193E-2,-9.976761801087E-1));
#3103=VECTOR('',#3102,2.290192378865E0);
#3104=CARTESIAN_POINT('',(3.495E0,4.035457290841E0,-4.789240817963E0));
#3105=LINE('',#3104,#3103);
#3106=DIRECTION('',(5.E-1,5.900576016667E-2,-8.640129167247E-1));
#3107=VECTOR('',#3106,3.E-1);
#3108=CARTESIAN_POINT('',(3.495E0,4.191497219522E0,-7.074111202223E0));
#3109=LINE('',#3108,#3107);
#3110=DIRECTION('',(0.E0,-6.813398303193E-2,9.976761801087E-1));
#3111=VECTOR('',#3110,1.499999999998E-1);
#3112=CARTESIAN_POINT('',(3.645E0,4.219419045027E0,-7.482966504257E0));
#3113=LINE('',#3112,#3111);
#3114=DIRECTION('',(1.E0,0.E0,0.E0));
#3115=VECTOR('',#3114,3.E-1);
#3116=CARTESIAN_POINT('',(3.645E0,4.219419045027E0,-7.482966504257E0));
#3117=LINE('',#3116,#3115);
#3118=DIRECTION('',(0.E0,-6.813398303193E-2,9.976761801087E-1));
#3119=VECTOR('',#3118,1.499999999998E-1);
#3120=CARTESIAN_POINT('',(3.945E0,4.219419045027E0,-7.482966504257E0));
#3121=LINE('',#3120,#3119);
#3122=DIRECTION('',(5.E-1,-5.900576016667E-2,8.640129167247E-1));
#3123=VECTOR('',#3122,3.E-1);
#3124=CARTESIAN_POINT('',(3.945E0,4.209198947572E0,-7.333315077241E0));
#3125=LINE('',#3124,#3123);
#3126=DIRECTION('',(0.E0,-6.813398303192E-2,9.976761801087E-1));
#3127=VECTOR('',#3126,2.290192378865E0);
#3128=CARTESIAN_POINT('',(4.095E0,4.191497219522E0,-7.074111202223E0));
#3129=LINE('',#3128,#3127);
#3130=DIRECTION('',(7.071067811865E-1,-4.817800143112E-2,7.054635923831E-1));
#3131=VECTOR('',#3130,5.656854249492E-1);
#3132=CARTESIAN_POINT('',(4.095E0,4.035457290841E0,-4.789240817963E0));
#3133=LINE('',#3132,#3131);
#3134=DIRECTION('',(-1.E0,0.E0,0.E0));
#3135=VECTOR('',#3134,1.E-1);
#3136=CARTESIAN_POINT('',(4.595E0,4.008203697628E0,-4.390170345920E0));
#3137=LINE('',#3136,#3135);
#3138=DIRECTION('',(0.E0,-9.976761801087E-1,-6.813398303193E-2));
#3139=VECTOR('',#3138,2.5E-1);
#3140=CARTESIAN_POINT('',(3.095E0,4.008203697628E0,-4.390170345920E0));
#3141=LINE('',#3140,#3139);
#3142=DIRECTION('',(1.E0,0.E0,0.E0));
#3143=VECTOR('',#3142,1.E-1);
#3144=CARTESIAN_POINT('',(2.995E0,3.758784652601E0,-4.407203841678E0));
#3145=LINE('',#3144,#3143);
#3146=DIRECTION('',(1.E0,0.E0,0.E0));
#3147=VECTOR('',#3146,1.6E0);
#3148=CARTESIAN_POINT('',(2.995E0,3.648791737618E0,-2.796593300852E0));
#3149=LINE('',#3148,#3147);
#3150=DIRECTION('',(-1.E0,0.E0,-1.776356839400E-14));
#3151=VECTOR('',#3150,1.E-1);
#3152=CARTESIAN_POINT('',(4.595E0,3.758784652601E0,-4.407203841678E0));
#3153=LINE('',#3152,#3151);
#3154=DIRECTION('',(7.071067811866E-1,-4.817800143112E-2,7.054635923831E-1));
#3155=VECTOR('',#3154,5.656854249492E-1);
#3156=CARTESIAN_POINT('',(4.095E0,3.786038245814E0,-4.806274313721E0));
#3157=LINE('',#3156,#3155);
#3158=DIRECTION('',(0.E0,-6.813398303193E-2,9.976761801087E-1));
#3159=VECTOR('',#3158,2.290192378865E0);
#3160=CARTESIAN_POINT('',(4.095E0,3.942078174495E0,-7.091144697981E0));
#3161=LINE('',#3160,#3159);
#3162=DIRECTION('',(5.E-1,-5.900576016667E-2,8.640129167247E-1));
#3163=VECTOR('',#3162,3.E-1);
#3164=CARTESIAN_POINT('',(3.945E0,3.959779902545E0,-7.350348572999E0));
#3165=LINE('',#3164,#3163);
#3166=DIRECTION('',(0.E0,-6.813398303192E-2,9.976761801087E-1));
#3167=VECTOR('',#3166,1.499999999998E-1);
#3168=CARTESIAN_POINT('',(3.945E0,3.97E0,-7.500000000015E0));
#3169=LINE('',#3168,#3167);
#3170=DIRECTION('',(0.E0,-6.813398303192E-2,9.976761801087E-1));
#3171=VECTOR('',#3170,1.499999999998E-1);
#3172=CARTESIAN_POINT('',(3.645E0,3.97E0,-7.500000000015E0));
#3173=LINE('',#3172,#3171);
#3174=DIRECTION('',(5.E-1,5.900576016667E-2,-8.640129167247E-1));
#3175=VECTOR('',#3174,3.E-1);
#3176=CARTESIAN_POINT('',(3.495E0,3.942078174495E0,-7.091144697981E0));
#3177=LINE('',#3176,#3175);
#3178=DIRECTION('',(0.E0,6.813398303193E-2,-9.976761801087E-1));
#3179=VECTOR('',#3178,2.290192378865E0);
#3180=CARTESIAN_POINT('',(3.495E0,3.786038245814E0,-4.806274313721E0));
#3181=LINE('',#3180,#3179);
#3182=DIRECTION('',(7.071067811865E-1,4.817800143112E-2,-7.054635923831E-1));
#3183=VECTOR('',#3182,5.656854249492E-1);
#3184=CARTESIAN_POINT('',(3.095E0,3.758784652601E0,-4.407203841678E0));
#3185=LINE('',#3184,#3183);
#3186=DIRECTION('',(0.E0,-9.976761801087E-1,-6.813398303193E-2));
#3187=VECTOR('',#3186,2.5E-1);
#3188=CARTESIAN_POINT('',(4.095E0,4.191497219522E0,-7.074111202223E0));
#3189=LINE('',#3188,#3187);
#3190=DIRECTION('',(0.E0,-9.976761801087E-1,-6.813398303192E-2));
#3191=VECTOR('',#3190,2.5E-1);
#3192=CARTESIAN_POINT('',(3.945E0,4.209198947572E0,-7.333315077241E0));
#3193=LINE('',#3192,#3191);
#3194=DIRECTION('',(0.E0,9.976761801087E-1,6.813398303192E-2));
#3195=VECTOR('',#3194,2.5E-1);
#3196=CARTESIAN_POINT('',(3.645E0,3.97E0,-7.500000000015E0));
#3197=LINE('',#3196,#3195);
#3198=DIRECTION('',(1.E0,0.E0,0.E0));
#3199=VECTOR('',#3198,3.E-1);
#3200=CARTESIAN_POINT('',(3.645E0,3.97E0,-7.500000000015E0));
#3201=LINE('',#3200,#3199);
#3202=DIRECTION('',(0.E0,9.976761801087E-1,6.813398303193E-2));
#3203=VECTOR('',#3202,2.5E-1);
#3204=CARTESIAN_POINT('',(3.945E0,3.97E0,-7.500000000015E0));
#3205=LINE('',#3204,#3203);
#3206=DIRECTION('',(0.E0,-9.976761801087E-1,-6.813398303192E-2));
#3207=VECTOR('',#3206,2.5E-1);
#3208=CARTESIAN_POINT('',(3.645E0,4.209198947572E0,-7.333315077241E0));
#3209=LINE('',#3208,#3207);
#3210=DIRECTION('',(0.E0,-9.976761801087E-1,-6.813398303192E-2));
#3211=VECTOR('',#3210,2.5E-1);
#3212=CARTESIAN_POINT('',(3.495E0,4.191497219522E0,-7.074111202223E0));
#3213=LINE('',#3212,#3211);
#3214=DIRECTION('',(0.E0,-9.976761801087E-1,-6.813398303193E-2));
#3215=VECTOR('',#3214,2.5E-1);
#3216=CARTESIAN_POINT('',(3.495E0,4.035457290841E0,-4.789240817963E0));
#3217=LINE('',#3216,#3215);
#3218=DIRECTION('',(1.E0,0.E0,0.E0));
#3219=VECTOR('',#3218,1.6E0);
#3220=CARTESIAN_POINT('',(2.995E0,3.898210782645E0,-2.779559805094E0));
#3221=LINE('',#3220,#3219);
#3222=CARTESIAN_POINT('',(-6.045E0,3.75E0,-2.500000000004E0));
#3223=CARTESIAN_POINT('',(-6.045E0,3.65E0,-2.500000000004E0));
#3224=VERTEX_POINT('',#3222);
#3225=VERTEX_POINT('',#3223);
#3226=CARTESIAN_POINT('',(-6.045E0,-3.65E0,-2.500000000004E0));
#3227=CARTESIAN_POINT('',(-6.045E0,-3.75E0,-2.500000000004E0));
#3228=VERTEX_POINT('',#3226);
#3229=VERTEX_POINT('',#3227);
#3230=CARTESIAN_POINT('',(-5.913980551792E0,3.618980551792E0,0.E0));
#3231=CARTESIAN_POINT('',(-5.913980551792E0,-3.618980551792E0,0.E0));
#3232=VERTEX_POINT('',#3230);
#3233=VERTEX_POINT('',#3231);
#3234=CARTESIAN_POINT('',(6.045E0,3.65E0,-2.500000000004E0));
#3235=VERTEX_POINT('',#3234);
#3236=CARTESIAN_POINT('',(6.045E0,3.75E0,-2.500000000004E0));
#3237=VERTEX_POINT('',#3236);
#3238=CARTESIAN_POINT('',(5.913980551792E0,3.618980551792E0,0.E0));
#3239=VERTEX_POINT('',#3238);
#3240=CARTESIAN_POINT('',(5.913980551792E0,-3.618980551792E0,0.E0));
#3241=VERTEX_POINT('',#3240);
#3242=CARTESIAN_POINT('',(6.045E0,-3.75E0,-2.500000000004E0));
#3243=VERTEX_POINT('',#3242);
#3244=CARTESIAN_POINT('',(6.045E0,-3.65E0,-2.500000000004E0));
#3245=VERTEX_POINT('',#3244);
#3246=CARTESIAN_POINT('',(-4.625E0,3.649547543398E0,-2.504304837016E0));
#3247=CARTESIAN_POINT('',(-4.625E0,3.623069621657E0,-2.756225434452E0));
#3248=VERTEX_POINT('',#3246);
#3249=VERTEX_POINT('',#3247);
#3250=CARTESIAN_POINT('',(-3.025E0,3.649547543398E0,-2.504304837016E0));
#3251=CARTESIAN_POINT('',(-3.025E0,3.623069621657E0,-2.756225434452E0));
#3252=VERTEX_POINT('',#3250);
#3253=VERTEX_POINT('',#3251);
#3254=CARTESIAN_POINT('',(-4.625E0,3.898210782645E0,-2.779559805094E0));
#3255=CARTESIAN_POINT('',(-3.025E0,3.898210782645E0,-2.779559805094E0));
#3256=VERTEX_POINT('',#3254);
#3257=VERTEX_POINT('',#3255);
#3258=CARTESIAN_POINT('',(-4.625E0,-3.649547543398E0,-2.504304837016E0));
#3259=CARTESIAN_POINT('',(-4.625E0,-3.623069621657E0,-2.756225434452E0));
#3260=VERTEX_POINT('',#3258);
#3261=VERTEX_POINT('',#3259);
#3262=CARTESIAN_POINT('',(-3.025E0,-3.649547543398E0,-2.504304837016E0));
#3263=CARTESIAN_POINT('',(-3.025E0,-3.623069621657E0,-2.756225434452E0));
#3264=VERTEX_POINT('',#3262);
#3265=VERTEX_POINT('',#3263);
#3266=CARTESIAN_POINT('',(-5.992592220717E0,-3.544895764735E0,-3.5E0));
#3267=CARTESIAN_POINT('',(-5.992592220717E0,3.544895764735E0,-3.5E0));
#3268=VERTEX_POINT('',#3266);
#3269=VERTEX_POINT('',#3267);
#3270=CARTESIAN_POINT('',(5.992592220717E0,-3.544895764735E0,-3.5E0));
#3271=CARTESIAN_POINT('',(5.992592220717E0,3.544895764735E0,-3.5E0));
#3272=VERTEX_POINT('',#3270);
#3273=VERTEX_POINT('',#3271);
#3274=CARTESIAN_POINT('',(-4.35E0,-1.15E0,-1.E0));
#3275=CARTESIAN_POINT('',(-3.3E0,-1.15E0,-1.E0));
#3276=VERTEX_POINT('',#3274);
#3277=VERTEX_POINT('',#3275);
#3278=CARTESIAN_POINT('',(-3.1E0,-9.5E-1,-1.E0));
#3279=CARTESIAN_POINT('',(-3.1E0,9.5E-1,-1.E0));
#3280=VERTEX_POINT('',#3278);
#3281=VERTEX_POINT('',#3279);
#3282=CARTESIAN_POINT('',(-3.3E0,1.15E0,-1.E0));
#3283=VERTEX_POINT('',#3282);
#3284=CARTESIAN_POINT('',(-4.35E0,1.15E0,-1.E0));
#3285=VERTEX_POINT('',#3284);
#3286=CARTESIAN_POINT('',(-4.55E0,9.5E-1,-1.E0));
#3287=VERTEX_POINT('',#3286);
#3288=CARTESIAN_POINT('',(-4.55E0,-9.5E-1,-1.E0));
#3289=VERTEX_POINT('',#3288);
#3290=CARTESIAN_POINT('',(-4.35E0,-1.15E0,0.E0));
#3291=CARTESIAN_POINT('',(-3.3E0,-1.15E0,0.E0));
#3292=VERTEX_POINT('',#3290);
#3293=VERTEX_POINT('',#3291);
#3294=CARTESIAN_POINT('',(-3.1E0,-9.5E-1,0.E0));
#3295=CARTESIAN_POINT('',(-3.1E0,9.5E-1,0.E0));
#3296=VERTEX_POINT('',#3294);
#3297=VERTEX_POINT('',#3295);
#3298=CARTESIAN_POINT('',(-3.3E0,1.15E0,0.E0));
#3299=VERTEX_POINT('',#3298);
#3300=CARTESIAN_POINT('',(-4.35E0,1.15E0,0.E0));
#3301=VERTEX_POINT('',#3300);
#3302=CARTESIAN_POINT('',(-4.55E0,9.5E-1,0.E0));
#3303=VERTEX_POINT('',#3302);
#3304=CARTESIAN_POINT('',(-4.55E0,-9.5E-1,0.E0));
#3305=VERTEX_POINT('',#3304);
#3306=CARTESIAN_POINT('',(-4.525E0,-1.046824583655E0,-1.E0));
#3307=VERTEX_POINT('',#3306);
#3308=CARTESIAN_POINT('',(-3.212822021129E0,-1.13E0,-1.E0));
#3309=VERTEX_POINT('',#3308);
#3310=CARTESIAN_POINT('',(-4.437177978871E0,-1.13E0,-1.E0));
#3311=VERTEX_POINT('',#3310);
#3312=CARTESIAN_POINT('',(-3.125E0,-1.046824583655E0,-1.E0));
#3313=VERTEX_POINT('',#3312);
#3314=CARTESIAN_POINT('',(-4.625E0,3.648791737618E0,-2.796593300852E0));
#3315=CARTESIAN_POINT('',(-3.025E0,3.648791737618E0,-2.796593300852E0));
#3316=VERTEX_POINT('',#3314);
#3317=VERTEX_POINT('',#3315);
#3318=CARTESIAN_POINT('',(-4.625E0,-3.898210782645E0,-2.779559805094E0));
#3319=CARTESIAN_POINT('',(-3.025E0,-3.898210782645E0,-2.779559805094E0));
#3320=VERTEX_POINT('',#3318);
#3321=VERTEX_POINT('',#3319);
#3322=CARTESIAN_POINT('',(-4.625E0,-3.648791737618E0,-2.796593300852E0));
#3323=CARTESIAN_POINT('',(-3.025E0,-3.648791737618E0,-2.796593300852E0));
#3324=VERTEX_POINT('',#3322);
#3325=VERTEX_POINT('',#3323);
#3326=CARTESIAN_POINT('',(-4.625E0,-4.008203697628E0,-4.390170345920E0));
#3327=VERTEX_POINT('',#3326);
#3328=CARTESIAN_POINT('',(-4.625E0,-3.758784652601E0,-4.407203841678E0));
#3329=VERTEX_POINT('',#3328);
#3330=CARTESIAN_POINT('',(-3.025E0,-4.008203697628E0,-4.390170345920E0));
#3331=VERTEX_POINT('',#3330);
#3332=CARTESIAN_POINT('',(-3.025E0,-3.758784652601E0,-4.407203841678E0));
#3333=VERTEX_POINT('',#3332);
#3334=CARTESIAN_POINT('',(-3.975E0,-4.219419045027E0,-7.482966504257E0));
#3335=CARTESIAN_POINT('',(-3.675E0,-4.219419045027E0,-7.482966504257E0));
#3336=VERTEX_POINT('',#3334);
#3337=VERTEX_POINT('',#3335);
#3338=CARTESIAN_POINT('',(-3.975E0,-3.97E0,-7.500000000015E0));
#3339=CARTESIAN_POINT('',(-3.675E0,-3.97E0,-7.500000000015E0));
#3340=VERTEX_POINT('',#3338);
#3341=VERTEX_POINT('',#3339);
#3342=CARTESIAN_POINT('',(-3.975E0,-4.209198947572E0,-7.333315077241E0));
#3343=VERTEX_POINT('',#3342);
#3344=CARTESIAN_POINT('',(-4.125E0,-4.191497219522E0,-7.074111202223E0));
#3345=VERTEX_POINT('',#3344);
#3346=CARTESIAN_POINT('',(-4.125E0,-4.035457290841E0,-4.789240817963E0));
#3347=VERTEX_POINT('',#3346);
#3348=CARTESIAN_POINT('',(-4.525E0,-4.008203697628E0,-4.390170345920E0));
#3349=VERTEX_POINT('',#3348);
#3350=CARTESIAN_POINT('',(-3.125E0,-4.008203697628E0,-4.390170345920E0));
#3351=VERTEX_POINT('',#3350);
#3352=CARTESIAN_POINT('',(-3.525E0,-4.035457290841E0,-4.789240817963E0));
#3353=VERTEX_POINT('',#3352);
#3354=CARTESIAN_POINT('',(-3.525E0,-4.191497219522E0,-7.074111202223E0));
#3355=VERTEX_POINT('',#3354);
#3356=CARTESIAN_POINT('',(-3.675E0,-4.209198947572E0,-7.333315077241E0));
#3357=VERTEX_POINT('',#3356);
#3358=CARTESIAN_POINT('',(-3.975E0,-3.959779902545E0,-7.350348572999E0));
#3359=VERTEX_POINT('',#3358);
#3360=CARTESIAN_POINT('',(-4.125E0,-3.942078174495E0,-7.091144697981E0));
#3361=VERTEX_POINT('',#3360);
#3362=CARTESIAN_POINT('',(-4.125E0,-3.786038245814E0,-4.806274313721E0));
#3363=VERTEX_POINT('',#3362);
#3364=CARTESIAN_POINT('',(-4.525E0,-3.758784652601E0,-4.407203841678E0));
#3365=VERTEX_POINT('',#3364);
#3366=CARTESIAN_POINT('',(-3.125E0,-3.758784652601E0,-4.407203841678E0));
#3367=VERTEX_POINT('',#3366);
#3368=CARTESIAN_POINT('',(-3.525E0,-3.786038245814E0,-4.806274313721E0));
#3369=VERTEX_POINT('',#3368);
#3370=CARTESIAN_POINT('',(-3.525E0,-3.942078174495E0,-7.091144697981E0));
#3371=VERTEX_POINT('',#3370);
#3372=CARTESIAN_POINT('',(-3.675E0,-3.959779902545E0,-7.350348572999E0));
#3373=VERTEX_POINT('',#3372);
#3374=CARTESIAN_POINT('',(-4.625E0,3.758784652601E0,-4.407203841678E0));
#3375=CARTESIAN_POINT('',(-4.625E0,4.008203697628E0,-4.390170345920E0));
#3376=VERTEX_POINT('',#3374);
#3377=VERTEX_POINT('',#3375);
#3378=CARTESIAN_POINT('',(-3.025E0,3.758784652601E0,-4.407203841678E0));
#3379=CARTESIAN_POINT('',(-3.025E0,4.008203697628E0,-4.390170345920E0));
#3380=VERTEX_POINT('',#3378);
#3381=VERTEX_POINT('',#3379);
#3382=CARTESIAN_POINT('',(-4.525E0,3.758784652601E0,-4.407203841678E0));
#3383=VERTEX_POINT('',#3382);
#3384=CARTESIAN_POINT('',(-4.125E0,3.786038245814E0,-4.806274313721E0));
#3385=VERTEX_POINT('',#3384);
#3386=CARTESIAN_POINT('',(-4.125E0,3.942078174495E0,-7.091144697981E0));
#3387=VERTEX_POINT('',#3386);
#3388=CARTESIAN_POINT('',(-3.975E0,3.959779902545E0,-7.350348572999E0));
#3389=VERTEX_POINT('',#3388);
#3390=CARTESIAN_POINT('',(-3.975E0,3.97E0,-7.500000000015E0));
#3391=VERTEX_POINT('',#3390);
#3392=CARTESIAN_POINT('',(-3.125E0,3.758784652601E0,-4.407203841678E0));
#3393=VERTEX_POINT('',#3392);
#3394=CARTESIAN_POINT('',(-3.675E0,3.97E0,-7.500000000015E0));
#3395=CARTESIAN_POINT('',(-3.675E0,3.959779902545E0,-7.350348572999E0));
#3396=VERTEX_POINT('',#3394);
#3397=VERTEX_POINT('',#3395);
#3398=CARTESIAN_POINT('',(-3.525E0,3.942078174495E0,-7.091144697981E0));
#3399=VERTEX_POINT('',#3398);
#3400=CARTESIAN_POINT('',(-3.525E0,3.786038245814E0,-4.806274313721E0));
#3401=VERTEX_POINT('',#3400);
#3402=CARTESIAN_POINT('',(-3.975E0,4.219419045027E0,-7.482966504257E0));
#3403=VERTEX_POINT('',#3402);
#3404=CARTESIAN_POINT('',(-3.675E0,4.219419045027E0,-7.482966504257E0));
#3405=VERTEX_POINT('',#3404);
#3406=CARTESIAN_POINT('',(-4.525E0,4.008203697628E0,-4.390170345920E0));
#3407=VERTEX_POINT('',#3406);
#3408=CARTESIAN_POINT('',(-4.125E0,4.035457290841E0,-4.789240817963E0));
#3409=VERTEX_POINT('',#3408);
#3410=CARTESIAN_POINT('',(-4.125E0,4.191497219522E0,-7.074111202223E0));
#3411=VERTEX_POINT('',#3410);
#3412=CARTESIAN_POINT('',(-3.975E0,4.209198947572E0,-7.333315077241E0));
#3413=VERTEX_POINT('',#3412);
#3414=CARTESIAN_POINT('',(-3.125E0,4.008203697628E0,-4.390170345920E0));
#3415=VERTEX_POINT('',#3414);
#3416=CARTESIAN_POINT('',(-3.675E0,4.209198947572E0,-7.333315077241E0));
#3417=VERTEX_POINT('',#3416);
#3418=CARTESIAN_POINT('',(-3.525E0,4.191497219522E0,-7.074111202223E0));
#3419=VERTEX_POINT('',#3418);
#3420=CARTESIAN_POINT('',(-3.525E0,4.035457290841E0,-4.789240817963E0));
#3421=VERTEX_POINT('',#3420);
#3422=CARTESIAN_POINT('',(-3.229815558566E0,-1.8E-1,1.E0));
#3423=CARTESIAN_POINT('',(-3.125E0,-1.8E-1,-1.E0));
#3424=VERTEX_POINT('',#3422);
#3425=VERTEX_POINT('',#3423);
#3426=VERTEX_POINT('',#631);
#3427=CARTESIAN_POINT('',(-3.175068617300E0,-1.3E-1,-1.E0));
#3428=VERTEX_POINT('',#3427);
#3429=VERTEX_POINT('',#633);
#3430=VERTEX_POINT('',#637);
#3431=CARTESIAN_POINT('',(-3.148013158464E0,-1.08E0,-5.608827777265E-1));
#3432=VERTEX_POINT('',#3431);
#3433=CARTESIAN_POINT('',(-3.212822021129E0,-1.13E0,-2.796221411063E-1));
#3434=VERTEX_POINT('',#3433);
#3435=CARTESIAN_POINT('',(-4.420184441434E0,-1.08E0,1.E0));
#3436=CARTESIAN_POINT('',(-4.501986841536E0,-1.08E0,-5.608827777264E-1));
#3437=VERTEX_POINT('',#3435);
#3438=VERTEX_POINT('',#3436);
#3439=VERTEX_POINT('',#643);
#3440=CARTESIAN_POINT('',(-4.437177978871E0,-1.13E0,-2.796221411063E-1));
#3441=VERTEX_POINT('',#3440);
#3442=VERTEX_POINT('',#649);
#3443=VERTEX_POINT('',#653);
#3444=CARTESIAN_POINT('',(-4.525E0,-1.8E-1,-1.E0));
#3445=VERTEX_POINT('',#3444);
#3446=CARTESIAN_POINT('',(-4.474931382700E0,-1.3E-1,-1.E0));
#3447=VERTEX_POINT('',#3446);
#3448=CARTESIAN_POINT('',(-1.81E0,-1.15E0,-1.E0));
#3449=CARTESIAN_POINT('',(-7.6E-1,-1.15E0,-1.E0));
#3450=VERTEX_POINT('',#3448);
#3451=VERTEX_POINT('',#3449);
#3452=CARTESIAN_POINT('',(-5.6E-1,-9.5E-1,-1.E0));
#3453=CARTESIAN_POINT('',(-5.6E-1,9.5E-1,-1.E0));
#3454=VERTEX_POINT('',#3452);
#3455=VERTEX_POINT('',#3453);
#3456=CARTESIAN_POINT('',(-7.6E-1,1.15E0,-1.E0));
#3457=VERTEX_POINT('',#3456);
#3458=CARTESIAN_POINT('',(-1.81E0,1.15E0,-1.E0));
#3459=VERTEX_POINT('',#3458);
#3460=CARTESIAN_POINT('',(-2.01E0,9.5E-1,-1.E0));
#3461=VERTEX_POINT('',#3460);
#3462=CARTESIAN_POINT('',(-2.01E0,-9.5E-1,-1.E0));
#3463=VERTEX_POINT('',#3462);
#3464=CARTESIAN_POINT('',(-2.01E0,-9.5E-1,0.E0));
#3465=VERTEX_POINT('',#3464);
#3466=CARTESIAN_POINT('',(-1.81E0,-1.15E0,0.E0));
#3467=VERTEX_POINT('',#3466);
#3468=CARTESIAN_POINT('',(-7.6E-1,-1.15E0,0.E0));
#3469=VERTEX_POINT('',#3468);
#3470=CARTESIAN_POINT('',(-5.6E-1,-9.5E-1,0.E0));
#3471=VERTEX_POINT('',#3470);
#3472=CARTESIAN_POINT('',(-5.6E-1,9.5E-1,0.E0));
#3473=VERTEX_POINT('',#3472);
#3474=CARTESIAN_POINT('',(-7.6E-1,1.15E0,0.E0));
#3475=VERTEX_POINT('',#3474);
#3476=CARTESIAN_POINT('',(-1.81E0,1.15E0,0.E0));
#3477=VERTEX_POINT('',#3476);
#3478=CARTESIAN_POINT('',(-2.01E0,9.5E-1,0.E0));
#3479=VERTEX_POINT('',#3478);
#3480=CARTESIAN_POINT('',(-2.085E0,3.898210782645E0,-2.779559805094E0));
#3481=CARTESIAN_POINT('',(-4.85E-1,3.898210782645E0,-2.779559805094E0));
#3482=VERTEX_POINT('',#3480);
#3483=VERTEX_POINT('',#3481);
#3484=CARTESIAN_POINT('',(-2.085E0,3.649547543398E0,-2.504304837016E0));
#3485=VERTEX_POINT('',#3484);
#3486=CARTESIAN_POINT('',(-4.85E-1,3.649547543398E0,-2.504304837016E0));
#3487=VERTEX_POINT('',#3486);
#3488=CARTESIAN_POINT('',(-2.085E0,3.648791737618E0,-2.796593300852E0));
#3489=CARTESIAN_POINT('',(-4.85E-1,3.648791737618E0,-2.796593300852E0));
#3490=VERTEX_POINT('',#3488);
#3491=VERTEX_POINT('',#3489);
#3492=CARTESIAN_POINT('',(-2.085E0,-3.898210782645E0,-2.779559805094E0));
#3493=CARTESIAN_POINT('',(-4.85E-1,-3.898210782645E0,-2.779559805094E0));
#3494=VERTEX_POINT('',#3492);
#3495=VERTEX_POINT('',#3493);
#3496=CARTESIAN_POINT('',(-2.085E0,-3.648791737618E0,-2.796593300852E0));
#3497=CARTESIAN_POINT('',(-4.85E-1,-3.648791737618E0,-2.796593300852E0));
#3498=VERTEX_POINT('',#3496);
#3499=VERTEX_POINT('',#3497);
#3500=CARTESIAN_POINT('',(-2.085E0,3.623069621657E0,-2.756225434452E0));
#3501=VERTEX_POINT('',#3500);
#3502=CARTESIAN_POINT('',(-2.085E0,-3.649547543398E0,-2.504304837016E0));
#3503=VERTEX_POINT('',#3502);
#3504=CARTESIAN_POINT('',(-2.085E0,-3.623069621657E0,-2.756225434452E0));
#3505=VERTEX_POINT('',#3504);
#3506=CARTESIAN_POINT('',(-4.85E-1,3.623069621657E0,-2.756225434452E0));
#3507=VERTEX_POINT('',#3506);
#3508=CARTESIAN_POINT('',(-4.85E-1,-3.649547543398E0,-2.504304837016E0));
#3509=VERTEX_POINT('',#3508);
#3510=CARTESIAN_POINT('',(-4.85E-1,-3.623069621657E0,-2.756225434452E0));
#3511=VERTEX_POINT('',#3510);
#3512=CARTESIAN_POINT('',(-1.435E0,-4.209198947572E0,-7.333315077241E0));
#3513=CARTESIAN_POINT('',(-1.435E0,-3.959779902545E0,-7.350348572999E0));
#3514=VERTEX_POINT('',#3512);
#3515=VERTEX_POINT('',#3513);
#3516=CARTESIAN_POINT('',(-1.585E0,-4.191497219522E0,-7.074111202223E0));
#3517=CARTESIAN_POINT('',(-1.585E0,-3.942078174495E0,-7.091144697981E0));
#3518=VERTEX_POINT('',#3516);
#3519=VERTEX_POINT('',#3517);
#3520=CARTESIAN_POINT('',(-1.585E0,-4.035457290841E0,-4.789240817963E0));
#3521=CARTESIAN_POINT('',(-1.585E0,-3.786038245814E0,-4.806274313721E0));
#3522=VERTEX_POINT('',#3520);
#3523=VERTEX_POINT('',#3521);
#3524=CARTESIAN_POINT('',(-1.985E0,-4.008203697628E0,-4.390170345920E0));
#3525=CARTESIAN_POINT('',(-1.985E0,-3.758784652601E0,-4.407203841678E0));
#3526=VERTEX_POINT('',#3524);
#3527=VERTEX_POINT('',#3525);
#3528=CARTESIAN_POINT('',(-5.85E-1,-4.008203697628E0,-4.390170345920E0));
#3529=CARTESIAN_POINT('',(-5.85E-1,-3.758784652601E0,-4.407203841678E0));
#3530=VERTEX_POINT('',#3528);
#3531=VERTEX_POINT('',#3529);
#3532=CARTESIAN_POINT('',(-9.85E-1,-4.035457290841E0,-4.789240817963E0));
#3533=CARTESIAN_POINT('',(-9.85E-1,-3.786038245814E0,-4.806274313721E0));
#3534=VERTEX_POINT('',#3532);
#3535=VERTEX_POINT('',#3533);
#3536=CARTESIAN_POINT('',(-9.85E-1,-4.191497219522E0,-7.074111202223E0));
#3537=CARTESIAN_POINT('',(-9.85E-1,-3.942078174495E0,-7.091144697981E0));
#3538=VERTEX_POINT('',#3536);
#3539=VERTEX_POINT('',#3537);
#3540=CARTESIAN_POINT('',(-1.135E0,-4.209198947572E0,-7.333315077241E0));
#3541=CARTESIAN_POINT('',(-1.135E0,-3.959779902545E0,-7.350348572999E0));
#3542=VERTEX_POINT('',#3540);
#3543=VERTEX_POINT('',#3541);
#3544=CARTESIAN_POINT('',(-1.985E0,4.008203697628E0,-4.390170345920E0));
#3545=CARTESIAN_POINT('',(-1.985E0,3.758784652601E0,-4.407203841678E0));
#3546=VERTEX_POINT('',#3544);
#3547=VERTEX_POINT('',#3545);
#3548=CARTESIAN_POINT('',(-1.585E0,4.035457290841E0,-4.789240817963E0));
#3549=CARTESIAN_POINT('',(-1.585E0,3.786038245814E0,-4.806274313721E0));
#3550=VERTEX_POINT('',#3548);
#3551=VERTEX_POINT('',#3549);
#3552=CARTESIAN_POINT('',(-1.585E0,4.191497219522E0,-7.074111202223E0));
#3553=CARTESIAN_POINT('',(-1.585E0,3.942078174495E0,-7.091144697981E0));
#3554=VERTEX_POINT('',#3552);
#3555=VERTEX_POINT('',#3553);
#3556=CARTESIAN_POINT('',(-1.435E0,4.209198947572E0,-7.333315077241E0));
#3557=CARTESIAN_POINT('',(-1.435E0,3.959779902545E0,-7.350348572999E0));
#3558=VERTEX_POINT('',#3556);
#3559=VERTEX_POINT('',#3557);
#3560=CARTESIAN_POINT('',(-5.85E-1,4.008203697628E0,-4.390170345920E0));
#3561=CARTESIAN_POINT('',(-5.85E-1,3.758784652601E0,-4.407203841678E0));
#3562=VERTEX_POINT('',#3560);
#3563=VERTEX_POINT('',#3561);
#3564=CARTESIAN_POINT('',(-1.135E0,4.209198947572E0,-7.333315077241E0));
#3565=CARTESIAN_POINT('',(-1.135E0,3.959779902545E0,-7.350348572999E0));
#3566=VERTEX_POINT('',#3564);
#3567=VERTEX_POINT('',#3565);
#3568=CARTESIAN_POINT('',(-9.85E-1,4.191497219522E0,-7.074111202223E0));
#3569=CARTESIAN_POINT('',(-9.85E-1,3.942078174495E0,-7.091144697981E0));
#3570=VERTEX_POINT('',#3568);
#3571=VERTEX_POINT('',#3569);
#3572=CARTESIAN_POINT('',(-9.85E-1,4.035457290841E0,-4.789240817963E0));
#3573=CARTESIAN_POINT('',(-9.85E-1,3.786038245814E0,-4.806274313721E0));
#3574=VERTEX_POINT('',#3572);
#3575=VERTEX_POINT('',#3573);
#3576=CARTESIAN_POINT('',(-6.728220211292E-1,-1.13E0,-1.E0));
#3577=CARTESIAN_POINT('',(-1.897177978871E0,-1.13E0,-1.E0));
#3578=VERTEX_POINT('',#3576);
#3579=VERTEX_POINT('',#3577);
#3580=CARTESIAN_POINT('',(-1.985E0,-1.046824583655E0,-1.E0));
#3581=VERTEX_POINT('',#3580);
#3582=CARTESIAN_POINT('',(-5.85E-1,-1.046824583655E0,-1.E0));
#3583=VERTEX_POINT('',#3582);
#3584=CARTESIAN_POINT('',(-2.085E0,-3.758784652601E0,-4.407203841678E0));
#3585=CARTESIAN_POINT('',(-2.085E0,-4.008203697628E0,-4.390170345920E0));
#3586=VERTEX_POINT('',#3584);
#3587=VERTEX_POINT('',#3585);
#3588=CARTESIAN_POINT('',(-4.85E-1,-3.758784652601E0,-4.407203841678E0));
#3589=CARTESIAN_POINT('',(-4.85E-1,-4.008203697628E0,-4.390170345920E0));
#3590=VERTEX_POINT('',#3588);
#3591=VERTEX_POINT('',#3589);
#3592=CARTESIAN_POINT('',(-1.435E0,-4.219419045027E0,-7.482966504257E0));
#3593=VERTEX_POINT('',#3592);
#3594=CARTESIAN_POINT('',(-1.135E0,-4.219419045027E0,-7.482966504257E0));
#3595=VERTEX_POINT('',#3594);
#3596=CARTESIAN_POINT('',(-1.435E0,-3.97E0,-7.500000000015E0));
#3597=VERTEX_POINT('',#3596);
#3598=CARTESIAN_POINT('',(-1.135E0,-3.97E0,-7.500000000015E0));
#3599=VERTEX_POINT('',#3598);
#3600=CARTESIAN_POINT('',(-2.085E0,3.758784652601E0,-4.407203841678E0));
#3601=CARTESIAN_POINT('',(-2.085E0,4.008203697628E0,-4.390170345920E0));
#3602=VERTEX_POINT('',#3600);
#3603=VERTEX_POINT('',#3601);
#3604=CARTESIAN_POINT('',(-4.85E-1,3.758784652601E0,-4.407203841678E0));
#3605=CARTESIAN_POINT('',(-4.85E-1,4.008203697628E0,-4.390170345920E0));
#3606=VERTEX_POINT('',#3604);
#3607=VERTEX_POINT('',#3605);
#3608=CARTESIAN_POINT('',(-1.435E0,3.97E0,-7.500000000015E0));
#3609=VERTEX_POINT('',#3608);
#3610=CARTESIAN_POINT('',(-1.135E0,3.97E0,-7.500000000015E0));
#3611=VERTEX_POINT('',#3610);
#3612=CARTESIAN_POINT('',(-1.435E0,4.219419045027E0,-7.482966504257E0));
#3613=VERTEX_POINT('',#3612);
#3614=CARTESIAN_POINT('',(-1.135E0,4.219419045027E0,-7.482966504257E0));
#3615=VERTEX_POINT('',#3614);
#3616=VERTEX_POINT('',#988);
#3617=VERTEX_POINT('',#992);
#3618=CARTESIAN_POINT('',(-6.080131584643E-1,-1.08E0,-5.608827777265E-1));
#3619=VERTEX_POINT('',#3618);
#3620=CARTESIAN_POINT('',(-6.728220211292E-1,-1.13E0,-2.796221411063E-1));
#3621=VERTEX_POINT('',#3620);
#3622=CARTESIAN_POINT('',(-6.898155585661E-1,-1.8E-1,1.E0));
#3623=CARTESIAN_POINT('',(-5.85E-1,-1.8E-1,-1.E0));
#3624=VERTEX_POINT('',#3622);
#3625=VERTEX_POINT('',#3623);
#3626=VERTEX_POINT('',#1014);
#3627=CARTESIAN_POINT('',(-6.350686172999E-1,-1.3E-1,-1.E0));
#3628=VERTEX_POINT('',#3627);
#3629=CARTESIAN_POINT('',(-1.880184441434E0,-1.08E0,1.E0));
#3630=CARTESIAN_POINT('',(-1.961986841536E0,-1.08E0,-5.608827777265E-1));
#3631=VERTEX_POINT('',#3629);
#3632=VERTEX_POINT('',#3630);
#3633=VERTEX_POINT('',#998);
#3634=CARTESIAN_POINT('',(-1.897177978871E0,-1.13E0,-2.796221411063E-1));
#3635=VERTEX_POINT('',#3634);
#3636=VERTEX_POINT('',#1004);
#3637=VERTEX_POINT('',#1008);
#3638=CARTESIAN_POINT('',(-1.985E0,-1.8E-1,-1.E0));
#3639=VERTEX_POINT('',#3638);
#3640=CARTESIAN_POINT('',(-1.934931382700E0,-1.3E-1,-1.E0));
#3641=VERTEX_POINT('',#3640);
#3642=CARTESIAN_POINT('',(7.3E-1,-1.15E0,-1.E0));
#3643=CARTESIAN_POINT('',(1.78E0,-1.15E0,-1.E0));
#3644=VERTEX_POINT('',#3642);
#3645=VERTEX_POINT('',#3643);
#3646=CARTESIAN_POINT('',(1.98E0,-9.5E-1,-1.E0));
#3647=CARTESIAN_POINT('',(1.98E0,9.5E-1,-1.E0));
#3648=VERTEX_POINT('',#3646);
#3649=VERTEX_POINT('',#3647);
#3650=CARTESIAN_POINT('',(1.78E0,1.15E0,-1.E0));
#3651=VERTEX_POINT('',#3650);
#3652=CARTESIAN_POINT('',(7.3E-1,1.15E0,-1.E0));
#3653=VERTEX_POINT('',#3652);
#3654=CARTESIAN_POINT('',(5.3E-1,9.5E-1,-1.E0));
#3655=VERTEX_POINT('',#3654);
#3656=CARTESIAN_POINT('',(5.3E-1,-9.5E-1,-1.E0));
#3657=VERTEX_POINT('',#3656);
#3658=CARTESIAN_POINT('',(5.3E-1,-9.5E-1,0.E0));
#3659=VERTEX_POINT('',#3658);
#3660=CARTESIAN_POINT('',(7.3E-1,-1.15E0,0.E0));
#3661=VERTEX_POINT('',#3660);
#3662=CARTESIAN_POINT('',(1.78E0,-1.15E0,0.E0));
#3663=VERTEX_POINT('',#3662);
#3664=CARTESIAN_POINT('',(1.98E0,-9.5E-1,0.E0));
#3665=VERTEX_POINT('',#3664);
#3666=CARTESIAN_POINT('',(1.98E0,9.5E-1,0.E0));
#3667=VERTEX_POINT('',#3666);
#3668=CARTESIAN_POINT('',(1.78E0,1.15E0,0.E0));
#3669=VERTEX_POINT('',#3668);
#3670=CARTESIAN_POINT('',(7.3E-1,1.15E0,0.E0));
#3671=VERTEX_POINT('',#3670);
#3672=CARTESIAN_POINT('',(5.3E-1,9.5E-1,0.E0));
#3673=VERTEX_POINT('',#3672);
#3674=CARTESIAN_POINT('',(4.55E-1,3.898210782645E0,-2.779559805094E0));
#3675=CARTESIAN_POINT('',(2.055E0,3.898210782645E0,-2.779559805094E0));
#3676=VERTEX_POINT('',#3674);
#3677=VERTEX_POINT('',#3675);
#3678=CARTESIAN_POINT('',(4.55E-1,3.649547543398E0,-2.504304837016E0));
#3679=VERTEX_POINT('',#3678);
#3680=CARTESIAN_POINT('',(2.055E0,3.649547543398E0,-2.504304837016E0));
#3681=VERTEX_POINT('',#3680);
#3682=CARTESIAN_POINT('',(4.55E-1,3.648791737618E0,-2.796593300852E0));
#3683=CARTESIAN_POINT('',(2.055E0,3.648791737618E0,-2.796593300852E0));
#3684=VERTEX_POINT('',#3682);
#3685=VERTEX_POINT('',#3683);
#3686=CARTESIAN_POINT('',(4.55E-1,-3.898210782645E0,-2.779559805094E0));
#3687=CARTESIAN_POINT('',(2.055E0,-3.898210782645E0,-2.779559805094E0));
#3688=VERTEX_POINT('',#3686);
#3689=VERTEX_POINT('',#3687);
#3690=CARTESIAN_POINT('',(4.55E-1,-3.648791737618E0,-2.796593300852E0));
#3691=CARTESIAN_POINT('',(2.055E0,-3.648791737618E0,-2.796593300852E0));
#3692=VERTEX_POINT('',#3690);
#3693=VERTEX_POINT('',#3691);
#3694=CARTESIAN_POINT('',(4.55E-1,3.623069621657E0,-2.756225434452E0));
#3695=VERTEX_POINT('',#3694);
#3696=CARTESIAN_POINT('',(4.55E-1,-3.649547543398E0,-2.504304837016E0));
#3697=VERTEX_POINT('',#3696);
#3698=CARTESIAN_POINT('',(4.55E-1,-3.623069621657E0,-2.756225434452E0));
#3699=VERTEX_POINT('',#3698);
#3700=CARTESIAN_POINT('',(2.055E0,3.623069621657E0,-2.756225434452E0));
#3701=VERTEX_POINT('',#3700);
#3702=CARTESIAN_POINT('',(2.055E0,-3.649547543398E0,-2.504304837016E0));
#3703=VERTEX_POINT('',#3702);
#3704=CARTESIAN_POINT('',(2.055E0,-3.623069621657E0,-2.756225434452E0));
#3705=VERTEX_POINT('',#3704);
#3706=CARTESIAN_POINT('',(1.105E0,-4.209198947572E0,-7.333315077241E0));
#3707=CARTESIAN_POINT('',(1.105E0,-3.959779902545E0,-7.350348572999E0));
#3708=VERTEX_POINT('',#3706);
#3709=VERTEX_POINT('',#3707);
#3710=CARTESIAN_POINT('',(9.55E-1,-4.191497219522E0,-7.074111202223E0));
#3711=CARTESIAN_POINT('',(9.55E-1,-3.942078174495E0,-7.091144697981E0));
#3712=VERTEX_POINT('',#3710);
#3713=VERTEX_POINT('',#3711);
#3714=CARTESIAN_POINT('',(9.55E-1,-4.035457290841E0,-4.789240817963E0));
#3715=CARTESIAN_POINT('',(9.55E-1,-3.786038245814E0,-4.806274313721E0));
#3716=VERTEX_POINT('',#3714);
#3717=VERTEX_POINT('',#3715);
#3718=CARTESIAN_POINT('',(5.55E-1,-4.008203697628E0,-4.390170345920E0));
#3719=CARTESIAN_POINT('',(5.55E-1,-3.758784652601E0,-4.407203841678E0));
#3720=VERTEX_POINT('',#3718);
#3721=VERTEX_POINT('',#3719);
#3722=CARTESIAN_POINT('',(1.955E0,-4.008203697628E0,-4.390170345920E0));
#3723=CARTESIAN_POINT('',(1.955E0,-3.758784652601E0,-4.407203841678E0));
#3724=VERTEX_POINT('',#3722);
#3725=VERTEX_POINT('',#3723);
#3726=CARTESIAN_POINT('',(1.555E0,-4.035457290841E0,-4.789240817963E0));
#3727=CARTESIAN_POINT('',(1.555E0,-3.786038245814E0,-4.806274313721E0));
#3728=VERTEX_POINT('',#3726);
#3729=VERTEX_POINT('',#3727);
#3730=CARTESIAN_POINT('',(1.555E0,-4.191497219522E0,-7.074111202223E0));
#3731=CARTESIAN_POINT('',(1.555E0,-3.942078174495E0,-7.091144697981E0));
#3732=VERTEX_POINT('',#3730);
#3733=VERTEX_POINT('',#3731);
#3734=CARTESIAN_POINT('',(1.405E0,-4.209198947572E0,-7.333315077241E0));
#3735=CARTESIAN_POINT('',(1.405E0,-3.959779902545E0,-7.350348572999E0));
#3736=VERTEX_POINT('',#3734);
#3737=VERTEX_POINT('',#3735);
#3738=CARTESIAN_POINT('',(5.55E-1,4.008203697628E0,-4.390170345920E0));
#3739=CARTESIAN_POINT('',(5.55E-1,3.758784652601E0,-4.407203841678E0));
#3740=VERTEX_POINT('',#3738);
#3741=VERTEX_POINT('',#3739);
#3742=CARTESIAN_POINT('',(9.55E-1,4.035457290841E0,-4.789240817963E0));
#3743=CARTESIAN_POINT('',(9.55E-1,3.786038245814E0,-4.806274313721E0));
#3744=VERTEX_POINT('',#3742);
#3745=VERTEX_POINT('',#3743);
#3746=CARTESIAN_POINT('',(9.55E-1,4.191497219522E0,-7.074111202223E0));
#3747=CARTESIAN_POINT('',(9.55E-1,3.942078174495E0,-7.091144697981E0));
#3748=VERTEX_POINT('',#3746);
#3749=VERTEX_POINT('',#3747);
#3750=CARTESIAN_POINT('',(1.105E0,4.209198947572E0,-7.333315077241E0));
#3751=CARTESIAN_POINT('',(1.105E0,3.959779902545E0,-7.350348572999E0));
#3752=VERTEX_POINT('',#3750);
#3753=VERTEX_POINT('',#3751);
#3754=CARTESIAN_POINT('',(1.955E0,4.008203697628E0,-4.390170345920E0));
#3755=CARTESIAN_POINT('',(1.955E0,3.758784652601E0,-4.407203841678E0));
#3756=VERTEX_POINT('',#3754);
#3757=VERTEX_POINT('',#3755);
#3758=CARTESIAN_POINT('',(1.405E0,4.209198947572E0,-7.333315077241E0));
#3759=CARTESIAN_POINT('',(1.405E0,3.959779902545E0,-7.350348572999E0));
#3760=VERTEX_POINT('',#3758);
#3761=VERTEX_POINT('',#3759);
#3762=CARTESIAN_POINT('',(1.555E0,4.191497219522E0,-7.074111202223E0));
#3763=CARTESIAN_POINT('',(1.555E0,3.942078174495E0,-7.091144697981E0));
#3764=VERTEX_POINT('',#3762);
#3765=VERTEX_POINT('',#3763);
#3766=CARTESIAN_POINT('',(1.555E0,4.035457290841E0,-4.789240817963E0));
#3767=CARTESIAN_POINT('',(1.555E0,3.786038245814E0,-4.806274313721E0));
#3768=VERTEX_POINT('',#3766);
#3769=VERTEX_POINT('',#3767);
#3770=CARTESIAN_POINT('',(3.27E0,-1.15E0,-1.E0));
#3771=CARTESIAN_POINT('',(4.32E0,-1.15E0,-1.E0));
#3772=VERTEX_POINT('',#3770);
#3773=VERTEX_POINT('',#3771);
#3774=CARTESIAN_POINT('',(4.52E0,-9.5E-1,-1.E0));
#3775=CARTESIAN_POINT('',(4.52E0,9.5E-1,-1.E0));
#3776=VERTEX_POINT('',#3774);
#3777=VERTEX_POINT('',#3775);
#3778=CARTESIAN_POINT('',(4.32E0,1.15E0,-1.E0));
#3779=VERTEX_POINT('',#3778);
#3780=CARTESIAN_POINT('',(3.27E0,1.15E0,-1.E0));
#3781=VERTEX_POINT('',#3780);
#3782=CARTESIAN_POINT('',(3.07E0,9.5E-1,-1.E0));
#3783=VERTEX_POINT('',#3782);
#3784=CARTESIAN_POINT('',(3.07E0,-9.5E-1,-1.E0));
#3785=VERTEX_POINT('',#3784);
#3786=CARTESIAN_POINT('',(3.07E0,-9.5E-1,0.E0));
#3787=VERTEX_POINT('',#3786);
#3788=CARTESIAN_POINT('',(3.27E0,-1.15E0,0.E0));
#3789=VERTEX_POINT('',#3788);
#3790=CARTESIAN_POINT('',(4.32E0,-1.15E0,0.E0));
#3791=VERTEX_POINT('',#3790);
#3792=CARTESIAN_POINT('',(4.52E0,-9.5E-1,0.E0));
#3793=VERTEX_POINT('',#3792);
#3794=CARTESIAN_POINT('',(4.52E0,9.5E-1,0.E0));
#3795=VERTEX_POINT('',#3794);
#3796=CARTESIAN_POINT('',(4.32E0,1.15E0,0.E0));
#3797=VERTEX_POINT('',#3796);
#3798=CARTESIAN_POINT('',(3.27E0,1.15E0,0.E0));
#3799=VERTEX_POINT('',#3798);
#3800=CARTESIAN_POINT('',(3.07E0,9.5E-1,0.E0));
#3801=VERTEX_POINT('',#3800);
#3802=CARTESIAN_POINT('',(2.995E0,3.898210782645E0,-2.779559805094E0));
#3803=CARTESIAN_POINT('',(4.595E0,3.898210782645E0,-2.779559805094E0));
#3804=VERTEX_POINT('',#3802);
#3805=VERTEX_POINT('',#3803);
#3806=CARTESIAN_POINT('',(2.995E0,3.649547543398E0,-2.504304837016E0));
#3807=VERTEX_POINT('',#3806);
#3808=CARTESIAN_POINT('',(4.595E0,3.649547543398E0,-2.504304837016E0));
#3809=VERTEX_POINT('',#3808);
#3810=CARTESIAN_POINT('',(2.995E0,3.648791737618E0,-2.796593300852E0));
#3811=CARTESIAN_POINT('',(4.595E0,3.648791737618E0,-2.796593300852E0));
#3812=VERTEX_POINT('',#3810);
#3813=VERTEX_POINT('',#3811);
#3814=CARTESIAN_POINT('',(2.995E0,-3.898210782645E0,-2.779559805094E0));
#3815=CARTESIAN_POINT('',(4.595E0,-3.898210782645E0,-2.779559805094E0));
#3816=VERTEX_POINT('',#3814);
#3817=VERTEX_POINT('',#3815);
#3818=CARTESIAN_POINT('',(2.995E0,-3.648791737618E0,-2.796593300852E0));
#3819=CARTESIAN_POINT('',(4.595E0,-3.648791737618E0,-2.796593300852E0));
#3820=VERTEX_POINT('',#3818);
#3821=VERTEX_POINT('',#3819);
#3822=CARTESIAN_POINT('',(2.995E0,3.623069621657E0,-2.756225434452E0));
#3823=VERTEX_POINT('',#3822);
#3824=CARTESIAN_POINT('',(2.995E0,-3.649547543398E0,-2.504304837016E0));
#3825=VERTEX_POINT('',#3824);
#3826=CARTESIAN_POINT('',(2.995E0,-3.623069621657E0,-2.756225434452E0));
#3827=VERTEX_POINT('',#3826);
#3828=CARTESIAN_POINT('',(4.595E0,3.623069621657E0,-2.756225434452E0));
#3829=VERTEX_POINT('',#3828);
#3830=CARTESIAN_POINT('',(4.595E0,-3.649547543398E0,-2.504304837016E0));
#3831=VERTEX_POINT('',#3830);
#3832=CARTESIAN_POINT('',(4.595E0,-3.623069621657E0,-2.756225434452E0));
#3833=VERTEX_POINT('',#3832);
#3834=CARTESIAN_POINT('',(3.645E0,-4.209198947572E0,-7.333315077241E0));
#3835=CARTESIAN_POINT('',(3.645E0,-3.959779902545E0,-7.350348572999E0));
#3836=VERTEX_POINT('',#3834);
#3837=VERTEX_POINT('',#3835);
#3838=CARTESIAN_POINT('',(3.495E0,-4.191497219522E0,-7.074111202223E0));
#3839=CARTESIAN_POINT('',(3.495E0,-3.942078174495E0,-7.091144697981E0));
#3840=VERTEX_POINT('',#3838);
#3841=VERTEX_POINT('',#3839);
#3842=CARTESIAN_POINT('',(3.495E0,-4.035457290841E0,-4.789240817963E0));
#3843=CARTESIAN_POINT('',(3.495E0,-3.786038245814E0,-4.806274313721E0));
#3844=VERTEX_POINT('',#3842);
#3845=VERTEX_POINT('',#3843);
#3846=CARTESIAN_POINT('',(3.095E0,-4.008203697628E0,-4.390170345920E0));
#3847=CARTESIAN_POINT('',(3.095E0,-3.758784652601E0,-4.407203841678E0));
#3848=VERTEX_POINT('',#3846);
#3849=VERTEX_POINT('',#3847);
#3850=CARTESIAN_POINT('',(4.495E0,-4.008203697628E0,-4.390170345920E0));
#3851=CARTESIAN_POINT('',(4.495E0,-3.758784652601E0,-4.407203841678E0));
#3852=VERTEX_POINT('',#3850);
#3853=VERTEX_POINT('',#3851);
#3854=CARTESIAN_POINT('',(4.095E0,-4.035457290841E0,-4.789240817963E0));
#3855=CARTESIAN_POINT('',(4.095E0,-3.786038245814E0,-4.806274313721E0));
#3856=VERTEX_POINT('',#3854);
#3857=VERTEX_POINT('',#3855);
#3858=CARTESIAN_POINT('',(4.095E0,-4.191497219522E0,-7.074111202223E0));
#3859=CARTESIAN_POINT('',(4.095E0,-3.942078174495E0,-7.091144697981E0));
#3860=VERTEX_POINT('',#3858);
#3861=VERTEX_POINT('',#3859);
#3862=CARTESIAN_POINT('',(3.945E0,-4.209198947572E0,-7.333315077241E0));
#3863=CARTESIAN_POINT('',(3.945E0,-3.959779902545E0,-7.350348572999E0));
#3864=VERTEX_POINT('',#3862);
#3865=VERTEX_POINT('',#3863);
#3866=CARTESIAN_POINT('',(3.095E0,4.008203697628E0,-4.390170345920E0));
#3867=CARTESIAN_POINT('',(3.095E0,3.758784652601E0,-4.407203841678E0));
#3868=VERTEX_POINT('',#3866);
#3869=VERTEX_POINT('',#3867);
#3870=CARTESIAN_POINT('',(3.495E0,4.035457290841E0,-4.789240817963E0));
#3871=CARTESIAN_POINT('',(3.495E0,3.786038245814E0,-4.806274313721E0));
#3872=VERTEX_POINT('',#3870);
#3873=VERTEX_POINT('',#3871);
#3874=CARTESIAN_POINT('',(3.495E0,4.191497219522E0,-7.074111202223E0));
#3875=CARTESIAN_POINT('',(3.495E0,3.942078174495E0,-7.091144697981E0));
#3876=VERTEX_POINT('',#3874);
#3877=VERTEX_POINT('',#3875);
#3878=CARTESIAN_POINT('',(3.645E0,4.209198947572E0,-7.333315077241E0));
#3879=CARTESIAN_POINT('',(3.645E0,3.959779902545E0,-7.350348572999E0));
#3880=VERTEX_POINT('',#3878);
#3881=VERTEX_POINT('',#3879);
#3882=CARTESIAN_POINT('',(4.495E0,4.008203697628E0,-4.390170345920E0));
#3883=CARTESIAN_POINT('',(4.495E0,3.758784652601E0,-4.407203841678E0));
#3884=VERTEX_POINT('',#3882);
#3885=VERTEX_POINT('',#3883);
#3886=CARTESIAN_POINT('',(3.945E0,4.209198947572E0,-7.333315077241E0));
#3887=CARTESIAN_POINT('',(3.945E0,3.959779902545E0,-7.350348572999E0));
#3888=VERTEX_POINT('',#3886);
#3889=VERTEX_POINT('',#3887);
#3890=CARTESIAN_POINT('',(4.095E0,4.191497219522E0,-7.074111202223E0));
#3891=CARTESIAN_POINT('',(4.095E0,3.942078174495E0,-7.091144697981E0));
#3892=VERTEX_POINT('',#3890);
#3893=VERTEX_POINT('',#3891);
#3894=CARTESIAN_POINT('',(4.095E0,4.035457290841E0,-4.789240817963E0));
#3895=CARTESIAN_POINT('',(4.095E0,3.786038245814E0,-4.806274313721E0));
#3896=VERTEX_POINT('',#3894);
#3897=VERTEX_POINT('',#3895);
#3898=CARTESIAN_POINT('',(1.867177978871E0,-1.13E0,-1.E0));
#3899=CARTESIAN_POINT('',(6.428220211292E-1,-1.13E0,-1.E0));
#3900=VERTEX_POINT('',#3898);
#3901=VERTEX_POINT('',#3899);
#3902=CARTESIAN_POINT('',(5.55E-1,-1.046824583655E0,-1.E0));
#3903=VERTEX_POINT('',#3902);
#3904=CARTESIAN_POINT('',(1.955E0,-1.046824583655E0,-1.E0));
#3905=VERTEX_POINT('',#3904);
#3906=CARTESIAN_POINT('',(4.55E-1,-3.758784652601E0,-4.407203841678E0));
#3907=CARTESIAN_POINT('',(4.55E-1,-4.008203697628E0,-4.390170345920E0));
#3908=VERTEX_POINT('',#3906);
#3909=VERTEX_POINT('',#3907);
#3910=CARTESIAN_POINT('',(2.055E0,-3.758784652601E0,-4.407203841678E0));
#3911=CARTESIAN_POINT('',(2.055E0,-4.008203697628E0,-4.390170345920E0));
#3912=VERTEX_POINT('',#3910);
#3913=VERTEX_POINT('',#3911);
#3914=CARTESIAN_POINT('',(1.105E0,-4.219419045027E0,-7.482966504257E0));
#3915=VERTEX_POINT('',#3914);
#3916=CARTESIAN_POINT('',(1.405E0,-4.219419045027E0,-7.482966504257E0));
#3917=VERTEX_POINT('',#3916);
#3918=CARTESIAN_POINT('',(1.105E0,-3.97E0,-7.500000000015E0));
#3919=VERTEX_POINT('',#3918);
#3920=CARTESIAN_POINT('',(1.405E0,-3.97E0,-7.500000000015E0));
#3921=VERTEX_POINT('',#3920);
#3922=CARTESIAN_POINT('',(4.55E-1,3.758784652601E0,-4.407203841678E0));
#3923=CARTESIAN_POINT('',(4.55E-1,4.008203697628E0,-4.390170345920E0));
#3924=VERTEX_POINT('',#3922);
#3925=VERTEX_POINT('',#3923);
#3926=CARTESIAN_POINT('',(2.055E0,3.758784652601E0,-4.407203841678E0));
#3927=CARTESIAN_POINT('',(2.055E0,4.008203697628E0,-4.390170345920E0));
#3928=VERTEX_POINT('',#3926);
#3929=VERTEX_POINT('',#3927);
#3930=CARTESIAN_POINT('',(1.105E0,3.97E0,-7.500000000015E0));
#3931=VERTEX_POINT('',#3930);
#3932=CARTESIAN_POINT('',(1.405E0,3.97E0,-7.500000000015E0));
#3933=VERTEX_POINT('',#3932);
#3934=CARTESIAN_POINT('',(1.105E0,4.219419045027E0,-7.482966504257E0));
#3935=VERTEX_POINT('',#3934);
#3936=CARTESIAN_POINT('',(1.405E0,4.219419045027E0,-7.482966504257E0));
#3937=VERTEX_POINT('',#3936);
#3938=VERTEX_POINT('',#1349);
#3939=VERTEX_POINT('',#1353);
#3940=CARTESIAN_POINT('',(1.931986841536E0,-1.08E0,-5.608827777265E-1));
#3941=VERTEX_POINT('',#3940);
#3942=CARTESIAN_POINT('',(1.867177978871E0,-1.13E0,-2.796221411063E-1));
#3943=VERTEX_POINT('',#3942);
#3944=CARTESIAN_POINT('',(1.850184441434E0,-1.8E-1,1.E0));
#3945=CARTESIAN_POINT('',(1.955E0,-1.8E-1,-1.E0));
#3946=VERTEX_POINT('',#3944);
#3947=VERTEX_POINT('',#3945);
#3948=VERTEX_POINT('',#1375);
#3949=CARTESIAN_POINT('',(1.904931382700E0,-1.3E-1,-1.E0));
#3950=VERTEX_POINT('',#3949);
#3951=CARTESIAN_POINT('',(6.598155585661E-1,-1.08E0,1.E0));
#3952=CARTESIAN_POINT('',(5.780131584643E-1,-1.08E0,-5.608827777265E-1));
#3953=VERTEX_POINT('',#3951);
#3954=VERTEX_POINT('',#3952);
#3955=VERTEX_POINT('',#1359);
#3956=CARTESIAN_POINT('',(6.428220211292E-1,-1.13E0,-2.796221411063E-1));
#3957=VERTEX_POINT('',#3956);
#3958=VERTEX_POINT('',#1365);
#3959=VERTEX_POINT('',#1369);
#3960=CARTESIAN_POINT('',(5.55E-1,-1.8E-1,-1.E0));
#3961=VERTEX_POINT('',#3960);
#3962=CARTESIAN_POINT('',(6.050686172999E-1,-1.3E-1,-1.E0));
#3963=VERTEX_POINT('',#3962);
#3964=CARTESIAN_POINT('',(4.407177978871E0,-1.13E0,-1.E0));
#3965=CARTESIAN_POINT('',(3.182822021129E0,-1.13E0,-1.E0));
#3966=VERTEX_POINT('',#3964);
#3967=VERTEX_POINT('',#3965);
#3968=CARTESIAN_POINT('',(3.095E0,-1.046824583655E0,-1.E0));
#3969=VERTEX_POINT('',#3968);
#3970=CARTESIAN_POINT('',(4.495E0,-1.046824583655E0,-1.E0));
#3971=VERTEX_POINT('',#3970);
#3972=CARTESIAN_POINT('',(2.995E0,-3.758784652601E0,-4.407203841678E0));
#3973=CARTESIAN_POINT('',(2.995E0,-4.008203697628E0,-4.390170345920E0));
#3974=VERTEX_POINT('',#3972);
#3975=VERTEX_POINT('',#3973);
#3976=CARTESIAN_POINT('',(4.595E0,-3.758784652601E0,-4.407203841678E0));
#3977=CARTESIAN_POINT('',(4.595E0,-4.008203697628E0,-4.390170345920E0));
#3978=VERTEX_POINT('',#3976);
#3979=VERTEX_POINT('',#3977);
#3980=CARTESIAN_POINT('',(3.645E0,-4.219419045027E0,-7.482966504257E0));
#3981=VERTEX_POINT('',#3980);
#3982=CARTESIAN_POINT('',(3.945E0,-4.219419045027E0,-7.482966504257E0));
#3983=VERTEX_POINT('',#3982);
#3984=CARTESIAN_POINT('',(3.645E0,-3.97E0,-7.500000000015E0));
#3985=VERTEX_POINT('',#3984);
#3986=CARTESIAN_POINT('',(3.945E0,-3.97E0,-7.500000000015E0));
#3987=VERTEX_POINT('',#3986);
#3988=CARTESIAN_POINT('',(2.995E0,3.758784652601E0,-4.407203841678E0));
#3989=CARTESIAN_POINT('',(2.995E0,4.008203697628E0,-4.390170345920E0));
#3990=VERTEX_POINT('',#3988);
#3991=VERTEX_POINT('',#3989);
#3992=CARTESIAN_POINT('',(4.595E0,3.758784652601E0,-4.407203841678E0));
#3993=CARTESIAN_POINT('',(4.595E0,4.008203697628E0,-4.390170345920E0));
#3994=VERTEX_POINT('',#3992);
#3995=VERTEX_POINT('',#3993);
#3996=CARTESIAN_POINT('',(3.645E0,3.97E0,-7.500000000015E0));
#3997=VERTEX_POINT('',#3996);
#3998=CARTESIAN_POINT('',(3.945E0,3.97E0,-7.500000000015E0));
#3999=VERTEX_POINT('',#3998);
#4000=CARTESIAN_POINT('',(3.645E0,4.219419045027E0,-7.482966504257E0));
#4001=VERTEX_POINT('',#4000);
#4002=CARTESIAN_POINT('',(3.945E0,4.219419045027E0,-7.482966504257E0));
#4003=VERTEX_POINT('',#4002);
#4004=VERTEX_POINT('',#1710);
#4005=VERTEX_POINT('',#1714);
#4006=CARTESIAN_POINT('',(4.471986841536E0,-1.08E0,-5.608827777265E-1));
#4007=VERTEX_POINT('',#4006);
#4008=CARTESIAN_POINT('',(4.407177978871E0,-1.13E0,-2.796221411061E-1));
#4009=VERTEX_POINT('',#4008);
#4010=CARTESIAN_POINT('',(4.390184441434E0,-1.8E-1,1.E0));
#4011=CARTESIAN_POINT('',(4.495E0,-1.8E-1,-1.E0));
#4012=VERTEX_POINT('',#4010);
#4013=VERTEX_POINT('',#4011);
#4014=VERTEX_POINT('',#1736);
#4015=CARTESIAN_POINT('',(4.444931382700E0,-1.3E-1,-1.E0));
#4016=VERTEX_POINT('',#4015);
#4017=CARTESIAN_POINT('',(3.199815558566E0,-1.08E0,1.E0));
#4018=CARTESIAN_POINT('',(3.118013158464E0,-1.08E0,-5.608827777265E-1));
#4019=VERTEX_POINT('',#4017);
#4020=VERTEX_POINT('',#4018);
#4021=VERTEX_POINT('',#1720);
#4022=CARTESIAN_POINT('',(3.182822021129E0,-1.13E0,-2.796221411063E-1));
#4023=VERTEX_POINT('',#4022);
#4024=VERTEX_POINT('',#1726);
#4025=VERTEX_POINT('',#1730);
#4026=CARTESIAN_POINT('',(3.095E0,-1.8E-1,-1.E0));
#4027=VERTEX_POINT('',#4026);
#4028=CARTESIAN_POINT('',(3.145068617300E0,-1.3E-1,-1.E0));
#4029=VERTEX_POINT('',#4028);
#4030=CARTESIAN_POINT('',(-6.045E0,3.544895764735E0,-3.5E0));
#4031=DIRECTION('',(0.E0,9.945218953683E-1,-1.045284632678E-1));
#4032=DIRECTION('',(0.E0,1.045284632678E-1,9.945218953683E-1));
#4033=AXIS2_PLACEMENT_3D('',#4030,#4031,#4032);
#4034=PLANE('',#4033);
#4036=ORIENTED_EDGE('',*,*,#4035,.F.);
#4038=ORIENTED_EDGE('',*,*,#4037,.F.);
#4040=ORIENTED_EDGE('',*,*,#4039,.T.);
#4042=ORIENTED_EDGE('',*,*,#4041,.T.);
#4043=EDGE_LOOP('',(#4036,#4038,#4040,#4042));
#4044=FACE_OUTER_BOUND('',#4043,.F.);
#4046=ORIENTED_EDGE('',*,*,#4045,.F.);
#4048=ORIENTED_EDGE('',*,*,#4047,.T.);
#4050=ORIENTED_EDGE('',*,*,#4049,.T.);
#4052=ORIENTED_EDGE('',*,*,#4051,.F.);
#4053=EDGE_LOOP('',(#4046,#4048,#4050,#4052));
#4054=FACE_BOUND('',#4053,.F.);
#4056=ORIENTED_EDGE('',*,*,#4055,.T.);
#4058=ORIENTED_EDGE('',*,*,#4057,.T.);
#4060=ORIENTED_EDGE('',*,*,#4059,.F.);
#4062=ORIENTED_EDGE('',*,*,#4061,.F.);
#4063=EDGE_LOOP('',(#4056,#4058,#4060,#4062));
#4064=FACE_BOUND('',#4063,.F.);
#4066=ORIENTED_EDGE('',*,*,#4065,.T.);
#4068=ORIENTED_EDGE('',*,*,#4067,.T.);
#4070=ORIENTED_EDGE('',*,*,#4069,.F.);
#4072=ORIENTED_EDGE('',*,*,#4071,.F.);
#4073=EDGE_LOOP('',(#4066,#4068,#4070,#4072));
#4074=FACE_BOUND('',#4073,.F.);
#4076=ORIENTED_EDGE('',*,*,#4075,.T.);
#4078=ORIENTED_EDGE('',*,*,#4077,.T.);
#4080=ORIENTED_EDGE('',*,*,#4079,.F.);
#4082=ORIENTED_EDGE('',*,*,#4081,.F.);
#4083=EDGE_LOOP('',(#4076,#4078,#4080,#4082));
#4084=FACE_BOUND('',#4083,.F.);
#4086=CARTESIAN_POINT('',(-6.045E0,3.65E0,-2.500000000004E0));
#4087=DIRECTION('',(0.E0,0.E0,-1.E0));
#4088=DIRECTION('',(0.E0,1.E0,0.E0));
#4089=AXIS2_PLACEMENT_3D('',#4086,#4087,#4088);
#4090=PLANE('',#4089);
#4092=ORIENTED_EDGE('',*,*,#4091,.T.);
#4093=ORIENTED_EDGE('',*,*,#4035,.T.);
#4095=ORIENTED_EDGE('',*,*,#4094,.F.);
#4097=ORIENTED_EDGE('',*,*,#4096,.F.);
#4098=EDGE_LOOP('',(#4092,#4093,#4095,#4097));
#4099=FACE_OUTER_BOUND('',#4098,.F.);
#4101=CARTESIAN_POINT('',(-5.913980551792E0,-3.75E0,0.E0));
#4102=DIRECTION('',(9.986295347546E-1,0.E0,-5.233595624294E-2));
#4103=DIRECTION('',(-5.233595624294E-2,0.E0,-9.986295347546E-1));
#4104=AXIS2_PLACEMENT_3D('',#4101,#4102,#4103);
#4105=PLANE('',#4104);
#4106=ORIENTED_EDGE('',*,*,#4091,.F.);
#4108=ORIENTED_EDGE('',*,*,#4107,.T.);
#4110=ORIENTED_EDGE('',*,*,#4109,.T.);
#4112=ORIENTED_EDGE('',*,*,#4111,.T.);
#4114=ORIENTED_EDGE('',*,*,#4113,.F.);
#4116=ORIENTED_EDGE('',*,*,#4115,.T.);
#4117=EDGE_LOOP('',(#4106,#4108,#4110,#4112,#4114,#4116));
#4118=FACE_OUTER_BOUND('',#4117,.F.);
#4120=CARTESIAN_POINT('',(-6.045E0,3.75E0,-2.500000000004E0));
#4121=DIRECTION('',(0.E0,9.986295347546E-1,5.233595624310E-2));
#4122=DIRECTION('',(0.E0,-5.233595624310E-2,9.986295347546E-1));
#4123=AXIS2_PLACEMENT_3D('',#4120,#4121,#4122);
#4124=PLANE('',#4123);
#4125=ORIENTED_EDGE('',*,*,#4107,.F.);
#4126=ORIENTED_EDGE('',*,*,#4096,.T.);
#4128=ORIENTED_EDGE('',*,*,#4127,.T.);
#4130=ORIENTED_EDGE('',*,*,#4129,.F.);
#4131=EDGE_LOOP('',(#4125,#4126,#4128,#4130));
#4132=FACE_OUTER_BOUND('',#4131,.F.);
#4134=CARTESIAN_POINT('',(6.045E0,-3.75E0,-2.500000000004E0));
#4135=DIRECTION('',(-9.986295347546E-1,0.E0,-5.233595624294E-2));
#4136=DIRECTION('',(-5.233595624294E-2,0.E0,9.986295347546E-1));
#4137=AXIS2_PLACEMENT_3D('',#4134,#4135,#4136);
#4138=PLANE('',#4137);
#4139=ORIENTED_EDGE('',*,*,#4094,.T.);
#4141=ORIENTED_EDGE('',*,*,#4140,.F.);
#4143=ORIENTED_EDGE('',*,*,#4142,.T.);
#4145=ORIENTED_EDGE('',*,*,#4144,.F.);
#4147=ORIENTED_EDGE('',*,*,#4146,.F.);
#4148=ORIENTED_EDGE('',*,*,#4127,.F.);
#4149=EDGE_LOOP('',(#4139,#4141,#4143,#4145,#4147,#4148));
#4150=FACE_OUTER_BOUND('',#4149,.F.);
#4152=CARTESIAN_POINT('',(5.992592220717E0,-3.75E0,-3.5E0));
#4153=DIRECTION('',(-9.986295347546E-1,0.E0,5.233595624294E-2));
#4154=DIRECTION('',(5.233595624294E-2,0.E0,9.986295347546E-1));
#4155=AXIS2_PLACEMENT_3D('',#4152,#4153,#4154);
#4156=PLANE('',#4155);
#4158=ORIENTED_EDGE('',*,*,#4157,.F.);
#4160=ORIENTED_EDGE('',*,*,#4159,.F.);
#4161=ORIENTED_EDGE('',*,*,#4140,.T.);
#4162=ORIENTED_EDGE('',*,*,#4041,.F.);
#4163=EDGE_LOOP('',(#4158,#4160,#4161,#4162));
#4164=FACE_OUTER_BOUND('',#4163,.F.);
#4166=CARTESIAN_POINT('',(-6.045E0,-3.544895764735E0,-3.5E0));
#4167=DIRECTION('',(0.E0,0.E0,-1.E0));
#4168=DIRECTION('',(0.E0,1.E0,0.E0));
#4169=AXIS2_PLACEMENT_3D('',#4166,#4167,#4168);
#4170=PLANE('',#4169);
#4172=ORIENTED_EDGE('',*,*,#4171,.F.);
#4174=ORIENTED_EDGE('',*,*,#4173,.T.);
#4175=ORIENTED_EDGE('',*,*,#4157,.T.);
#4176=ORIENTED_EDGE('',*,*,#4039,.F.);
#4177=EDGE_LOOP('',(#4172,#4174,#4175,#4176));
#4178=FACE_OUTER_BOUND('',#4177,.F.);
#4180=CARTESIAN_POINT('',(-6.045E0,-3.75E0,-2.500000000004E0));
#4181=DIRECTION('',(9.986295347546E-1,0.E0,5.233595624294E-2));
#4182=DIRECTION('',(5.233595624294E-2,0.E0,-9.986295347546E-1));
#4183=AXIS2_PLACEMENT_3D('',#4180,#4181,#4182);
#4184=PLANE('',#4183);
#4185=ORIENTED_EDGE('',*,*,#4171,.T.);
#4186=ORIENTED_EDGE('',*,*,#4037,.T.);
#4187=ORIENTED_EDGE('',*,*,#4115,.F.);
#4189=ORIENTED_EDGE('',*,*,#4188,.T.);
#4190=EDGE_LOOP('',(#4185,#4186,#4187,#4189));
#4191=FACE_OUTER_BOUND('',#4190,.F.);
#4193=CARTESIAN_POINT('',(-6.045E0,-3.65E0,-2.500000000004E0));
#4194=DIRECTION('',(0.E0,-9.945218953683E-1,-1.045284632678E-1));
#4195=DIRECTION('',(0.E0,1.045284632678E-1,-9.945218953683E-1));
#4196=AXIS2_PLACEMENT_3D('',#4193,#4194,#4195);
#4197=PLANE('',#4196);
#4199=ORIENTED_EDGE('',*,*,#4198,.T.);
#4200=ORIENTED_EDGE('',*,*,#4159,.T.);
#4201=ORIENTED_EDGE('',*,*,#4173,.F.);
#4202=ORIENTED_EDGE('',*,*,#4188,.F.);
#4203=EDGE_LOOP('',(#4199,#4200,#4201,#4202));
#4204=FACE_OUTER_BOUND('',#4203,.F.);
#4206=ORIENTED_EDGE('',*,*,#4205,.T.);
#4208=ORIENTED_EDGE('',*,*,#4207,.T.);
#4210=ORIENTED_EDGE('',*,*,#4209,.F.);
#4212=ORIENTED_EDGE('',*,*,#4211,.F.);
#4213=EDGE_LOOP('',(#4206,#4208,#4210,#4212));
#4214=FACE_BOUND('',#4213,.F.);
#4216=ORIENTED_EDGE('',*,*,#4215,.F.);
#4218=ORIENTED_EDGE('',*,*,#4217,.T.);
#4220=ORIENTED_EDGE('',*,*,#4219,.T.);
#4222=ORIENTED_EDGE('',*,*,#4221,.F.);
#4223=EDGE_LOOP('',(#4216,#4218,#4220,#4222));
#4224=FACE_BOUND('',#4223,.F.);
#4226=ORIENTED_EDGE('',*,*,#4225,.F.);
#4228=ORIENTED_EDGE('',*,*,#4227,.T.);
#4230=ORIENTED_EDGE('',*,*,#4229,.T.);
#4232=ORIENTED_EDGE('',*,*,#4231,.F.);
#4233=EDGE_LOOP('',(#4226,#4228,#4230,#4232));
#4234=FACE_BOUND('',#4233,.F.);
#4236=ORIENTED_EDGE('',*,*,#4235,.F.);
#4238=ORIENTED_EDGE('',*,*,#4237,.T.);
#4240=ORIENTED_EDGE('',*,*,#4239,.T.);
#4242=ORIENTED_EDGE('',*,*,#4241,.F.);
#4243=EDGE_LOOP('',(#4236,#4238,#4240,#4242));
#4244=FACE_BOUND('',#4243,.F.);
#4246=CARTESIAN_POINT('',(-6.045E0,-3.75E0,-2.500000000004E0));
#4247=DIRECTION('',(0.E0,0.E0,-1.E0));
#4248=DIRECTION('',(0.E0,1.E0,0.E0));
#4249=AXIS2_PLACEMENT_3D('',#4246,#4247,#4248);
#4250=PLANE('',#4249);
#4251=ORIENTED_EDGE('',*,*,#4113,.T.);
#4253=ORIENTED_EDGE('',*,*,#4252,.T.);
#4254=ORIENTED_EDGE('',*,*,#4142,.F.);
#4255=ORIENTED_EDGE('',*,*,#4198,.F.);
#4256=EDGE_LOOP('',(#4251,#4253,#4254,#4255));
#4257=FACE_OUTER_BOUND('',#4256,.F.);
#4259=CARTESIAN_POINT('',(-6.045E0,-3.618980551792E0,0.E0));
#4260=DIRECTION('',(0.E0,-9.986295347546E-1,5.233595624310E-2));
#4261=DIRECTION('',(0.E0,-5.233595624310E-2,-9.986295347546E-1));
#4262=AXIS2_PLACEMENT_3D('',#4259,#4260,#4261);
#4263=PLANE('',#4262);
#4264=ORIENTED_EDGE('',*,*,#4111,.F.);
#4266=ORIENTED_EDGE('',*,*,#4265,.T.);
#4267=ORIENTED_EDGE('',*,*,#4144,.T.);
#4268=ORIENTED_EDGE('',*,*,#4252,.F.);
#4269=EDGE_LOOP('',(#4264,#4266,#4267,#4268));
#4270=FACE_OUTER_BOUND('',#4269,.F.);
#4272=CARTESIAN_POINT('',(-6.045E0,3.618980551792E0,0.E0));
#4273=DIRECTION('',(0.E0,0.E0,1.E0));
#4274=DIRECTION('',(0.E0,-1.E0,0.E0));
#4275=AXIS2_PLACEMENT_3D('',#4272,#4273,#4274);
#4276=PLANE('',#4275);
#4277=ORIENTED_EDGE('',*,*,#4109,.F.);
#4278=ORIENTED_EDGE('',*,*,#4129,.T.);
#4279=ORIENTED_EDGE('',*,*,#4146,.T.);
#4280=ORIENTED_EDGE('',*,*,#4265,.F.);
#4281=EDGE_LOOP('',(#4277,#4278,#4279,#4280));
#4282=FACE_OUTER_BOUND('',#4281,.F.);
#4284=ORIENTED_EDGE('',*,*,#4283,.F.);
#4286=ORIENTED_EDGE('',*,*,#4285,.T.);
#4288=ORIENTED_EDGE('',*,*,#4287,.F.);
#4290=ORIENTED_EDGE('',*,*,#4289,.T.);
#4292=ORIENTED_EDGE('',*,*,#4291,.T.);
#4294=ORIENTED_EDGE('',*,*,#4293,.T.);
#4296=ORIENTED_EDGE('',*,*,#4295,.T.);
#4298=ORIENTED_EDGE('',*,*,#4297,.T.);
#4299=EDGE_LOOP('',(#4284,#4286,#4288,#4290,#4292,#4294,#4296,#4298));
#4300=FACE_BOUND('',#4299,.F.);
#4302=ORIENTED_EDGE('',*,*,#4301,.F.);
#4304=ORIENTED_EDGE('',*,*,#4303,.T.);
#4306=ORIENTED_EDGE('',*,*,#4305,.F.);
#4308=ORIENTED_EDGE('',*,*,#4307,.T.);
#4310=ORIENTED_EDGE('',*,*,#4309,.T.);
#4312=ORIENTED_EDGE('',*,*,#4311,.T.);
#4314=ORIENTED_EDGE('',*,*,#4313,.T.);
#4316=ORIENTED_EDGE('',*,*,#4315,.T.);
#4317=EDGE_LOOP('',(#4302,#4304,#4306,#4308,#4310,#4312,#4314,#4316));
#4318=FACE_BOUND('',#4317,.F.);
#4320=ORIENTED_EDGE('',*,*,#4319,.F.);
#4322=ORIENTED_EDGE('',*,*,#4321,.T.);
#4324=ORIENTED_EDGE('',*,*,#4323,.F.);
#4326=ORIENTED_EDGE('',*,*,#4325,.T.);
#4328=ORIENTED_EDGE('',*,*,#4327,.T.);
#4330=ORIENTED_EDGE('',*,*,#4329,.T.);
#4332=ORIENTED_EDGE('',*,*,#4331,.T.);
#4334=ORIENTED_EDGE('',*,*,#4333,.T.);
#4335=EDGE_LOOP('',(#4320,#4322,#4324,#4326,#4328,#4330,#4332,#4334));
#4336=FACE_BOUND('',#4335,.F.);
#4338=ORIENTED_EDGE('',*,*,#4337,.F.);
#4340=ORIENTED_EDGE('',*,*,#4339,.T.);
#4342=ORIENTED_EDGE('',*,*,#4341,.F.);
#4344=ORIENTED_EDGE('',*,*,#4343,.T.);
#4346=ORIENTED_EDGE('',*,*,#4345,.T.);
#4348=ORIENTED_EDGE('',*,*,#4347,.T.);
#4350=ORIENTED_EDGE('',*,*,#4349,.T.);
#4352=ORIENTED_EDGE('',*,*,#4351,.T.);
#4353=EDGE_LOOP('',(#4338,#4340,#4342,#4344,#4346,#4348,#4350,#4352));
#4354=FACE_BOUND('',#4353,.F.);
#4356=CARTESIAN_POINT('',(-4.35E0,-9.5E-1,0.E0));
#4357=DIRECTION('',(0.E0,0.E0,1.E0));
#4358=DIRECTION('',(1.E0,0.E0,0.E0));
#4359=AXIS2_PLACEMENT_3D('',#4356,#4357,#4358);
#4360=CYLINDRICAL_SURFACE('',#4359,2.E-1);
#4361=ORIENTED_EDGE('',*,*,#4283,.T.);
#4363=ORIENTED_EDGE('',*,*,#4362,.T.);
#4365=ORIENTED_EDGE('',*,*,#4364,.T.);
#4367=ORIENTED_EDGE('',*,*,#4366,.T.);
#4369=ORIENTED_EDGE('',*,*,#4368,.F.);
#4371=ORIENTED_EDGE('',*,*,#4370,.F.);
#4373=ORIENTED_EDGE('',*,*,#4372,.T.);
#4375=ORIENTED_EDGE('',*,*,#4374,.F.);
#4376=EDGE_LOOP('',(#4361,#4363,#4365,#4367,#4369,#4371,#4373,#4375));
#4377=FACE_OUTER_BOUND('',#4376,.F.);
#4379=CARTESIAN_POINT('',(-4.55E0,9.5E-1,0.E0));
#4380=DIRECTION('',(-1.E0,0.E0,0.E0));
#4381=DIRECTION('',(0.E0,-1.E0,0.E0));
#4382=AXIS2_PLACEMENT_3D('',#4379,#4380,#4381);
#4383=PLANE('',#4382);
#4384=ORIENTED_EDGE('',*,*,#4297,.F.);
#4386=ORIENTED_EDGE('',*,*,#4385,.T.);
#4388=ORIENTED_EDGE('',*,*,#4387,.T.);
#4389=ORIENTED_EDGE('',*,*,#4362,.F.);
#4390=EDGE_LOOP('',(#4384,#4386,#4388,#4389));
#4391=FACE_OUTER_BOUND('',#4390,.F.);
#4393=CARTESIAN_POINT('',(-4.35E0,9.5E-1,0.E0));
#4394=DIRECTION('',(0.E0,0.E0,1.E0));
#4395=DIRECTION('',(1.E0,0.E0,0.E0));
#4396=AXIS2_PLACEMENT_3D('',#4393,#4394,#4395);
#4397=CYLINDRICAL_SURFACE('',#4396,2.E-1);
#4398=ORIENTED_EDGE('',*,*,#4295,.F.);
#4400=ORIENTED_EDGE('',*,*,#4399,.T.);
#4402=ORIENTED_EDGE('',*,*,#4401,.T.);
#4403=ORIENTED_EDGE('',*,*,#4385,.F.);
#4404=EDGE_LOOP('',(#4398,#4400,#4402,#4403));
#4405=FACE_OUTER_BOUND('',#4404,.F.);
#4407=CARTESIAN_POINT('',(-3.3E0,1.15E0,0.E0));
#4408=DIRECTION('',(0.E0,1.E0,0.E0));
#4409=DIRECTION('',(-1.E0,0.E0,0.E0));
#4410=AXIS2_PLACEMENT_3D('',#4407,#4408,#4409);
#4411=PLANE('',#4410);
#4412=ORIENTED_EDGE('',*,*,#4293,.F.);
#4414=ORIENTED_EDGE('',*,*,#4413,.T.);
#4416=ORIENTED_EDGE('',*,*,#4415,.T.);
#4417=ORIENTED_EDGE('',*,*,#4399,.F.);
#4418=EDGE_LOOP('',(#4412,#4414,#4416,#4417));
#4419=FACE_OUTER_BOUND('',#4418,.F.);
#4421=CARTESIAN_POINT('',(-3.3E0,9.5E-1,0.E0));
#4422=DIRECTION('',(0.E0,0.E0,1.E0));
#4423=DIRECTION('',(1.E0,0.E0,0.E0));
#4424=AXIS2_PLACEMENT_3D('',#4421,#4422,#4423);
#4425=CYLINDRICAL_SURFACE('',#4424,2.E-1);
#4426=ORIENTED_EDGE('',*,*,#4291,.F.);
#4428=ORIENTED_EDGE('',*,*,#4427,.T.);
#4430=ORIENTED_EDGE('',*,*,#4429,.T.);
#4431=ORIENTED_EDGE('',*,*,#4413,.F.);
#4432=EDGE_LOOP('',(#4426,#4428,#4430,#4431));
#4433=FACE_OUTER_BOUND('',#4432,.F.);
#4435=CARTESIAN_POINT('',(-3.1E0,-9.5E-1,0.E0));
#4436=DIRECTION('',(1.E0,0.E0,0.E0));
#4437=DIRECTION('',(0.E0,1.E0,0.E0));
#4438=AXIS2_PLACEMENT_3D('',#4435,#4436,#4437);
#4439=PLANE('',#4438);
#4440=ORIENTED_EDGE('',*,*,#4289,.F.);
#4442=ORIENTED_EDGE('',*,*,#4441,.T.);
#4444=ORIENTED_EDGE('',*,*,#4443,.T.);
#4445=ORIENTED_EDGE('',*,*,#4427,.F.);
#4446=EDGE_LOOP('',(#4440,#4442,#4444,#4445));
#4447=FACE_OUTER_BOUND('',#4446,.F.);
#4449=CARTESIAN_POINT('',(-3.3E0,-9.5E-1,0.E0));
#4450=DIRECTION('',(0.E0,0.E0,1.E0));
#4451=DIRECTION('',(1.E0,0.E0,0.E0));
#4452=AXIS2_PLACEMENT_3D('',#4449,#4450,#4451);
#4453=CYLINDRICAL_SURFACE('',#4452,2.E-1);
#4454=ORIENTED_EDGE('',*,*,#4287,.T.);
#4456=ORIENTED_EDGE('',*,*,#4455,.T.);
#4458=ORIENTED_EDGE('',*,*,#4457,.T.);
#4460=ORIENTED_EDGE('',*,*,#4459,.T.);
#4462=ORIENTED_EDGE('',*,*,#4461,.F.);
#4464=ORIENTED_EDGE('',*,*,#4463,.F.);
#4466=ORIENTED_EDGE('',*,*,#4465,.T.);
#4467=ORIENTED_EDGE('',*,*,#4441,.F.);
#4468=EDGE_LOOP('',(#4454,#4456,#4458,#4460,#4462,#4464,#4466,#4467));
#4469=FACE_OUTER_BOUND('',#4468,.F.);
#4471=CARTESIAN_POINT('',(-4.35E0,-1.15E0,0.E0));
#4472=DIRECTION('',(0.E0,-1.E0,0.E0));
#4473=DIRECTION('',(1.E0,0.E0,0.E0));
#4474=AXIS2_PLACEMENT_3D('',#4471,#4472,#4473);
#4475=PLANE('',#4474);
#4476=ORIENTED_EDGE('',*,*,#4285,.F.);
#4477=ORIENTED_EDGE('',*,*,#4374,.T.);
#4479=ORIENTED_EDGE('',*,*,#4478,.T.);
#4480=ORIENTED_EDGE('',*,*,#4455,.F.);
#4481=EDGE_LOOP('',(#4476,#4477,#4479,#4480));
#4482=FACE_OUTER_BOUND('',#4481,.F.);
#4484=CARTESIAN_POINT('',(-6.045E0,0.E0,-1.E0));
#4485=DIRECTION('',(0.E0,0.E0,1.E0));
#4486=DIRECTION('',(1.E0,0.E0,0.E0));
#4487=AXIS2_PLACEMENT_3D('',#4484,#4485,#4486);
#4488=PLANE('',#4487);
#4489=ORIENTED_EDGE('',*,*,#4457,.F.);
#4490=ORIENTED_EDGE('',*,*,#4478,.F.);
#4491=ORIENTED_EDGE('',*,*,#4372,.F.);
#4493=ORIENTED_EDGE('',*,*,#4492,.F.);
#4494=EDGE_LOOP('',(#4489,#4490,#4491,#4493));
#4495=FACE_OUTER_BOUND('',#4494,.F.);
#4497=CARTESIAN_POINT('',(-6.045E0,0.E0,-1.E0));
#4498=DIRECTION('',(0.E0,0.E0,1.E0));
#4499=DIRECTION('',(1.E0,0.E0,0.E0));
#4500=AXIS2_PLACEMENT_3D('',#4497,#4498,#4499);
#4501=PLANE('',#4500);
#4503=ORIENTED_EDGE('',*,*,#4502,.T.);
#4505=ORIENTED_EDGE('',*,*,#4504,.F.);
#4507=ORIENTED_EDGE('',*,*,#4506,.F.);
#4508=ORIENTED_EDGE('',*,*,#4364,.F.);
#4509=ORIENTED_EDGE('',*,*,#4387,.F.);
#4510=ORIENTED_EDGE('',*,*,#4401,.F.);
#4511=ORIENTED_EDGE('',*,*,#4415,.F.);
#4512=ORIENTED_EDGE('',*,*,#4429,.F.);
#4513=ORIENTED_EDGE('',*,*,#4443,.F.);
#4514=ORIENTED_EDGE('',*,*,#4465,.F.);
#4516=ORIENTED_EDGE('',*,*,#4515,.T.);
#4518=ORIENTED_EDGE('',*,*,#4517,.F.);
#4519=EDGE_LOOP('',(#4503,#4505,#4507,#4508,#4509,#4510,#4511,#4512,#4513,#4514,
#4516,#4518));
#4520=FACE_OUTER_BOUND('',#4519,.F.);
#4522=CARTESIAN_POINT('',(-4.35E0,-1.13E0,0.E0));
#4523=DIRECTION('',(0.E0,1.E0,0.E0));
#4524=DIRECTION('',(-1.E0,0.E0,0.E0));
#4525=AXIS2_PLACEMENT_3D('',#4522,#4523,#4524);
#4526=PLANE('',#4525);
#4528=ORIENTED_EDGE('',*,*,#4527,.F.);
#4529=ORIENTED_EDGE('',*,*,#4459,.F.);
#4530=ORIENTED_EDGE('',*,*,#4492,.T.);
#4531=ORIENTED_EDGE('',*,*,#4370,.T.);
#4533=ORIENTED_EDGE('',*,*,#4532,.F.);
#4535=ORIENTED_EDGE('',*,*,#4534,.F.);
#4536=EDGE_LOOP('',(#4528,#4529,#4530,#4531,#4533,#4535));
#4537=FACE_OUTER_BOUND('',#4536,.F.);
#4539=CARTESIAN_POINT('',(-2.253708412835E0,-1.08E0,-1.858060000003E1));
#4540=DIRECTION('',(-5.233595624294E-2,0.E0,9.986295347546E-1));
#4541=DIRECTION('',(0.E0,-1.E0,0.E0));
#4542=AXIS2_PLACEMENT_3D('',#4539,#4540,#4541);
#4543=CYLINDRICAL_SURFACE('',#4542,5.E-2);
#4545=ORIENTED_EDGE('',*,*,#4544,.T.);
#4547=ORIENTED_EDGE('',*,*,#4546,.F.);
#4548=ORIENTED_EDGE('',*,*,#4461,.T.);
#4549=ORIENTED_EDGE('',*,*,#4527,.T.);
#4550=EDGE_LOOP('',(#4545,#4547,#4548,#4549));
#4551=FACE_OUTER_BOUND('',#4550,.F.);
#4553=CARTESIAN_POINT('',(-4.420184441434E0,-1.3E-1,1.E0));
#4554=DIRECTION('',(0.E0,0.E0,1.E0));
#4555=DIRECTION('',(1.E0,0.E0,0.E0));
#4556=AXIS2_PLACEMENT_3D('',#4553,#4554,#4555);
#4557=PLANE('',#4556);
#4559=ORIENTED_EDGE('',*,*,#4558,.F.);
#4561=ORIENTED_EDGE('',*,*,#4560,.F.);
#4562=ORIENTED_EDGE('',*,*,#4544,.F.);
#4563=ORIENTED_EDGE('',*,*,#4534,.T.);
#4565=ORIENTED_EDGE('',*,*,#4564,.F.);
#4567=ORIENTED_EDGE('',*,*,#4566,.T.);
#4569=ORIENTED_EDGE('',*,*,#4568,.F.);
#4571=ORIENTED_EDGE('',*,*,#4570,.F.);
#4572=EDGE_LOOP('',(#4559,#4561,#4562,#4563,#4565,#4567,#4569,#4571));
#4573=FACE_OUTER_BOUND('',#4572,.F.);
#4575=CARTESIAN_POINT('',(-3.860593814991E0,-1.8E-1,1.208060000002E1));
#4576=DIRECTION('',(5.233595624294E-2,0.E0,-9.986295347546E-1));
#4577=DIRECTION('',(0.E0,1.E0,0.E0));
#4578=AXIS2_PLACEMENT_3D('',#4575,#4576,#4577);
#4579=CYLINDRICAL_SURFACE('',#4578,5.E-2);
#4581=ORIENTED_EDGE('',*,*,#4580,.F.);
#4582=ORIENTED_EDGE('',*,*,#4558,.T.);
#4584=ORIENTED_EDGE('',*,*,#4583,.T.);
#4585=ORIENTED_EDGE('',*,*,#4517,.T.);
#4586=EDGE_LOOP('',(#4581,#4582,#4584,#4585));
#4587=FACE_OUTER_BOUND('',#4586,.F.);
#4589=CARTESIAN_POINT('',(-3.229815558566E0,-1.3E-1,1.E0));
#4590=DIRECTION('',(9.986295347546E-1,0.E0,5.233595624294E-2));
#4591=DIRECTION('',(5.233595624294E-2,0.E0,-9.986295347546E-1));
#4592=AXIS2_PLACEMENT_3D('',#4589,#4590,#4591);
#4593=PLANE('',#4592);
#4594=ORIENTED_EDGE('',*,*,#4580,.T.);
#4595=ORIENTED_EDGE('',*,*,#4515,.F.);
#4596=ORIENTED_EDGE('',*,*,#4463,.T.);
#4597=ORIENTED_EDGE('',*,*,#4546,.T.);
#4598=ORIENTED_EDGE('',*,*,#4560,.T.);
#4599=EDGE_LOOP('',(#4594,#4595,#4596,#4597,#4598));
#4600=FACE_OUTER_BOUND('',#4599,.F.);
#4602=CARTESIAN_POINT('',(-6.045E0,-1.3E-1,-1.E0));
#4603=DIRECTION('',(0.E0,1.E0,0.E0));
#4604=DIRECTION('',(0.E0,0.E0,-1.E0));
#4605=AXIS2_PLACEMENT_3D('',#4602,#4603,#4604);
#4606=PLANE('',#4605);
#4607=ORIENTED_EDGE('',*,*,#4583,.F.);
#4608=ORIENTED_EDGE('',*,*,#4570,.T.);
#4610=ORIENTED_EDGE('',*,*,#4609,.F.);
#4611=ORIENTED_EDGE('',*,*,#4502,.F.);
#4612=EDGE_LOOP('',(#4607,#4608,#4610,#4611));
#4613=FACE_OUTER_BOUND('',#4612,.F.);
#4615=CARTESIAN_POINT('',(-5.396291587165E0,-1.8E-1,-1.858060000003E1));
#4616=DIRECTION('',(5.233595624294E-2,0.E0,9.986295347546E-1));
#4617=DIRECTION('',(1.771491305085E-14,1.E0,0.E0));
#4618=AXIS2_PLACEMENT_3D('',#4615,#4616,#4617);
#4619=CYLINDRICAL_SURFACE('',#4618,5.E-2);
#4620=ORIENTED_EDGE('',*,*,#4568,.T.);
#4622=ORIENTED_EDGE('',*,*,#4621,.F.);
#4623=ORIENTED_EDGE('',*,*,#4504,.T.);
#4624=ORIENTED_EDGE('',*,*,#4609,.T.);
#4625=EDGE_LOOP('',(#4620,#4622,#4623,#4624));
#4626=FACE_OUTER_BOUND('',#4625,.F.);
#4628=CARTESIAN_POINT('',(-4.525E0,-1.3E-1,-1.E0));
#4629=DIRECTION('',(-9.986295347546E-1,0.E0,5.233595624294E-2));
#4630=DIRECTION('',(5.233595624294E-2,0.E0,9.986295347546E-1));
#4631=AXIS2_PLACEMENT_3D('',#4628,#4629,#4630);
#4632=PLANE('',#4631);
#4634=ORIENTED_EDGE('',*,*,#4633,.T.);
#4635=ORIENTED_EDGE('',*,*,#4366,.F.);
#4636=ORIENTED_EDGE('',*,*,#4506,.T.);
#4637=ORIENTED_EDGE('',*,*,#4621,.T.);
#4638=ORIENTED_EDGE('',*,*,#4566,.F.);
#4639=EDGE_LOOP('',(#4634,#4635,#4636,#4637,#4638));
#4640=FACE_OUTER_BOUND('',#4639,.F.);
#4642=CARTESIAN_POINT('',(-3.789406185009E0,-1.08E0,1.208060000002E1));
#4643=DIRECTION('',(-5.233595624294E-2,0.E0,-9.986295347546E-1));
#4644=DIRECTION('',(0.E0,-1.E0,0.E0));
#4645=AXIS2_PLACEMENT_3D('',#4642,#4643,#4644);
#4646=CYLINDRICAL_SURFACE('',#4645,5.E-2);
#4647=ORIENTED_EDGE('',*,*,#4633,.F.);
#4648=ORIENTED_EDGE('',*,*,#4564,.T.);
#4649=ORIENTED_EDGE('',*,*,#4532,.T.);
#4650=ORIENTED_EDGE('',*,*,#4368,.T.);
#4651=EDGE_LOOP('',(#4647,#4648,#4649,#4650));
#4652=FACE_OUTER_BOUND('',#4651,.F.);
#4654=CARTESIAN_POINT('',(-1.81E0,-9.5E-1,0.E0));
#4655=DIRECTION('',(0.E0,0.E0,1.E0));
#4656=DIRECTION('',(1.E0,0.E0,0.E0));
#4657=AXIS2_PLACEMENT_3D('',#4654,#4655,#4656);
#4658=CYLINDRICAL_SURFACE('',#4657,2.E-1);
#4659=ORIENTED_EDGE('',*,*,#4301,.T.);
#4661=ORIENTED_EDGE('',*,*,#4660,.T.);
#4663=ORIENTED_EDGE('',*,*,#4662,.T.);
#4665=ORIENTED_EDGE('',*,*,#4664,.T.);
#4667=ORIENTED_EDGE('',*,*,#4666,.F.);
#4669=ORIENTED_EDGE('',*,*,#4668,.F.);
#4671=ORIENTED_EDGE('',*,*,#4670,.T.);
#4673=ORIENTED_EDGE('',*,*,#4672,.F.);
#4674=EDGE_LOOP('',(#4659,#4661,#4663,#4665,#4667,#4669,#4671,#4673));
#4675=FACE_OUTER_BOUND('',#4674,.F.);
#4677=CARTESIAN_POINT('',(-2.01E0,9.5E-1,0.E0));
#4678=DIRECTION('',(-1.E0,0.E0,0.E0));
#4679=DIRECTION('',(0.E0,-1.E0,0.E0));
#4680=AXIS2_PLACEMENT_3D('',#4677,#4678,#4679);
#4681=PLANE('',#4680);
#4682=ORIENTED_EDGE('',*,*,#4660,.F.);
#4683=ORIENTED_EDGE('',*,*,#4315,.F.);
#4685=ORIENTED_EDGE('',*,*,#4684,.T.);
#4687=ORIENTED_EDGE('',*,*,#4686,.T.);
#4688=EDGE_LOOP('',(#4682,#4683,#4685,#4687));
#4689=FACE_OUTER_BOUND('',#4688,.F.);
#4691=CARTESIAN_POINT('',(-1.81E0,9.5E-1,0.E0));
#4692=DIRECTION('',(0.E0,0.E0,1.E0));
#4693=DIRECTION('',(1.E0,0.E0,0.E0));
#4694=AXIS2_PLACEMENT_3D('',#4691,#4692,#4693);
#4695=CYLINDRICAL_SURFACE('',#4694,2.E-1);
#4697=ORIENTED_EDGE('',*,*,#4696,.T.);
#4699=ORIENTED_EDGE('',*,*,#4698,.T.);
#4700=ORIENTED_EDGE('',*,*,#4684,.F.);
#4701=ORIENTED_EDGE('',*,*,#4313,.F.);
#4702=EDGE_LOOP('',(#4697,#4699,#4700,#4701));
#4703=FACE_OUTER_BOUND('',#4702,.F.);
#4705=CARTESIAN_POINT('',(-7.6E-1,1.15E0,0.E0));
#4706=DIRECTION('',(0.E0,1.E0,0.E0));
#4707=DIRECTION('',(-1.E0,0.E0,0.E0));
#4708=AXIS2_PLACEMENT_3D('',#4705,#4706,#4707);
#4709=PLANE('',#4708);
#4711=ORIENTED_EDGE('',*,*,#4710,.T.);
#4713=ORIENTED_EDGE('',*,*,#4712,.T.);
#4714=ORIENTED_EDGE('',*,*,#4696,.F.);
#4715=ORIENTED_EDGE('',*,*,#4311,.F.);
#4716=EDGE_LOOP('',(#4711,#4713,#4714,#4715));
#4717=FACE_OUTER_BOUND('',#4716,.F.);
#4719=CARTESIAN_POINT('',(-7.6E-1,9.5E-1,0.E0));
#4720=DIRECTION('',(0.E0,0.E0,1.E0));
#4721=DIRECTION('',(1.E0,0.E0,0.E0));
#4722=AXIS2_PLACEMENT_3D('',#4719,#4720,#4721);
#4723=CYLINDRICAL_SURFACE('',#4722,2.E-1);
#4725=ORIENTED_EDGE('',*,*,#4724,.T.);
#4727=ORIENTED_EDGE('',*,*,#4726,.T.);
#4728=ORIENTED_EDGE('',*,*,#4710,.F.);
#4729=ORIENTED_EDGE('',*,*,#4309,.F.);
#4730=EDGE_LOOP('',(#4725,#4727,#4728,#4729));
#4731=FACE_OUTER_BOUND('',#4730,.F.);
#4733=CARTESIAN_POINT('',(-5.6E-1,-9.5E-1,0.E0));
#4734=DIRECTION('',(1.E0,0.E0,0.E0));
#4735=DIRECTION('',(0.E0,1.E0,0.E0));
#4736=AXIS2_PLACEMENT_3D('',#4733,#4734,#4735);
#4737=PLANE('',#4736);
#4739=ORIENTED_EDGE('',*,*,#4738,.T.);
#4741=ORIENTED_EDGE('',*,*,#4740,.T.);
#4742=ORIENTED_EDGE('',*,*,#4724,.F.);
#4743=ORIENTED_EDGE('',*,*,#4307,.F.);
#4744=EDGE_LOOP('',(#4739,#4741,#4742,#4743));
#4745=FACE_OUTER_BOUND('',#4744,.F.);
#4747=CARTESIAN_POINT('',(-7.6E-1,-9.5E-1,0.E0));
#4748=DIRECTION('',(0.E0,0.E0,1.E0));
#4749=DIRECTION('',(1.E0,0.E0,0.E0));
#4750=AXIS2_PLACEMENT_3D('',#4747,#4748,#4749);
#4751=CYLINDRICAL_SURFACE('',#4750,2.E-1);
#4752=ORIENTED_EDGE('',*,*,#4305,.T.);
#4754=ORIENTED_EDGE('',*,*,#4753,.T.);
#4756=ORIENTED_EDGE('',*,*,#4755,.T.);
#4758=ORIENTED_EDGE('',*,*,#4757,.T.);
#4760=ORIENTED_EDGE('',*,*,#4759,.F.);
#4762=ORIENTED_EDGE('',*,*,#4761,.T.);
#4764=ORIENTED_EDGE('',*,*,#4763,.T.);
#4765=ORIENTED_EDGE('',*,*,#4738,.F.);
#4766=EDGE_LOOP('',(#4752,#4754,#4756,#4758,#4760,#4762,#4764,#4765));
#4767=FACE_OUTER_BOUND('',#4766,.F.);
#4769=CARTESIAN_POINT('',(-1.81E0,-1.15E0,0.E0));
#4770=DIRECTION('',(0.E0,-1.E0,0.E0));
#4771=DIRECTION('',(1.E0,0.E0,0.E0));
#4772=AXIS2_PLACEMENT_3D('',#4769,#4770,#4771);
#4773=PLANE('',#4772);
#4774=ORIENTED_EDGE('',*,*,#4672,.T.);
#4776=ORIENTED_EDGE('',*,*,#4775,.T.);
#4777=ORIENTED_EDGE('',*,*,#4753,.F.);
#4778=ORIENTED_EDGE('',*,*,#4303,.F.);
#4779=EDGE_LOOP('',(#4774,#4776,#4777,#4778));
#4780=FACE_OUTER_BOUND('',#4779,.F.);
#4782=CARTESIAN_POINT('',(-3.505E0,0.E0,-1.E0));
#4783=DIRECTION('',(0.E0,0.E0,1.E0));
#4784=DIRECTION('',(1.E0,0.E0,0.E0));
#4785=AXIS2_PLACEMENT_3D('',#4782,#4783,#4784);
#4786=PLANE('',#4785);
#4788=ORIENTED_EDGE('',*,*,#4787,.F.);
#4789=ORIENTED_EDGE('',*,*,#4755,.F.);
#4790=ORIENTED_EDGE('',*,*,#4775,.F.);
#4791=ORIENTED_EDGE('',*,*,#4670,.F.);
#4792=EDGE_LOOP('',(#4788,#4789,#4790,#4791));
#4793=FACE_OUTER_BOUND('',#4792,.F.);
#4795=CARTESIAN_POINT('',(-3.505E0,0.E0,-1.E0));
#4796=DIRECTION('',(0.E0,0.E0,1.E0));
#4797=DIRECTION('',(1.E0,0.E0,0.E0));
#4798=AXIS2_PLACEMENT_3D('',#4795,#4796,#4797);
#4799=PLANE('',#4798);
#4801=ORIENTED_EDGE('',*,*,#4800,.T.);
#4803=ORIENTED_EDGE('',*,*,#4802,.F.);
#4805=ORIENTED_EDGE('',*,*,#4804,.F.);
#4806=ORIENTED_EDGE('',*,*,#4662,.F.);
#4807=ORIENTED_EDGE('',*,*,#4686,.F.);
#4808=ORIENTED_EDGE('',*,*,#4698,.F.);
#4809=ORIENTED_EDGE('',*,*,#4712,.F.);
#4810=ORIENTED_EDGE('',*,*,#4726,.F.);
#4811=ORIENTED_EDGE('',*,*,#4740,.F.);
#4812=ORIENTED_EDGE('',*,*,#4763,.F.);
#4814=ORIENTED_EDGE('',*,*,#4813,.T.);
#4816=ORIENTED_EDGE('',*,*,#4815,.F.);
#4817=EDGE_LOOP('',(#4801,#4803,#4805,#4806,#4807,#4808,#4809,#4810,#4811,#4812,
#4814,#4816));
#4818=FACE_OUTER_BOUND('',#4817,.F.);
#4820=CARTESIAN_POINT('',(-1.81E0,-1.13E0,0.E0));
#4821=DIRECTION('',(0.E0,1.E0,0.E0));
#4822=DIRECTION('',(-1.E0,0.E0,0.E0));
#4823=AXIS2_PLACEMENT_3D('',#4820,#4821,#4822);
#4824=PLANE('',#4823);
#4826=ORIENTED_EDGE('',*,*,#4825,.F.);
#4827=ORIENTED_EDGE('',*,*,#4757,.F.);
#4828=ORIENTED_EDGE('',*,*,#4787,.T.);
#4829=ORIENTED_EDGE('',*,*,#4668,.T.);
#4831=ORIENTED_EDGE('',*,*,#4830,.F.);
#4833=ORIENTED_EDGE('',*,*,#4832,.F.);
#4834=EDGE_LOOP('',(#4826,#4827,#4828,#4829,#4831,#4833));
#4835=FACE_OUTER_BOUND('',#4834,.F.);
#4837=CARTESIAN_POINT('',(2.864703636022E-1,-1.08E0,-1.858401125766E1));
#4838=DIRECTION('',(-5.233595624294E-2,0.E0,9.986295347546E-1));
#4839=DIRECTION('',(0.E0,-1.E0,0.E0));
#4840=AXIS2_PLACEMENT_3D('',#4837,#4838,#4839);
#4841=CYLINDRICAL_SURFACE('',#4840,5.E-2);
#4843=ORIENTED_EDGE('',*,*,#4842,.T.);
#4845=ORIENTED_EDGE('',*,*,#4844,.F.);
#4846=ORIENTED_EDGE('',*,*,#4759,.T.);
#4847=ORIENTED_EDGE('',*,*,#4825,.T.);
#4848=EDGE_LOOP('',(#4843,#4845,#4846,#4847));
#4849=FACE_OUTER_BOUND('',#4848,.F.);
#4851=CARTESIAN_POINT('',(-1.880184441434E0,-1.3E-1,1.E0));
#4852=DIRECTION('',(0.E0,0.E0,1.E0));
#4853=DIRECTION('',(1.E0,0.E0,0.E0));
#4854=AXIS2_PLACEMENT_3D('',#4851,#4852,#4853);
#4855=PLANE('',#4854);
#4856=ORIENTED_EDGE('',*,*,#4842,.F.);
#4857=ORIENTED_EDGE('',*,*,#4832,.T.);
#4859=ORIENTED_EDGE('',*,*,#4858,.F.);
#4861=ORIENTED_EDGE('',*,*,#4860,.T.);
#4863=ORIENTED_EDGE('',*,*,#4862,.F.);
#4865=ORIENTED_EDGE('',*,*,#4864,.F.);
#4867=ORIENTED_EDGE('',*,*,#4866,.F.);
#4869=ORIENTED_EDGE('',*,*,#4868,.F.);
#4870=EDGE_LOOP('',(#4856,#4857,#4859,#4861,#4863,#4865,#4867,#4869));
#4871=FACE_OUTER_BOUND('',#4870,.F.);
#4873=CARTESIAN_POINT('',(-1.249090268010E0,-1.08E0,1.208662805546E1));
#4874=DIRECTION('',(-5.233595624294E-2,0.E0,-9.986295347546E-1));
#4875=DIRECTION('',(0.E0,-1.E0,0.E0));
#4876=AXIS2_PLACEMENT_3D('',#4873,#4874,#4875);
#4877=CYLINDRICAL_SURFACE('',#4876,5.E-2);
#4879=ORIENTED_EDGE('',*,*,#4878,.F.);
#4880=ORIENTED_EDGE('',*,*,#4858,.T.);
#4881=ORIENTED_EDGE('',*,*,#4830,.T.);
#4882=ORIENTED_EDGE('',*,*,#4666,.T.);
#4883=EDGE_LOOP('',(#4879,#4880,#4881,#4882));
#4884=FACE_OUTER_BOUND('',#4883,.F.);
#4886=CARTESIAN_POINT('',(-1.985E0,-1.3E-1,-1.E0));
#4887=DIRECTION('',(-9.986295347546E-1,0.E0,5.233595624294E-2));
#4888=DIRECTION('',(5.233595624294E-2,0.E0,9.986295347546E-1));
#4889=AXIS2_PLACEMENT_3D('',#4886,#4887,#4888);
#4890=PLANE('',#4889);
#4891=ORIENTED_EDGE('',*,*,#4878,.T.);
#4892=ORIENTED_EDGE('',*,*,#4664,.F.);
#4893=ORIENTED_EDGE('',*,*,#4804,.T.);
#4895=ORIENTED_EDGE('',*,*,#4894,.T.);
#4896=ORIENTED_EDGE('',*,*,#4860,.F.);
#4897=EDGE_LOOP('',(#4891,#4892,#4893,#4895,#4896));
#4898=FACE_OUTER_BOUND('',#4897,.F.);
#4900=CARTESIAN_POINT('',(-2.856470363602E0,-1.8E-1,-1.858401125766E1));
#4901=DIRECTION('',(5.233595624294E-2,0.E0,9.986295347546E-1));
#4902=DIRECTION('',(0.E0,1.E0,0.E0));
#4903=AXIS2_PLACEMENT_3D('',#4900,#4901,#4902);
#4904=CYLINDRICAL_SURFACE('',#4903,5.E-2);
#4905=ORIENTED_EDGE('',*,*,#4862,.T.);
#4906=ORIENTED_EDGE('',*,*,#4894,.F.);
#4907=ORIENTED_EDGE('',*,*,#4802,.T.);
#4909=ORIENTED_EDGE('',*,*,#4908,.T.);
#4910=EDGE_LOOP('',(#4905,#4906,#4907,#4909));
#4911=FACE_OUTER_BOUND('',#4910,.F.);
#4913=CARTESIAN_POINT('',(-3.505E0,-1.3E-1,-1.E0));
#4914=DIRECTION('',(0.E0,1.E0,0.E0));
#4915=DIRECTION('',(0.E0,0.E0,-1.E0));
#4916=AXIS2_PLACEMENT_3D('',#4913,#4914,#4915);
#4917=PLANE('',#4916);
#4919=ORIENTED_EDGE('',*,*,#4918,.F.);
#4920=ORIENTED_EDGE('',*,*,#4864,.T.);
#4921=ORIENTED_EDGE('',*,*,#4908,.F.);
#4922=ORIENTED_EDGE('',*,*,#4800,.F.);
#4923=EDGE_LOOP('',(#4919,#4920,#4921,#4922));
#4924=FACE_OUTER_BOUND('',#4923,.F.);
#4926=CARTESIAN_POINT('',(-1.320909731990E0,-1.8E-1,1.208662805546E1));
#4927=DIRECTION('',(5.233595624294E-2,0.E0,-9.986295347546E-1));
#4928=DIRECTION('',(0.E0,1.E0,0.E0));
#4929=AXIS2_PLACEMENT_3D('',#4926,#4927,#4928);
#4930=CYLINDRICAL_SURFACE('',#4929,5.E-2);
#4932=ORIENTED_EDGE('',*,*,#4931,.F.);
#4933=ORIENTED_EDGE('',*,*,#4866,.T.);
#4934=ORIENTED_EDGE('',*,*,#4918,.T.);
#4935=ORIENTED_EDGE('',*,*,#4815,.T.);
#4936=EDGE_LOOP('',(#4932,#4933,#4934,#4935));
#4937=FACE_OUTER_BOUND('',#4936,.F.);
#4939=CARTESIAN_POINT('',(-6.898155585661E-1,-1.3E-1,1.E0));
#4940=DIRECTION('',(9.986295347546E-1,0.E0,5.233595624294E-2));
#4941=DIRECTION('',(5.233595624294E-2,0.E0,-9.986295347546E-1));
#4942=AXIS2_PLACEMENT_3D('',#4939,#4940,#4941);
#4943=PLANE('',#4942);
#4944=ORIENTED_EDGE('',*,*,#4844,.T.);
#4945=ORIENTED_EDGE('',*,*,#4868,.T.);
#4946=ORIENTED_EDGE('',*,*,#4931,.T.);
#4947=ORIENTED_EDGE('',*,*,#4813,.F.);
#4948=ORIENTED_EDGE('',*,*,#4761,.F.);
#4949=EDGE_LOOP('',(#4944,#4945,#4946,#4947,#4948));
#4950=FACE_OUTER_BOUND('',#4949,.F.);
#4952=CARTESIAN_POINT('',(7.3E-1,-9.5E-1,0.E0));
#4953=DIRECTION('',(0.E0,0.E0,1.E0));
#4954=DIRECTION('',(1.E0,0.E0,0.E0));
#4955=AXIS2_PLACEMENT_3D('',#4952,#4953,#4954);
#4956=CYLINDRICAL_SURFACE('',#4955,2.E-1);
#4957=ORIENTED_EDGE('',*,*,#4319,.T.);
#4959=ORIENTED_EDGE('',*,*,#4958,.T.);
#4961=ORIENTED_EDGE('',*,*,#4960,.T.);
#4963=ORIENTED_EDGE('',*,*,#4962,.T.);
#4965=ORIENTED_EDGE('',*,*,#4964,.F.);
#4967=ORIENTED_EDGE('',*,*,#4966,.F.);
#4969=ORIENTED_EDGE('',*,*,#4968,.T.);
#4971=ORIENTED_EDGE('',*,*,#4970,.F.);
#4972=EDGE_LOOP('',(#4957,#4959,#4961,#4963,#4965,#4967,#4969,#4971));
#4973=FACE_OUTER_BOUND('',#4972,.F.);
#4975=CARTESIAN_POINT('',(5.3E-1,9.5E-1,0.E0));
#4976=DIRECTION('',(-1.E0,0.E0,0.E0));
#4977=DIRECTION('',(0.E0,-1.E0,0.E0));
#4978=AXIS2_PLACEMENT_3D('',#4975,#4976,#4977);
#4979=PLANE('',#4978);
#4980=ORIENTED_EDGE('',*,*,#4958,.F.);
#4981=ORIENTED_EDGE('',*,*,#4333,.F.);
#4983=ORIENTED_EDGE('',*,*,#4982,.T.);
#4985=ORIENTED_EDGE('',*,*,#4984,.T.);
#4986=EDGE_LOOP('',(#4980,#4981,#4983,#4985));
#4987=FACE_OUTER_BOUND('',#4986,.F.);
#4989=CARTESIAN_POINT('',(7.3E-1,9.5E-1,0.E0));
#4990=DIRECTION('',(0.E0,0.E0,1.E0));
#4991=DIRECTION('',(1.E0,0.E0,0.E0));
#4992=AXIS2_PLACEMENT_3D('',#4989,#4990,#4991);
#4993=CYLINDRICAL_SURFACE('',#4992,2.E-1);
#4995=ORIENTED_EDGE('',*,*,#4994,.T.);
#4997=ORIENTED_EDGE('',*,*,#4996,.T.);
#4998=ORIENTED_EDGE('',*,*,#4982,.F.);
#4999=ORIENTED_EDGE('',*,*,#4331,.F.);
#5000=EDGE_LOOP('',(#4995,#4997,#4998,#4999));
#5001=FACE_OUTER_BOUND('',#5000,.F.);
#5003=CARTESIAN_POINT('',(1.78E0,1.15E0,0.E0));
#5004=DIRECTION('',(0.E0,1.E0,0.E0));
#5005=DIRECTION('',(-1.E0,0.E0,0.E0));
#5006=AXIS2_PLACEMENT_3D('',#5003,#5004,#5005);
#5007=PLANE('',#5006);
#5009=ORIENTED_EDGE('',*,*,#5008,.T.);
#5011=ORIENTED_EDGE('',*,*,#5010,.T.);
#5012=ORIENTED_EDGE('',*,*,#4994,.F.);
#5013=ORIENTED_EDGE('',*,*,#4329,.F.);
#5014=EDGE_LOOP('',(#5009,#5011,#5012,#5013));
#5015=FACE_OUTER_BOUND('',#5014,.F.);
#5017=CARTESIAN_POINT('',(1.78E0,9.5E-1,0.E0));
#5018=DIRECTION('',(0.E0,0.E0,1.E0));
#5019=DIRECTION('',(1.E0,0.E0,0.E0));
#5020=AXIS2_PLACEMENT_3D('',#5017,#5018,#5019);
#5021=CYLINDRICAL_SURFACE('',#5020,2.E-1);
#5023=ORIENTED_EDGE('',*,*,#5022,.T.);
#5025=ORIENTED_EDGE('',*,*,#5024,.T.);
#5026=ORIENTED_EDGE('',*,*,#5008,.F.);
#5027=ORIENTED_EDGE('',*,*,#4327,.F.);
#5028=EDGE_LOOP('',(#5023,#5025,#5026,#5027));
#5029=FACE_OUTER_BOUND('',#5028,.F.);
#5031=CARTESIAN_POINT('',(1.98E0,-9.5E-1,0.E0));
#5032=DIRECTION('',(1.E0,0.E0,0.E0));
#5033=DIRECTION('',(0.E0,1.E0,0.E0));
#5034=AXIS2_PLACEMENT_3D('',#5031,#5032,#5033);
#5035=PLANE('',#5034);
#5037=ORIENTED_EDGE('',*,*,#5036,.T.);
#5039=ORIENTED_EDGE('',*,*,#5038,.T.);
#5040=ORIENTED_EDGE('',*,*,#5022,.F.);
#5041=ORIENTED_EDGE('',*,*,#4325,.F.);
#5042=EDGE_LOOP('',(#5037,#5039,#5040,#5041));
#5043=FACE_OUTER_BOUND('',#5042,.F.);
#5045=CARTESIAN_POINT('',(1.78E0,-9.5E-1,0.E0));
#5046=DIRECTION('',(0.E0,0.E0,1.E0));
#5047=DIRECTION('',(1.E0,0.E0,0.E0));
#5048=AXIS2_PLACEMENT_3D('',#5045,#5046,#5047);
#5049=CYLINDRICAL_SURFACE('',#5048,2.E-1);
#5050=ORIENTED_EDGE('',*,*,#4323,.T.);
#5052=ORIENTED_EDGE('',*,*,#5051,.T.);
#5054=ORIENTED_EDGE('',*,*,#5053,.T.);
#5056=ORIENTED_EDGE('',*,*,#5055,.T.);
#5058=ORIENTED_EDGE('',*,*,#5057,.F.);
#5060=ORIENTED_EDGE('',*,*,#5059,.T.);
#5062=ORIENTED_EDGE('',*,*,#5061,.T.);
#5063=ORIENTED_EDGE('',*,*,#5036,.F.);
#5064=EDGE_LOOP('',(#5050,#5052,#5054,#5056,#5058,#5060,#5062,#5063));
#5065=FACE_OUTER_BOUND('',#5064,.F.);
#5067=CARTESIAN_POINT('',(7.3E-1,-1.15E0,0.E0));
#5068=DIRECTION('',(0.E0,-1.E0,0.E0));
#5069=DIRECTION('',(1.E0,0.E0,0.E0));
#5070=AXIS2_PLACEMENT_3D('',#5067,#5068,#5069);
#5071=PLANE('',#5070);
#5072=ORIENTED_EDGE('',*,*,#4970,.T.);
#5074=ORIENTED_EDGE('',*,*,#5073,.T.);
#5075=ORIENTED_EDGE('',*,*,#5051,.F.);
#5076=ORIENTED_EDGE('',*,*,#4321,.F.);
#5077=EDGE_LOOP('',(#5072,#5074,#5075,#5076));
#5078=FACE_OUTER_BOUND('',#5077,.F.);
#5080=CARTESIAN_POINT('',(-9.65E-1,0.E0,-1.E0));
#5081=DIRECTION('',(0.E0,0.E0,1.E0));
#5082=DIRECTION('',(1.E0,0.E0,0.E0));
#5083=AXIS2_PLACEMENT_3D('',#5080,#5081,#5082);
#5084=PLANE('',#5083);
#5086=ORIENTED_EDGE('',*,*,#5085,.F.);
#5087=ORIENTED_EDGE('',*,*,#5053,.F.);
#5088=ORIENTED_EDGE('',*,*,#5073,.F.);
#5089=ORIENTED_EDGE('',*,*,#4968,.F.);
#5090=EDGE_LOOP('',(#5086,#5087,#5088,#5089));
#5091=FACE_OUTER_BOUND('',#5090,.F.);
#5093=CARTESIAN_POINT('',(-9.65E-1,0.E0,-1.E0));
#5094=DIRECTION('',(0.E0,0.E0,1.E0));
#5095=DIRECTION('',(1.E0,0.E0,0.E0));
#5096=AXIS2_PLACEMENT_3D('',#5093,#5094,#5095);
#5097=PLANE('',#5096);
#5099=ORIENTED_EDGE('',*,*,#5098,.T.);
#5101=ORIENTED_EDGE('',*,*,#5100,.F.);
#5103=ORIENTED_EDGE('',*,*,#5102,.F.);
#5104=ORIENTED_EDGE('',*,*,#4960,.F.);
#5105=ORIENTED_EDGE('',*,*,#4984,.F.);
#5106=ORIENTED_EDGE('',*,*,#4996,.F.);
#5107=ORIENTED_EDGE('',*,*,#5010,.F.);
#5108=ORIENTED_EDGE('',*,*,#5024,.F.);
#5109=ORIENTED_EDGE('',*,*,#5038,.F.);
#5110=ORIENTED_EDGE('',*,*,#5061,.F.);
#5112=ORIENTED_EDGE('',*,*,#5111,.T.);
#5114=ORIENTED_EDGE('',*,*,#5113,.F.);
#5115=EDGE_LOOP('',(#5099,#5101,#5103,#5104,#5105,#5106,#5107,#5108,#5109,#5110,
#5112,#5114));
#5116=FACE_OUTER_BOUND('',#5115,.F.);
#5118=CARTESIAN_POINT('',(7.3E-1,-1.13E0,0.E0));
#5119=DIRECTION('',(0.E0,1.E0,0.E0));
#5120=DIRECTION('',(-1.E0,0.E0,0.E0));
#5121=AXIS2_PLACEMENT_3D('',#5118,#5119,#5120);
#5122=PLANE('',#5121);
#5124=ORIENTED_EDGE('',*,*,#5123,.F.);
#5125=ORIENTED_EDGE('',*,*,#5055,.F.);
#5126=ORIENTED_EDGE('',*,*,#5085,.T.);
#5127=ORIENTED_EDGE('',*,*,#4966,.T.);
#5129=ORIENTED_EDGE('',*,*,#5128,.F.);
#5131=ORIENTED_EDGE('',*,*,#5130,.F.);
#5132=EDGE_LOOP('',(#5124,#5125,#5126,#5127,#5129,#5131));
#5133=FACE_OUTER_BOUND('',#5132,.F.);
#5135=CARTESIAN_POINT('',(2.826470363602E0,-1.08E0,-1.858401125766E1));
#5136=DIRECTION('',(-5.233595624294E-2,0.E0,9.986295347546E-1));
#5137=DIRECTION('',(0.E0,-1.E0,0.E0));
#5138=AXIS2_PLACEMENT_3D('',#5135,#5136,#5137);
#5139=CYLINDRICAL_SURFACE('',#5138,5.E-2);
#5141=ORIENTED_EDGE('',*,*,#5140,.T.);
#5143=ORIENTED_EDGE('',*,*,#5142,.F.);
#5144=ORIENTED_EDGE('',*,*,#5057,.T.);
#5145=ORIENTED_EDGE('',*,*,#5123,.T.);
#5146=EDGE_LOOP('',(#5141,#5143,#5144,#5145));
#5147=FACE_OUTER_BOUND('',#5146,.F.);
#5149=CARTESIAN_POINT('',(6.598155585661E-1,-1.3E-1,1.E0));
#5150=DIRECTION('',(0.E0,0.E0,1.E0));
#5151=DIRECTION('',(1.E0,0.E0,0.E0));
#5152=AXIS2_PLACEMENT_3D('',#5149,#5150,#5151);
#5153=PLANE('',#5152);
#5154=ORIENTED_EDGE('',*,*,#5140,.F.);
#5155=ORIENTED_EDGE('',*,*,#5130,.T.);
#5157=ORIENTED_EDGE('',*,*,#5156,.F.);
#5159=ORIENTED_EDGE('',*,*,#5158,.T.);
#5161=ORIENTED_EDGE('',*,*,#5160,.F.);
#5163=ORIENTED_EDGE('',*,*,#5162,.F.);
#5165=ORIENTED_EDGE('',*,*,#5164,.F.);
#5167=ORIENTED_EDGE('',*,*,#5166,.F.);
#5168=EDGE_LOOP('',(#5154,#5155,#5157,#5159,#5161,#5163,#5165,#5167));
#5169=FACE_OUTER_BOUND('',#5168,.F.);
#5171=CARTESIAN_POINT('',(1.290909731990E0,-1.08E0,1.208662805546E1));
#5172=DIRECTION('',(-5.233595624294E-2,0.E0,-9.986295347546E-1));
#5173=DIRECTION('',(0.E0,-1.E0,0.E0));
#5174=AXIS2_PLACEMENT_3D('',#5171,#5172,#5173);
#5175=CYLINDRICAL_SURFACE('',#5174,5.E-2);
#5177=ORIENTED_EDGE('',*,*,#5176,.F.);
#5178=ORIENTED_EDGE('',*,*,#5156,.T.);
#5179=ORIENTED_EDGE('',*,*,#5128,.T.);
#5180=ORIENTED_EDGE('',*,*,#4964,.T.);
#5181=EDGE_LOOP('',(#5177,#5178,#5179,#5180));
#5182=FACE_OUTER_BOUND('',#5181,.F.);
#5184=CARTESIAN_POINT('',(5.55E-1,-1.3E-1,-1.E0));
#5185=DIRECTION('',(-9.986295347546E-1,0.E0,5.233595624294E-2));
#5186=DIRECTION('',(5.233595624294E-2,0.E0,9.986295347546E-1));
#5187=AXIS2_PLACEMENT_3D('',#5184,#5185,#5186);
#5188=PLANE('',#5187);
#5189=ORIENTED_EDGE('',*,*,#5176,.T.);
#5190=ORIENTED_EDGE('',*,*,#4962,.F.);
#5191=ORIENTED_EDGE('',*,*,#5102,.T.);
#5193=ORIENTED_EDGE('',*,*,#5192,.T.);
#5194=ORIENTED_EDGE('',*,*,#5158,.F.);
#5195=EDGE_LOOP('',(#5189,#5190,#5191,#5193,#5194));
#5196=FACE_OUTER_BOUND('',#5195,.F.);
#5198=CARTESIAN_POINT('',(-3.164703636022E-1,-1.8E-1,-1.858401125766E1));
#5199=DIRECTION('',(5.233595624294E-2,0.E0,9.986295347546E-1));
#5200=DIRECTION('',(0.E0,1.E0,0.E0));
#5201=AXIS2_PLACEMENT_3D('',#5198,#5199,#5200);
#5202=CYLINDRICAL_SURFACE('',#5201,5.E-2);
#5203=ORIENTED_EDGE('',*,*,#5160,.T.);
#5204=ORIENTED_EDGE('',*,*,#5192,.F.);
#5205=ORIENTED_EDGE('',*,*,#5100,.T.);
#5207=ORIENTED_EDGE('',*,*,#5206,.T.);
#5208=EDGE_LOOP('',(#5203,#5204,#5205,#5207));
#5209=FACE_OUTER_BOUND('',#5208,.F.);
#5211=CARTESIAN_POINT('',(-9.65E-1,-1.3E-1,-1.E0));
#5212=DIRECTION('',(0.E0,1.E0,0.E0));
#5213=DIRECTION('',(0.E0,0.E0,-1.E0));
#5214=AXIS2_PLACEMENT_3D('',#5211,#5212,#5213);
#5215=PLANE('',#5214);
#5217=ORIENTED_EDGE('',*,*,#5216,.F.);
#5218=ORIENTED_EDGE('',*,*,#5162,.T.);
#5219=ORIENTED_EDGE('',*,*,#5206,.F.);
#5220=ORIENTED_EDGE('',*,*,#5098,.F.);
#5221=EDGE_LOOP('',(#5217,#5218,#5219,#5220));
#5222=FACE_OUTER_BOUND('',#5221,.F.);
#5224=CARTESIAN_POINT('',(1.219090268010E0,-1.8E-1,1.208662805546E1));
#5225=DIRECTION('',(5.233595624294E-2,0.E0,-9.986295347546E-1));
#5226=DIRECTION('',(0.E0,1.E0,0.E0));
#5227=AXIS2_PLACEMENT_3D('',#5224,#5225,#5226);
#5228=CYLINDRICAL_SURFACE('',#5227,5.E-2);
#5230=ORIENTED_EDGE('',*,*,#5229,.F.);
#5231=ORIENTED_EDGE('',*,*,#5164,.T.);
#5232=ORIENTED_EDGE('',*,*,#5216,.T.);
#5233=ORIENTED_EDGE('',*,*,#5113,.T.);
#5234=EDGE_LOOP('',(#5230,#5231,#5232,#5233));
#5235=FACE_OUTER_BOUND('',#5234,.F.);
#5237=CARTESIAN_POINT('',(1.850184441434E0,-1.3E-1,1.E0));
#5238=DIRECTION('',(9.986295347546E-1,0.E0,5.233595624294E-2));
#5239=DIRECTION('',(5.233595624294E-2,0.E0,-9.986295347546E-1));
#5240=AXIS2_PLACEMENT_3D('',#5237,#5238,#5239);
#5241=PLANE('',#5240);
#5242=ORIENTED_EDGE('',*,*,#5142,.T.);
#5243=ORIENTED_EDGE('',*,*,#5166,.T.);
#5244=ORIENTED_EDGE('',*,*,#5229,.T.);
#5245=ORIENTED_EDGE('',*,*,#5111,.F.);
#5246=ORIENTED_EDGE('',*,*,#5059,.F.);
#5247=EDGE_LOOP('',(#5242,#5243,#5244,#5245,#5246));
#5248=FACE_OUTER_BOUND('',#5247,.F.);
#5250=CARTESIAN_POINT('',(3.27E0,-9.5E-1,0.E0));
#5251=DIRECTION('',(0.E0,0.E0,1.E0));
#5252=DIRECTION('',(1.E0,0.E0,0.E0));
#5253=AXIS2_PLACEMENT_3D('',#5250,#5251,#5252);
#5254=CYLINDRICAL_SURFACE('',#5253,2.E-1);
#5255=ORIENTED_EDGE('',*,*,#4337,.T.);
#5257=ORIENTED_EDGE('',*,*,#5256,.T.);
#5259=ORIENTED_EDGE('',*,*,#5258,.T.);
#5261=ORIENTED_EDGE('',*,*,#5260,.T.);
#5263=ORIENTED_EDGE('',*,*,#5262,.F.);
#5265=ORIENTED_EDGE('',*,*,#5264,.F.);
#5267=ORIENTED_EDGE('',*,*,#5266,.T.);
#5269=ORIENTED_EDGE('',*,*,#5268,.F.);
#5270=EDGE_LOOP('',(#5255,#5257,#5259,#5261,#5263,#5265,#5267,#5269));
#5271=FACE_OUTER_BOUND('',#5270,.F.);
#5273=CARTESIAN_POINT('',(3.07E0,9.5E-1,0.E0));
#5274=DIRECTION('',(-1.E0,0.E0,0.E0));
#5275=DIRECTION('',(0.E0,-1.E0,0.E0));
#5276=AXIS2_PLACEMENT_3D('',#5273,#5274,#5275);
#5277=PLANE('',#5276);
#5278=ORIENTED_EDGE('',*,*,#5256,.F.);
#5279=ORIENTED_EDGE('',*,*,#4351,.F.);
#5281=ORIENTED_EDGE('',*,*,#5280,.T.);
#5283=ORIENTED_EDGE('',*,*,#5282,.T.);
#5284=EDGE_LOOP('',(#5278,#5279,#5281,#5283));
#5285=FACE_OUTER_BOUND('',#5284,.F.);
#5287=CARTESIAN_POINT('',(3.27E0,9.5E-1,0.E0));
#5288=DIRECTION('',(0.E0,0.E0,1.E0));
#5289=DIRECTION('',(1.E0,0.E0,0.E0));
#5290=AXIS2_PLACEMENT_3D('',#5287,#5288,#5289);
#5291=CYLINDRICAL_SURFACE('',#5290,2.E-1);
#5293=ORIENTED_EDGE('',*,*,#5292,.T.);
#5295=ORIENTED_EDGE('',*,*,#5294,.T.);
#5296=ORIENTED_EDGE('',*,*,#5280,.F.);
#5297=ORIENTED_EDGE('',*,*,#4349,.F.);
#5298=EDGE_LOOP('',(#5293,#5295,#5296,#5297));
#5299=FACE_OUTER_BOUND('',#5298,.F.);
#5301=CARTESIAN_POINT('',(4.32E0,1.15E0,0.E0));
#5302=DIRECTION('',(0.E0,1.E0,0.E0));
#5303=DIRECTION('',(-1.E0,0.E0,0.E0));
#5304=AXIS2_PLACEMENT_3D('',#5301,#5302,#5303);
#5305=PLANE('',#5304);
#5307=ORIENTED_EDGE('',*,*,#5306,.T.);
#5309=ORIENTED_EDGE('',*,*,#5308,.T.);
#5310=ORIENTED_EDGE('',*,*,#5292,.F.);
#5311=ORIENTED_EDGE('',*,*,#4347,.F.);
#5312=EDGE_LOOP('',(#5307,#5309,#5310,#5311));
#5313=FACE_OUTER_BOUND('',#5312,.F.);
#5315=CARTESIAN_POINT('',(4.32E0,9.5E-1,0.E0));
#5316=DIRECTION('',(0.E0,0.E0,1.E0));
#5317=DIRECTION('',(1.E0,0.E0,0.E0));
#5318=AXIS2_PLACEMENT_3D('',#5315,#5316,#5317);
#5319=CYLINDRICAL_SURFACE('',#5318,2.E-1);
#5321=ORIENTED_EDGE('',*,*,#5320,.T.);
#5323=ORIENTED_EDGE('',*,*,#5322,.T.);
#5324=ORIENTED_EDGE('',*,*,#5306,.F.);
#5325=ORIENTED_EDGE('',*,*,#4345,.F.);
#5326=EDGE_LOOP('',(#5321,#5323,#5324,#5325));
#5327=FACE_OUTER_BOUND('',#5326,.F.);
#5329=CARTESIAN_POINT('',(4.52E0,-9.5E-1,0.E0));
#5330=DIRECTION('',(1.E0,0.E0,0.E0));
#5331=DIRECTION('',(0.E0,1.E0,0.E0));
#5332=AXIS2_PLACEMENT_3D('',#5329,#5330,#5331);
#5333=PLANE('',#5332);
#5335=ORIENTED_EDGE('',*,*,#5334,.T.);
#5337=ORIENTED_EDGE('',*,*,#5336,.T.);
#5338=ORIENTED_EDGE('',*,*,#5320,.F.);
#5339=ORIENTED_EDGE('',*,*,#4343,.F.);
#5340=EDGE_LOOP('',(#5335,#5337,#5338,#5339));
#5341=FACE_OUTER_BOUND('',#5340,.F.);
#5343=CARTESIAN_POINT('',(4.32E0,-9.5E-1,0.E0));
#5344=DIRECTION('',(0.E0,0.E0,1.E0));
#5345=DIRECTION('',(1.E0,0.E0,0.E0));
#5346=AXIS2_PLACEMENT_3D('',#5343,#5344,#5345);
#5347=CYLINDRICAL_SURFACE('',#5346,2.E-1);
#5348=ORIENTED_EDGE('',*,*,#4341,.T.);
#5350=ORIENTED_EDGE('',*,*,#5349,.T.);
#5352=ORIENTED_EDGE('',*,*,#5351,.T.);
#5354=ORIENTED_EDGE('',*,*,#5353,.T.);
#5356=ORIENTED_EDGE('',*,*,#5355,.F.);
#5358=ORIENTED_EDGE('',*,*,#5357,.T.);
#5360=ORIENTED_EDGE('',*,*,#5359,.T.);
#5361=ORIENTED_EDGE('',*,*,#5334,.F.);
#5362=EDGE_LOOP('',(#5348,#5350,#5352,#5354,#5356,#5358,#5360,#5361));
#5363=FACE_OUTER_BOUND('',#5362,.F.);
#5365=CARTESIAN_POINT('',(3.27E0,-1.15E0,0.E0));
#5366=DIRECTION('',(0.E0,-1.E0,0.E0));
#5367=DIRECTION('',(1.E0,0.E0,0.E0));
#5368=AXIS2_PLACEMENT_3D('',#5365,#5366,#5367);
#5369=PLANE('',#5368);
#5370=ORIENTED_EDGE('',*,*,#5268,.T.);
#5372=ORIENTED_EDGE('',*,*,#5371,.T.);
#5373=ORIENTED_EDGE('',*,*,#5349,.F.);
#5374=ORIENTED_EDGE('',*,*,#4339,.F.);
#5375=EDGE_LOOP('',(#5370,#5372,#5373,#5374));
#5376=FACE_OUTER_BOUND('',#5375,.F.);
#5378=CARTESIAN_POINT('',(1.575E0,0.E0,-1.E0));
#5379=DIRECTION('',(0.E0,0.E0,1.E0));
#5380=DIRECTION('',(1.E0,0.E0,0.E0));
#5381=AXIS2_PLACEMENT_3D('',#5378,#5379,#5380);
#5382=PLANE('',#5381);
#5384=ORIENTED_EDGE('',*,*,#5383,.F.);
#5385=ORIENTED_EDGE('',*,*,#5351,.F.);
#5386=ORIENTED_EDGE('',*,*,#5371,.F.);
#5387=ORIENTED_EDGE('',*,*,#5266,.F.);
#5388=EDGE_LOOP('',(#5384,#5385,#5386,#5387));
#5389=FACE_OUTER_BOUND('',#5388,.F.);
#5391=CARTESIAN_POINT('',(1.575E0,0.E0,-1.E0));
#5392=DIRECTION('',(0.E0,0.E0,1.E0));
#5393=DIRECTION('',(1.E0,0.E0,0.E0));
#5394=AXIS2_PLACEMENT_3D('',#5391,#5392,#5393);
#5395=PLANE('',#5394);
#5397=ORIENTED_EDGE('',*,*,#5396,.T.);
#5399=ORIENTED_EDGE('',*,*,#5398,.F.);
#5401=ORIENTED_EDGE('',*,*,#5400,.F.);
#5402=ORIENTED_EDGE('',*,*,#5258,.F.);
#5403=ORIENTED_EDGE('',*,*,#5282,.F.);
#5404=ORIENTED_EDGE('',*,*,#5294,.F.);
#5405=ORIENTED_EDGE('',*,*,#5308,.F.);
#5406=ORIENTED_EDGE('',*,*,#5322,.F.);
#5407=ORIENTED_EDGE('',*,*,#5336,.F.);
#5408=ORIENTED_EDGE('',*,*,#5359,.F.);
#5410=ORIENTED_EDGE('',*,*,#5409,.T.);
#5412=ORIENTED_EDGE('',*,*,#5411,.F.);
#5413=EDGE_LOOP('',(#5397,#5399,#5401,#5402,#5403,#5404,#5405,#5406,#5407,#5408,
#5410,#5412));
#5414=FACE_OUTER_BOUND('',#5413,.F.);
#5416=CARTESIAN_POINT('',(3.27E0,-1.13E0,0.E0));
#5417=DIRECTION('',(0.E0,1.E0,0.E0));
#5418=DIRECTION('',(-1.E0,0.E0,0.E0));
#5419=AXIS2_PLACEMENT_3D('',#5416,#5417,#5418);
#5420=PLANE('',#5419);
#5422=ORIENTED_EDGE('',*,*,#5421,.F.);
#5423=ORIENTED_EDGE('',*,*,#5353,.F.);
#5424=ORIENTED_EDGE('',*,*,#5383,.T.);
#5425=ORIENTED_EDGE('',*,*,#5264,.T.);
#5427=ORIENTED_EDGE('',*,*,#5426,.F.);
#5429=ORIENTED_EDGE('',*,*,#5428,.F.);
#5430=EDGE_LOOP('',(#5422,#5423,#5424,#5425,#5427,#5429));
#5431=FACE_OUTER_BOUND('',#5430,.F.);
#5433=CARTESIAN_POINT('',(5.366470363602E0,-1.08E0,-1.858401125766E1));
#5434=DIRECTION('',(-5.233595624294E-2,0.E0,9.986295347546E-1));
#5435=DIRECTION('',(-1.771491305085E-14,-1.E0,0.E0));
#5436=AXIS2_PLACEMENT_3D('',#5433,#5434,#5435);
#5437=CYLINDRICAL_SURFACE('',#5436,5.E-2);
#5439=ORIENTED_EDGE('',*,*,#5438,.T.);
#5441=ORIENTED_EDGE('',*,*,#5440,.F.);
#5442=ORIENTED_EDGE('',*,*,#5355,.T.);
#5443=ORIENTED_EDGE('',*,*,#5421,.T.);
#5444=EDGE_LOOP('',(#5439,#5441,#5442,#5443));
#5445=FACE_OUTER_BOUND('',#5444,.F.);
#5447=CARTESIAN_POINT('',(3.199815558566E0,-1.3E-1,1.E0));
#5448=DIRECTION('',(0.E0,0.E0,1.E0));
#5449=DIRECTION('',(1.E0,0.E0,0.E0));
#5450=AXIS2_PLACEMENT_3D('',#5447,#5448,#5449);
#5451=PLANE('',#5450);
#5452=ORIENTED_EDGE('',*,*,#5438,.F.);
#5453=ORIENTED_EDGE('',*,*,#5428,.T.);
#5455=ORIENTED_EDGE('',*,*,#5454,.F.);
#5457=ORIENTED_EDGE('',*,*,#5456,.T.);
#5459=ORIENTED_EDGE('',*,*,#5458,.F.);
#5461=ORIENTED_EDGE('',*,*,#5460,.F.);
#5463=ORIENTED_EDGE('',*,*,#5462,.F.);
#5465=ORIENTED_EDGE('',*,*,#5464,.F.);
#5466=EDGE_LOOP('',(#5452,#5453,#5455,#5457,#5459,#5461,#5463,#5465));
#5467=FACE_OUTER_BOUND('',#5466,.F.);
#5469=CARTESIAN_POINT('',(3.830909731990E0,-1.08E0,1.208662805546E1));
#5470=DIRECTION('',(-5.233595624294E-2,0.E0,-9.986295347546E-1));
#5471=DIRECTION('',(0.E0,-1.E0,0.E0));
#5472=AXIS2_PLACEMENT_3D('',#5469,#5470,#5471);
#5473=CYLINDRICAL_SURFACE('',#5472,5.E-2);
#5475=ORIENTED_EDGE('',*,*,#5474,.F.);
#5476=ORIENTED_EDGE('',*,*,#5454,.T.);
#5477=ORIENTED_EDGE('',*,*,#5426,.T.);
#5478=ORIENTED_EDGE('',*,*,#5262,.T.);
#5479=EDGE_LOOP('',(#5475,#5476,#5477,#5478));
#5480=FACE_OUTER_BOUND('',#5479,.F.);
#5482=CARTESIAN_POINT('',(3.095E0,-1.3E-1,-1.E0));
#5483=DIRECTION('',(-9.986295347546E-1,0.E0,5.233595624294E-2));
#5484=DIRECTION('',(5.233595624294E-2,0.E0,9.986295347546E-1));
#5485=AXIS2_PLACEMENT_3D('',#5482,#5483,#5484);
#5486=PLANE('',#5485);
#5487=ORIENTED_EDGE('',*,*,#5474,.T.);
#5488=ORIENTED_EDGE('',*,*,#5260,.F.);
#5489=ORIENTED_EDGE('',*,*,#5400,.T.);
#5491=ORIENTED_EDGE('',*,*,#5490,.T.);
#5492=ORIENTED_EDGE('',*,*,#5456,.F.);
#5493=EDGE_LOOP('',(#5487,#5488,#5489,#5491,#5492));
#5494=FACE_OUTER_BOUND('',#5493,.F.);
#5496=CARTESIAN_POINT('',(2.223529636398E0,-1.8E-1,-1.858401125766E1));
#5497=DIRECTION('',(5.233595624294E-2,0.E0,9.986295347546E-1));
#5498=DIRECTION('',(0.E0,1.E0,0.E0));
#5499=AXIS2_PLACEMENT_3D('',#5496,#5497,#5498);
#5500=CYLINDRICAL_SURFACE('',#5499,5.E-2);
#5501=ORIENTED_EDGE('',*,*,#5458,.T.);
#5502=ORIENTED_EDGE('',*,*,#5490,.F.);
#5503=ORIENTED_EDGE('',*,*,#5398,.T.);
#5505=ORIENTED_EDGE('',*,*,#5504,.T.);
#5506=EDGE_LOOP('',(#5501,#5502,#5503,#5505));
#5507=FACE_OUTER_BOUND('',#5506,.F.);
#5509=CARTESIAN_POINT('',(1.575E0,-1.3E-1,-1.E0));
#5510=DIRECTION('',(0.E0,1.E0,0.E0));
#5511=DIRECTION('',(0.E0,0.E0,-1.E0));
#5512=AXIS2_PLACEMENT_3D('',#5509,#5510,#5511);
#5513=PLANE('',#5512);
#5515=ORIENTED_EDGE('',*,*,#5514,.F.);
#5516=ORIENTED_EDGE('',*,*,#5460,.T.);
#5517=ORIENTED_EDGE('',*,*,#5504,.F.);
#5518=ORIENTED_EDGE('',*,*,#5396,.F.);
#5519=EDGE_LOOP('',(#5515,#5516,#5517,#5518));
#5520=FACE_OUTER_BOUND('',#5519,.F.);
#5522=CARTESIAN_POINT('',(3.759090268010E0,-1.8E-1,1.208662805546E1));
#5523=DIRECTION('',(5.233595624294E-2,0.E0,-9.986295347546E-1));
#5524=DIRECTION('',(0.E0,1.E0,0.E0));
#5525=AXIS2_PLACEMENT_3D('',#5522,#5523,#5524);
#5526=CYLINDRICAL_SURFACE('',#5525,5.E-2);
#5528=ORIENTED_EDGE('',*,*,#5527,.F.);
#5529=ORIENTED_EDGE('',*,*,#5462,.T.);
#5530=ORIENTED_EDGE('',*,*,#5514,.T.);
#5531=ORIENTED_EDGE('',*,*,#5411,.T.);
#5532=EDGE_LOOP('',(#5528,#5529,#5530,#5531));
#5533=FACE_OUTER_BOUND('',#5532,.F.);
#5535=CARTESIAN_POINT('',(4.390184441434E0,-1.3E-1,1.E0));
#5536=DIRECTION('',(9.986295347546E-1,0.E0,5.233595624294E-2));
#5537=DIRECTION('',(5.233595624294E-2,0.E0,-9.986295347546E-1));
#5538=AXIS2_PLACEMENT_3D('',#5535,#5536,#5537);
#5539=PLANE('',#5538);
#5540=ORIENTED_EDGE('',*,*,#5440,.T.);
#5541=ORIENTED_EDGE('',*,*,#5464,.T.);
#5542=ORIENTED_EDGE('',*,*,#5527,.T.);
#5543=ORIENTED_EDGE('',*,*,#5409,.F.);
#5544=ORIENTED_EDGE('',*,*,#5357,.F.);
#5545=EDGE_LOOP('',(#5540,#5541,#5542,#5543,#5544));
#5546=FACE_OUTER_BOUND('',#5545,.F.);
#5548=CARTESIAN_POINT('',(-4.625E0,1.15E0,0.E0));
#5549=DIRECTION('',(1.E0,0.E0,0.E0));
#5550=DIRECTION('',(0.E0,0.E0,-1.E0));
#5551=AXIS2_PLACEMENT_3D('',#5548,#5549,#5550);
#5552=PLANE('',#5551);
#5554=ORIENTED_EDGE('',*,*,#5553,.T.);
#5556=ORIENTED_EDGE('',*,*,#5555,.F.);
#5558=ORIENTED_EDGE('',*,*,#5557,.T.);
#5560=ORIENTED_EDGE('',*,*,#5559,.T.);
#5561=ORIENTED_EDGE('',*,*,#4205,.F.);
#5563=ORIENTED_EDGE('',*,*,#5562,.T.);
#5564=EDGE_LOOP('',(#5554,#5556,#5558,#5560,#5561,#5563));
#5565=FACE_OUTER_BOUND('',#5564,.F.);
#5567=CARTESIAN_POINT('',(-4.625E0,1.15E0,0.E0));
#5568=DIRECTION('',(1.E0,0.E0,0.E0));
#5569=DIRECTION('',(0.E0,0.E0,-1.E0));
#5570=AXIS2_PLACEMENT_3D('',#5567,#5568,#5569);
#5571=PLANE('',#5570);
#5573=ORIENTED_EDGE('',*,*,#5572,.T.);
#5575=ORIENTED_EDGE('',*,*,#5574,.T.);
#5577=ORIENTED_EDGE('',*,*,#5576,.T.);
#5578=ORIENTED_EDGE('',*,*,#4045,.T.);
#5580=ORIENTED_EDGE('',*,*,#5579,.T.);
#5582=ORIENTED_EDGE('',*,*,#5581,.T.);
#5583=EDGE_LOOP('',(#5573,#5575,#5577,#5578,#5580,#5582));
#5584=FACE_OUTER_BOUND('',#5583,.F.);
#5586=CARTESIAN_POINT('',(-4.625E0,-3.898210782645E0,-2.779559805094E0));
#5587=DIRECTION('',(0.E0,-9.976761801087E-1,6.813398303193E-2));
#5588=DIRECTION('',(0.E0,-6.813398303193E-2,-9.976761801087E-1));
#5589=AXIS2_PLACEMENT_3D('',#5586,#5587,#5588);
#5590=PLANE('',#5589);
#5591=ORIENTED_EDGE('',*,*,#5553,.F.);
#5593=ORIENTED_EDGE('',*,*,#5592,.T.);
#5595=ORIENTED_EDGE('',*,*,#5594,.T.);
#5597=ORIENTED_EDGE('',*,*,#5596,.T.);
#5599=ORIENTED_EDGE('',*,*,#5598,.T.);
#5601=ORIENTED_EDGE('',*,*,#5600,.T.);
#5603=ORIENTED_EDGE('',*,*,#5602,.T.);
#5605=ORIENTED_EDGE('',*,*,#5604,.F.);
#5607=ORIENTED_EDGE('',*,*,#5606,.F.);
#5609=ORIENTED_EDGE('',*,*,#5608,.T.);
#5611=ORIENTED_EDGE('',*,*,#5610,.T.);
#5613=ORIENTED_EDGE('',*,*,#5612,.T.);
#5615=ORIENTED_EDGE('',*,*,#5614,.T.);
#5617=ORIENTED_EDGE('',*,*,#5616,.F.);
#5618=EDGE_LOOP('',(#5591,#5593,#5595,#5597,#5599,#5601,#5603,#5605,#5607,#5609,
#5611,#5613,#5615,#5617));
#5619=FACE_OUTER_BOUND('',#5618,.F.);
#5621=CARTESIAN_POINT('',(-4.625E0,-3.598907928612E0,-2.800000000004E0));
#5622=DIRECTION('',(1.E0,0.E0,0.E0));
#5623=DIRECTION('',(0.E0,0.E0,-1.E0));
#5624=AXIS2_PLACEMENT_3D('',#5621,#5622,#5623);
#5625=CYLINDRICAL_SURFACE('',#5624,3.E-1);
#5626=ORIENTED_EDGE('',*,*,#4211,.T.);
#5628=ORIENTED_EDGE('',*,*,#5627,.T.);
#5629=ORIENTED_EDGE('',*,*,#5592,.F.);
#5630=ORIENTED_EDGE('',*,*,#5562,.F.);
#5631=EDGE_LOOP('',(#5626,#5628,#5629,#5630));
#5632=FACE_OUTER_BOUND('',#5631,.F.);
#5634=CARTESIAN_POINT('',(-3.025E0,1.15E0,0.E0));
#5635=DIRECTION('',(1.E0,0.E0,0.E0));
#5636=DIRECTION('',(0.E0,0.E0,-1.E0));
#5637=AXIS2_PLACEMENT_3D('',#5634,#5635,#5636);
#5638=PLANE('',#5637);
#5639=ORIENTED_EDGE('',*,*,#5594,.F.);
#5640=ORIENTED_EDGE('',*,*,#5627,.F.);
#5641=ORIENTED_EDGE('',*,*,#4209,.T.);
#5643=ORIENTED_EDGE('',*,*,#5642,.F.);
#5645=ORIENTED_EDGE('',*,*,#5644,.F.);
#5647=ORIENTED_EDGE('',*,*,#5646,.T.);
#5648=EDGE_LOOP('',(#5639,#5640,#5641,#5643,#5645,#5647));
#5649=FACE_OUTER_BOUND('',#5648,.F.);
#5651=CARTESIAN_POINT('',(-3.025E0,1.15E0,0.E0));
#5652=DIRECTION('',(1.E0,0.E0,0.E0));
#5653=DIRECTION('',(0.E0,0.E0,-1.E0));
#5654=AXIS2_PLACEMENT_3D('',#5651,#5652,#5653);
#5655=PLANE('',#5654);
#5657=ORIENTED_EDGE('',*,*,#5656,.F.);
#5659=ORIENTED_EDGE('',*,*,#5658,.F.);
#5661=ORIENTED_EDGE('',*,*,#5660,.F.);
#5662=ORIENTED_EDGE('',*,*,#4049,.F.);
#5664=ORIENTED_EDGE('',*,*,#5663,.F.);
#5666=ORIENTED_EDGE('',*,*,#5665,.F.);
#5667=EDGE_LOOP('',(#5657,#5659,#5661,#5662,#5664,#5666));
#5668=FACE_OUTER_BOUND('',#5667,.F.);
#5670=CARTESIAN_POINT('',(-4.625E0,-3.598907928612E0,-2.800000000004E0));
#5671=DIRECTION('',(1.E0,0.E0,0.E0));
#5672=DIRECTION('',(0.E0,0.E0,-1.E0));
#5673=AXIS2_PLACEMENT_3D('',#5670,#5671,#5672);
#5674=CYLINDRICAL_SURFACE('',#5673,5.E-2);
#5675=ORIENTED_EDGE('',*,*,#4207,.F.);
#5676=ORIENTED_EDGE('',*,*,#5559,.F.);
#5678=ORIENTED_EDGE('',*,*,#5677,.T.);
#5679=ORIENTED_EDGE('',*,*,#5642,.T.);
#5680=EDGE_LOOP('',(#5675,#5676,#5678,#5679));
#5681=FACE_OUTER_BOUND('',#5680,.F.);
#5683=CARTESIAN_POINT('',(-4.625E0,-3.97E0,-7.500000000015E0));
#5684=DIRECTION('',(0.E0,9.976761801087E-1,-6.813398303193E-2));
#5685=DIRECTION('',(0.E0,6.813398303193E-2,9.976761801087E-1));
#5686=AXIS2_PLACEMENT_3D('',#5683,#5684,#5685);
#5687=PLANE('',#5686);
#5688=ORIENTED_EDGE('',*,*,#5557,.F.);
#5690=ORIENTED_EDGE('',*,*,#5689,.T.);
#5692=ORIENTED_EDGE('',*,*,#5691,.F.);
#5694=ORIENTED_EDGE('',*,*,#5693,.F.);
#5696=ORIENTED_EDGE('',*,*,#5695,.F.);
#5698=ORIENTED_EDGE('',*,*,#5697,.F.);
#5700=ORIENTED_EDGE('',*,*,#5699,.T.);
#5702=ORIENTED_EDGE('',*,*,#5701,.T.);
#5704=ORIENTED_EDGE('',*,*,#5703,.F.);
#5706=ORIENTED_EDGE('',*,*,#5705,.F.);
#5708=ORIENTED_EDGE('',*,*,#5707,.F.);
#5710=ORIENTED_EDGE('',*,*,#5709,.F.);
#5711=ORIENTED_EDGE('',*,*,#5644,.T.);
#5712=ORIENTED_EDGE('',*,*,#5677,.F.);
#5713=EDGE_LOOP('',(#5688,#5690,#5692,#5694,#5696,#5698,#5700,#5702,#5704,#5706,
#5708,#5710,#5711,#5712));
#5714=FACE_OUTER_BOUND('',#5713,.F.);
#5716=CARTESIAN_POINT('',(-4.525E0,-4.008203697628E0,-4.390170345920E0));
#5717=DIRECTION('',(0.E0,6.813398303193E-2,9.976761801087E-1));
#5718=DIRECTION('',(-1.E0,0.E0,0.E0));
#5719=AXIS2_PLACEMENT_3D('',#5716,#5717,#5718);
#5720=PLANE('',#5719);
#5721=ORIENTED_EDGE('',*,*,#5555,.T.);
#5722=ORIENTED_EDGE('',*,*,#5616,.T.);
#5724=ORIENTED_EDGE('',*,*,#5723,.T.);
#5725=ORIENTED_EDGE('',*,*,#5689,.F.);
#5726=EDGE_LOOP('',(#5721,#5722,#5724,#5725));
#5727=FACE_OUTER_BOUND('',#5726,.F.);
#5729=CARTESIAN_POINT('',(-4.125E0,-4.035457290841E0,-4.789240817963E0));
#5730=DIRECTION('',(7.071067811865E-1,4.817800143112E-2,7.054635923831E-1));
#5731=DIRECTION('',(-7.071067811865E-1,4.817800143112E-2,7.054635923831E-1));
#5732=AXIS2_PLACEMENT_3D('',#5729,#5730,#5731);
#5733=PLANE('',#5732);
#5734=ORIENTED_EDGE('',*,*,#5614,.F.);
#5736=ORIENTED_EDGE('',*,*,#5735,.T.);
#5737=ORIENTED_EDGE('',*,*,#5691,.T.);
#5738=ORIENTED_EDGE('',*,*,#5723,.F.);
#5739=EDGE_LOOP('',(#5734,#5736,#5737,#5738));
#5740=FACE_OUTER_BOUND('',#5739,.F.);
#5742=CARTESIAN_POINT('',(-4.125E0,-4.191497219522E0,-7.074111202223E0));
#5743=DIRECTION('',(1.E0,0.E0,0.E0));
#5744=DIRECTION('',(0.E0,6.813398303193E-2,9.976761801087E-1));
#5745=AXIS2_PLACEMENT_3D('',#5742,#5743,#5744);
#5746=PLANE('',#5745);
#5747=ORIENTED_EDGE('',*,*,#5612,.F.);
#5749=ORIENTED_EDGE('',*,*,#5748,.T.);
#5750=ORIENTED_EDGE('',*,*,#5693,.T.);
#5751=ORIENTED_EDGE('',*,*,#5735,.F.);
#5752=EDGE_LOOP('',(#5747,#5749,#5750,#5751));
#5753=FACE_OUTER_BOUND('',#5752,.F.);
#5755=CARTESIAN_POINT('',(-3.975E0,-4.209198947572E0,-7.333315077241E0));
#5756=DIRECTION('',(8.660254037844E-1,3.406699151596E-2,4.988380900543E-1));
#5757=DIRECTION('',(-5.E-1,5.900576016667E-2,8.640129167247E-1));
#5758=AXIS2_PLACEMENT_3D('',#5755,#5756,#5757);
#5759=PLANE('',#5758);
#5760=ORIENTED_EDGE('',*,*,#5610,.F.);
#5762=ORIENTED_EDGE('',*,*,#5761,.T.);
#5763=ORIENTED_EDGE('',*,*,#5695,.T.);
#5764=ORIENTED_EDGE('',*,*,#5748,.F.);
#5765=EDGE_LOOP('',(#5760,#5762,#5763,#5764));
#5766=FACE_OUTER_BOUND('',#5765,.F.);
#5768=CARTESIAN_POINT('',(-3.975E0,-4.219419045027E0,-7.482966504257E0));
#5769=DIRECTION('',(1.E0,0.E0,0.E0));
#5770=DIRECTION('',(0.E0,6.813398303193E-2,9.976761801087E-1));
#5771=AXIS2_PLACEMENT_3D('',#5768,#5769,#5770);
#5772=PLANE('',#5771);
#5773=ORIENTED_EDGE('',*,*,#5608,.F.);
#5775=ORIENTED_EDGE('',*,*,#5774,.T.);
#5776=ORIENTED_EDGE('',*,*,#5697,.T.);
#5777=ORIENTED_EDGE('',*,*,#5761,.F.);
#5778=EDGE_LOOP('',(#5773,#5775,#5776,#5777));
#5779=FACE_OUTER_BOUND('',#5778,.F.);
#5781=CARTESIAN_POINT('',(-4.625E0,-4.219419045027E0,-7.482966504257E0));
#5782=DIRECTION('',(0.E0,-6.813398303192E-2,-9.976761801087E-1));
#5783=DIRECTION('',(0.E0,9.976761801087E-1,-6.813398303192E-2));
#5784=AXIS2_PLACEMENT_3D('',#5781,#5782,#5783);
#5785=PLANE('',#5784);
#5786=ORIENTED_EDGE('',*,*,#5606,.T.);
#5788=ORIENTED_EDGE('',*,*,#5787,.T.);
#5789=ORIENTED_EDGE('',*,*,#5699,.F.);
#5790=ORIENTED_EDGE('',*,*,#5774,.F.);
#5791=EDGE_LOOP('',(#5786,#5788,#5789,#5790));
#5792=FACE_OUTER_BOUND('',#5791,.F.);
#5794=CARTESIAN_POINT('',(-3.675E0,-4.209198947572E0,-7.333315077241E0));
#5795=DIRECTION('',(-1.E0,0.E0,0.E0));
#5796=DIRECTION('',(0.E0,-6.813398303193E-2,-9.976761801087E-1));
#5797=AXIS2_PLACEMENT_3D('',#5794,#5795,#5796);
#5798=PLANE('',#5797);
#5799=ORIENTED_EDGE('',*,*,#5604,.T.);
#5801=ORIENTED_EDGE('',*,*,#5800,.T.);
#5802=ORIENTED_EDGE('',*,*,#5701,.F.);
#5803=ORIENTED_EDGE('',*,*,#5787,.F.);
#5804=EDGE_LOOP('',(#5799,#5801,#5802,#5803));
#5805=FACE_OUTER_BOUND('',#5804,.F.);
#5807=CARTESIAN_POINT('',(-3.525E0,-4.191497219522E0,-7.074111202223E0));
#5808=DIRECTION('',(-8.660254037844E-1,3.406699151596E-2,4.988380900543E-1));
#5809=DIRECTION('',(-5.E-1,-5.900576016667E-2,-8.640129167247E-1));
#5810=AXIS2_PLACEMENT_3D('',#5807,#5808,#5809);
#5811=PLANE('',#5810);
#5812=ORIENTED_EDGE('',*,*,#5602,.F.);
#5814=ORIENTED_EDGE('',*,*,#5813,.T.);
#5815=ORIENTED_EDGE('',*,*,#5703,.T.);
#5816=ORIENTED_EDGE('',*,*,#5800,.F.);
#5817=EDGE_LOOP('',(#5812,#5814,#5815,#5816));
#5818=FACE_OUTER_BOUND('',#5817,.F.);
#5820=CARTESIAN_POINT('',(-3.525E0,-4.035457290841E0,-4.789240817963E0));
#5821=DIRECTION('',(-1.E0,0.E0,0.E0));
#5822=DIRECTION('',(0.E0,-6.813398303193E-2,-9.976761801087E-1));
#5823=AXIS2_PLACEMENT_3D('',#5820,#5821,#5822);
#5824=PLANE('',#5823);
#5825=ORIENTED_EDGE('',*,*,#5600,.F.);
#5827=ORIENTED_EDGE('',*,*,#5826,.T.);
#5828=ORIENTED_EDGE('',*,*,#5705,.T.);
#5829=ORIENTED_EDGE('',*,*,#5813,.F.);
#5830=EDGE_LOOP('',(#5825,#5827,#5828,#5829));
#5831=FACE_OUTER_BOUND('',#5830,.F.);
#5833=CARTESIAN_POINT('',(-3.125E0,-4.008203697628E0,-4.390170345920E0));
#5834=DIRECTION('',(-7.071067811865E-1,4.817800143112E-2,7.054635923831E-1));
#5835=DIRECTION('',(-7.071067811865E-1,-4.817800143112E-2,-7.054635923831E-1));
#5836=AXIS2_PLACEMENT_3D('',#5833,#5834,#5835);
#5837=PLANE('',#5836);
#5838=ORIENTED_EDGE('',*,*,#5598,.F.);
#5840=ORIENTED_EDGE('',*,*,#5839,.T.);
#5841=ORIENTED_EDGE('',*,*,#5707,.T.);
#5842=ORIENTED_EDGE('',*,*,#5826,.F.);
#5843=EDGE_LOOP('',(#5838,#5840,#5841,#5842));
#5844=FACE_OUTER_BOUND('',#5843,.F.);
#5846=CARTESIAN_POINT('',(-3.025E0,-4.008203697628E0,-4.390170345920E0));
#5847=DIRECTION('',(0.E0,6.813398303193E-2,9.976761801087E-1));
#5848=DIRECTION('',(-1.E0,0.E0,0.E0));
#5849=AXIS2_PLACEMENT_3D('',#5846,#5847,#5848);
#5850=PLANE('',#5849);
#5851=ORIENTED_EDGE('',*,*,#5646,.F.);
#5852=ORIENTED_EDGE('',*,*,#5709,.T.);
#5853=ORIENTED_EDGE('',*,*,#5839,.F.);
#5854=ORIENTED_EDGE('',*,*,#5596,.F.);
#5855=EDGE_LOOP('',(#5851,#5852,#5853,#5854));
#5856=FACE_OUTER_BOUND('',#5855,.F.);
#5858=CARTESIAN_POINT('',(-3.125E0,4.008203697628E0,-4.390170345920E0));
#5859=DIRECTION('',(0.E0,-6.813398303193E-2,9.976761801087E-1));
#5860=DIRECTION('',(1.E0,0.E0,0.E0));
#5861=AXIS2_PLACEMENT_3D('',#5858,#5859,#5860);
#5862=PLANE('',#5861);
#5863=ORIENTED_EDGE('',*,*,#5656,.T.);
#5865=ORIENTED_EDGE('',*,*,#5864,.T.);
#5867=ORIENTED_EDGE('',*,*,#5866,.T.);
#5869=ORIENTED_EDGE('',*,*,#5868,.F.);
#5870=EDGE_LOOP('',(#5863,#5865,#5867,#5869));
#5871=FACE_OUTER_BOUND('',#5870,.F.);
#5873=CARTESIAN_POINT('',(-4.625E0,4.219419045027E0,-7.482966504257E0));
#5874=DIRECTION('',(0.E0,9.976761801087E-1,6.813398303193E-2));
#5875=DIRECTION('',(0.E0,-6.813398303193E-2,9.976761801087E-1));
#5876=AXIS2_PLACEMENT_3D('',#5873,#5874,#5875);
#5877=PLANE('',#5876);
#5879=ORIENTED_EDGE('',*,*,#5878,.T.);
#5881=ORIENTED_EDGE('',*,*,#5880,.T.);
#5883=ORIENTED_EDGE('',*,*,#5882,.T.);
#5885=ORIENTED_EDGE('',*,*,#5884,.T.);
#5887=ORIENTED_EDGE('',*,*,#5886,.F.);
#5889=ORIENTED_EDGE('',*,*,#5888,.T.);
#5891=ORIENTED_EDGE('',*,*,#5890,.T.);
#5893=ORIENTED_EDGE('',*,*,#5892,.T.);
#5895=ORIENTED_EDGE('',*,*,#5894,.T.);
#5897=ORIENTED_EDGE('',*,*,#5896,.T.);
#5898=ORIENTED_EDGE('',*,*,#5864,.F.);
#5899=ORIENTED_EDGE('',*,*,#5665,.T.);
#5901=ORIENTED_EDGE('',*,*,#5900,.F.);
#5902=ORIENTED_EDGE('',*,*,#5574,.F.);
#5903=EDGE_LOOP('',(#5879,#5881,#5883,#5885,#5887,#5889,#5891,#5893,#5895,#5897,
#5898,#5899,#5901,#5902));
#5904=FACE_OUTER_BOUND('',#5903,.F.);
#5906=CARTESIAN_POINT('',(-4.625E0,4.008203697628E0,-4.390170345920E0));
#5907=DIRECTION('',(0.E0,-6.813398303193E-2,9.976761801087E-1));
#5908=DIRECTION('',(1.E0,0.E0,0.E0));
#5909=AXIS2_PLACEMENT_3D('',#5906,#5907,#5908);
#5910=PLANE('',#5909);
#5911=ORIENTED_EDGE('',*,*,#5572,.F.);
#5913=ORIENTED_EDGE('',*,*,#5912,.T.);
#5915=ORIENTED_EDGE('',*,*,#5914,.F.);
#5916=ORIENTED_EDGE('',*,*,#5878,.F.);
#5917=EDGE_LOOP('',(#5911,#5913,#5915,#5916));
#5918=FACE_OUTER_BOUND('',#5917,.F.);
#5920=CARTESIAN_POINT('',(-4.625E0,3.648791737618E0,-2.796593300852E0));
#5921=DIRECTION('',(0.E0,-9.976761801087E-1,-6.813398303193E-2));
#5922=DIRECTION('',(0.E0,6.813398303193E-2,-9.976761801087E-1));
#5923=AXIS2_PLACEMENT_3D('',#5920,#5921,#5922);
#5924=PLANE('',#5923);
#5925=ORIENTED_EDGE('',*,*,#5912,.F.);
#5926=ORIENTED_EDGE('',*,*,#5581,.F.);
#5928=ORIENTED_EDGE('',*,*,#5927,.T.);
#5929=ORIENTED_EDGE('',*,*,#5658,.T.);
#5930=ORIENTED_EDGE('',*,*,#5868,.T.);
#5932=ORIENTED_EDGE('',*,*,#5931,.F.);
#5934=ORIENTED_EDGE('',*,*,#5933,.F.);
#5936=ORIENTED_EDGE('',*,*,#5935,.F.);
#5938=ORIENTED_EDGE('',*,*,#5937,.F.);
#5940=ORIENTED_EDGE('',*,*,#5939,.F.);
#5942=ORIENTED_EDGE('',*,*,#5941,.T.);
#5944=ORIENTED_EDGE('',*,*,#5943,.F.);
#5946=ORIENTED_EDGE('',*,*,#5945,.F.);
#5948=ORIENTED_EDGE('',*,*,#5947,.F.);
#5949=EDGE_LOOP('',(#5925,#5926,#5928,#5929,#5930,#5932,#5934,#5936,#5938,#5940,
#5942,#5944,#5946,#5948));
#5950=FACE_OUTER_BOUND('',#5949,.F.);
#5952=CARTESIAN_POINT('',(-4.625E0,3.598907928612E0,-2.800000000004E0));
#5953=DIRECTION('',(1.E0,0.E0,0.E0));
#5954=DIRECTION('',(0.E0,0.E0,-1.E0));
#5955=AXIS2_PLACEMENT_3D('',#5952,#5953,#5954);
#5956=CYLINDRICAL_SURFACE('',#5955,5.E-2);
#5957=ORIENTED_EDGE('',*,*,#4051,.T.);
#5958=ORIENTED_EDGE('',*,*,#5660,.T.);
#5959=ORIENTED_EDGE('',*,*,#5927,.F.);
#5960=ORIENTED_EDGE('',*,*,#5579,.F.);
#5961=EDGE_LOOP('',(#5957,#5958,#5959,#5960));
#5962=FACE_OUTER_BOUND('',#5961,.F.);
#5964=CARTESIAN_POINT('',(-3.525E0,4.035457290841E0,-4.789240817963E0));
#5965=DIRECTION('',(-7.071067811865E-1,-4.817800143112E-2,7.054635923831E-1));
#5966=DIRECTION('',(7.071067811865E-1,-4.817800143112E-2,7.054635923831E-1));
#5967=AXIS2_PLACEMENT_3D('',#5964,#5965,#5966);
#5968=PLANE('',#5967);
#5969=ORIENTED_EDGE('',*,*,#5931,.T.);
#5970=ORIENTED_EDGE('',*,*,#5866,.F.);
#5971=ORIENTED_EDGE('',*,*,#5896,.F.);
#5973=ORIENTED_EDGE('',*,*,#5972,.T.);
#5974=EDGE_LOOP('',(#5969,#5970,#5971,#5973));
#5975=FACE_OUTER_BOUND('',#5974,.F.);
#5977=CARTESIAN_POINT('',(-3.525E0,4.191497219522E0,-7.074111202223E0));
#5978=DIRECTION('',(-1.E0,0.E0,0.E0));
#5979=DIRECTION('',(0.E0,-6.813398303193E-2,9.976761801087E-1));
#5980=AXIS2_PLACEMENT_3D('',#5977,#5978,#5979);
#5981=PLANE('',#5980);
#5982=ORIENTED_EDGE('',*,*,#5933,.T.);
#5983=ORIENTED_EDGE('',*,*,#5972,.F.);
#5984=ORIENTED_EDGE('',*,*,#5894,.F.);
#5986=ORIENTED_EDGE('',*,*,#5985,.T.);
#5987=EDGE_LOOP('',(#5982,#5983,#5984,#5986));
#5988=FACE_OUTER_BOUND('',#5987,.F.);
#5990=CARTESIAN_POINT('',(-3.675E0,4.209198947572E0,-7.333315077241E0));
#5991=DIRECTION('',(-8.660254037844E-1,-3.406699151596E-2,4.988380900543E-1));
#5992=DIRECTION('',(5.E-1,-5.900576016667E-2,8.640129167247E-1));
#5993=AXIS2_PLACEMENT_3D('',#5990,#5991,#5992);
#5994=PLANE('',#5993);
#5995=ORIENTED_EDGE('',*,*,#5935,.T.);
#5996=ORIENTED_EDGE('',*,*,#5985,.F.);
#5997=ORIENTED_EDGE('',*,*,#5892,.F.);
#5999=ORIENTED_EDGE('',*,*,#5998,.T.);
#6000=EDGE_LOOP('',(#5995,#5996,#5997,#5999));
#6001=FACE_OUTER_BOUND('',#6000,.F.);
#6003=CARTESIAN_POINT('',(-3.675E0,4.219419045027E0,-7.482966504257E0));
#6004=DIRECTION('',(-1.E0,0.E0,0.E0));
#6005=DIRECTION('',(0.E0,-6.813398303193E-2,9.976761801087E-1));
#6006=AXIS2_PLACEMENT_3D('',#6003,#6004,#6005);
#6007=PLANE('',#6006);
#6008=ORIENTED_EDGE('',*,*,#5937,.T.);
#6009=ORIENTED_EDGE('',*,*,#5998,.F.);
#6010=ORIENTED_EDGE('',*,*,#5890,.F.);
#6012=ORIENTED_EDGE('',*,*,#6011,.F.);
#6013=EDGE_LOOP('',(#6008,#6009,#6010,#6012));
#6014=FACE_OUTER_BOUND('',#6013,.F.);
#6016=CARTESIAN_POINT('',(-4.625E0,3.97E0,-7.500000000015E0));
#6017=DIRECTION('',(0.E0,6.813398303192E-2,-9.976761801087E-1));
#6018=DIRECTION('',(0.E0,9.976761801087E-1,6.813398303192E-2));
#6019=AXIS2_PLACEMENT_3D('',#6016,#6017,#6018);
#6020=PLANE('',#6019);
#6022=ORIENTED_EDGE('',*,*,#6021,.F.);
#6023=ORIENTED_EDGE('',*,*,#5939,.T.);
#6024=ORIENTED_EDGE('',*,*,#6011,.T.);
#6025=ORIENTED_EDGE('',*,*,#5888,.F.);
#6026=EDGE_LOOP('',(#6022,#6023,#6024,#6025));
#6027=FACE_OUTER_BOUND('',#6026,.F.);
#6029=CARTESIAN_POINT('',(-3.975E0,4.209198947572E0,-7.333315077241E0));
#6030=DIRECTION('',(1.E0,0.E0,0.E0));
#6031=DIRECTION('',(0.E0,6.813398303193E-2,-9.976761801087E-1));
#6032=AXIS2_PLACEMENT_3D('',#6029,#6030,#6031);
#6033=PLANE('',#6032);
#6034=ORIENTED_EDGE('',*,*,#5941,.F.);
#6035=ORIENTED_EDGE('',*,*,#6021,.T.);
#6036=ORIENTED_EDGE('',*,*,#5886,.T.);
#6038=ORIENTED_EDGE('',*,*,#6037,.T.);
#6039=EDGE_LOOP('',(#6034,#6035,#6036,#6038));
#6040=FACE_OUTER_BOUND('',#6039,.F.);
#6042=CARTESIAN_POINT('',(-4.125E0,4.191497219522E0,-7.074111202223E0));
#6043=DIRECTION('',(8.660254037844E-1,-3.406699151596E-2,4.988380900543E-1));
#6044=DIRECTION('',(5.E-1,5.900576016667E-2,-8.640129167247E-1));
#6045=AXIS2_PLACEMENT_3D('',#6042,#6043,#6044);
#6046=PLANE('',#6045);
#6047=ORIENTED_EDGE('',*,*,#5943,.T.);
#6048=ORIENTED_EDGE('',*,*,#6037,.F.);
#6049=ORIENTED_EDGE('',*,*,#5884,.F.);
#6051=ORIENTED_EDGE('',*,*,#6050,.T.);
#6052=EDGE_LOOP('',(#6047,#6048,#6049,#6051));
#6053=FACE_OUTER_BOUND('',#6052,.F.);
#6055=CARTESIAN_POINT('',(-4.125E0,4.035457290841E0,-4.789240817963E0));
#6056=DIRECTION('',(1.E0,0.E0,0.E0));
#6057=DIRECTION('',(0.E0,6.813398303193E-2,-9.976761801087E-1));
#6058=AXIS2_PLACEMENT_3D('',#6055,#6056,#6057);
#6059=PLANE('',#6058);
#6060=ORIENTED_EDGE('',*,*,#5945,.T.);
#6061=ORIENTED_EDGE('',*,*,#6050,.F.);
#6062=ORIENTED_EDGE('',*,*,#5882,.F.);
#6064=ORIENTED_EDGE('',*,*,#6063,.T.);
#6065=EDGE_LOOP('',(#6060,#6061,#6062,#6064));
#6066=FACE_OUTER_BOUND('',#6065,.F.);
#6068=CARTESIAN_POINT('',(-4.525E0,4.008203697628E0,-4.390170345920E0));
#6069=DIRECTION('',(7.071067811865E-1,-4.817800143112E-2,7.054635923831E-1));
#6070=DIRECTION('',(7.071067811865E-1,4.817800143112E-2,-7.054635923831E-1));
#6071=AXIS2_PLACEMENT_3D('',#6068,#6069,#6070);
#6072=PLANE('',#6071);
#6073=ORIENTED_EDGE('',*,*,#5947,.T.);
#6074=ORIENTED_EDGE('',*,*,#6063,.F.);
#6075=ORIENTED_EDGE('',*,*,#5880,.F.);
#6076=ORIENTED_EDGE('',*,*,#5914,.T.);
#6077=EDGE_LOOP('',(#6073,#6074,#6075,#6076));
#6078=FACE_OUTER_BOUND('',#6077,.F.);
#6080=CARTESIAN_POINT('',(-4.625E0,3.598907928612E0,-2.800000000004E0));
#6081=DIRECTION('',(1.E0,0.E0,0.E0));
#6082=DIRECTION('',(0.E0,0.E0,-1.E0));
#6083=AXIS2_PLACEMENT_3D('',#6080,#6081,#6082);
#6084=CYLINDRICAL_SURFACE('',#6083,3.E-1);
#6085=ORIENTED_EDGE('',*,*,#5576,.F.);
#6086=ORIENTED_EDGE('',*,*,#5900,.T.);
#6087=ORIENTED_EDGE('',*,*,#5663,.T.);
#6088=ORIENTED_EDGE('',*,*,#4047,.F.);
#6089=EDGE_LOOP('',(#6085,#6086,#6087,#6088));
#6090=FACE_OUTER_BOUND('',#6089,.F.);
#6092=CARTESIAN_POINT('',(-2.085E0,1.15E0,0.E0));
#6093=DIRECTION('',(1.E0,0.E0,0.E0));
#6094=DIRECTION('',(0.E0,0.E0,-1.E0));
#6095=AXIS2_PLACEMENT_3D('',#6092,#6093,#6094);
#6096=PLANE('',#6095);
#6098=ORIENTED_EDGE('',*,*,#6097,.F.);
#6100=ORIENTED_EDGE('',*,*,#6099,.T.);
#6102=ORIENTED_EDGE('',*,*,#6101,.T.);
#6103=ORIENTED_EDGE('',*,*,#4215,.T.);
#6105=ORIENTED_EDGE('',*,*,#6104,.T.);
#6107=ORIENTED_EDGE('',*,*,#6106,.T.);
#6108=EDGE_LOOP('',(#6098,#6100,#6102,#6103,#6105,#6107));
#6109=FACE_OUTER_BOUND('',#6108,.F.);
#6111=CARTESIAN_POINT('',(-2.085E0,1.15E0,0.E0));
#6112=DIRECTION('',(1.E0,0.E0,0.E0));
#6113=DIRECTION('',(0.E0,0.E0,-1.E0));
#6114=AXIS2_PLACEMENT_3D('',#6111,#6112,#6113);
#6115=PLANE('',#6114);
#6117=ORIENTED_EDGE('',*,*,#6116,.T.);
#6119=ORIENTED_EDGE('',*,*,#6118,.T.);
#6121=ORIENTED_EDGE('',*,*,#6120,.T.);
#6122=ORIENTED_EDGE('',*,*,#4055,.F.);
#6124=ORIENTED_EDGE('',*,*,#6123,.T.);
#6126=ORIENTED_EDGE('',*,*,#6125,.T.);
#6127=EDGE_LOOP('',(#6117,#6119,#6121,#6122,#6124,#6126));
#6128=FACE_OUTER_BOUND('',#6127,.F.);
#6130=CARTESIAN_POINT('',(-1.985E0,-4.008203697628E0,-4.390170345920E0));
#6131=DIRECTION('',(0.E0,6.813398303193E-2,9.976761801087E-1));
#6132=DIRECTION('',(-1.E0,0.E0,0.E0));
#6133=AXIS2_PLACEMENT_3D('',#6130,#6131,#6132);
#6134=PLANE('',#6133);
#6136=ORIENTED_EDGE('',*,*,#6135,.T.);
#6138=ORIENTED_EDGE('',*,*,#6137,.F.);
#6139=ORIENTED_EDGE('',*,*,#6097,.T.);
#6141=ORIENTED_EDGE('',*,*,#6140,.T.);
#6142=EDGE_LOOP('',(#6136,#6138,#6139,#6141));
#6143=FACE_OUTER_BOUND('',#6142,.F.);
#6145=CARTESIAN_POINT('',(-1.585E0,-4.035457290841E0,-4.789240817963E0));
#6146=DIRECTION('',(7.071067811865E-1,4.817800143112E-2,7.054635923831E-1));
#6147=DIRECTION('',(-7.071067811865E-1,4.817800143112E-2,7.054635923831E-1));
#6148=AXIS2_PLACEMENT_3D('',#6145,#6146,#6147);
#6149=PLANE('',#6148);
#6151=ORIENTED_EDGE('',*,*,#6150,.T.);
#6153=ORIENTED_EDGE('',*,*,#6152,.T.);
#6154=ORIENTED_EDGE('',*,*,#6135,.F.);
#6156=ORIENTED_EDGE('',*,*,#6155,.F.);
#6157=EDGE_LOOP('',(#6151,#6153,#6154,#6156));
#6158=FACE_OUTER_BOUND('',#6157,.F.);
#6160=CARTESIAN_POINT('',(-1.585E0,-4.191497219522E0,-7.074111202223E0));
#6161=DIRECTION('',(1.E0,0.E0,0.E0));
#6162=DIRECTION('',(0.E0,6.813398303193E-2,9.976761801087E-1));
#6163=AXIS2_PLACEMENT_3D('',#6160,#6161,#6162);
#6164=PLANE('',#6163);
#6166=ORIENTED_EDGE('',*,*,#6165,.T.);
#6168=ORIENTED_EDGE('',*,*,#6167,.T.);
#6169=ORIENTED_EDGE('',*,*,#6150,.F.);
#6171=ORIENTED_EDGE('',*,*,#6170,.F.);
#6172=EDGE_LOOP('',(#6166,#6168,#6169,#6171));
#6173=FACE_OUTER_BOUND('',#6172,.F.);
#6175=CARTESIAN_POINT('',(-1.435E0,-4.209198947572E0,-7.333315077241E0));
#6176=DIRECTION('',(8.660254037844E-1,3.406699151596E-2,4.988380900543E-1));
#6177=DIRECTION('',(-5.E-1,5.900576016667E-2,8.640129167247E-1));
#6178=AXIS2_PLACEMENT_3D('',#6175,#6176,#6177);
#6179=PLANE('',#6178);
#6181=ORIENTED_EDGE('',*,*,#6180,.T.);
#6183=ORIENTED_EDGE('',*,*,#6182,.T.);
#6184=ORIENTED_EDGE('',*,*,#6165,.F.);
#6186=ORIENTED_EDGE('',*,*,#6185,.F.);
#6187=EDGE_LOOP('',(#6181,#6183,#6184,#6186));
#6188=FACE_OUTER_BOUND('',#6187,.F.);
#6190=CARTESIAN_POINT('',(-1.435E0,-4.219419045027E0,-7.482966504257E0));
#6191=DIRECTION('',(1.E0,0.E0,0.E0));
#6192=DIRECTION('',(0.E0,6.813398303193E-2,9.976761801087E-1));
#6193=AXIS2_PLACEMENT_3D('',#6190,#6191,#6192);
#6194=PLANE('',#6193);
#6195=ORIENTED_EDGE('',*,*,#6180,.F.);
#6197=ORIENTED_EDGE('',*,*,#6196,.F.);
#6199=ORIENTED_EDGE('',*,*,#6198,.T.);
#6201=ORIENTED_EDGE('',*,*,#6200,.T.);
#6202=EDGE_LOOP('',(#6195,#6197,#6199,#6201));
#6203=FACE_OUTER_BOUND('',#6202,.F.);
#6205=CARTESIAN_POINT('',(-2.085E0,-3.898210782645E0,-2.779559805094E0));
#6206=DIRECTION('',(0.E0,-9.976761801087E-1,6.813398303193E-2));
#6207=DIRECTION('',(0.E0,-6.813398303193E-2,-9.976761801087E-1));
#6208=AXIS2_PLACEMENT_3D('',#6205,#6206,#6207);
#6209=PLANE('',#6208);
#6210=ORIENTED_EDGE('',*,*,#6196,.T.);
#6211=ORIENTED_EDGE('',*,*,#6185,.T.);
#6212=ORIENTED_EDGE('',*,*,#6170,.T.);
#6213=ORIENTED_EDGE('',*,*,#6155,.T.);
#6214=ORIENTED_EDGE('',*,*,#6140,.F.);
#6215=ORIENTED_EDGE('',*,*,#6106,.F.);
#6217=ORIENTED_EDGE('',*,*,#6216,.T.);
#6219=ORIENTED_EDGE('',*,*,#6218,.T.);
#6221=ORIENTED_EDGE('',*,*,#6220,.T.);
#6223=ORIENTED_EDGE('',*,*,#6222,.T.);
#6225=ORIENTED_EDGE('',*,*,#6224,.T.);
#6227=ORIENTED_EDGE('',*,*,#6226,.T.);
#6229=ORIENTED_EDGE('',*,*,#6228,.F.);
#6231=ORIENTED_EDGE('',*,*,#6230,.F.);
#6232=EDGE_LOOP('',(#6210,#6211,#6212,#6213,#6214,#6215,#6217,#6219,#6221,#6223,
#6225,#6227,#6229,#6231));
#6233=FACE_OUTER_BOUND('',#6232,.F.);
#6235=CARTESIAN_POINT('',(-2.085E0,-3.598907928612E0,-2.800000000004E0));
#6236=DIRECTION('',(1.E0,0.E0,0.E0));
#6237=DIRECTION('',(0.E0,0.E0,-1.E0));
#6238=AXIS2_PLACEMENT_3D('',#6235,#6236,#6237);
#6239=CYLINDRICAL_SURFACE('',#6238,3.E-1);
#6240=ORIENTED_EDGE('',*,*,#6104,.F.);
#6241=ORIENTED_EDGE('',*,*,#4221,.T.);
#6243=ORIENTED_EDGE('',*,*,#6242,.T.);
#6244=ORIENTED_EDGE('',*,*,#6216,.F.);
#6245=EDGE_LOOP('',(#6240,#6241,#6243,#6244));
#6246=FACE_OUTER_BOUND('',#6245,.F.);
#6248=CARTESIAN_POINT('',(-4.85E-1,1.15E0,0.E0));
#6249=DIRECTION('',(1.E0,0.E0,0.E0));
#6250=DIRECTION('',(0.E0,0.E0,-1.E0));
#6251=AXIS2_PLACEMENT_3D('',#6248,#6249,#6250);
#6252=PLANE('',#6251);
#6254=ORIENTED_EDGE('',*,*,#6253,.T.);
#6255=ORIENTED_EDGE('',*,*,#6218,.F.);
#6256=ORIENTED_EDGE('',*,*,#6242,.F.);
#6257=ORIENTED_EDGE('',*,*,#4219,.F.);
#6259=ORIENTED_EDGE('',*,*,#6258,.F.);
#6261=ORIENTED_EDGE('',*,*,#6260,.F.);
#6262=EDGE_LOOP('',(#6254,#6255,#6256,#6257,#6259,#6261));
#6263=FACE_OUTER_BOUND('',#6262,.F.);
#6265=CARTESIAN_POINT('',(-4.85E-1,1.15E0,0.E0));
#6266=DIRECTION('',(1.E0,0.E0,0.E0));
#6267=DIRECTION('',(0.E0,0.E0,-1.E0));
#6268=AXIS2_PLACEMENT_3D('',#6265,#6266,#6267);
#6269=PLANE('',#6268);
#6271=ORIENTED_EDGE('',*,*,#6270,.F.);
#6273=ORIENTED_EDGE('',*,*,#6272,.F.);
#6275=ORIENTED_EDGE('',*,*,#6274,.F.);
#6276=ORIENTED_EDGE('',*,*,#4059,.T.);
#6278=ORIENTED_EDGE('',*,*,#6277,.F.);
#6280=ORIENTED_EDGE('',*,*,#6279,.F.);
#6281=EDGE_LOOP('',(#6271,#6273,#6275,#6276,#6278,#6280));
#6282=FACE_OUTER_BOUND('',#6281,.F.);
#6284=CARTESIAN_POINT('',(-4.85E-1,-4.008203697628E0,-4.390170345920E0));
#6285=DIRECTION('',(0.E0,6.813398303193E-2,9.976761801087E-1));
#6286=DIRECTION('',(-1.E0,0.E0,0.E0));
#6287=AXIS2_PLACEMENT_3D('',#6284,#6285,#6286);
#6288=PLANE('',#6287);
#6290=ORIENTED_EDGE('',*,*,#6289,.F.);
#6291=ORIENTED_EDGE('',*,*,#6220,.F.);
#6292=ORIENTED_EDGE('',*,*,#6253,.F.);
#6294=ORIENTED_EDGE('',*,*,#6293,.T.);
#6295=EDGE_LOOP('',(#6290,#6291,#6292,#6294));
#6296=FACE_OUTER_BOUND('',#6295,.F.);
#6298=CARTESIAN_POINT('',(-5.85E-1,-4.008203697628E0,-4.390170345920E0));
#6299=DIRECTION('',(-7.071067811865E-1,4.817800143112E-2,7.054635923831E-1));
#6300=DIRECTION('',(-7.071067811865E-1,-4.817800143112E-2,-7.054635923831E-1));
#6301=AXIS2_PLACEMENT_3D('',#6298,#6299,#6300);
#6302=PLANE('',#6301);
#6303=ORIENTED_EDGE('',*,*,#6289,.T.);
#6305=ORIENTED_EDGE('',*,*,#6304,.T.);
#6307=ORIENTED_EDGE('',*,*,#6306,.F.);
#6308=ORIENTED_EDGE('',*,*,#6222,.F.);
#6309=EDGE_LOOP('',(#6303,#6305,#6307,#6308));
#6310=FACE_OUTER_BOUND('',#6309,.F.);
#6312=CARTESIAN_POINT('',(-2.085E0,-3.97E0,-7.500000000015E0));
#6313=DIRECTION('',(0.E0,9.976761801087E-1,-6.813398303193E-2));
#6314=DIRECTION('',(0.E0,6.813398303193E-2,9.976761801087E-1));
#6315=AXIS2_PLACEMENT_3D('',#6312,#6313,#6314);
#6316=PLANE('',#6315);
#6317=ORIENTED_EDGE('',*,*,#6200,.F.);
#6319=ORIENTED_EDGE('',*,*,#6318,.T.);
#6321=ORIENTED_EDGE('',*,*,#6320,.T.);
#6323=ORIENTED_EDGE('',*,*,#6322,.F.);
#6325=ORIENTED_EDGE('',*,*,#6324,.F.);
#6326=ORIENTED_EDGE('',*,*,#6304,.F.);
#6327=ORIENTED_EDGE('',*,*,#6293,.F.);
#6328=ORIENTED_EDGE('',*,*,#6260,.T.);
#6330=ORIENTED_EDGE('',*,*,#6329,.F.);
#6331=ORIENTED_EDGE('',*,*,#6099,.F.);
#6332=ORIENTED_EDGE('',*,*,#6137,.T.);
#6333=ORIENTED_EDGE('',*,*,#6152,.F.);
#6334=ORIENTED_EDGE('',*,*,#6167,.F.);
#6335=ORIENTED_EDGE('',*,*,#6182,.F.);
#6336=EDGE_LOOP('',(#6317,#6319,#6321,#6323,#6325,#6326,#6327,#6328,#6330,#6331,
#6332,#6333,#6334,#6335));
#6337=FACE_OUTER_BOUND('',#6336,.F.);
#6339=CARTESIAN_POINT('',(-2.085E0,-4.219419045027E0,-7.482966504257E0));
#6340=DIRECTION('',(0.E0,-6.813398303192E-2,-9.976761801087E-1));
#6341=DIRECTION('',(0.E0,9.976761801087E-1,-6.813398303192E-2));
#6342=AXIS2_PLACEMENT_3D('',#6339,#6340,#6341);
#6343=PLANE('',#6342);
#6344=ORIENTED_EDGE('',*,*,#6198,.F.);
#6345=ORIENTED_EDGE('',*,*,#6230,.T.);
#6347=ORIENTED_EDGE('',*,*,#6346,.T.);
#6348=ORIENTED_EDGE('',*,*,#6318,.F.);
#6349=EDGE_LOOP('',(#6344,#6345,#6347,#6348));
#6350=FACE_OUTER_BOUND('',#6349,.F.);
#6352=CARTESIAN_POINT('',(-1.135E0,-4.209198947572E0,-7.333315077241E0));
#6353=DIRECTION('',(-1.E0,0.E0,0.E0));
#6354=DIRECTION('',(0.E0,-6.813398303193E-2,-9.976761801087E-1));
#6355=AXIS2_PLACEMENT_3D('',#6352,#6353,#6354);
#6356=PLANE('',#6355);
#6358=ORIENTED_EDGE('',*,*,#6357,.T.);
#6359=ORIENTED_EDGE('',*,*,#6320,.F.);
#6360=ORIENTED_EDGE('',*,*,#6346,.F.);
#6361=ORIENTED_EDGE('',*,*,#6228,.T.);
#6362=EDGE_LOOP('',(#6358,#6359,#6360,#6361));
#6363=FACE_OUTER_BOUND('',#6362,.F.);
#6365=CARTESIAN_POINT('',(-9.85E-1,-4.191497219522E0,-7.074111202223E0));
#6366=DIRECTION('',(-8.660254037844E-1,3.406699151596E-2,4.988380900543E-1));
#6367=DIRECTION('',(-5.E-1,-5.900576016667E-2,-8.640129167247E-1));
#6368=AXIS2_PLACEMENT_3D('',#6365,#6366,#6367);
#6369=PLANE('',#6368);
#6371=ORIENTED_EDGE('',*,*,#6370,.T.);
#6372=ORIENTED_EDGE('',*,*,#6322,.T.);
#6373=ORIENTED_EDGE('',*,*,#6357,.F.);
#6374=ORIENTED_EDGE('',*,*,#6226,.F.);
#6375=EDGE_LOOP('',(#6371,#6372,#6373,#6374));
#6376=FACE_OUTER_BOUND('',#6375,.F.);
#6378=CARTESIAN_POINT('',(-9.85E-1,-4.035457290841E0,-4.789240817963E0));
#6379=DIRECTION('',(-1.E0,0.E0,0.E0));
#6380=DIRECTION('',(0.E0,-6.813398303193E-2,-9.976761801087E-1));
#6381=AXIS2_PLACEMENT_3D('',#6378,#6379,#6380);
#6382=PLANE('',#6381);
#6383=ORIENTED_EDGE('',*,*,#6306,.T.);
#6384=ORIENTED_EDGE('',*,*,#6324,.T.);
#6385=ORIENTED_EDGE('',*,*,#6370,.F.);
#6386=ORIENTED_EDGE('',*,*,#6224,.F.);
#6387=EDGE_LOOP('',(#6383,#6384,#6385,#6386));
#6388=FACE_OUTER_BOUND('',#6387,.F.);
#6390=CARTESIAN_POINT('',(-2.085E0,-3.598907928612E0,-2.800000000004E0));
#6391=DIRECTION('',(1.E0,0.E0,0.E0));
#6392=DIRECTION('',(0.E0,0.E0,-1.E0));
#6393=AXIS2_PLACEMENT_3D('',#6390,#6391,#6392);
#6394=CYLINDRICAL_SURFACE('',#6393,5.E-2);
#6395=ORIENTED_EDGE('',*,*,#6101,.F.);
#6396=ORIENTED_EDGE('',*,*,#6329,.T.);
#6397=ORIENTED_EDGE('',*,*,#6258,.T.);
#6398=ORIENTED_EDGE('',*,*,#4217,.F.);
#6399=EDGE_LOOP('',(#6395,#6396,#6397,#6398));
#6400=FACE_OUTER_BOUND('',#6399,.F.);
#6402=CARTESIAN_POINT('',(-5.85E-1,4.008203697628E0,-4.390170345920E0));
#6403=DIRECTION('',(0.E0,-6.813398303193E-2,9.976761801087E-1));
#6404=DIRECTION('',(1.E0,0.E0,0.E0));
#6405=AXIS2_PLACEMENT_3D('',#6402,#6403,#6404);
#6406=PLANE('',#6405);
#6408=ORIENTED_EDGE('',*,*,#6407,.T.);
#6410=ORIENTED_EDGE('',*,*,#6409,.F.);
#6411=ORIENTED_EDGE('',*,*,#6270,.T.);
#6413=ORIENTED_EDGE('',*,*,#6412,.T.);
#6414=EDGE_LOOP('',(#6408,#6410,#6411,#6413));
#6415=FACE_OUTER_BOUND('',#6414,.F.);
#6417=CARTESIAN_POINT('',(-9.85E-1,4.035457290841E0,-4.789240817963E0));
#6418=DIRECTION('',(-7.071067811865E-1,-4.817800143112E-2,7.054635923831E-1));
#6419=DIRECTION('',(7.071067811865E-1,-4.817800143112E-2,7.054635923831E-1));
#6420=AXIS2_PLACEMENT_3D('',#6417,#6418,#6419);
#6421=PLANE('',#6420);
#6422=ORIENTED_EDGE('',*,*,#6407,.F.);
#6424=ORIENTED_EDGE('',*,*,#6423,.F.);
#6426=ORIENTED_EDGE('',*,*,#6425,.T.);
#6428=ORIENTED_EDGE('',*,*,#6427,.T.);
#6429=EDGE_LOOP('',(#6422,#6424,#6426,#6428));
#6430=FACE_OUTER_BOUND('',#6429,.F.);
#6432=CARTESIAN_POINT('',(-2.085E0,4.219419045027E0,-7.482966504257E0));
#6433=DIRECTION('',(0.E0,9.976761801087E-1,6.813398303193E-2));
#6434=DIRECTION('',(0.E0,-6.813398303193E-2,9.976761801087E-1));
#6435=AXIS2_PLACEMENT_3D('',#6432,#6433,#6434);
#6436=PLANE('',#6435);
#6438=ORIENTED_EDGE('',*,*,#6437,.T.);
#6440=ORIENTED_EDGE('',*,*,#6439,.T.);
#6442=ORIENTED_EDGE('',*,*,#6441,.T.);
#6444=ORIENTED_EDGE('',*,*,#6443,.T.);
#6446=ORIENTED_EDGE('',*,*,#6445,.F.);
#6448=ORIENTED_EDGE('',*,*,#6447,.T.);
#6450=ORIENTED_EDGE('',*,*,#6449,.T.);
#6452=ORIENTED_EDGE('',*,*,#6451,.T.);
#6454=ORIENTED_EDGE('',*,*,#6453,.T.);
#6455=ORIENTED_EDGE('',*,*,#6423,.T.);
#6456=ORIENTED_EDGE('',*,*,#6412,.F.);
#6457=ORIENTED_EDGE('',*,*,#6279,.T.);
#6459=ORIENTED_EDGE('',*,*,#6458,.F.);
#6460=ORIENTED_EDGE('',*,*,#6118,.F.);
#6461=EDGE_LOOP('',(#6438,#6440,#6442,#6444,#6446,#6448,#6450,#6452,#6454,#6455,
#6456,#6457,#6459,#6460));
#6462=FACE_OUTER_BOUND('',#6461,.F.);
#6464=CARTESIAN_POINT('',(-2.085E0,4.008203697628E0,-4.390170345920E0));
#6465=DIRECTION('',(0.E0,-6.813398303193E-2,9.976761801087E-1));
#6466=DIRECTION('',(1.E0,0.E0,0.E0));
#6467=AXIS2_PLACEMENT_3D('',#6464,#6465,#6466);
#6468=PLANE('',#6467);
#6470=ORIENTED_EDGE('',*,*,#6469,.F.);
#6471=ORIENTED_EDGE('',*,*,#6437,.F.);
#6472=ORIENTED_EDGE('',*,*,#6116,.F.);
#6474=ORIENTED_EDGE('',*,*,#6473,.T.);
#6475=EDGE_LOOP('',(#6470,#6471,#6472,#6474));
#6476=FACE_OUTER_BOUND('',#6475,.F.);
#6478=CARTESIAN_POINT('',(-1.985E0,4.008203697628E0,-4.390170345920E0));
#6479=DIRECTION('',(7.071067811865E-1,-4.817800143112E-2,7.054635923831E-1));
#6480=DIRECTION('',(7.071067811865E-1,4.817800143112E-2,-7.054635923831E-1));
#6481=AXIS2_PLACEMENT_3D('',#6478,#6479,#6480);
#6482=PLANE('',#6481);
#6483=ORIENTED_EDGE('',*,*,#6469,.T.);
#6485=ORIENTED_EDGE('',*,*,#6484,.T.);
#6487=ORIENTED_EDGE('',*,*,#6486,.F.);
#6488=ORIENTED_EDGE('',*,*,#6439,.F.);
#6489=EDGE_LOOP('',(#6483,#6485,#6487,#6488));
#6490=FACE_OUTER_BOUND('',#6489,.F.);
#6492=CARTESIAN_POINT('',(-2.085E0,3.648791737618E0,-2.796593300852E0));
#6493=DIRECTION('',(0.E0,-9.976761801087E-1,-6.813398303193E-2));
#6494=DIRECTION('',(0.E0,6.813398303193E-2,-9.976761801087E-1));
#6495=AXIS2_PLACEMENT_3D('',#6492,#6493,#6494);
#6496=PLANE('',#6495);
#6497=ORIENTED_EDGE('',*,*,#6473,.F.);
#6498=ORIENTED_EDGE('',*,*,#6125,.F.);
#6500=ORIENTED_EDGE('',*,*,#6499,.T.);
#6501=ORIENTED_EDGE('',*,*,#6272,.T.);
#6502=ORIENTED_EDGE('',*,*,#6409,.T.);
#6503=ORIENTED_EDGE('',*,*,#6427,.F.);
#6505=ORIENTED_EDGE('',*,*,#6504,.F.);
#6507=ORIENTED_EDGE('',*,*,#6506,.F.);
#6509=ORIENTED_EDGE('',*,*,#6508,.F.);
#6511=ORIENTED_EDGE('',*,*,#6510,.F.);
#6513=ORIENTED_EDGE('',*,*,#6512,.T.);
#6515=ORIENTED_EDGE('',*,*,#6514,.F.);
#6517=ORIENTED_EDGE('',*,*,#6516,.F.);
#6518=ORIENTED_EDGE('',*,*,#6484,.F.);
#6519=EDGE_LOOP('',(#6497,#6498,#6500,#6501,#6502,#6503,#6505,#6507,#6509,#6511,
#6513,#6515,#6517,#6518));
#6520=FACE_OUTER_BOUND('',#6519,.F.);
#6522=CARTESIAN_POINT('',(-2.085E0,3.598907928612E0,-2.800000000004E0));
#6523=DIRECTION('',(1.E0,0.E0,0.E0));
#6524=DIRECTION('',(0.E0,0.E0,-1.E0));
#6525=AXIS2_PLACEMENT_3D('',#6522,#6523,#6524);
#6526=CYLINDRICAL_SURFACE('',#6525,5.E-2);
#6527=ORIENTED_EDGE('',*,*,#6123,.F.);
#6528=ORIENTED_EDGE('',*,*,#4061,.T.);
#6529=ORIENTED_EDGE('',*,*,#6274,.T.);
#6530=ORIENTED_EDGE('',*,*,#6499,.F.);
#6531=EDGE_LOOP('',(#6527,#6528,#6529,#6530));
#6532=FACE_OUTER_BOUND('',#6531,.F.);
#6534=CARTESIAN_POINT('',(-9.85E-1,4.191497219522E0,-7.074111202223E0));
#6535=DIRECTION('',(-1.E0,0.E0,0.E0));
#6536=DIRECTION('',(0.E0,-6.813398303193E-2,9.976761801087E-1));
#6537=AXIS2_PLACEMENT_3D('',#6534,#6535,#6536);
#6538=PLANE('',#6537);
#6540=ORIENTED_EDGE('',*,*,#6539,.T.);
#6541=ORIENTED_EDGE('',*,*,#6504,.T.);
#6542=ORIENTED_EDGE('',*,*,#6425,.F.);
#6543=ORIENTED_EDGE('',*,*,#6453,.F.);
#6544=EDGE_LOOP('',(#6540,#6541,#6542,#6543));
#6545=FACE_OUTER_BOUND('',#6544,.F.);
#6547=CARTESIAN_POINT('',(-1.135E0,4.209198947572E0,-7.333315077241E0));
#6548=DIRECTION('',(-8.660254037844E-1,-3.406699151596E-2,4.988380900543E-1));
#6549=DIRECTION('',(5.E-1,-5.900576016667E-2,8.640129167247E-1));
#6550=AXIS2_PLACEMENT_3D('',#6547,#6548,#6549);
#6551=PLANE('',#6550);
#6553=ORIENTED_EDGE('',*,*,#6552,.T.);
#6554=ORIENTED_EDGE('',*,*,#6506,.T.);
#6555=ORIENTED_EDGE('',*,*,#6539,.F.);
#6556=ORIENTED_EDGE('',*,*,#6451,.F.);
#6557=EDGE_LOOP('',(#6553,#6554,#6555,#6556));
#6558=FACE_OUTER_BOUND('',#6557,.F.);
#6560=CARTESIAN_POINT('',(-1.135E0,4.219419045027E0,-7.482966504257E0));
#6561=DIRECTION('',(-1.E0,0.E0,0.E0));
#6562=DIRECTION('',(0.E0,-6.813398303193E-2,9.976761801087E-1));
#6563=AXIS2_PLACEMENT_3D('',#6560,#6561,#6562);
#6564=PLANE('',#6563);
#6565=ORIENTED_EDGE('',*,*,#6552,.F.);
#6566=ORIENTED_EDGE('',*,*,#6449,.F.);
#6568=ORIENTED_EDGE('',*,*,#6567,.F.);
#6569=ORIENTED_EDGE('',*,*,#6508,.T.);
#6570=EDGE_LOOP('',(#6565,#6566,#6568,#6569));
#6571=FACE_OUTER_BOUND('',#6570,.F.);
#6573=CARTESIAN_POINT('',(-2.085E0,3.97E0,-7.500000000015E0));
#6574=DIRECTION('',(0.E0,6.813398303192E-2,-9.976761801087E-1));
#6575=DIRECTION('',(0.E0,9.976761801087E-1,6.813398303192E-2));
#6576=AXIS2_PLACEMENT_3D('',#6573,#6574,#6575);
#6577=PLANE('',#6576);
#6579=ORIENTED_EDGE('',*,*,#6578,.F.);
#6580=ORIENTED_EDGE('',*,*,#6510,.T.);
#6581=ORIENTED_EDGE('',*,*,#6567,.T.);
#6582=ORIENTED_EDGE('',*,*,#6447,.F.);
#6583=EDGE_LOOP('',(#6579,#6580,#6581,#6582));
#6584=FACE_OUTER_BOUND('',#6583,.F.);
#6586=CARTESIAN_POINT('',(-1.435E0,4.209198947572E0,-7.333315077241E0));
#6587=DIRECTION('',(1.E0,0.E0,0.E0));
#6588=DIRECTION('',(0.E0,6.813398303193E-2,-9.976761801087E-1));
#6589=AXIS2_PLACEMENT_3D('',#6586,#6587,#6588);
#6590=PLANE('',#6589);
#6592=ORIENTED_EDGE('',*,*,#6591,.T.);
#6593=ORIENTED_EDGE('',*,*,#6512,.F.);
#6594=ORIENTED_EDGE('',*,*,#6578,.T.);
#6595=ORIENTED_EDGE('',*,*,#6445,.T.);
#6596=EDGE_LOOP('',(#6592,#6593,#6594,#6595));
#6597=FACE_OUTER_BOUND('',#6596,.F.);
#6599=CARTESIAN_POINT('',(-1.585E0,4.191497219522E0,-7.074111202223E0));
#6600=DIRECTION('',(8.660254037844E-1,-3.406699151596E-2,4.988380900543E-1));
#6601=DIRECTION('',(5.E-1,5.900576016667E-2,-8.640129167247E-1));
#6602=AXIS2_PLACEMENT_3D('',#6599,#6600,#6601);
#6603=PLANE('',#6602);
#6605=ORIENTED_EDGE('',*,*,#6604,.T.);
#6606=ORIENTED_EDGE('',*,*,#6514,.T.);
#6607=ORIENTED_EDGE('',*,*,#6591,.F.);
#6608=ORIENTED_EDGE('',*,*,#6443,.F.);
#6609=EDGE_LOOP('',(#6605,#6606,#6607,#6608));
#6610=FACE_OUTER_BOUND('',#6609,.F.);
#6612=CARTESIAN_POINT('',(-1.585E0,4.035457290841E0,-4.789240817963E0));
#6613=DIRECTION('',(1.E0,0.E0,0.E0));
#6614=DIRECTION('',(0.E0,6.813398303193E-2,-9.976761801087E-1));
#6615=AXIS2_PLACEMENT_3D('',#6612,#6613,#6614);
#6616=PLANE('',#6615);
#6617=ORIENTED_EDGE('',*,*,#6486,.T.);
#6618=ORIENTED_EDGE('',*,*,#6516,.T.);
#6619=ORIENTED_EDGE('',*,*,#6604,.F.);
#6620=ORIENTED_EDGE('',*,*,#6441,.F.);
#6621=EDGE_LOOP('',(#6617,#6618,#6619,#6620));
#6622=FACE_OUTER_BOUND('',#6621,.F.);
#6624=CARTESIAN_POINT('',(-2.085E0,3.598907928612E0,-2.800000000004E0));
#6625=DIRECTION('',(1.E0,0.E0,0.E0));
#6626=DIRECTION('',(0.E0,0.E0,-1.E0));
#6627=AXIS2_PLACEMENT_3D('',#6624,#6625,#6626);
#6628=CYLINDRICAL_SURFACE('',#6627,3.E-1);
#6629=ORIENTED_EDGE('',*,*,#6120,.F.);
#6630=ORIENTED_EDGE('',*,*,#6458,.T.);
#6631=ORIENTED_EDGE('',*,*,#6277,.T.);
#6632=ORIENTED_EDGE('',*,*,#4057,.F.);
#6633=EDGE_LOOP('',(#6629,#6630,#6631,#6632));
#6634=FACE_OUTER_BOUND('',#6633,.F.);
#6636=CARTESIAN_POINT('',(4.55E-1,1.15E0,0.E0));
#6637=DIRECTION('',(1.E0,0.E0,0.E0));
#6638=DIRECTION('',(0.E0,0.E0,-1.E0));
#6639=AXIS2_PLACEMENT_3D('',#6636,#6637,#6638);
#6640=PLANE('',#6639);
#6642=ORIENTED_EDGE('',*,*,#6641,.F.);
#6644=ORIENTED_EDGE('',*,*,#6643,.T.);
#6646=ORIENTED_EDGE('',*,*,#6645,.T.);
#6647=ORIENTED_EDGE('',*,*,#4225,.T.);
#6649=ORIENTED_EDGE('',*,*,#6648,.T.);
#6651=ORIENTED_EDGE('',*,*,#6650,.T.);
#6652=EDGE_LOOP('',(#6642,#6644,#6646,#6647,#6649,#6651));
#6653=FACE_OUTER_BOUND('',#6652,.F.);
#6655=CARTESIAN_POINT('',(4.55E-1,1.15E0,0.E0));
#6656=DIRECTION('',(1.E0,0.E0,0.E0));
#6657=DIRECTION('',(0.E0,0.E0,-1.E0));
#6658=AXIS2_PLACEMENT_3D('',#6655,#6656,#6657);
#6659=PLANE('',#6658);
#6661=ORIENTED_EDGE('',*,*,#6660,.T.);
#6663=ORIENTED_EDGE('',*,*,#6662,.T.);
#6665=ORIENTED_EDGE('',*,*,#6664,.T.);
#6666=ORIENTED_EDGE('',*,*,#4065,.F.);
#6668=ORIENTED_EDGE('',*,*,#6667,.T.);
#6670=ORIENTED_EDGE('',*,*,#6669,.T.);
#6671=EDGE_LOOP('',(#6661,#6663,#6665,#6666,#6668,#6670));
#6672=FACE_OUTER_BOUND('',#6671,.F.);
#6674=CARTESIAN_POINT('',(5.55E-1,-4.008203697628E0,-4.390170345920E0));
#6675=DIRECTION('',(0.E0,6.813398303193E-2,9.976761801087E-1));
#6676=DIRECTION('',(-1.E0,0.E0,0.E0));
#6677=AXIS2_PLACEMENT_3D('',#6674,#6675,#6676);
#6678=PLANE('',#6677);
#6680=ORIENTED_EDGE('',*,*,#6679,.T.);
#6682=ORIENTED_EDGE('',*,*,#6681,.F.);
#6683=ORIENTED_EDGE('',*,*,#6641,.T.);
#6685=ORIENTED_EDGE('',*,*,#6684,.T.);
#6686=EDGE_LOOP('',(#6680,#6682,#6683,#6685));
#6687=FACE_OUTER_BOUND('',#6686,.F.);
#6689=CARTESIAN_POINT('',(9.55E-1,-4.035457290841E0,-4.789240817963E0));
#6690=DIRECTION('',(7.071067811865E-1,4.817800143112E-2,7.054635923831E-1));
#6691=DIRECTION('',(-7.071067811865E-1,4.817800143112E-2,7.054635923831E-1));
#6692=AXIS2_PLACEMENT_3D('',#6689,#6690,#6691);
#6693=PLANE('',#6692);
#6695=ORIENTED_EDGE('',*,*,#6694,.T.);
#6697=ORIENTED_EDGE('',*,*,#6696,.T.);
#6698=ORIENTED_EDGE('',*,*,#6679,.F.);
#6700=ORIENTED_EDGE('',*,*,#6699,.F.);
#6701=EDGE_LOOP('',(#6695,#6697,#6698,#6700));
#6702=FACE_OUTER_BOUND('',#6701,.F.);
#6704=CARTESIAN_POINT('',(9.55E-1,-4.191497219522E0,-7.074111202223E0));
#6705=DIRECTION('',(1.E0,0.E0,0.E0));
#6706=DIRECTION('',(0.E0,6.813398303193E-2,9.976761801087E-1));
#6707=AXIS2_PLACEMENT_3D('',#6704,#6705,#6706);
#6708=PLANE('',#6707);
#6710=ORIENTED_EDGE('',*,*,#6709,.T.);
#6712=ORIENTED_EDGE('',*,*,#6711,.T.);
#6713=ORIENTED_EDGE('',*,*,#6694,.F.);
#6715=ORIENTED_EDGE('',*,*,#6714,.F.);
#6716=EDGE_LOOP('',(#6710,#6712,#6713,#6715));
#6717=FACE_OUTER_BOUND('',#6716,.F.);
#6719=CARTESIAN_POINT('',(1.105E0,-4.209198947572E0,-7.333315077241E0));
#6720=DIRECTION('',(8.660254037844E-1,3.406699151596E-2,4.988380900543E-1));
#6721=DIRECTION('',(-5.E-1,5.900576016667E-2,8.640129167247E-1));
#6722=AXIS2_PLACEMENT_3D('',#6719,#6720,#6721);
#6723=PLANE('',#6722);
#6725=ORIENTED_EDGE('',*,*,#6724,.T.);
#6727=ORIENTED_EDGE('',*,*,#6726,.T.);
#6728=ORIENTED_EDGE('',*,*,#6709,.F.);
#6730=ORIENTED_EDGE('',*,*,#6729,.F.);
#6731=EDGE_LOOP('',(#6725,#6727,#6728,#6730));
#6732=FACE_OUTER_BOUND('',#6731,.F.);
#6734=CARTESIAN_POINT('',(1.105E0,-4.219419045027E0,-7.482966504257E0));
#6735=DIRECTION('',(1.E0,0.E0,0.E0));
#6736=DIRECTION('',(0.E0,6.813398303193E-2,9.976761801087E-1));
#6737=AXIS2_PLACEMENT_3D('',#6734,#6735,#6736);
#6738=PLANE('',#6737);
#6739=ORIENTED_EDGE('',*,*,#6724,.F.);
#6741=ORIENTED_EDGE('',*,*,#6740,.F.);
#6743=ORIENTED_EDGE('',*,*,#6742,.T.);
#6745=ORIENTED_EDGE('',*,*,#6744,.T.);
#6746=EDGE_LOOP('',(#6739,#6741,#6743,#6745));
#6747=FACE_OUTER_BOUND('',#6746,.F.);
#6749=CARTESIAN_POINT('',(4.55E-1,-3.898210782645E0,-2.779559805094E0));
#6750=DIRECTION('',(0.E0,-9.976761801087E-1,6.813398303193E-2));
#6751=DIRECTION('',(0.E0,-6.813398303193E-2,-9.976761801087E-1));
#6752=AXIS2_PLACEMENT_3D('',#6749,#6750,#6751);
#6753=PLANE('',#6752);
#6754=ORIENTED_EDGE('',*,*,#6740,.T.);
#6755=ORIENTED_EDGE('',*,*,#6729,.T.);
#6756=ORIENTED_EDGE('',*,*,#6714,.T.);
#6757=ORIENTED_EDGE('',*,*,#6699,.T.);
#6758=ORIENTED_EDGE('',*,*,#6684,.F.);
#6759=ORIENTED_EDGE('',*,*,#6650,.F.);
#6761=ORIENTED_EDGE('',*,*,#6760,.T.);
#6763=ORIENTED_EDGE('',*,*,#6762,.T.);
#6765=ORIENTED_EDGE('',*,*,#6764,.T.);
#6767=ORIENTED_EDGE('',*,*,#6766,.T.);
#6769=ORIENTED_EDGE('',*,*,#6768,.T.);
#6771=ORIENTED_EDGE('',*,*,#6770,.T.);
#6773=ORIENTED_EDGE('',*,*,#6772,.F.);
#6775=ORIENTED_EDGE('',*,*,#6774,.F.);
#6776=EDGE_LOOP('',(#6754,#6755,#6756,#6757,#6758,#6759,#6761,#6763,#6765,#6767,
#6769,#6771,#6773,#6775));
#6777=FACE_OUTER_BOUND('',#6776,.F.);
#6779=CARTESIAN_POINT('',(4.55E-1,-3.598907928612E0,-2.800000000004E0));
#6780=DIRECTION('',(1.E0,0.E0,0.E0));
#6781=DIRECTION('',(0.E0,0.E0,-1.E0));
#6782=AXIS2_PLACEMENT_3D('',#6779,#6780,#6781);
#6783=CYLINDRICAL_SURFACE('',#6782,3.E-1);
#6784=ORIENTED_EDGE('',*,*,#6648,.F.);
#6785=ORIENTED_EDGE('',*,*,#4231,.T.);
#6787=ORIENTED_EDGE('',*,*,#6786,.T.);
#6788=ORIENTED_EDGE('',*,*,#6760,.F.);
#6789=EDGE_LOOP('',(#6784,#6785,#6787,#6788));
#6790=FACE_OUTER_BOUND('',#6789,.F.);
#6792=CARTESIAN_POINT('',(2.055E0,1.15E0,0.E0));
#6793=DIRECTION('',(1.E0,0.E0,0.E0));
#6794=DIRECTION('',(0.E0,0.E0,-1.E0));
#6795=AXIS2_PLACEMENT_3D('',#6792,#6793,#6794);
#6796=PLANE('',#6795);
#6798=ORIENTED_EDGE('',*,*,#6797,.T.);
#6799=ORIENTED_EDGE('',*,*,#6762,.F.);
#6800=ORIENTED_EDGE('',*,*,#6786,.F.);
#6801=ORIENTED_EDGE('',*,*,#4229,.F.);
#6803=ORIENTED_EDGE('',*,*,#6802,.F.);
#6805=ORIENTED_EDGE('',*,*,#6804,.F.);
#6806=EDGE_LOOP('',(#6798,#6799,#6800,#6801,#6803,#6805));
#6807=FACE_OUTER_BOUND('',#6806,.F.);
#6809=CARTESIAN_POINT('',(2.055E0,1.15E0,0.E0));
#6810=DIRECTION('',(1.E0,0.E0,0.E0));
#6811=DIRECTION('',(0.E0,0.E0,-1.E0));
#6812=AXIS2_PLACEMENT_3D('',#6809,#6810,#6811);
#6813=PLANE('',#6812);
#6815=ORIENTED_EDGE('',*,*,#6814,.F.);
#6817=ORIENTED_EDGE('',*,*,#6816,.F.);
#6819=ORIENTED_EDGE('',*,*,#6818,.F.);
#6820=ORIENTED_EDGE('',*,*,#4069,.T.);
#6822=ORIENTED_EDGE('',*,*,#6821,.F.);
#6824=ORIENTED_EDGE('',*,*,#6823,.F.);
#6825=EDGE_LOOP('',(#6815,#6817,#6819,#6820,#6822,#6824));
#6826=FACE_OUTER_BOUND('',#6825,.F.);
#6828=CARTESIAN_POINT('',(2.055E0,-4.008203697628E0,-4.390170345920E0));
#6829=DIRECTION('',(0.E0,6.813398303193E-2,9.976761801087E-1));
#6830=DIRECTION('',(-1.E0,0.E0,0.E0));
#6831=AXIS2_PLACEMENT_3D('',#6828,#6829,#6830);
#6832=PLANE('',#6831);
#6834=ORIENTED_EDGE('',*,*,#6833,.F.);
#6835=ORIENTED_EDGE('',*,*,#6764,.F.);
#6836=ORIENTED_EDGE('',*,*,#6797,.F.);
#6838=ORIENTED_EDGE('',*,*,#6837,.T.);
#6839=EDGE_LOOP('',(#6834,#6835,#6836,#6838));
#6840=FACE_OUTER_BOUND('',#6839,.F.);
#6842=CARTESIAN_POINT('',(1.955E0,-4.008203697628E0,-4.390170345920E0));
#6843=DIRECTION('',(-7.071067811865E-1,4.817800143112E-2,7.054635923831E-1));
#6844=DIRECTION('',(-7.071067811865E-1,-4.817800143112E-2,-7.054635923831E-1));
#6845=AXIS2_PLACEMENT_3D('',#6842,#6843,#6844);
#6846=PLANE('',#6845);
#6847=ORIENTED_EDGE('',*,*,#6833,.T.);
#6849=ORIENTED_EDGE('',*,*,#6848,.T.);
#6851=ORIENTED_EDGE('',*,*,#6850,.F.);
#6852=ORIENTED_EDGE('',*,*,#6766,.F.);
#6853=EDGE_LOOP('',(#6847,#6849,#6851,#6852));
#6854=FACE_OUTER_BOUND('',#6853,.F.);
#6856=CARTESIAN_POINT('',(4.55E-1,-3.97E0,-7.500000000015E0));
#6857=DIRECTION('',(0.E0,9.976761801087E-1,-6.813398303193E-2));
#6858=DIRECTION('',(0.E0,6.813398303193E-2,9.976761801087E-1));
#6859=AXIS2_PLACEMENT_3D('',#6856,#6857,#6858);
#6860=PLANE('',#6859);
#6861=ORIENTED_EDGE('',*,*,#6744,.F.);
#6863=ORIENTED_EDGE('',*,*,#6862,.T.);
#6865=ORIENTED_EDGE('',*,*,#6864,.T.);
#6867=ORIENTED_EDGE('',*,*,#6866,.F.);
#6869=ORIENTED_EDGE('',*,*,#6868,.F.);
#6870=ORIENTED_EDGE('',*,*,#6848,.F.);
#6871=ORIENTED_EDGE('',*,*,#6837,.F.);
#6872=ORIENTED_EDGE('',*,*,#6804,.T.);
#6874=ORIENTED_EDGE('',*,*,#6873,.F.);
#6875=ORIENTED_EDGE('',*,*,#6643,.F.);
#6876=ORIENTED_EDGE('',*,*,#6681,.T.);
#6877=ORIENTED_EDGE('',*,*,#6696,.F.);
#6878=ORIENTED_EDGE('',*,*,#6711,.F.);
#6879=ORIENTED_EDGE('',*,*,#6726,.F.);
#6880=EDGE_LOOP('',(#6861,#6863,#6865,#6867,#6869,#6870,#6871,#6872,#6874,#6875,
#6876,#6877,#6878,#6879));
#6881=FACE_OUTER_BOUND('',#6880,.F.);
#6883=CARTESIAN_POINT('',(4.55E-1,-4.219419045027E0,-7.482966504257E0));
#6884=DIRECTION('',(0.E0,-6.813398303192E-2,-9.976761801087E-1));
#6885=DIRECTION('',(0.E0,9.976761801087E-1,-6.813398303192E-2));
#6886=AXIS2_PLACEMENT_3D('',#6883,#6884,#6885);
#6887=PLANE('',#6886);
#6888=ORIENTED_EDGE('',*,*,#6742,.F.);
#6889=ORIENTED_EDGE('',*,*,#6774,.T.);
#6891=ORIENTED_EDGE('',*,*,#6890,.T.);
#6892=ORIENTED_EDGE('',*,*,#6862,.F.);
#6893=EDGE_LOOP('',(#6888,#6889,#6891,#6892));
#6894=FACE_OUTER_BOUND('',#6893,.F.);
#6896=CARTESIAN_POINT('',(1.405E0,-4.209198947572E0,-7.333315077241E0));
#6897=DIRECTION('',(-1.E0,0.E0,0.E0));
#6898=DIRECTION('',(0.E0,-6.813398303193E-2,-9.976761801087E-1));
#6899=AXIS2_PLACEMENT_3D('',#6896,#6897,#6898);
#6900=PLANE('',#6899);
#6902=ORIENTED_EDGE('',*,*,#6901,.T.);
#6903=ORIENTED_EDGE('',*,*,#6864,.F.);
#6904=ORIENTED_EDGE('',*,*,#6890,.F.);
#6905=ORIENTED_EDGE('',*,*,#6772,.T.);
#6906=EDGE_LOOP('',(#6902,#6903,#6904,#6905));
#6907=FACE_OUTER_BOUND('',#6906,.F.);
#6909=CARTESIAN_POINT('',(1.555E0,-4.191497219522E0,-7.074111202223E0));
#6910=DIRECTION('',(-8.660254037844E-1,3.406699151596E-2,4.988380900543E-1));
#6911=DIRECTION('',(-5.E-1,-5.900576016667E-2,-8.640129167247E-1));
#6912=AXIS2_PLACEMENT_3D('',#6909,#6910,#6911);
#6913=PLANE('',#6912);
#6915=ORIENTED_EDGE('',*,*,#6914,.T.);
#6916=ORIENTED_EDGE('',*,*,#6866,.T.);
#6917=ORIENTED_EDGE('',*,*,#6901,.F.);
#6918=ORIENTED_EDGE('',*,*,#6770,.F.);
#6919=EDGE_LOOP('',(#6915,#6916,#6917,#6918));
#6920=FACE_OUTER_BOUND('',#6919,.F.);
#6922=CARTESIAN_POINT('',(1.555E0,-4.035457290841E0,-4.789240817963E0));
#6923=DIRECTION('',(-1.E0,0.E0,0.E0));
#6924=DIRECTION('',(0.E0,-6.813398303193E-2,-9.976761801087E-1));
#6925=AXIS2_PLACEMENT_3D('',#6922,#6923,#6924);
#6926=PLANE('',#6925);
#6927=ORIENTED_EDGE('',*,*,#6850,.T.);
#6928=ORIENTED_EDGE('',*,*,#6868,.T.);
#6929=ORIENTED_EDGE('',*,*,#6914,.F.);
#6930=ORIENTED_EDGE('',*,*,#6768,.F.);
#6931=EDGE_LOOP('',(#6927,#6928,#6929,#6930));
#6932=FACE_OUTER_BOUND('',#6931,.F.);
#6934=CARTESIAN_POINT('',(4.55E-1,-3.598907928612E0,-2.800000000004E0));
#6935=DIRECTION('',(1.E0,0.E0,0.E0));
#6936=DIRECTION('',(0.E0,0.E0,-1.E0));
#6937=AXIS2_PLACEMENT_3D('',#6934,#6935,#6936);
#6938=CYLINDRICAL_SURFACE('',#6937,5.E-2);
#6939=ORIENTED_EDGE('',*,*,#6645,.F.);
#6940=ORIENTED_EDGE('',*,*,#6873,.T.);
#6941=ORIENTED_EDGE('',*,*,#6802,.T.);
#6942=ORIENTED_EDGE('',*,*,#4227,.F.);
#6943=EDGE_LOOP('',(#6939,#6940,#6941,#6942));
#6944=FACE_OUTER_BOUND('',#6943,.F.);
#6946=CARTESIAN_POINT('',(1.955E0,4.008203697628E0,-4.390170345920E0));
#6947=DIRECTION('',(0.E0,-6.813398303193E-2,9.976761801087E-1));
#6948=DIRECTION('',(1.E0,0.E0,0.E0));
#6949=AXIS2_PLACEMENT_3D('',#6946,#6947,#6948);
#6950=PLANE('',#6949);
#6952=ORIENTED_EDGE('',*,*,#6951,.T.);
#6954=ORIENTED_EDGE('',*,*,#6953,.F.);
#6955=ORIENTED_EDGE('',*,*,#6814,.T.);
#6957=ORIENTED_EDGE('',*,*,#6956,.T.);
#6958=EDGE_LOOP('',(#6952,#6954,#6955,#6957));
#6959=FACE_OUTER_BOUND('',#6958,.F.);
#6961=CARTESIAN_POINT('',(1.555E0,4.035457290841E0,-4.789240817963E0));
#6962=DIRECTION('',(-7.071067811865E-1,-4.817800143112E-2,7.054635923831E-1));
#6963=DIRECTION('',(7.071067811865E-1,-4.817800143112E-2,7.054635923831E-1));
#6964=AXIS2_PLACEMENT_3D('',#6961,#6962,#6963);
#6965=PLANE('',#6964);
#6966=ORIENTED_EDGE('',*,*,#6951,.F.);
#6968=ORIENTED_EDGE('',*,*,#6967,.F.);
#6970=ORIENTED_EDGE('',*,*,#6969,.T.);
#6972=ORIENTED_EDGE('',*,*,#6971,.T.);
#6973=EDGE_LOOP('',(#6966,#6968,#6970,#6972));
#6974=FACE_OUTER_BOUND('',#6973,.F.);
#6976=CARTESIAN_POINT('',(4.55E-1,4.219419045027E0,-7.482966504257E0));
#6977=DIRECTION('',(0.E0,9.976761801087E-1,6.813398303193E-2));
#6978=DIRECTION('',(0.E0,-6.813398303193E-2,9.976761801087E-1));
#6979=AXIS2_PLACEMENT_3D('',#6976,#6977,#6978);
#6980=PLANE('',#6979);
#6982=ORIENTED_EDGE('',*,*,#6981,.T.);
#6984=ORIENTED_EDGE('',*,*,#6983,.T.);
#6986=ORIENTED_EDGE('',*,*,#6985,.T.);
#6988=ORIENTED_EDGE('',*,*,#6987,.T.);
#6990=ORIENTED_EDGE('',*,*,#6989,.F.);
#6992=ORIENTED_EDGE('',*,*,#6991,.T.);
#6994=ORIENTED_EDGE('',*,*,#6993,.T.);
#6996=ORIENTED_EDGE('',*,*,#6995,.T.);
#6998=ORIENTED_EDGE('',*,*,#6997,.T.);
#6999=ORIENTED_EDGE('',*,*,#6967,.T.);
#7000=ORIENTED_EDGE('',*,*,#6956,.F.);
#7001=ORIENTED_EDGE('',*,*,#6823,.T.);
#7003=ORIENTED_EDGE('',*,*,#7002,.F.);
#7004=ORIENTED_EDGE('',*,*,#6662,.F.);
#7005=EDGE_LOOP('',(#6982,#6984,#6986,#6988,#6990,#6992,#6994,#6996,#6998,#6999,
#7000,#7001,#7003,#7004));
#7006=FACE_OUTER_BOUND('',#7005,.F.);
#7008=CARTESIAN_POINT('',(4.55E-1,4.008203697628E0,-4.390170345920E0));
#7009=DIRECTION('',(0.E0,-6.813398303193E-2,9.976761801087E-1));
#7010=DIRECTION('',(1.E0,0.E0,0.E0));
#7011=AXIS2_PLACEMENT_3D('',#7008,#7009,#7010);
#7012=PLANE('',#7011);
#7014=ORIENTED_EDGE('',*,*,#7013,.F.);
#7015=ORIENTED_EDGE('',*,*,#6981,.F.);
#7016=ORIENTED_EDGE('',*,*,#6660,.F.);
#7018=ORIENTED_EDGE('',*,*,#7017,.T.);
#7019=EDGE_LOOP('',(#7014,#7015,#7016,#7018));
#7020=FACE_OUTER_BOUND('',#7019,.F.);
#7022=CARTESIAN_POINT('',(5.55E-1,4.008203697628E0,-4.390170345920E0));
#7023=DIRECTION('',(7.071067811865E-1,-4.817800143112E-2,7.054635923831E-1));
#7024=DIRECTION('',(7.071067811865E-1,4.817800143112E-2,-7.054635923831E-1));
#7025=AXIS2_PLACEMENT_3D('',#7022,#7023,#7024);
#7026=PLANE('',#7025);
#7027=ORIENTED_EDGE('',*,*,#7013,.T.);
#7029=ORIENTED_EDGE('',*,*,#7028,.T.);
#7031=ORIENTED_EDGE('',*,*,#7030,.F.);
#7032=ORIENTED_EDGE('',*,*,#6983,.F.);
#7033=EDGE_LOOP('',(#7027,#7029,#7031,#7032));
#7034=FACE_OUTER_BOUND('',#7033,.F.);
#7036=CARTESIAN_POINT('',(4.55E-1,3.648791737618E0,-2.796593300852E0));
#7037=DIRECTION('',(0.E0,-9.976761801087E-1,-6.813398303193E-2));
#7038=DIRECTION('',(0.E0,6.813398303193E-2,-9.976761801087E-1));
#7039=AXIS2_PLACEMENT_3D('',#7036,#7037,#7038);
#7040=PLANE('',#7039);
#7041=ORIENTED_EDGE('',*,*,#7017,.F.);
#7042=ORIENTED_EDGE('',*,*,#6669,.F.);
#7044=ORIENTED_EDGE('',*,*,#7043,.T.);
#7045=ORIENTED_EDGE('',*,*,#6816,.T.);
#7046=ORIENTED_EDGE('',*,*,#6953,.T.);
#7047=ORIENTED_EDGE('',*,*,#6971,.F.);
#7049=ORIENTED_EDGE('',*,*,#7048,.F.);
#7051=ORIENTED_EDGE('',*,*,#7050,.F.);
#7053=ORIENTED_EDGE('',*,*,#7052,.F.);
#7055=ORIENTED_EDGE('',*,*,#7054,.F.);
#7057=ORIENTED_EDGE('',*,*,#7056,.T.);
#7059=ORIENTED_EDGE('',*,*,#7058,.F.);
#7061=ORIENTED_EDGE('',*,*,#7060,.F.);
#7062=ORIENTED_EDGE('',*,*,#7028,.F.);
#7063=EDGE_LOOP('',(#7041,#7042,#7044,#7045,#7046,#7047,#7049,#7051,#7053,#7055,
#7057,#7059,#7061,#7062));
#7064=FACE_OUTER_BOUND('',#7063,.F.);
#7066=CARTESIAN_POINT('',(4.55E-1,3.598907928612E0,-2.800000000004E0));
#7067=DIRECTION('',(1.E0,0.E0,0.E0));
#7068=DIRECTION('',(0.E0,0.E0,-1.E0));
#7069=AXIS2_PLACEMENT_3D('',#7066,#7067,#7068);
#7070=CYLINDRICAL_SURFACE('',#7069,5.E-2);
#7071=ORIENTED_EDGE('',*,*,#6667,.F.);
#7072=ORIENTED_EDGE('',*,*,#4071,.T.);
#7073=ORIENTED_EDGE('',*,*,#6818,.T.);
#7074=ORIENTED_EDGE('',*,*,#7043,.F.);
#7075=EDGE_LOOP('',(#7071,#7072,#7073,#7074));
#7076=FACE_OUTER_BOUND('',#7075,.F.);
#7078=CARTESIAN_POINT('',(1.555E0,4.191497219522E0,-7.074111202223E0));
#7079=DIRECTION('',(-1.E0,0.E0,0.E0));
#7080=DIRECTION('',(0.E0,-6.813398303193E-2,9.976761801087E-1));
#7081=AXIS2_PLACEMENT_3D('',#7078,#7079,#7080);
#7082=PLANE('',#7081);
#7084=ORIENTED_EDGE('',*,*,#7083,.T.);
#7085=ORIENTED_EDGE('',*,*,#7048,.T.);
#7086=ORIENTED_EDGE('',*,*,#6969,.F.);
#7087=ORIENTED_EDGE('',*,*,#6997,.F.);
#7088=EDGE_LOOP('',(#7084,#7085,#7086,#7087));
#7089=FACE_OUTER_BOUND('',#7088,.F.);
#7091=CARTESIAN_POINT('',(1.405E0,4.209198947572E0,-7.333315077241E0));
#7092=DIRECTION('',(-8.660254037844E-1,-3.406699151596E-2,4.988380900543E-1));
#7093=DIRECTION('',(5.E-1,-5.900576016667E-2,8.640129167247E-1));
#7094=AXIS2_PLACEMENT_3D('',#7091,#7092,#7093);
#7095=PLANE('',#7094);
#7097=ORIENTED_EDGE('',*,*,#7096,.T.);
#7098=ORIENTED_EDGE('',*,*,#7050,.T.);
#7099=ORIENTED_EDGE('',*,*,#7083,.F.);
#7100=ORIENTED_EDGE('',*,*,#6995,.F.);
#7101=EDGE_LOOP('',(#7097,#7098,#7099,#7100));
#7102=FACE_OUTER_BOUND('',#7101,.F.);
#7104=CARTESIAN_POINT('',(1.405E0,4.219419045027E0,-7.482966504257E0));
#7105=DIRECTION('',(-1.E0,0.E0,0.E0));
#7106=DIRECTION('',(0.E0,-6.813398303193E-2,9.976761801087E-1));
#7107=AXIS2_PLACEMENT_3D('',#7104,#7105,#7106);
#7108=PLANE('',#7107);
#7109=ORIENTED_EDGE('',*,*,#7096,.F.);
#7110=ORIENTED_EDGE('',*,*,#6993,.F.);
#7112=ORIENTED_EDGE('',*,*,#7111,.F.);
#7113=ORIENTED_EDGE('',*,*,#7052,.T.);
#7114=EDGE_LOOP('',(#7109,#7110,#7112,#7113));
#7115=FACE_OUTER_BOUND('',#7114,.F.);
#7117=CARTESIAN_POINT('',(4.55E-1,3.97E0,-7.500000000015E0));
#7118=DIRECTION('',(0.E0,6.813398303192E-2,-9.976761801087E-1));
#7119=DIRECTION('',(0.E0,9.976761801087E-1,6.813398303192E-2));
#7120=AXIS2_PLACEMENT_3D('',#7117,#7118,#7119);
#7121=PLANE('',#7120);
#7123=ORIENTED_EDGE('',*,*,#7122,.F.);
#7124=ORIENTED_EDGE('',*,*,#7054,.T.);
#7125=ORIENTED_EDGE('',*,*,#7111,.T.);
#7126=ORIENTED_EDGE('',*,*,#6991,.F.);
#7127=EDGE_LOOP('',(#7123,#7124,#7125,#7126));
#7128=FACE_OUTER_BOUND('',#7127,.F.);
#7130=CARTESIAN_POINT('',(1.105E0,4.209198947572E0,-7.333315077241E0));
#7131=DIRECTION('',(1.E0,0.E0,0.E0));
#7132=DIRECTION('',(0.E0,6.813398303193E-2,-9.976761801087E-1));
#7133=AXIS2_PLACEMENT_3D('',#7130,#7131,#7132);
#7134=PLANE('',#7133);
#7136=ORIENTED_EDGE('',*,*,#7135,.T.);
#7137=ORIENTED_EDGE('',*,*,#7056,.F.);
#7138=ORIENTED_EDGE('',*,*,#7122,.T.);
#7139=ORIENTED_EDGE('',*,*,#6989,.T.);
#7140=EDGE_LOOP('',(#7136,#7137,#7138,#7139));
#7141=FACE_OUTER_BOUND('',#7140,.F.);
#7143=CARTESIAN_POINT('',(9.55E-1,4.191497219522E0,-7.074111202223E0));
#7144=DIRECTION('',(8.660254037844E-1,-3.406699151596E-2,4.988380900543E-1));
#7145=DIRECTION('',(5.E-1,5.900576016667E-2,-8.640129167247E-1));
#7146=AXIS2_PLACEMENT_3D('',#7143,#7144,#7145);
#7147=PLANE('',#7146);
#7149=ORIENTED_EDGE('',*,*,#7148,.T.);
#7150=ORIENTED_EDGE('',*,*,#7058,.T.);
#7151=ORIENTED_EDGE('',*,*,#7135,.F.);
#7152=ORIENTED_EDGE('',*,*,#6987,.F.);
#7153=EDGE_LOOP('',(#7149,#7150,#7151,#7152));
#7154=FACE_OUTER_BOUND('',#7153,.F.);
#7156=CARTESIAN_POINT('',(9.55E-1,4.035457290841E0,-4.789240817963E0));
#7157=DIRECTION('',(1.E0,0.E0,0.E0));
#7158=DIRECTION('',(0.E0,6.813398303193E-2,-9.976761801087E-1));
#7159=AXIS2_PLACEMENT_3D('',#7156,#7157,#7158);
#7160=PLANE('',#7159);
#7161=ORIENTED_EDGE('',*,*,#7030,.T.);
#7162=ORIENTED_EDGE('',*,*,#7060,.T.);
#7163=ORIENTED_EDGE('',*,*,#7148,.F.);
#7164=ORIENTED_EDGE('',*,*,#6985,.F.);
#7165=EDGE_LOOP('',(#7161,#7162,#7163,#7164));
#7166=FACE_OUTER_BOUND('',#7165,.F.);
#7168=CARTESIAN_POINT('',(4.55E-1,3.598907928612E0,-2.800000000004E0));
#7169=DIRECTION('',(1.E0,0.E0,0.E0));
#7170=DIRECTION('',(0.E0,0.E0,-1.E0));
#7171=AXIS2_PLACEMENT_3D('',#7168,#7169,#7170);
#7172=CYLINDRICAL_SURFACE('',#7171,3.E-1);
#7173=ORIENTED_EDGE('',*,*,#6664,.F.);
#7174=ORIENTED_EDGE('',*,*,#7002,.T.);
#7175=ORIENTED_EDGE('',*,*,#6821,.T.);
#7176=ORIENTED_EDGE('',*,*,#4067,.F.);
#7177=EDGE_LOOP('',(#7173,#7174,#7175,#7176));
#7178=FACE_OUTER_BOUND('',#7177,.F.);
#7180=CARTESIAN_POINT('',(2.995E0,1.15E0,0.E0));
#7181=DIRECTION('',(1.E0,0.E0,0.E0));
#7182=DIRECTION('',(0.E0,0.E0,-1.E0));
#7183=AXIS2_PLACEMENT_3D('',#7180,#7181,#7182);
#7184=PLANE('',#7183);
#7186=ORIENTED_EDGE('',*,*,#7185,.F.);
#7188=ORIENTED_EDGE('',*,*,#7187,.T.);
#7190=ORIENTED_EDGE('',*,*,#7189,.T.);
#7191=ORIENTED_EDGE('',*,*,#4235,.T.);
#7193=ORIENTED_EDGE('',*,*,#7192,.T.);
#7195=ORIENTED_EDGE('',*,*,#7194,.T.);
#7196=EDGE_LOOP('',(#7186,#7188,#7190,#7191,#7193,#7195));
#7197=FACE_OUTER_BOUND('',#7196,.F.);
#7199=CARTESIAN_POINT('',(2.995E0,1.15E0,0.E0));
#7200=DIRECTION('',(1.E0,0.E0,0.E0));
#7201=DIRECTION('',(0.E0,0.E0,-1.E0));
#7202=AXIS2_PLACEMENT_3D('',#7199,#7200,#7201);
#7203=PLANE('',#7202);
#7205=ORIENTED_EDGE('',*,*,#7204,.T.);
#7207=ORIENTED_EDGE('',*,*,#7206,.T.);
#7209=ORIENTED_EDGE('',*,*,#7208,.T.);
#7210=ORIENTED_EDGE('',*,*,#4075,.F.);
#7212=ORIENTED_EDGE('',*,*,#7211,.T.);
#7214=ORIENTED_EDGE('',*,*,#7213,.T.);
#7215=EDGE_LOOP('',(#7205,#7207,#7209,#7210,#7212,#7214));
#7216=FACE_OUTER_BOUND('',#7215,.F.);
#7218=CARTESIAN_POINT('',(3.095E0,-4.008203697628E0,-4.390170345920E0));
#7219=DIRECTION('',(0.E0,6.813398303193E-2,9.976761801087E-1));
#7220=DIRECTION('',(-1.E0,0.E0,0.E0));
#7221=AXIS2_PLACEMENT_3D('',#7218,#7219,#7220);
#7222=PLANE('',#7221);
#7224=ORIENTED_EDGE('',*,*,#7223,.T.);
#7226=ORIENTED_EDGE('',*,*,#7225,.F.);
#7227=ORIENTED_EDGE('',*,*,#7185,.T.);
#7229=ORIENTED_EDGE('',*,*,#7228,.T.);
#7230=EDGE_LOOP('',(#7224,#7226,#7227,#7229));
#7231=FACE_OUTER_BOUND('',#7230,.F.);
#7233=CARTESIAN_POINT('',(3.495E0,-4.035457290841E0,-4.789240817963E0));
#7234=DIRECTION('',(7.071067811865E-1,4.817800143112E-2,7.054635923831E-1));
#7235=DIRECTION('',(-7.071067811865E-1,4.817800143112E-2,7.054635923831E-1));
#7236=AXIS2_PLACEMENT_3D('',#7233,#7234,#7235);
#7237=PLANE('',#7236);
#7239=ORIENTED_EDGE('',*,*,#7238,.T.);
#7241=ORIENTED_EDGE('',*,*,#7240,.T.);
#7242=ORIENTED_EDGE('',*,*,#7223,.F.);
#7244=ORIENTED_EDGE('',*,*,#7243,.F.);
#7245=EDGE_LOOP('',(#7239,#7241,#7242,#7244));
#7246=FACE_OUTER_BOUND('',#7245,.F.);
#7248=CARTESIAN_POINT('',(3.495E0,-4.191497219522E0,-7.074111202223E0));
#7249=DIRECTION('',(1.E0,0.E0,0.E0));
#7250=DIRECTION('',(0.E0,6.813398303193E-2,9.976761801087E-1));
#7251=AXIS2_PLACEMENT_3D('',#7248,#7249,#7250);
#7252=PLANE('',#7251);
#7254=ORIENTED_EDGE('',*,*,#7253,.T.);
#7256=ORIENTED_EDGE('',*,*,#7255,.T.);
#7257=ORIENTED_EDGE('',*,*,#7238,.F.);
#7259=ORIENTED_EDGE('',*,*,#7258,.F.);
#7260=EDGE_LOOP('',(#7254,#7256,#7257,#7259));
#7261=FACE_OUTER_BOUND('',#7260,.F.);
#7263=CARTESIAN_POINT('',(3.645E0,-4.209198947572E0,-7.333315077241E0));
#7264=DIRECTION('',(8.660254037844E-1,3.406699151596E-2,4.988380900543E-1));
#7265=DIRECTION('',(-5.E-1,5.900576016667E-2,8.640129167247E-1));
#7266=AXIS2_PLACEMENT_3D('',#7263,#7264,#7265);
#7267=PLANE('',#7266);
#7269=ORIENTED_EDGE('',*,*,#7268,.T.);
#7271=ORIENTED_EDGE('',*,*,#7270,.T.);
#7272=ORIENTED_EDGE('',*,*,#7253,.F.);
#7274=ORIENTED_EDGE('',*,*,#7273,.F.);
#7275=EDGE_LOOP('',(#7269,#7271,#7272,#7274));
#7276=FACE_OUTER_BOUND('',#7275,.F.);
#7278=CARTESIAN_POINT('',(3.645E0,-4.219419045027E0,-7.482966504257E0));
#7279=DIRECTION('',(1.E0,0.E0,0.E0));
#7280=DIRECTION('',(0.E0,6.813398303193E-2,9.976761801087E-1));
#7281=AXIS2_PLACEMENT_3D('',#7278,#7279,#7280);
#7282=PLANE('',#7281);
#7283=ORIENTED_EDGE('',*,*,#7268,.F.);
#7285=ORIENTED_EDGE('',*,*,#7284,.F.);
#7287=ORIENTED_EDGE('',*,*,#7286,.T.);
#7289=ORIENTED_EDGE('',*,*,#7288,.T.);
#7290=EDGE_LOOP('',(#7283,#7285,#7287,#7289));
#7291=FACE_OUTER_BOUND('',#7290,.F.);
#7293=CARTESIAN_POINT('',(2.995E0,-3.898210782645E0,-2.779559805094E0));
#7294=DIRECTION('',(0.E0,-9.976761801087E-1,6.813398303193E-2));
#7295=DIRECTION('',(0.E0,-6.813398303193E-2,-9.976761801087E-1));
#7296=AXIS2_PLACEMENT_3D('',#7293,#7294,#7295);
#7297=PLANE('',#7296);
#7298=ORIENTED_EDGE('',*,*,#7284,.T.);
#7299=ORIENTED_EDGE('',*,*,#7273,.T.);
#7300=ORIENTED_EDGE('',*,*,#7258,.T.);
#7301=ORIENTED_EDGE('',*,*,#7243,.T.);
#7302=ORIENTED_EDGE('',*,*,#7228,.F.);
#7303=ORIENTED_EDGE('',*,*,#7194,.F.);
#7305=ORIENTED_EDGE('',*,*,#7304,.T.);
#7307=ORIENTED_EDGE('',*,*,#7306,.T.);
#7309=ORIENTED_EDGE('',*,*,#7308,.T.);
#7311=ORIENTED_EDGE('',*,*,#7310,.T.);
#7313=ORIENTED_EDGE('',*,*,#7312,.T.);
#7315=ORIENTED_EDGE('',*,*,#7314,.T.);
#7317=ORIENTED_EDGE('',*,*,#7316,.F.);
#7319=ORIENTED_EDGE('',*,*,#7318,.F.);
#7320=EDGE_LOOP('',(#7298,#7299,#7300,#7301,#7302,#7303,#7305,#7307,#7309,#7311,
#7313,#7315,#7317,#7319));
#7321=FACE_OUTER_BOUND('',#7320,.F.);
#7323=CARTESIAN_POINT('',(2.995E0,-3.598907928612E0,-2.800000000004E0));
#7324=DIRECTION('',(1.E0,0.E0,0.E0));
#7325=DIRECTION('',(0.E0,0.E0,-1.E0));
#7326=AXIS2_PLACEMENT_3D('',#7323,#7324,#7325);
#7327=CYLINDRICAL_SURFACE('',#7326,3.E-1);
#7328=ORIENTED_EDGE('',*,*,#7192,.F.);
#7329=ORIENTED_EDGE('',*,*,#4241,.T.);
#7331=ORIENTED_EDGE('',*,*,#7330,.T.);
#7332=ORIENTED_EDGE('',*,*,#7304,.F.);
#7333=EDGE_LOOP('',(#7328,#7329,#7331,#7332));
#7334=FACE_OUTER_BOUND('',#7333,.F.);
#7336=CARTESIAN_POINT('',(4.595E0,1.15E0,0.E0));
#7337=DIRECTION('',(1.E0,0.E0,0.E0));
#7338=DIRECTION('',(0.E0,0.E0,-1.E0));
#7339=AXIS2_PLACEMENT_3D('',#7336,#7337,#7338);
#7340=PLANE('',#7339);
#7342=ORIENTED_EDGE('',*,*,#7341,.T.);
#7343=ORIENTED_EDGE('',*,*,#7306,.F.);
#7344=ORIENTED_EDGE('',*,*,#7330,.F.);
#7345=ORIENTED_EDGE('',*,*,#4239,.F.);
#7347=ORIENTED_EDGE('',*,*,#7346,.F.);
#7349=ORIENTED_EDGE('',*,*,#7348,.F.);
#7350=EDGE_LOOP('',(#7342,#7343,#7344,#7345,#7347,#7349));
#7351=FACE_OUTER_BOUND('',#7350,.F.);
#7353=CARTESIAN_POINT('',(4.595E0,1.15E0,0.E0));
#7354=DIRECTION('',(1.E0,0.E0,0.E0));
#7355=DIRECTION('',(0.E0,0.E0,-1.E0));
#7356=AXIS2_PLACEMENT_3D('',#7353,#7354,#7355);
#7357=PLANE('',#7356);
#7359=ORIENTED_EDGE('',*,*,#7358,.F.);
#7361=ORIENTED_EDGE('',*,*,#7360,.F.);
#7363=ORIENTED_EDGE('',*,*,#7362,.F.);
#7364=ORIENTED_EDGE('',*,*,#4079,.T.);
#7366=ORIENTED_EDGE('',*,*,#7365,.F.);
#7368=ORIENTED_EDGE('',*,*,#7367,.F.);
#7369=EDGE_LOOP('',(#7359,#7361,#7363,#7364,#7366,#7368));
#7370=FACE_OUTER_BOUND('',#7369,.F.);
#7372=CARTESIAN_POINT('',(4.595E0,-4.008203697628E0,-4.390170345920E0));
#7373=DIRECTION('',(0.E0,6.813398303193E-2,9.976761801087E-1));
#7374=DIRECTION('',(-1.E0,0.E0,0.E0));
#7375=AXIS2_PLACEMENT_3D('',#7372,#7373,#7374);
#7376=PLANE('',#7375);
#7378=ORIENTED_EDGE('',*,*,#7377,.F.);
#7379=ORIENTED_EDGE('',*,*,#7308,.F.);
#7380=ORIENTED_EDGE('',*,*,#7341,.F.);
#7382=ORIENTED_EDGE('',*,*,#7381,.T.);
#7383=EDGE_LOOP('',(#7378,#7379,#7380,#7382));
#7384=FACE_OUTER_BOUND('',#7383,.F.);
#7386=CARTESIAN_POINT('',(4.495E0,-4.008203697628E0,-4.390170345920E0));
#7387=DIRECTION('',(-7.071067811865E-1,4.817800143112E-2,7.054635923831E-1));
#7388=DIRECTION('',(-7.071067811865E-1,-4.817800143112E-2,-7.054635923831E-1));
#7389=AXIS2_PLACEMENT_3D('',#7386,#7387,#7388);
#7390=PLANE('',#7389);
#7391=ORIENTED_EDGE('',*,*,#7377,.T.);
#7393=ORIENTED_EDGE('',*,*,#7392,.T.);
#7395=ORIENTED_EDGE('',*,*,#7394,.F.);
#7396=ORIENTED_EDGE('',*,*,#7310,.F.);
#7397=EDGE_LOOP('',(#7391,#7393,#7395,#7396));
#7398=FACE_OUTER_BOUND('',#7397,.F.);
#7400=CARTESIAN_POINT('',(2.995E0,-3.97E0,-7.500000000015E0));
#7401=DIRECTION('',(0.E0,9.976761801087E-1,-6.813398303193E-2));
#7402=DIRECTION('',(0.E0,6.813398303193E-2,9.976761801087E-1));
#7403=AXIS2_PLACEMENT_3D('',#7400,#7401,#7402);
#7404=PLANE('',#7403);
#7405=ORIENTED_EDGE('',*,*,#7288,.F.);
#7407=ORIENTED_EDGE('',*,*,#7406,.T.);
#7409=ORIENTED_EDGE('',*,*,#7408,.T.);
#7411=ORIENTED_EDGE('',*,*,#7410,.F.);
#7413=ORIENTED_EDGE('',*,*,#7412,.F.);
#7414=ORIENTED_EDGE('',*,*,#7392,.F.);
#7415=ORIENTED_EDGE('',*,*,#7381,.F.);
#7416=ORIENTED_EDGE('',*,*,#7348,.T.);
#7418=ORIENTED_EDGE('',*,*,#7417,.F.);
#7419=ORIENTED_EDGE('',*,*,#7187,.F.);
#7420=ORIENTED_EDGE('',*,*,#7225,.T.);
#7421=ORIENTED_EDGE('',*,*,#7240,.F.);
#7422=ORIENTED_EDGE('',*,*,#7255,.F.);
#7423=ORIENTED_EDGE('',*,*,#7270,.F.);
#7424=EDGE_LOOP('',(#7405,#7407,#7409,#7411,#7413,#7414,#7415,#7416,#7418,#7419,
#7420,#7421,#7422,#7423));
#7425=FACE_OUTER_BOUND('',#7424,.F.);
#7427=CARTESIAN_POINT('',(2.995E0,-4.219419045027E0,-7.482966504257E0));
#7428=DIRECTION('',(0.E0,-6.813398303192E-2,-9.976761801087E-1));
#7429=DIRECTION('',(0.E0,9.976761801087E-1,-6.813398303192E-2));
#7430=AXIS2_PLACEMENT_3D('',#7427,#7428,#7429);
#7431=PLANE('',#7430);
#7432=ORIENTED_EDGE('',*,*,#7286,.F.);
#7433=ORIENTED_EDGE('',*,*,#7318,.T.);
#7435=ORIENTED_EDGE('',*,*,#7434,.T.);
#7436=ORIENTED_EDGE('',*,*,#7406,.F.);
#7437=EDGE_LOOP('',(#7432,#7433,#7435,#7436));
#7438=FACE_OUTER_BOUND('',#7437,.F.);
#7440=CARTESIAN_POINT('',(3.945E0,-4.209198947572E0,-7.333315077241E0));
#7441=DIRECTION('',(-1.E0,0.E0,0.E0));
#7442=DIRECTION('',(0.E0,-6.813398303193E-2,-9.976761801087E-1));
#7443=AXIS2_PLACEMENT_3D('',#7440,#7441,#7442);
#7444=PLANE('',#7443);
#7446=ORIENTED_EDGE('',*,*,#7445,.T.);
#7447=ORIENTED_EDGE('',*,*,#7408,.F.);
#7448=ORIENTED_EDGE('',*,*,#7434,.F.);
#7449=ORIENTED_EDGE('',*,*,#7316,.T.);
#7450=EDGE_LOOP('',(#7446,#7447,#7448,#7449));
#7451=FACE_OUTER_BOUND('',#7450,.F.);
#7453=CARTESIAN_POINT('',(4.095E0,-4.191497219522E0,-7.074111202223E0));
#7454=DIRECTION('',(-8.660254037844E-1,3.406699151596E-2,4.988380900543E-1));
#7455=DIRECTION('',(-5.E-1,-5.900576016667E-2,-8.640129167247E-1));
#7456=AXIS2_PLACEMENT_3D('',#7453,#7454,#7455);
#7457=PLANE('',#7456);
#7459=ORIENTED_EDGE('',*,*,#7458,.T.);
#7460=ORIENTED_EDGE('',*,*,#7410,.T.);
#7461=ORIENTED_EDGE('',*,*,#7445,.F.);
#7462=ORIENTED_EDGE('',*,*,#7314,.F.);
#7463=EDGE_LOOP('',(#7459,#7460,#7461,#7462));
#7464=FACE_OUTER_BOUND('',#7463,.F.);
#7466=CARTESIAN_POINT('',(4.095E0,-4.035457290841E0,-4.789240817963E0));
#7467=DIRECTION('',(-1.E0,0.E0,0.E0));
#7468=DIRECTION('',(0.E0,-6.813398303193E-2,-9.976761801087E-1));
#7469=AXIS2_PLACEMENT_3D('',#7466,#7467,#7468);
#7470=PLANE('',#7469);
#7471=ORIENTED_EDGE('',*,*,#7394,.T.);
#7472=ORIENTED_EDGE('',*,*,#7412,.T.);
#7473=ORIENTED_EDGE('',*,*,#7458,.F.);
#7474=ORIENTED_EDGE('',*,*,#7312,.F.);
#7475=EDGE_LOOP('',(#7471,#7472,#7473,#7474));
#7476=FACE_OUTER_BOUND('',#7475,.F.);
#7478=CARTESIAN_POINT('',(2.995E0,-3.598907928612E0,-2.800000000004E0));
#7479=DIRECTION('',(1.E0,0.E0,0.E0));
#7480=DIRECTION('',(0.E0,0.E0,-1.E0));
#7481=AXIS2_PLACEMENT_3D('',#7478,#7479,#7480);
#7482=CYLINDRICAL_SURFACE('',#7481,5.E-2);
#7483=ORIENTED_EDGE('',*,*,#7189,.F.);
#7484=ORIENTED_EDGE('',*,*,#7417,.T.);
#7485=ORIENTED_EDGE('',*,*,#7346,.T.);
#7486=ORIENTED_EDGE('',*,*,#4237,.F.);
#7487=EDGE_LOOP('',(#7483,#7484,#7485,#7486));
#7488=FACE_OUTER_BOUND('',#7487,.F.);
#7490=CARTESIAN_POINT('',(4.495E0,4.008203697628E0,-4.390170345920E0));
#7491=DIRECTION('',(0.E0,-6.813398303193E-2,9.976761801087E-1));
#7492=DIRECTION('',(1.E0,0.E0,0.E0));
#7493=AXIS2_PLACEMENT_3D('',#7490,#7491,#7492);
#7494=PLANE('',#7493);
#7496=ORIENTED_EDGE('',*,*,#7495,.T.);
#7498=ORIENTED_EDGE('',*,*,#7497,.F.);
#7499=ORIENTED_EDGE('',*,*,#7358,.T.);
#7501=ORIENTED_EDGE('',*,*,#7500,.T.);
#7502=EDGE_LOOP('',(#7496,#7498,#7499,#7501));
#7503=FACE_OUTER_BOUND('',#7502,.F.);
#7505=CARTESIAN_POINT('',(4.095E0,4.035457290841E0,-4.789240817963E0));
#7506=DIRECTION('',(-7.071067811865E-1,-4.817800143112E-2,7.054635923831E-1));
#7507=DIRECTION('',(7.071067811865E-1,-4.817800143112E-2,7.054635923831E-1));
#7508=AXIS2_PLACEMENT_3D('',#7505,#7506,#7507);
#7509=PLANE('',#7508);
#7510=ORIENTED_EDGE('',*,*,#7495,.F.);
#7512=ORIENTED_EDGE('',*,*,#7511,.F.);
#7514=ORIENTED_EDGE('',*,*,#7513,.T.);
#7516=ORIENTED_EDGE('',*,*,#7515,.T.);
#7517=EDGE_LOOP('',(#7510,#7512,#7514,#7516));
#7518=FACE_OUTER_BOUND('',#7517,.F.);
#7520=CARTESIAN_POINT('',(2.995E0,4.219419045027E0,-7.482966504257E0));
#7521=DIRECTION('',(0.E0,9.976761801087E-1,6.813398303193E-2));
#7522=DIRECTION('',(0.E0,-6.813398303193E-2,9.976761801087E-1));
#7523=AXIS2_PLACEMENT_3D('',#7520,#7521,#7522);
#7524=PLANE('',#7523);
#7526=ORIENTED_EDGE('',*,*,#7525,.T.);
#7528=ORIENTED_EDGE('',*,*,#7527,.T.);
#7530=ORIENTED_EDGE('',*,*,#7529,.T.);
#7532=ORIENTED_EDGE('',*,*,#7531,.T.);
#7534=ORIENTED_EDGE('',*,*,#7533,.F.);
#7536=ORIENTED_EDGE('',*,*,#7535,.T.);
#7538=ORIENTED_EDGE('',*,*,#7537,.T.);
#7540=ORIENTED_EDGE('',*,*,#7539,.T.);
#7542=ORIENTED_EDGE('',*,*,#7541,.T.);
#7543=ORIENTED_EDGE('',*,*,#7511,.T.);
#7544=ORIENTED_EDGE('',*,*,#7500,.F.);
#7545=ORIENTED_EDGE('',*,*,#7367,.T.);
#7547=ORIENTED_EDGE('',*,*,#7546,.F.);
#7548=ORIENTED_EDGE('',*,*,#7206,.F.);
#7549=EDGE_LOOP('',(#7526,#7528,#7530,#7532,#7534,#7536,#7538,#7540,#7542,#7543,
#7544,#7545,#7547,#7548));
#7550=FACE_OUTER_BOUND('',#7549,.F.);
#7552=CARTESIAN_POINT('',(2.995E0,4.008203697628E0,-4.390170345920E0));
#7553=DIRECTION('',(0.E0,-6.813398303193E-2,9.976761801087E-1));
#7554=DIRECTION('',(1.E0,0.E0,0.E0));
#7555=AXIS2_PLACEMENT_3D('',#7552,#7553,#7554);
#7556=PLANE('',#7555);
#7558=ORIENTED_EDGE('',*,*,#7557,.F.);
#7559=ORIENTED_EDGE('',*,*,#7525,.F.);
#7560=ORIENTED_EDGE('',*,*,#7204,.F.);
#7562=ORIENTED_EDGE('',*,*,#7561,.T.);
#7563=EDGE_LOOP('',(#7558,#7559,#7560,#7562));
#7564=FACE_OUTER_BOUND('',#7563,.F.);
#7566=CARTESIAN_POINT('',(3.095E0,4.008203697628E0,-4.390170345920E0));
#7567=DIRECTION('',(7.071067811865E-1,-4.817800143112E-2,7.054635923831E-1));
#7568=DIRECTION('',(7.071067811865E-1,4.817800143112E-2,-7.054635923831E-1));
#7569=AXIS2_PLACEMENT_3D('',#7566,#7567,#7568);
#7570=PLANE('',#7569);
#7571=ORIENTED_EDGE('',*,*,#7557,.T.);
#7573=ORIENTED_EDGE('',*,*,#7572,.T.);
#7575=ORIENTED_EDGE('',*,*,#7574,.F.);
#7576=ORIENTED_EDGE('',*,*,#7527,.F.);
#7577=EDGE_LOOP('',(#7571,#7573,#7575,#7576));
#7578=FACE_OUTER_BOUND('',#7577,.F.);
#7580=CARTESIAN_POINT('',(2.995E0,3.648791737618E0,-2.796593300852E0));
#7581=DIRECTION('',(0.E0,-9.976761801087E-1,-6.813398303193E-2));
#7582=DIRECTION('',(0.E0,6.813398303193E-2,-9.976761801087E-1));
#7583=AXIS2_PLACEMENT_3D('',#7580,#7581,#7582);
#7584=PLANE('',#7583);
#7585=ORIENTED_EDGE('',*,*,#7561,.F.);
#7586=ORIENTED_EDGE('',*,*,#7213,.F.);
#7588=ORIENTED_EDGE('',*,*,#7587,.T.);
#7589=ORIENTED_EDGE('',*,*,#7360,.T.);
#7590=ORIENTED_EDGE('',*,*,#7497,.T.);
#7591=ORIENTED_EDGE('',*,*,#7515,.F.);
#7593=ORIENTED_EDGE('',*,*,#7592,.F.);
#7595=ORIENTED_EDGE('',*,*,#7594,.F.);
#7597=ORIENTED_EDGE('',*,*,#7596,.F.);
#7599=ORIENTED_EDGE('',*,*,#7598,.F.);
#7601=ORIENTED_EDGE('',*,*,#7600,.T.);
#7603=ORIENTED_EDGE('',*,*,#7602,.F.);
#7605=ORIENTED_EDGE('',*,*,#7604,.F.);
#7606=ORIENTED_EDGE('',*,*,#7572,.F.);
#7607=EDGE_LOOP('',(#7585,#7586,#7588,#7589,#7590,#7591,#7593,#7595,#7597,#7599,
#7601,#7603,#7605,#7606));
#7608=FACE_OUTER_BOUND('',#7607,.F.);
#7610=CARTESIAN_POINT('',(2.995E0,3.598907928612E0,-2.800000000004E0));
#7611=DIRECTION('',(1.E0,0.E0,0.E0));
#7612=DIRECTION('',(0.E0,0.E0,-1.E0));
#7613=AXIS2_PLACEMENT_3D('',#7610,#7611,#7612);
#7614=CYLINDRICAL_SURFACE('',#7613,5.E-2);
#7615=ORIENTED_EDGE('',*,*,#7211,.F.);
#7616=ORIENTED_EDGE('',*,*,#4081,.T.);
#7617=ORIENTED_EDGE('',*,*,#7362,.T.);
#7618=ORIENTED_EDGE('',*,*,#7587,.F.);
#7619=EDGE_LOOP('',(#7615,#7616,#7617,#7618));
#7620=FACE_OUTER_BOUND('',#7619,.F.);
#7622=CARTESIAN_POINT('',(4.095E0,4.191497219522E0,-7.074111202223E0));
#7623=DIRECTION('',(-1.E0,0.E0,0.E0));
#7624=DIRECTION('',(0.E0,-6.813398303193E-2,9.976761801087E-1));
#7625=AXIS2_PLACEMENT_3D('',#7622,#7623,#7624);
#7626=PLANE('',#7625);
#7628=ORIENTED_EDGE('',*,*,#7627,.T.);
#7629=ORIENTED_EDGE('',*,*,#7592,.T.);
#7630=ORIENTED_EDGE('',*,*,#7513,.F.);
#7631=ORIENTED_EDGE('',*,*,#7541,.F.);
#7632=EDGE_LOOP('',(#7628,#7629,#7630,#7631));
#7633=FACE_OUTER_BOUND('',#7632,.F.);
#7635=CARTESIAN_POINT('',(3.945E0,4.209198947572E0,-7.333315077241E0));
#7636=DIRECTION('',(-8.660254037844E-1,-3.406699151596E-2,4.988380900543E-1));
#7637=DIRECTION('',(5.E-1,-5.900576016667E-2,8.640129167247E-1));
#7638=AXIS2_PLACEMENT_3D('',#7635,#7636,#7637);
#7639=PLANE('',#7638);
#7641=ORIENTED_EDGE('',*,*,#7640,.T.);
#7642=ORIENTED_EDGE('',*,*,#7594,.T.);
#7643=ORIENTED_EDGE('',*,*,#7627,.F.);
#7644=ORIENTED_EDGE('',*,*,#7539,.F.);
#7645=EDGE_LOOP('',(#7641,#7642,#7643,#7644));
#7646=FACE_OUTER_BOUND('',#7645,.F.);
#7648=CARTESIAN_POINT('',(3.945E0,4.219419045027E0,-7.482966504257E0));
#7649=DIRECTION('',(-1.E0,0.E0,0.E0));
#7650=DIRECTION('',(0.E0,-6.813398303193E-2,9.976761801087E-1));
#7651=AXIS2_PLACEMENT_3D('',#7648,#7649,#7650);
#7652=PLANE('',#7651);
#7653=ORIENTED_EDGE('',*,*,#7640,.F.);
#7654=ORIENTED_EDGE('',*,*,#7537,.F.);
#7656=ORIENTED_EDGE('',*,*,#7655,.F.);
#7657=ORIENTED_EDGE('',*,*,#7596,.T.);
#7658=EDGE_LOOP('',(#7653,#7654,#7656,#7657));
#7659=FACE_OUTER_BOUND('',#7658,.F.);
#7661=CARTESIAN_POINT('',(2.995E0,3.97E0,-7.500000000015E0));
#7662=DIRECTION('',(0.E0,6.813398303192E-2,-9.976761801087E-1));
#7663=DIRECTION('',(0.E0,9.976761801087E-1,6.813398303192E-2));
#7664=AXIS2_PLACEMENT_3D('',#7661,#7662,#7663);
#7665=PLANE('',#7664);
#7667=ORIENTED_EDGE('',*,*,#7666,.F.);
#7668=ORIENTED_EDGE('',*,*,#7598,.T.);
#7669=ORIENTED_EDGE('',*,*,#7655,.T.);
#7670=ORIENTED_EDGE('',*,*,#7535,.F.);
#7671=EDGE_LOOP('',(#7667,#7668,#7669,#7670));
#7672=FACE_OUTER_BOUND('',#7671,.F.);
#7674=CARTESIAN_POINT('',(3.645E0,4.209198947572E0,-7.333315077241E0));
#7675=DIRECTION('',(1.E0,0.E0,0.E0));
#7676=DIRECTION('',(0.E0,6.813398303193E-2,-9.976761801087E-1));
#7677=AXIS2_PLACEMENT_3D('',#7674,#7675,#7676);
#7678=PLANE('',#7677);
#7680=ORIENTED_EDGE('',*,*,#7679,.T.);
#7681=ORIENTED_EDGE('',*,*,#7600,.F.);
#7682=ORIENTED_EDGE('',*,*,#7666,.T.);
#7683=ORIENTED_EDGE('',*,*,#7533,.T.);
#7684=EDGE_LOOP('',(#7680,#7681,#7682,#7683));
#7685=FACE_OUTER_BOUND('',#7684,.F.);
#7687=CARTESIAN_POINT('',(3.495E0,4.191497219522E0,-7.074111202223E0));
#7688=DIRECTION('',(8.660254037844E-1,-3.406699151596E-2,4.988380900543E-1));
#7689=DIRECTION('',(5.E-1,5.900576016667E-2,-8.640129167247E-1));
#7690=AXIS2_PLACEMENT_3D('',#7687,#7688,#7689);
#7691=PLANE('',#7690);
#7693=ORIENTED_EDGE('',*,*,#7692,.T.);
#7694=ORIENTED_EDGE('',*,*,#7602,.T.);
#7695=ORIENTED_EDGE('',*,*,#7679,.F.);
#7696=ORIENTED_EDGE('',*,*,#7531,.F.);
#7697=EDGE_LOOP('',(#7693,#7694,#7695,#7696));
#7698=FACE_OUTER_BOUND('',#7697,.F.);
#7700=CARTESIAN_POINT('',(3.495E0,4.035457290841E0,-4.789240817963E0));
#7701=DIRECTION('',(1.E0,0.E0,0.E0));
#7702=DIRECTION('',(0.E0,6.813398303193E-2,-9.976761801087E-1));
#7703=AXIS2_PLACEMENT_3D('',#7700,#7701,#7702);
#7704=PLANE('',#7703);
#7705=ORIENTED_EDGE('',*,*,#7574,.T.);
#7706=ORIENTED_EDGE('',*,*,#7604,.T.);
#7707=ORIENTED_EDGE('',*,*,#7692,.F.);
#7708=ORIENTED_EDGE('',*,*,#7529,.F.);
#7709=EDGE_LOOP('',(#7705,#7706,#7707,#7708));
#7710=FACE_OUTER_BOUND('',#7709,.F.);
#7712=CARTESIAN_POINT('',(2.995E0,3.598907928612E0,-2.800000000004E0));
#7713=DIRECTION('',(1.E0,0.E0,0.E0));
#7714=DIRECTION('',(0.E0,0.E0,-1.E0));
#7715=AXIS2_PLACEMENT_3D('',#7712,#7713,#7714);
#7716=CYLINDRICAL_SURFACE('',#7715,3.E-1);
#7717=ORIENTED_EDGE('',*,*,#7208,.F.);
#7718=ORIENTED_EDGE('',*,*,#7546,.T.);
#7719=ORIENTED_EDGE('',*,*,#7365,.T.);
#7720=ORIENTED_EDGE('',*,*,#4077,.F.);
#7721=EDGE_LOOP('',(#7717,#7718,#7719,#7720));
#7722=FACE_OUTER_BOUND('',#7721,.F.);
#7724=CLOSED_SHELL('',(#4085,#4100,#4119,#4133,#4151,#4165,#4179,#4192,#4245,
#4258,#4271,#4355,#4378,#4392,#4406,#4420,#4434,#4448,#4470,#4483,#4496,#4521,
#4538,#4552,#4574,#4588,#4601,#4614,#4627,#4641,#4653,#4676,#4690,#4704,#4718,
#4732,#4746,#4768,#4781,#4794,#4819,#4836,#4850,#4872,#4885,#4899,#4912,#4925,
#4938,#4951,#4974,#4988,#5002,#5016,#5030,#5044,#5066,#5079,#5092,#5117,#5134,
#5148,#5170,#5183,#5197,#5210,#5223,#5236,#5249,#5272,#5286,#5300,#5314,#5328,
#5342,#5364,#5377,#5390,#5415,#5432,#5446,#5468,#5481,#5495,#5508,#5521,#5534,
#5547,#5566,#5585,#5620,#5633,#5650,#5669,#5682,#5715,#5728,#5741,#5754,#5767,
#5780,#5793,#5806,#5819,#5832,#5845,#5857,#5872,#5905,#5919,#5951,#5963,#5976,
#5989,#6002,#6015,#6028,#6041,#6054,#6067,#6079,#6091,#6110,#6129,#6144,#6159,
#6174,#6189,#6204,#6234,#6247,#6264,#6283,#6297,#6311,#6338,#6351,#6364,#6377,
#6389,#6401,#6416,#6431,#6463,#6477,#6491,#6521,#6533,#6546,#6559,#6572,#6585,
#6598,#6611,#6623,#6635,#6654,#6673,#6688,#6703,#6718,#6733,#6748,#6778,#6791,
#6808,#6827,#6841,#6855,#6882,#6895,#6908,#6921,#6933,#6945,#6960,#6975,#7007,
#7021,#7035,#7065,#7077,#7090,#7103,#7116,#7129,#7142,#7155,#7167,#7179,#7198,
#7217,#7232,#7247,#7262,#7277,#7292,#7322,#7335,#7352,#7371,#7385,#7399,#7426,
#7439,#7452,#7465,#7477,#7489,#7504,#7519,#7551,#7565,#7579,#7609,#7621,#7634,
#7647,#7660,#7673,#7686,#7699,#7711,#7723));
#7725=MANIFOLD_SOLID_BREP('',#7724);
#7728=PLANE_ANGLE_MEASURE_WITH_UNIT(PLANE_ANGLE_MEASURE(1.745329251994E-2),
#7727);
#7729=(CONVERSION_BASED_UNIT('DEGREE',#7728)NAMED_UNIT(*)PLANE_ANGLE_UNIT());
#7731=UNCERTAINTY_MEASURE_WITH_UNIT(LENGTH_MEASURE(1.E-3),#7726,
'distance_accuracy_value',
'Maximum model space distance between geometric entities at asserted connectivities');
#7734=APPLICATION_CONTEXT('automotive_design');
#7735=APPLICATION_PROTOCOL_DEFINITION('international standard',
'automotive_design',2001,#7734);
#7736=PRODUCT_DEFINITION_CONTEXT('part definition',#7734,'design');
#7737=PRODUCT_CONTEXT('',#7734,'mechanical');
#7738=PRODUCT('C-1825360-3','C-1825360-3','NOT SPECIFIED',(#7737));
#7739=PRODUCT_DEFINITION_FORMATION('11','LAST_VERSION',#7738);
#7747=DERIVED_UNIT_ELEMENT(#7746,2.E0);
#7748=DERIVED_UNIT((#7747));
#7749=MEASURE_REPRESENTATION_ITEM('surface area measure',AREA_MEASURE(
4.674003902473E2),#7748);
#7754=DERIVED_UNIT_ELEMENT(#7753,3.E0);
#7755=DERIVED_UNIT((#7754));
#7756=MEASURE_REPRESENTATION_ITEM('volume measure',VOLUME_MEASURE(
3.138322486358E2),#7755);
#7760=CARTESIAN_POINT('centre point',(-3.294667161685E-4,-2.074158034269E-2,
-1.829327234434E0));
#7765=DERIVED_UNIT_ELEMENT(#7764,2.E0);
#7766=DERIVED_UNIT((#7765));
#7767=MEASURE_REPRESENTATION_ITEM('surface area measure',AREA_MEASURE(
4.674003902473E2),#7766);
#7772=DERIVED_UNIT_ELEMENT(#7771,3.E0);
#7773=DERIVED_UNIT((#7772));
#7774=MEASURE_REPRESENTATION_ITEM('volume measure',VOLUME_MEASURE(
3.138322486358E2),#7773);
#7778=CARTESIAN_POINT('centre point',(-3.294667161685E-4,-2.074158034269E-2,
-1.829327234434E0));
#7783=PRODUCT_RELATED_PRODUCT_CATEGORY('part','',(#7738));
#1=COLOUR_RGB('',8.784E-1,9.49E-1,1.E0);
#246=CIRCLE('',#245,2.E-1);
#255=CIRCLE('',#254,2.E-1);
#272=CIRCLE('',#271,2.E-1);
#281=CIRCLE('',#280,2.E-1);
#298=CIRCLE('',#297,2.E-1);
#307=CIRCLE('',#306,2.E-1);
#324=CIRCLE('',#323,2.E-1);
#333=CIRCLE('',#332,2.E-1);
#342=CIRCLE('',#341,2.E-1);
#351=B_SPLINE_CURVE_WITH_KNOTS('',3,(#347,#348,#349,#350),.UNSPECIFIED.,.F.,.F.,
(4,4),(0.E0,1.E0),.UNSPECIFIED.);
#430=B_SPLINE_CURVE_WITH_KNOTS('',3,(#352,#353,#354,#355,#356,#357,#358,#359,
#360,#361,#362,#363,#364,#365,#366,#367,#368,#369,#370,#371,#372,#373,#374,#375,
#376,#377,#378,#379,#380,#381,#382,#383,#384,#385,#386,#387,#388,#389,#390,#391,
#392,#393,#394,#395,#396,#397,#398,#399,#400,#401,#402,#403,#404,#405,#406,#407,
#408,#409,#410,#411,#412,#413,#414,#415,#416,#417,#418,#419,#420,#421,#422,#423,
#424,#425,#426,#427,#428,#429),.UNSPECIFIED.,.F.,.F.,(4,1,1,1,1,1,1,1,1,1,1,1,1,
1,1,1,1,1,1,1,1,1,1,1,1,1,1,1,1,1,1,1,1,1,1,1,1,1,1,1,1,1,1,1,1,1,1,1,1,1,1,1,1,
1,1,1,1,1,1,1,1,1,1,1,1,1,1,1,1,1,1,1,1,1,1,4),(0.E0,1.333333333333E-2,
2.666666666667E-2,4.E-2,5.333333333333E-2,6.666666666667E-2,8.E-2,
9.333333333333E-2,1.066666666667E-1,1.2E-1,1.333333333333E-1,1.466666666667E-1,
1.6E-1,1.733333333333E-1,1.866666666667E-1,2.E-1,2.133333333333E-1,
2.266666666667E-1,2.4E-1,2.533333333333E-1,2.666666666667E-1,2.8E-1,
2.933333333333E-1,3.066666666667E-1,3.2E-1,3.333333333333E-1,3.466666666667E-1,
3.6E-1,3.733333333333E-1,3.866666666667E-1,4.E-1,4.133333333333E-1,
4.266666666667E-1,4.4E-1,4.533333333333E-1,4.666666666667E-1,4.8E-1,
4.933333333333E-1,5.066666666667E-1,5.2E-1,5.333333333333E-1,5.466666666667E-1,
5.6E-1,5.733333333333E-1,5.866666666667E-1,6.E-1,6.133333333333E-1,
6.266666666667E-1,6.4E-1,6.533333333333E-1,6.666666666667E-1,6.8E-1,
6.933333333333E-1,7.066666666667E-1,7.2E-1,7.333333333333E-1,7.466666666667E-1,
7.6E-1,7.733333333333E-1,7.866666666667E-1,8.E-1,8.133333333333E-1,
8.266666666667E-1,8.4E-1,8.533333333333E-1,8.666666666667E-1,8.8E-1,
8.933333333333E-1,9.066666666667E-1,9.2E-1,9.333333333333E-1,9.466666666667E-1,
9.6E-1,9.733333333333E-1,9.866666666667E-1,1.E0),.UNSPECIFIED.);
#459=CIRCLE('',#458,2.E-1);
#543=B_SPLINE_CURVE_WITH_KNOTS('',3,(#468,#469,#470,#471,#472,#473,#474,#475,
#476,#477,#478,#479,#480,#481,#482,#483,#484,#485,#486,#487,#488,#489,#490,#491,
#492,#493,#494,#495,#496,#497,#498,#499,#500,#501,#502,#503,#504,#505,#506,#507,
#508,#509,#510,#511,#512,#513,#514,#515,#516,#517,#518,#519,#520,#521,#522,#523,
#524,#525,#526,#527,#528,#529,#530,#531,#532,#533,#534,#535,#536,#537,#538,#539,
#540,#541,#542),.UNSPECIFIED.,.F.,.F.,(4,1,1,1,1,1,1,1,1,1,1,1,1,1,1,1,1,1,1,1,
1,1,1,1,1,1,1,1,1,1,1,1,1,1,1,1,1,1,1,1,1,1,1,1,1,1,1,1,1,1,1,1,1,1,1,1,1,1,1,1,
1,1,1,1,1,1,1,1,1,1,1,1,4),(0.E0,1.388888888889E-2,2.777777777778E-2,
4.166666666667E-2,5.555555555556E-2,6.944444444444E-2,8.333333333333E-2,
9.722222222222E-2,1.111111111111E-1,1.25E-1,1.388888888889E-1,1.527777777778E-1,
1.666666666667E-1,1.805555555556E-1,1.944444444444E-1,2.083333333333E-1,
2.222222222222E-1,2.361111111111E-1,2.5E-1,2.638888888889E-1,2.777777777778E-1,
2.916666666667E-1,3.055555555556E-1,3.194444444444E-1,3.333333333333E-1,
3.472222222222E-1,3.611111111111E-1,3.75E-1,3.888888888889E-1,4.027777777778E-1,
4.166666666667E-1,4.305555555556E-1,4.444444444444E-1,4.583333333333E-1,
4.722222222222E-1,4.861111111111E-1,5.E-1,5.138888888889E-1,5.277777777778E-1,
5.416666666667E-1,5.555555555556E-1,5.694444444444E-1,5.833333333333E-1,
5.972222222222E-1,6.111111111111E-1,6.25E-1,6.388888888889E-1,6.527777777778E-1,
6.666666666667E-1,6.805555555556E-1,6.944444444444E-1,7.083333333333E-1,
7.222222222222E-1,7.361111111111E-1,7.5E-1,7.638888888889E-1,7.777777777778E-1,
7.916666666667E-1,8.055555555556E-1,8.194444444444E-1,8.333333333333E-1,
8.472222222222E-1,8.611111111111E-1,8.75E-1,8.888888888889E-1,9.027777777778E-1,
9.166666666667E-1,9.305555555556E-1,9.444444444444E-1,9.583333333333E-1,
9.722222222222E-1,9.861111111111E-1,1.E0),.UNSPECIFIED.);
#548=B_SPLINE_CURVE_WITH_KNOTS('',3,(#544,#545,#546,#547),.UNSPECIFIED.,.F.,.F.,
(4,4),(0.E0,1.E0),.UNSPECIFIED.);
#557=CIRCLE('',#556,2.E-1);
#566=CIRCLE('',#565,2.E-1);
#583=CIRCLE('',#582,2.E-1);
#592=CIRCLE('',#591,2.E-1);
#601=CIRCLE('',#600,2.E-1);
#610=CIRCLE('',#609,2.E-1);
#632=B_SPLINE_CURVE_WITH_KNOTS('',3,(#627,#628,#629,#630,#631),.UNSPECIFIED.,
.F.,.F.,(4,1,4),(0.E0,5.E-1,1.E0),.UNSPECIFIED.);
#638=B_SPLINE_CURVE_WITH_KNOTS('',3,(#633,#634,#635,#636,#637),.UNSPECIFIED.,
.F.,.F.,(4,1,4),(0.E0,5.E-1,1.E0),.UNSPECIFIED.);
#644=B_SPLINE_CURVE_WITH_KNOTS('',3,(#639,#640,#641,#642,#643),.UNSPECIFIED.,
.F.,.F.,(4,1,4),(0.E0,5.E-1,1.E0),.UNSPECIFIED.);
#654=B_SPLINE_CURVE_WITH_KNOTS('',3,(#649,#650,#651,#652,#653),.UNSPECIFIED.,
.F.,.F.,(4,1,4),(0.E0,5.E-1,1.E0),.UNSPECIFIED.);
#660=B_SPLINE_CURVE_WITH_KNOTS('',3,(#655,#656,#657,#658,#659),.UNSPECIFIED.,
.F.,.F.,(4,1,4),(0.E0,5.E-1,1.E0),.UNSPECIFIED.);
#690=B_SPLINE_CURVE_WITH_KNOTS('',3,(#685,#686,#687,#688,#689),.UNSPECIFIED.,
.F.,.F.,(4,1,4),(0.E0,5.E-1,1.E0),.UNSPECIFIED.);
#703=CIRCLE('',#702,2.E-1);
#712=B_SPLINE_CURVE_WITH_KNOTS('',3,(#708,#709,#710,#711),.UNSPECIFIED.,.F.,.F.,
(4,4),(0.E0,1.E0),.UNSPECIFIED.);
#791=B_SPLINE_CURVE_WITH_KNOTS('',3,(#713,#714,#715,#716,#717,#718,#719,#720,
#721,#722,#723,#724,#725,#726,#727,#728,#729,#730,#731,#732,#733,#734,#735,#736,
#737,#738,#739,#740,#741,#742,#743,#744,#745,#746,#747,#748,#749,#750,#751,#752,
#753,#754,#755,#756,#757,#758,#759,#760,#761,#762,#763,#764,#765,#766,#767,#768,
#769,#770,#771,#772,#773,#774,#775,#776,#777,#778,#779,#780,#781,#782,#783,#784,
#785,#786,#787,#788,#789,#790),.UNSPECIFIED.,.F.,.F.,(4,1,1,1,1,1,1,1,1,1,1,1,1,
1,1,1,1,1,1,1,1,1,1,1,1,1,1,1,1,1,1,1,1,1,1,1,1,1,1,1,1,1,1,1,1,1,1,1,1,1,1,1,1,
1,1,1,1,1,1,1,1,1,1,1,1,1,1,1,1,1,1,1,1,1,1,4),(0.E0,1.333333333333E-2,
2.666666666667E-2,4.E-2,5.333333333333E-2,6.666666666667E-2,8.E-2,
9.333333333333E-2,1.066666666667E-1,1.2E-1,1.333333333333E-1,1.466666666667E-1,
1.6E-1,1.733333333333E-1,1.866666666667E-1,2.E-1,2.133333333333E-1,
2.266666666667E-1,2.4E-1,2.533333333333E-1,2.666666666667E-1,2.8E-1,
2.933333333333E-1,3.066666666667E-1,3.2E-1,3.333333333333E-1,3.466666666667E-1,
3.6E-1,3.733333333333E-1,3.866666666667E-1,4.E-1,4.133333333333E-1,
4.266666666667E-1,4.4E-1,4.533333333333E-1,4.666666666667E-1,4.8E-1,
4.933333333333E-1,5.066666666667E-1,5.2E-1,5.333333333333E-1,5.466666666667E-1,
5.6E-1,5.733333333333E-1,5.866666666667E-1,6.E-1,6.133333333333E-1,
6.266666666667E-1,6.4E-1,6.533333333333E-1,6.666666666667E-1,6.8E-1,
6.933333333333E-1,7.066666666667E-1,7.2E-1,7.333333333333E-1,7.466666666667E-1,
7.6E-1,7.733333333333E-1,7.866666666667E-1,8.E-1,8.133333333333E-1,
8.266666666667E-1,8.4E-1,8.533333333333E-1,8.666666666667E-1,8.8E-1,
8.933333333333E-1,9.066666666667E-1,9.2E-1,9.333333333333E-1,9.466666666667E-1,
9.6E-1,9.733333333333E-1,9.866666666667E-1,1.E0),.UNSPECIFIED.);
#820=CIRCLE('',#819,2.E-1);
#904=B_SPLINE_CURVE_WITH_KNOTS('',3,(#829,#830,#831,#832,#833,#834,#835,#836,
#837,#838,#839,#840,#841,#842,#843,#844,#845,#846,#847,#848,#849,#850,#851,#852,
#853,#854,#855,#856,#857,#858,#859,#860,#861,#862,#863,#864,#865,#866,#867,#868,
#869,#870,#871,#872,#873,#874,#875,#876,#877,#878,#879,#880,#881,#882,#883,#884,
#885,#886,#887,#888,#889,#890,#891,#892,#893,#894,#895,#896,#897,#898,#899,#900,
#901,#902,#903),.UNSPECIFIED.,.F.,.F.,(4,1,1,1,1,1,1,1,1,1,1,1,1,1,1,1,1,1,1,1,
1,1,1,1,1,1,1,1,1,1,1,1,1,1,1,1,1,1,1,1,1,1,1,1,1,1,1,1,1,1,1,1,1,1,1,1,1,1,1,1,
1,1,1,1,1,1,1,1,1,1,1,1,4),(0.E0,1.388888888889E-2,2.777777777778E-2,
4.166666666667E-2,5.555555555556E-2,6.944444444444E-2,8.333333333333E-2,
9.722222222222E-2,1.111111111111E-1,1.25E-1,1.388888888889E-1,1.527777777778E-1,
1.666666666667E-1,1.805555555556E-1,1.944444444444E-1,2.083333333333E-1,
2.222222222222E-1,2.361111111111E-1,2.5E-1,2.638888888889E-1,2.777777777778E-1,
2.916666666667E-1,3.055555555556E-1,3.194444444444E-1,3.333333333333E-1,
3.472222222222E-1,3.611111111111E-1,3.75E-1,3.888888888889E-1,4.027777777778E-1,
4.166666666667E-1,4.305555555556E-1,4.444444444444E-1,4.583333333333E-1,
4.722222222222E-1,4.861111111111E-1,5.E-1,5.138888888889E-1,5.277777777778E-1,
5.416666666667E-1,5.555555555556E-1,5.694444444444E-1,5.833333333333E-1,
5.972222222222E-1,6.111111111111E-1,6.25E-1,6.388888888889E-1,6.527777777778E-1,
6.666666666667E-1,6.805555555556E-1,6.944444444444E-1,7.083333333333E-1,
7.222222222222E-1,7.361111111111E-1,7.5E-1,7.638888888889E-1,7.777777777778E-1,
7.916666666667E-1,8.055555555556E-1,8.194444444444E-1,8.333333333333E-1,
8.472222222222E-1,8.611111111111E-1,8.75E-1,8.888888888889E-1,9.027777777778E-1,
9.166666666667E-1,9.305555555556E-1,9.444444444444E-1,9.583333333333E-1,
9.722222222222E-1,9.861111111111E-1,1.E0),.UNSPECIFIED.);
#909=B_SPLINE_CURVE_WITH_KNOTS('',3,(#905,#906,#907,#908),.UNSPECIFIED.,.F.,.F.,
(4,4),(0.E0,1.E0),.UNSPECIFIED.);
#922=CIRCLE('',#921,2.E-1);
#931=CIRCLE('',#930,2.E-1);
#944=CIRCLE('',#943,2.E-1);
#953=CIRCLE('',#952,2.E-1);
#962=CIRCLE('',#961,2.E-1);
#971=CIRCLE('',#970,2.E-1);
#993=B_SPLINE_CURVE_WITH_KNOTS('',3,(#988,#989,#990,#991,#992),.UNSPECIFIED.,
.F.,.F.,(4,1,4),(0.E0,5.E-1,1.E0),.UNSPECIFIED.);
#999=B_SPLINE_CURVE_WITH_KNOTS('',3,(#994,#995,#996,#997,#998),.UNSPECIFIED.,
.F.,.F.,(4,1,4),(0.E0,5.E-1,1.E0),.UNSPECIFIED.);
#1009=B_SPLINE_CURVE_WITH_KNOTS('',3,(#1004,#1005,#1006,#1007,#1008),
.UNSPECIFIED.,.F.,.F.,(4,1,4),(0.E0,5.E-1,1.E0),.UNSPECIFIED.);
#1015=B_SPLINE_CURVE_WITH_KNOTS('',3,(#1010,#1011,#1012,#1013,#1014),
.UNSPECIFIED.,.F.,.F.,(4,1,4),(0.E0,5.E-1,1.E0),.UNSPECIFIED.);
#1029=B_SPLINE_CURVE_WITH_KNOTS('',3,(#1024,#1025,#1026,#1027,#1028),
.UNSPECIFIED.,.F.,.F.,(4,1,4),(0.E0,5.E-1,1.E0),.UNSPECIFIED.);
#1047=B_SPLINE_CURVE_WITH_KNOTS('',3,(#1042,#1043,#1044,#1045,#1046),
.UNSPECIFIED.,.F.,.F.,(4,1,4),(0.E0,5.E-1,1.E0),.UNSPECIFIED.);
#1064=CIRCLE('',#1063,2.E-1);
#1073=B_SPLINE_CURVE_WITH_KNOTS('',3,(#1069,#1070,#1071,#1072),.UNSPECIFIED.,
.F.,.F.,(4,4),(0.E0,1.E0),.UNSPECIFIED.);
#1152=B_SPLINE_CURVE_WITH_KNOTS('',3,(#1074,#1075,#1076,#1077,#1078,#1079,#1080,
#1081,#1082,#1083,#1084,#1085,#1086,#1087,#1088,#1089,#1090,#1091,#1092,#1093,
#1094,#1095,#1096,#1097,#1098,#1099,#1100,#1101,#1102,#1103,#1104,#1105,#1106,
#1107,#1108,#1109,#1110,#1111,#1112,#1113,#1114,#1115,#1116,#1117,#1118,#1119,
#1120,#1121,#1122,#1123,#1124,#1125,#1126,#1127,#1128,#1129,#1130,#1131,#1132,
#1133,#1134,#1135,#1136,#1137,#1138,#1139,#1140,#1141,#1142,#1143,#1144,#1145,
#1146,#1147,#1148,#1149,#1150,#1151),.UNSPECIFIED.,.F.,.F.,(4,1,1,1,1,1,1,1,1,1,
1,1,1,1,1,1,1,1,1,1,1,1,1,1,1,1,1,1,1,1,1,1,1,1,1,1,1,1,1,1,1,1,1,1,1,1,1,1,1,1,
1,1,1,1,1,1,1,1,1,1,1,1,1,1,1,1,1,1,1,1,1,1,1,1,1,4),(0.E0,1.333333333333E-2,
2.666666666667E-2,4.E-2,5.333333333333E-2,6.666666666667E-2,8.E-2,
9.333333333333E-2,1.066666666667E-1,1.2E-1,1.333333333333E-1,1.466666666667E-1,
1.6E-1,1.733333333333E-1,1.866666666667E-1,2.E-1,2.133333333333E-1,
2.266666666667E-1,2.4E-1,2.533333333333E-1,2.666666666667E-1,2.8E-1,
2.933333333333E-1,3.066666666667E-1,3.2E-1,3.333333333333E-1,3.466666666667E-1,
3.6E-1,3.733333333333E-1,3.866666666667E-1,4.E-1,4.133333333333E-1,
4.266666666667E-1,4.4E-1,4.533333333333E-1,4.666666666667E-1,4.8E-1,
4.933333333333E-1,5.066666666667E-1,5.2E-1,5.333333333333E-1,5.466666666667E-1,
5.6E-1,5.733333333333E-1,5.866666666667E-1,6.E-1,6.133333333333E-1,
6.266666666667E-1,6.4E-1,6.533333333333E-1,6.666666666667E-1,6.8E-1,
6.933333333333E-1,7.066666666667E-1,7.2E-1,7.333333333333E-1,7.466666666667E-1,
7.6E-1,7.733333333333E-1,7.866666666667E-1,8.E-1,8.133333333333E-1,
8.266666666667E-1,8.4E-1,8.533333333333E-1,8.666666666667E-1,8.8E-1,
8.933333333333E-1,9.066666666667E-1,9.2E-1,9.333333333333E-1,9.466666666667E-1,
9.6E-1,9.733333333333E-1,9.866666666667E-1,1.E0),.UNSPECIFIED.);
#1181=CIRCLE('',#1180,2.E-1);
#1265=B_SPLINE_CURVE_WITH_KNOTS('',3,(#1190,#1191,#1192,#1193,#1194,#1195,#1196,
#1197,#1198,#1199,#1200,#1201,#1202,#1203,#1204,#1205,#1206,#1207,#1208,#1209,
#1210,#1211,#1212,#1213,#1214,#1215,#1216,#1217,#1218,#1219,#1220,#1221,#1222,
#1223,#1224,#1225,#1226,#1227,#1228,#1229,#1230,#1231,#1232,#1233,#1234,#1235,
#1236,#1237,#1238,#1239,#1240,#1241,#1242,#1243,#1244,#1245,#1246,#1247,#1248,
#1249,#1250,#1251,#1252,#1253,#1254,#1255,#1256,#1257,#1258,#1259,#1260,#1261,
#1262,#1263,#1264),.UNSPECIFIED.,.F.,.F.,(4,1,1,1,1,1,1,1,1,1,1,1,1,1,1,1,1,1,1,
1,1,1,1,1,1,1,1,1,1,1,1,1,1,1,1,1,1,1,1,1,1,1,1,1,1,1,1,1,1,1,1,1,1,1,1,1,1,1,1,
1,1,1,1,1,1,1,1,1,1,1,1,1,4),(0.E0,1.388888888889E-2,2.777777777778E-2,
4.166666666667E-2,5.555555555556E-2,6.944444444444E-2,8.333333333333E-2,
9.722222222222E-2,1.111111111111E-1,1.25E-1,1.388888888889E-1,1.527777777778E-1,
1.666666666667E-1,1.805555555556E-1,1.944444444444E-1,2.083333333333E-1,
2.222222222222E-1,2.361111111111E-1,2.5E-1,2.638888888889E-1,2.777777777778E-1,
2.916666666667E-1,3.055555555556E-1,3.194444444444E-1,3.333333333333E-1,
3.472222222222E-1,3.611111111111E-1,3.75E-1,3.888888888889E-1,4.027777777778E-1,
4.166666666667E-1,4.305555555556E-1,4.444444444444E-1,4.583333333333E-1,
4.722222222222E-1,4.861111111111E-1,5.E-1,5.138888888889E-1,5.277777777778E-1,
5.416666666667E-1,5.555555555556E-1,5.694444444444E-1,5.833333333333E-1,
5.972222222222E-1,6.111111111111E-1,6.25E-1,6.388888888889E-1,6.527777777778E-1,
6.666666666667E-1,6.805555555556E-1,6.944444444444E-1,7.083333333333E-1,
7.222222222222E-1,7.361111111111E-1,7.5E-1,7.638888888889E-1,7.777777777778E-1,
7.916666666667E-1,8.055555555556E-1,8.194444444444E-1,8.333333333333E-1,
8.472222222222E-1,8.611111111111E-1,8.75E-1,8.888888888889E-1,9.027777777778E-1,
9.166666666667E-1,9.305555555556E-1,9.444444444444E-1,9.583333333333E-1,
9.722222222222E-1,9.861111111111E-1,1.E0),.UNSPECIFIED.);
#1270=B_SPLINE_CURVE_WITH_KNOTS('',3,(#1266,#1267,#1268,#1269),.UNSPECIFIED.,
.F.,.F.,(4,4),(0.E0,1.E0),.UNSPECIFIED.);
#1283=CIRCLE('',#1282,2.E-1);
#1292=CIRCLE('',#1291,2.E-1);
#1305=CIRCLE('',#1304,2.E-1);
#1314=CIRCLE('',#1313,2.E-1);
#1323=CIRCLE('',#1322,2.E-1);
#1332=CIRCLE('',#1331,2.E-1);
#1354=B_SPLINE_CURVE_WITH_KNOTS('',3,(#1349,#1350,#1351,#1352,#1353),
.UNSPECIFIED.,.F.,.F.,(4,1,4),(0.E0,5.E-1,1.E0),.UNSPECIFIED.);
#1360=B_SPLINE_CURVE_WITH_KNOTS('',3,(#1355,#1356,#1357,#1358,#1359),
.UNSPECIFIED.,.F.,.F.,(4,1,4),(0.E0,5.E-1,1.E0),.UNSPECIFIED.);
#1370=B_SPLINE_CURVE_WITH_KNOTS('',3,(#1365,#1366,#1367,#1368,#1369),
.UNSPECIFIED.,.F.,.F.,(4,1,4),(0.E0,5.E-1,1.E0),.UNSPECIFIED.);
#1376=B_SPLINE_CURVE_WITH_KNOTS('',3,(#1371,#1372,#1373,#1374,#1375),
.UNSPECIFIED.,.F.,.F.,(4,1,4),(0.E0,5.E-1,1.E0),.UNSPECIFIED.);
#1390=B_SPLINE_CURVE_WITH_KNOTS('',3,(#1385,#1386,#1387,#1388,#1389),
.UNSPECIFIED.,.F.,.F.,(4,1,4),(0.E0,5.E-1,1.E0),.UNSPECIFIED.);
#1408=B_SPLINE_CURVE_WITH_KNOTS('',3,(#1403,#1404,#1405,#1406,#1407),
.UNSPECIFIED.,.F.,.F.,(4,1,4),(0.E0,5.E-1,1.E0),.UNSPECIFIED.);
#1425=CIRCLE('',#1424,2.E-1);
#1434=B_SPLINE_CURVE_WITH_KNOTS('',3,(#1430,#1431,#1432,#1433),.UNSPECIFIED.,
.F.,.F.,(4,4),(0.E0,1.E0),.UNSPECIFIED.);
#1513=B_SPLINE_CURVE_WITH_KNOTS('',3,(#1435,#1436,#1437,#1438,#1439,#1440,#1441,
#1442,#1443,#1444,#1445,#1446,#1447,#1448,#1449,#1450,#1451,#1452,#1453,#1454,
#1455,#1456,#1457,#1458,#1459,#1460,#1461,#1462,#1463,#1464,#1465,#1466,#1467,
#1468,#1469,#1470,#1471,#1472,#1473,#1474,#1475,#1476,#1477,#1478,#1479,#1480,
#1481,#1482,#1483,#1484,#1485,#1486,#1487,#1488,#1489,#1490,#1491,#1492,#1493,
#1494,#1495,#1496,#1497,#1498,#1499,#1500,#1501,#1502,#1503,#1504,#1505,#1506,
#1507,#1508,#1509,#1510,#1511,#1512),.UNSPECIFIED.,.F.,.F.,(4,1,1,1,1,1,1,1,1,1,
1,1,1,1,1,1,1,1,1,1,1,1,1,1,1,1,1,1,1,1,1,1,1,1,1,1,1,1,1,1,1,1,1,1,1,1,1,1,1,1,
1,1,1,1,1,1,1,1,1,1,1,1,1,1,1,1,1,1,1,1,1,1,1,1,1,4),(0.E0,1.333333333333E-2,
2.666666666667E-2,4.E-2,5.333333333333E-2,6.666666666667E-2,8.E-2,
9.333333333333E-2,1.066666666667E-1,1.2E-1,1.333333333333E-1,1.466666666667E-1,
1.6E-1,1.733333333333E-1,1.866666666667E-1,2.E-1,2.133333333333E-1,
2.266666666667E-1,2.4E-1,2.533333333333E-1,2.666666666667E-1,2.8E-1,
2.933333333333E-1,3.066666666667E-1,3.2E-1,3.333333333333E-1,3.466666666667E-1,
3.6E-1,3.733333333333E-1,3.866666666667E-1,4.E-1,4.133333333333E-1,
4.266666666667E-1,4.4E-1,4.533333333333E-1,4.666666666667E-1,4.8E-1,
4.933333333333E-1,5.066666666667E-1,5.2E-1,5.333333333333E-1,5.466666666667E-1,
5.6E-1,5.733333333333E-1,5.866666666667E-1,6.E-1,6.133333333333E-1,
6.266666666667E-1,6.4E-1,6.533333333333E-1,6.666666666667E-1,6.8E-1,
6.933333333333E-1,7.066666666667E-1,7.2E-1,7.333333333333E-1,7.466666666667E-1,
7.6E-1,7.733333333333E-1,7.866666666667E-1,8.E-1,8.133333333333E-1,
8.266666666667E-1,8.4E-1,8.533333333333E-1,8.666666666667E-1,8.8E-1,
8.933333333333E-1,9.066666666667E-1,9.2E-1,9.333333333333E-1,9.466666666667E-1,
9.6E-1,9.733333333333E-1,9.866666666667E-1,1.E0),.UNSPECIFIED.);
#1542=CIRCLE('',#1541,2.E-1);
#1626=B_SPLINE_CURVE_WITH_KNOTS('',3,(#1551,#1552,#1553,#1554,#1555,#1556,#1557,
#1558,#1559,#1560,#1561,#1562,#1563,#1564,#1565,#1566,#1567,#1568,#1569,#1570,
#1571,#1572,#1573,#1574,#1575,#1576,#1577,#1578,#1579,#1580,#1581,#1582,#1583,
#1584,#1585,#1586,#1587,#1588,#1589,#1590,#1591,#1592,#1593,#1594,#1595,#1596,
#1597,#1598,#1599,#1600,#1601,#1602,#1603,#1604,#1605,#1606,#1607,#1608,#1609,
#1610,#1611,#1612,#1613,#1614,#1615,#1616,#1617,#1618,#1619,#1620,#1621,#1622,
#1623,#1624,#1625),.UNSPECIFIED.,.F.,.F.,(4,1,1,1,1,1,1,1,1,1,1,1,1,1,1,1,1,1,1,
1,1,1,1,1,1,1,1,1,1,1,1,1,1,1,1,1,1,1,1,1,1,1,1,1,1,1,1,1,1,1,1,1,1,1,1,1,1,1,1,
1,1,1,1,1,1,1,1,1,1,1,1,1,4),(0.E0,1.388888888889E-2,2.777777777778E-2,
4.166666666667E-2,5.555555555556E-2,6.944444444444E-2,8.333333333333E-2,
9.722222222222E-2,1.111111111111E-1,1.25E-1,1.388888888889E-1,1.527777777778E-1,
1.666666666667E-1,1.805555555556E-1,1.944444444444E-1,2.083333333333E-1,
2.222222222222E-1,2.361111111111E-1,2.5E-1,2.638888888889E-1,2.777777777778E-1,
2.916666666667E-1,3.055555555556E-1,3.194444444444E-1,3.333333333333E-1,
3.472222222222E-1,3.611111111111E-1,3.75E-1,3.888888888889E-1,4.027777777778E-1,
4.166666666667E-1,4.305555555556E-1,4.444444444444E-1,4.583333333333E-1,
4.722222222222E-1,4.861111111111E-1,5.E-1,5.138888888889E-1,5.277777777778E-1,
5.416666666667E-1,5.555555555556E-1,5.694444444444E-1,5.833333333333E-1,
5.972222222222E-1,6.111111111111E-1,6.25E-1,6.388888888889E-1,6.527777777778E-1,
6.666666666667E-1,6.805555555556E-1,6.944444444444E-1,7.083333333333E-1,
7.222222222222E-1,7.361111111111E-1,7.5E-1,7.638888888889E-1,7.777777777778E-1,
7.916666666667E-1,8.055555555556E-1,8.194444444444E-1,8.333333333333E-1,
8.472222222222E-1,8.611111111111E-1,8.75E-1,8.888888888889E-1,9.027777777778E-1,
9.166666666667E-1,9.305555555556E-1,9.444444444444E-1,9.583333333333E-1,
9.722222222222E-1,9.861111111111E-1,1.E0),.UNSPECIFIED.);
#1631=B_SPLINE_CURVE_WITH_KNOTS('',3,(#1627,#1628,#1629,#1630),.UNSPECIFIED.,
.F.,.F.,(4,4),(0.E0,1.E0),.UNSPECIFIED.);
#1644=CIRCLE('',#1643,2.E-1);
#1653=CIRCLE('',#1652,2.E-1);
#1666=CIRCLE('',#1665,2.E-1);
#1675=CIRCLE('',#1674,2.E-1);
#1684=CIRCLE('',#1683,2.E-1);
#1693=CIRCLE('',#1692,2.E-1);
#1715=B_SPLINE_CURVE_WITH_KNOTS('',3,(#1710,#1711,#1712,#1713,#1714),
.UNSPECIFIED.,.F.,.F.,(4,1,4),(0.E0,5.E-1,1.E0),.UNSPECIFIED.);
#1721=B_SPLINE_CURVE_WITH_KNOTS('',3,(#1716,#1717,#1718,#1719,#1720),
.UNSPECIFIED.,.F.,.F.,(4,1,4),(0.E0,5.E-1,1.E0),.UNSPECIFIED.);
#1731=B_SPLINE_CURVE_WITH_KNOTS('',3,(#1726,#1727,#1728,#1729,#1730),
.UNSPECIFIED.,.F.,.F.,(4,1,4),(0.E0,5.E-1,1.E0),.UNSPECIFIED.);
#1737=B_SPLINE_CURVE_WITH_KNOTS('',3,(#1732,#1733,#1734,#1735,#1736),
.UNSPECIFIED.,.F.,.F.,(4,1,4),(0.E0,5.E-1,1.E0),.UNSPECIFIED.);
#1751=B_SPLINE_CURVE_WITH_KNOTS('',3,(#1746,#1747,#1748,#1749,#1750),
.UNSPECIFIED.,.F.,.F.,(4,1,4),(0.E0,5.E-1,1.E0),.UNSPECIFIED.);
#1769=B_SPLINE_CURVE_WITH_KNOTS('',3,(#1764,#1765,#1766,#1767,#1768),
.UNSPECIFIED.,.F.,.F.,(4,1,4),(0.E0,5.E-1,1.E0),.UNSPECIFIED.);
#1798=CIRCLE('',#1797,5.E-2);
#1803=CIRCLE('',#1802,3.E-1);
#1816=CIRCLE('',#1815,3.E-1);
#1821=CIRCLE('',#1820,5.E-2);
#1878=CIRCLE('',#1877,3.E-1);
#1883=CIRCLE('',#1882,5.E-2);
#1904=CIRCLE('',#1903,5.E-2);
#1909=CIRCLE('',#1908,3.E-1);
#2154=CIRCLE('',#2153,5.E-2);
#2159=CIRCLE('',#2158,3.E-1);
#2176=CIRCLE('',#2175,3.E-1);
#2181=CIRCLE('',#2180,5.E-2);
#2258=CIRCLE('',#2257,3.E-1);
#2263=CIRCLE('',#2262,5.E-2);
#2280=CIRCLE('',#2279,5.E-2);
#2285=CIRCLE('',#2284,3.E-1);
#2514=CIRCLE('',#2513,5.E-2);
#2519=CIRCLE('',#2518,3.E-1);
#2536=CIRCLE('',#2535,3.E-1);
#2541=CIRCLE('',#2540,5.E-2);
#2618=CIRCLE('',#2617,3.E-1);
#2623=CIRCLE('',#2622,5.E-2);
#2640=CIRCLE('',#2639,5.E-2);
#2645=CIRCLE('',#2644,3.E-1);
#2874=CIRCLE('',#2873,5.E-2);
#2879=CIRCLE('',#2878,3.E-1);
#2896=CIRCLE('',#2895,3.E-1);
#2901=CIRCLE('',#2900,5.E-2);
#2978=CIRCLE('',#2977,3.E-1);
#2983=CIRCLE('',#2982,5.E-2);
#3000=CIRCLE('',#2999,5.E-2);
#3005=CIRCLE('',#3004,3.E-1);
#4035=EDGE_CURVE('',#3225,#3235,#85,.T.);
#4037=EDGE_CURVE('',#3269,#3225,#5,.T.);
#4039=EDGE_CURVE('',#3269,#3273,#9,.T.);
#4041=EDGE_CURVE('',#3273,#3235,#13,.T.);
#4045=EDGE_CURVE('',#3248,#3249,#17,.T.);
#4047=EDGE_CURVE('',#3248,#3252,#21,.T.);
#4049=EDGE_CURVE('',#3252,#3253,#25,.T.);
#4051=EDGE_CURVE('',#3249,#3253,#29,.T.);
#4055=EDGE_CURVE('',#3501,#3485,#33,.T.);
#4057=EDGE_CURVE('',#3485,#3487,#37,.T.);
#4059=EDGE_CURVE('',#3507,#3487,#41,.T.);
#4061=EDGE_CURVE('',#3501,#3507,#45,.T.);
#4065=EDGE_CURVE('',#3695,#3679,#49,.T.);
#4067=EDGE_CURVE('',#3679,#3681,#53,.T.);
#4069=EDGE_CURVE('',#3701,#3681,#57,.T.);
#4071=EDGE_CURVE('',#3695,#3701,#61,.T.);
#4075=EDGE_CURVE('',#3823,#3807,#65,.T.);
#4077=EDGE_CURVE('',#3807,#3809,#69,.T.);
#4079=EDGE_CURVE('',#3829,#3809,#73,.T.);
#4081=EDGE_CURVE('',#3823,#3829,#77,.T.);
#4085=ADVANCED_FACE('',(#4044,#4054,#4064,#4074,#4084),#4034,.T.);
#4091=EDGE_CURVE('',#3224,#3225,#81,.T.);
#4094=EDGE_CURVE('',#3237,#3235,#89,.T.);
#4096=EDGE_CURVE('',#3224,#3237,#97,.T.);
#4100=ADVANCED_FACE('',(#4099),#4090,.T.);
#4107=EDGE_CURVE('',#3224,#3232,#93,.T.);
#4109=EDGE_CURVE('',#3232,#3233,#225,.T.);
#4111=EDGE_CURVE('',#3233,#3229,#213,.T.);
#4113=EDGE_CURVE('',#3228,#3229,#201,.T.);
#4115=EDGE_CURVE('',#3228,#3225,#121,.T.);
#4119=ADVANCED_FACE('',(#4118),#4105,.F.);
#4127=EDGE_CURVE('',#3237,#3239,#101,.T.);
#4129=EDGE_CURVE('',#3232,#3239,#229,.T.);
#4133=ADVANCED_FACE('',(#4132),#4124,.T.);
#4140=EDGE_CURVE('',#3245,#3235,#105,.T.);
#4142=EDGE_CURVE('',#3245,#3243,#209,.T.);
#4144=EDGE_CURVE('',#3241,#3243,#221,.T.);
#4146=EDGE_CURVE('',#3239,#3241,#233,.T.);
#4151=ADVANCED_FACE('',(#4150),#4138,.F.);
#4157=EDGE_CURVE('',#3272,#3273,#117,.T.);
#4159=EDGE_CURVE('',#3245,#3272,#129,.T.);
#4165=ADVANCED_FACE('',(#4164),#4156,.F.);
#4171=EDGE_CURVE('',#3268,#3269,#109,.T.);
#4173=EDGE_CURVE('',#3268,#3272,#113,.T.);
#4179=ADVANCED_FACE('',(#4178),#4170,.T.);
#4188=EDGE_CURVE('',#3228,#3268,#133,.T.);
#4192=ADVANCED_FACE('',(#4191),#4184,.F.);
#4198=EDGE_CURVE('',#3228,#3245,#125,.T.);
#4205=EDGE_CURVE('',#3260,#3261,#137,.T.);
#4207=EDGE_CURVE('',#3261,#3265,#141,.T.);
#4209=EDGE_CURVE('',#3264,#3265,#145,.T.);
#4211=EDGE_CURVE('',#3260,#3264,#149,.T.);
#4215=EDGE_CURVE('',#3505,#3503,#153,.T.);
#4217=EDGE_CURVE('',#3505,#3511,#157,.T.);
#4219=EDGE_CURVE('',#3511,#3509,#161,.T.);
#4221=EDGE_CURVE('',#3503,#3509,#165,.T.);
#4225=EDGE_CURVE('',#3699,#3697,#169,.T.);
#4227=EDGE_CURVE('',#3699,#3705,#173,.T.);
#4229=EDGE_CURVE('',#3705,#3703,#177,.T.);
#4231=EDGE_CURVE('',#3697,#3703,#181,.T.);
#4235=EDGE_CURVE('',#3827,#3825,#185,.T.);
#4237=EDGE_CURVE('',#3827,#3833,#189,.T.);
#4239=EDGE_CURVE('',#3833,#3831,#193,.T.);
#4241=EDGE_CURVE('',#3825,#3831,#197,.T.);
#4245=ADVANCED_FACE('',(#4204,#4214,#4224,#4234,#4244),#4197,.T.);
#4252=EDGE_CURVE('',#3229,#3243,#205,.T.);
#4258=ADVANCED_FACE('',(#4257),#4250,.T.);
#4265=EDGE_CURVE('',#3233,#3241,#217,.T.);
#4271=ADVANCED_FACE('',(#4270),#4263,.T.);
#4283=EDGE_CURVE('',#3292,#3305,#342,.T.);
#4285=EDGE_CURVE('',#3292,#3293,#237,.T.);
#4287=EDGE_CURVE('',#3296,#3293,#459,.T.);
#4289=EDGE_CURVE('',#3296,#3297,#241,.T.);
#4291=EDGE_CURVE('',#3297,#3299,#246,.T.);
#4293=EDGE_CURVE('',#3299,#3301,#250,.T.);
#4295=EDGE_CURVE('',#3301,#3303,#255,.T.);
#4297=EDGE_CURVE('',#3303,#3305,#259,.T.);
#4301=EDGE_CURVE('',#3467,#3465,#703,.T.);
#4303=EDGE_CURVE('',#3467,#3469,#263,.T.);
#4305=EDGE_CURVE('',#3471,#3469,#820,.T.);
#4307=EDGE_CURVE('',#3471,#3473,#267,.T.);
#4309=EDGE_CURVE('',#3473,#3475,#272,.T.);
#4311=EDGE_CURVE('',#3475,#3477,#276,.T.);
#4313=EDGE_CURVE('',#3477,#3479,#281,.T.);
#4315=EDGE_CURVE('',#3479,#3465,#285,.T.);
#4319=EDGE_CURVE('',#3661,#3659,#1064,.T.);
#4321=EDGE_CURVE('',#3661,#3663,#289,.T.);
#4323=EDGE_CURVE('',#3665,#3663,#1181,.T.);
#4325=EDGE_CURVE('',#3665,#3667,#293,.T.);
#4327=EDGE_CURVE('',#3667,#3669,#298,.T.);
#4329=EDGE_CURVE('',#3669,#3671,#302,.T.);
#4331=EDGE_CURVE('',#3671,#3673,#307,.T.);
#4333=EDGE_CURVE('',#3673,#3659,#311,.T.);
#4337=EDGE_CURVE('',#3789,#3787,#1425,.T.);
#4339=EDGE_CURVE('',#3789,#3791,#315,.T.);
#4341=EDGE_CURVE('',#3793,#3791,#1542,.T.);
#4343=EDGE_CURVE('',#3793,#3795,#319,.T.);
#4345=EDGE_CURVE('',#3795,#3797,#324,.T.);
#4347=EDGE_CURVE('',#3797,#3799,#328,.T.);
#4349=EDGE_CURVE('',#3799,#3801,#333,.T.);
#4351=EDGE_CURVE('',#3801,#3787,#337,.T.);
#4355=ADVANCED_FACE('',(#4282,#4300,#4318,#4336,#4354),#4276,.T.);
#4362=EDGE_CURVE('',#3305,#3289,#346,.T.);
#4364=EDGE_CURVE('',#3289,#3307,#583,.T.);
#4366=EDGE_CURVE('',#3307,#3438,#351,.T.);
#4368=EDGE_CURVE('',#3441,#3438,#430,.T.);
#4370=EDGE_CURVE('',#3311,#3441,#434,.T.);
#4372=EDGE_CURVE('',#3311,#3276,#566,.T.);
#4374=EDGE_CURVE('',#3292,#3276,#552,.T.);
#4378=ADVANCED_FACE('',(#4377),#4360,.F.);
#4385=EDGE_CURVE('',#3303,#3287,#438,.T.);
#4387=EDGE_CURVE('',#3287,#3289,#587,.T.);
#4392=ADVANCED_FACE('',(#4391),#4383,.F.);
#4399=EDGE_CURVE('',#3301,#3285,#442,.T.);
#4401=EDGE_CURVE('',#3285,#3287,#592,.T.);
#4406=ADVANCED_FACE('',(#4405),#4397,.F.);
#4413=EDGE_CURVE('',#3299,#3283,#446,.T.);
#4415=EDGE_CURVE('',#3283,#3285,#596,.T.);
#4420=ADVANCED_FACE('',(#4419),#4411,.F.);
#4427=EDGE_CURVE('',#3297,#3281,#450,.T.);
#4429=EDGE_CURVE('',#3281,#3283,#601,.T.);
#4434=ADVANCED_FACE('',(#4433),#4425,.F.);
#4441=EDGE_CURVE('',#3296,#3280,#454,.T.);
#4443=EDGE_CURVE('',#3280,#3281,#605,.T.);
#4448=ADVANCED_FACE('',(#4447),#4439,.F.);
#4455=EDGE_CURVE('',#3293,#3277,#463,.T.);
#4457=EDGE_CURVE('',#3277,#3309,#557,.T.);
#4459=EDGE_CURVE('',#3309,#3434,#467,.T.);
#4461=EDGE_CURVE('',#3432,#3434,#543,.T.);
#4463=EDGE_CURVE('',#3313,#3432,#548,.T.);
#4465=EDGE_CURVE('',#3313,#3280,#610,.T.);
#4470=ADVANCED_FACE('',(#4469),#4453,.F.);
#4478=EDGE_CURVE('',#3276,#3277,#561,.T.);
#4483=ADVANCED_FACE('',(#4482),#4475,.F.);
#4492=EDGE_CURVE('',#3309,#3311,#570,.T.);
#4496=ADVANCED_FACE('',(#4495),#4488,.T.);
#4502=EDGE_CURVE('',#3428,#3447,#574,.T.);
#4504=EDGE_CURVE('',#3445,#3447,#690,.T.);
#4506=EDGE_CURVE('',#3307,#3445,#578,.T.);
#4515=EDGE_CURVE('',#3313,#3425,#614,.T.);
#4517=EDGE_CURVE('',#3428,#3425,#660,.T.);
#4521=ADVANCED_FACE('',(#4520),#4501,.T.);
#4527=EDGE_CURVE('',#3434,#3429,#618,.T.);
#4532=EDGE_CURVE('',#3439,#3441,#622,.T.);
#4534=EDGE_CURVE('',#3429,#3439,#626,.T.);
#4538=ADVANCED_FACE('',(#4537),#4526,.F.);
#4544=EDGE_CURVE('',#3429,#3430,#638,.T.);
#4546=EDGE_CURVE('',#3432,#3430,#668,.T.);
#4552=ADVANCED_FACE('',(#4551),#4543,.T.);
#4558=EDGE_CURVE('',#3424,#3426,#632,.T.);
#4560=EDGE_CURVE('',#3430,#3424,#672,.T.);
#4564=EDGE_CURVE('',#3437,#3439,#644,.T.);
#4566=EDGE_CURVE('',#3437,#3443,#648,.T.);
#4568=EDGE_CURVE('',#3442,#3443,#654,.T.);
#4570=EDGE_CURVE('',#3426,#3442,#680,.T.);
#4574=ADVANCED_FACE('',(#4573),#4557,.T.);
#4580=EDGE_CURVE('',#3424,#3425,#664,.T.);
#4583=EDGE_CURVE('',#3426,#3428,#676,.T.);
#4588=ADVANCED_FACE('',(#4587),#4579,.T.);
#4601=ADVANCED_FACE('',(#4600),#4593,.T.);
#4609=EDGE_CURVE('',#3447,#3442,#684,.T.);
#4614=ADVANCED_FACE('',(#4613),#4606,.T.);
#4621=EDGE_CURVE('',#3445,#3443,#698,.T.);
#4627=ADVANCED_FACE('',(#4626),#4619,.T.);
#4633=EDGE_CURVE('',#3437,#3438,#694,.T.);
#4641=ADVANCED_FACE('',(#4640),#4632,.T.);
#4653=ADVANCED_FACE('',(#4652),#4646,.T.);
#4660=EDGE_CURVE('',#3465,#3463,#707,.T.);
#4662=EDGE_CURVE('',#3463,#3581,#944,.T.);
#4664=EDGE_CURVE('',#3581,#3632,#712,.T.);
#4666=EDGE_CURVE('',#3635,#3632,#791,.T.);
#4668=EDGE_CURVE('',#3579,#3635,#795,.T.);
#4670=EDGE_CURVE('',#3579,#3450,#931,.T.);
#4672=EDGE_CURVE('',#3467,#3450,#913,.T.);
#4676=ADVANCED_FACE('',(#4675),#4658,.F.);
#4684=EDGE_CURVE('',#3479,#3461,#799,.T.);
#4686=EDGE_CURVE('',#3461,#3463,#948,.T.);
#4690=ADVANCED_FACE('',(#4689),#4681,.F.);
#4696=EDGE_CURVE('',#3477,#3459,#803,.T.);
#4698=EDGE_CURVE('',#3459,#3461,#953,.T.);
#4704=ADVANCED_FACE('',(#4703),#4695,.F.);
#4710=EDGE_CURVE('',#3475,#3457,#807,.T.);
#4712=EDGE_CURVE('',#3457,#3459,#957,.T.);
#4718=ADVANCED_FACE('',(#4717),#4709,.F.);
#4724=EDGE_CURVE('',#3473,#3455,#811,.T.);
#4726=EDGE_CURVE('',#3455,#3457,#962,.T.);
#4732=ADVANCED_FACE('',(#4731),#4723,.F.);
#4738=EDGE_CURVE('',#3471,#3454,#815,.T.);
#4740=EDGE_CURVE('',#3454,#3455,#966,.T.);
#4746=ADVANCED_FACE('',(#4745),#4737,.F.);
#4753=EDGE_CURVE('',#3469,#3451,#824,.T.);
#4755=EDGE_CURVE('',#3451,#3578,#922,.T.);
#4757=EDGE_CURVE('',#3578,#3621,#828,.T.);
#4759=EDGE_CURVE('',#3619,#3621,#904,.T.);
#4761=EDGE_CURVE('',#3619,#3583,#909,.T.);
#4763=EDGE_CURVE('',#3583,#3454,#971,.T.);
#4768=ADVANCED_FACE('',(#4767),#4751,.F.);
#4775=EDGE_CURVE('',#3450,#3451,#926,.T.);
#4781=ADVANCED_FACE('',(#4780),#4773,.F.);
#4787=EDGE_CURVE('',#3578,#3579,#917,.T.);
#4794=ADVANCED_FACE('',(#4793),#4786,.T.);
#4800=EDGE_CURVE('',#3628,#3641,#935,.T.);
#4802=EDGE_CURVE('',#3639,#3641,#1029,.T.);
#4804=EDGE_CURVE('',#3581,#3639,#939,.T.);
#4813=EDGE_CURVE('',#3583,#3625,#975,.T.);
#4815=EDGE_CURVE('',#3628,#3625,#1047,.T.);
#4819=ADVANCED_FACE('',(#4818),#4799,.T.);
#4825=EDGE_CURVE('',#3621,#3616,#979,.T.);
#4830=EDGE_CURVE('',#3633,#3635,#983,.T.);
#4832=EDGE_CURVE('',#3616,#3633,#987,.T.);
#4836=ADVANCED_FACE('',(#4835),#4824,.F.);
#4842=EDGE_CURVE('',#3616,#3617,#993,.T.);
#4844=EDGE_CURVE('',#3619,#3617,#1051,.T.);
#4850=ADVANCED_FACE('',(#4849),#4841,.T.);
#4858=EDGE_CURVE('',#3631,#3633,#999,.T.);
#4860=EDGE_CURVE('',#3631,#3637,#1003,.T.);
#4862=EDGE_CURVE('',#3636,#3637,#1009,.T.);
#4864=EDGE_CURVE('',#3626,#3636,#1037,.T.);
#4866=EDGE_CURVE('',#3624,#3626,#1015,.T.);
#4868=EDGE_CURVE('',#3617,#3624,#1055,.T.);
#4872=ADVANCED_FACE('',(#4871),#4855,.T.);
#4878=EDGE_CURVE('',#3631,#3632,#1019,.T.);
#4885=ADVANCED_FACE('',(#4884),#4877,.T.);
#4894=EDGE_CURVE('',#3639,#3637,#1023,.T.);
#4899=ADVANCED_FACE('',(#4898),#4890,.T.);
#4908=EDGE_CURVE('',#3641,#3636,#1041,.T.);
#4912=ADVANCED_FACE('',(#4911),#4904,.T.);
#4918=EDGE_CURVE('',#3626,#3628,#1033,.T.);
#4925=ADVANCED_FACE('',(#4924),#4917,.T.);
#4931=EDGE_CURVE('',#3624,#3625,#1059,.T.);
#4938=ADVANCED_FACE('',(#4937),#4930,.T.);
#4951=ADVANCED_FACE('',(#4950),#4943,.T.);
#4958=EDGE_CURVE('',#3659,#3657,#1068,.T.);
#4960=EDGE_CURVE('',#3657,#3903,#1305,.T.);
#4962=EDGE_CURVE('',#3903,#3954,#1073,.T.);
#4964=EDGE_CURVE('',#3957,#3954,#1152,.T.);
#4966=EDGE_CURVE('',#3901,#3957,#1156,.T.);
#4968=EDGE_CURVE('',#3901,#3644,#1292,.T.);
#4970=EDGE_CURVE('',#3661,#3644,#1274,.T.);
#4974=ADVANCED_FACE('',(#4973),#4956,.F.);
#4982=EDGE_CURVE('',#3673,#3655,#1160,.T.);
#4984=EDGE_CURVE('',#3655,#3657,#1309,.T.);
#4988=ADVANCED_FACE('',(#4987),#4979,.F.);
#4994=EDGE_CURVE('',#3671,#3653,#1164,.T.);
#4996=EDGE_CURVE('',#3653,#3655,#1314,.T.);
#5002=ADVANCED_FACE('',(#5001),#4993,.F.);
#5008=EDGE_CURVE('',#3669,#3651,#1168,.T.);
#5010=EDGE_CURVE('',#3651,#3653,#1318,.T.);
#5016=ADVANCED_FACE('',(#5015),#5007,.F.);
#5022=EDGE_CURVE('',#3667,#3649,#1172,.T.);
#5024=EDGE_CURVE('',#3649,#3651,#1323,.T.);
#5030=ADVANCED_FACE('',(#5029),#5021,.F.);
#5036=EDGE_CURVE('',#3665,#3648,#1176,.T.);
#5038=EDGE_CURVE('',#3648,#3649,#1327,.T.);
#5044=ADVANCED_FACE('',(#5043),#5035,.F.);
#5051=EDGE_CURVE('',#3663,#3645,#1185,.T.);
#5053=EDGE_CURVE('',#3645,#3900,#1283,.T.);
#5055=EDGE_CURVE('',#3900,#3943,#1189,.T.);
#5057=EDGE_CURVE('',#3941,#3943,#1265,.T.);
#5059=EDGE_CURVE('',#3941,#3905,#1270,.T.);
#5061=EDGE_CURVE('',#3905,#3648,#1332,.T.);
#5066=ADVANCED_FACE('',(#5065),#5049,.F.);
#5073=EDGE_CURVE('',#3644,#3645,#1287,.T.);
#5079=ADVANCED_FACE('',(#5078),#5071,.F.);
#5085=EDGE_CURVE('',#3900,#3901,#1278,.T.);
#5092=ADVANCED_FACE('',(#5091),#5084,.T.);
#5098=EDGE_CURVE('',#3950,#3963,#1296,.T.);
#5100=EDGE_CURVE('',#3961,#3963,#1390,.T.);
#5102=EDGE_CURVE('',#3903,#3961,#1300,.T.);
#5111=EDGE_CURVE('',#3905,#3947,#1336,.T.);
#5113=EDGE_CURVE('',#3950,#3947,#1408,.T.);
#5117=ADVANCED_FACE('',(#5116),#5097,.T.);
#5123=EDGE_CURVE('',#3943,#3938,#1340,.T.);
#5128=EDGE_CURVE('',#3955,#3957,#1344,.T.);
#5130=EDGE_CURVE('',#3938,#3955,#1348,.T.);
#5134=ADVANCED_FACE('',(#5133),#5122,.F.);
#5140=EDGE_CURVE('',#3938,#3939,#1354,.T.);
#5142=EDGE_CURVE('',#3941,#3939,#1412,.T.);
#5148=ADVANCED_FACE('',(#5147),#5139,.T.);
#5156=EDGE_CURVE('',#3953,#3955,#1360,.T.);
#5158=EDGE_CURVE('',#3953,#3959,#1364,.T.);
#5160=EDGE_CURVE('',#3958,#3959,#1370,.T.);
#5162=EDGE_CURVE('',#3948,#3958,#1398,.T.);
#5164=EDGE_CURVE('',#3946,#3948,#1376,.T.);
#5166=EDGE_CURVE('',#3939,#3946,#1416,.T.);
#5170=ADVANCED_FACE('',(#5169),#5153,.T.);
#5176=EDGE_CURVE('',#3953,#3954,#1380,.T.);
#5183=ADVANCED_FACE('',(#5182),#5175,.T.);
#5192=EDGE_CURVE('',#3961,#3959,#1384,.T.);
#5197=ADVANCED_FACE('',(#5196),#5188,.T.);
#5206=EDGE_CURVE('',#3963,#3958,#1402,.T.);
#5210=ADVANCED_FACE('',(#5209),#5202,.T.);
#5216=EDGE_CURVE('',#3948,#3950,#1394,.T.);
#5223=ADVANCED_FACE('',(#5222),#5215,.T.);
#5229=EDGE_CURVE('',#3946,#3947,#1420,.T.);
#5236=ADVANCED_FACE('',(#5235),#5228,.T.);
#5249=ADVANCED_FACE('',(#5248),#5241,.T.);
#5256=EDGE_CURVE('',#3787,#3785,#1429,.T.);
#5258=EDGE_CURVE('',#3785,#3969,#1666,.T.);
#5260=EDGE_CURVE('',#3969,#4020,#1434,.T.);
#5262=EDGE_CURVE('',#4023,#4020,#1513,.T.);
#5264=EDGE_CURVE('',#3967,#4023,#1517,.T.);
#5266=EDGE_CURVE('',#3967,#3772,#1653,.T.);
#5268=EDGE_CURVE('',#3789,#3772,#1635,.T.);
#5272=ADVANCED_FACE('',(#5271),#5254,.F.);
#5280=EDGE_CURVE('',#3801,#3783,#1521,.T.);
#5282=EDGE_CURVE('',#3783,#3785,#1670,.T.);
#5286=ADVANCED_FACE('',(#5285),#5277,.F.);
#5292=EDGE_CURVE('',#3799,#3781,#1525,.T.);
#5294=EDGE_CURVE('',#3781,#3783,#1675,.T.);
#5300=ADVANCED_FACE('',(#5299),#5291,.F.);
#5306=EDGE_CURVE('',#3797,#3779,#1529,.T.);
#5308=EDGE_CURVE('',#3779,#3781,#1679,.T.);
#5314=ADVANCED_FACE('',(#5313),#5305,.F.);
#5320=EDGE_CURVE('',#3795,#3777,#1533,.T.);
#5322=EDGE_CURVE('',#3777,#3779,#1684,.T.);
#5328=ADVANCED_FACE('',(#5327),#5319,.F.);
#5334=EDGE_CURVE('',#3793,#3776,#1537,.T.);
#5336=EDGE_CURVE('',#3776,#3777,#1688,.T.);
#5342=ADVANCED_FACE('',(#5341),#5333,.F.);
#5349=EDGE_CURVE('',#3791,#3773,#1546,.T.);
#5351=EDGE_CURVE('',#3773,#3966,#1644,.T.);
#5353=EDGE_CURVE('',#3966,#4009,#1550,.T.);
#5355=EDGE_CURVE('',#4007,#4009,#1626,.T.);
#5357=EDGE_CURVE('',#4007,#3971,#1631,.T.);
#5359=EDGE_CURVE('',#3971,#3776,#1693,.T.);
#5364=ADVANCED_FACE('',(#5363),#5347,.F.);
#5371=EDGE_CURVE('',#3772,#3773,#1648,.T.);
#5377=ADVANCED_FACE('',(#5376),#5369,.F.);
#5383=EDGE_CURVE('',#3966,#3967,#1639,.T.);
#5390=ADVANCED_FACE('',(#5389),#5382,.T.);
#5396=EDGE_CURVE('',#4016,#4029,#1657,.T.);
#5398=EDGE_CURVE('',#4027,#4029,#1751,.T.);
#5400=EDGE_CURVE('',#3969,#4027,#1661,.T.);
#5409=EDGE_CURVE('',#3971,#4013,#1697,.T.);
#5411=EDGE_CURVE('',#4016,#4013,#1769,.T.);
#5415=ADVANCED_FACE('',(#5414),#5395,.T.);
#5421=EDGE_CURVE('',#4009,#4004,#1701,.T.);
#5426=EDGE_CURVE('',#4021,#4023,#1705,.T.);
#5428=EDGE_CURVE('',#4004,#4021,#1709,.T.);
#5432=ADVANCED_FACE('',(#5431),#5420,.F.);
#5438=EDGE_CURVE('',#4004,#4005,#1715,.T.);
#5440=EDGE_CURVE('',#4007,#4005,#1773,.T.);
#5446=ADVANCED_FACE('',(#5445),#5437,.T.);
#5454=EDGE_CURVE('',#4019,#4021,#1721,.T.);
#5456=EDGE_CURVE('',#4019,#4025,#1725,.T.);
#5458=EDGE_CURVE('',#4024,#4025,#1731,.T.);
#5460=EDGE_CURVE('',#4014,#4024,#1759,.T.);
#5462=EDGE_CURVE('',#4012,#4014,#1737,.T.);
#5464=EDGE_CURVE('',#4005,#4012,#1777,.T.);
#5468=ADVANCED_FACE('',(#5467),#5451,.T.);
#5474=EDGE_CURVE('',#4019,#4020,#1741,.T.);
#5481=ADVANCED_FACE('',(#5480),#5473,.T.);
#5490=EDGE_CURVE('',#4027,#4025,#1745,.T.);
#5495=ADVANCED_FACE('',(#5494),#5486,.T.);
#5504=EDGE_CURVE('',#4029,#4024,#1763,.T.);
#5508=ADVANCED_FACE('',(#5507),#5500,.T.);
#5514=EDGE_CURVE('',#4014,#4016,#1755,.T.);
#5521=ADVANCED_FACE('',(#5520),#5513,.T.);
#5527=EDGE_CURVE('',#4012,#4013,#1781,.T.);
#5534=ADVANCED_FACE('',(#5533),#5526,.T.);
#5547=ADVANCED_FACE('',(#5546),#5539,.T.);
#5553=EDGE_CURVE('',#3320,#3327,#1785,.T.);
#5555=EDGE_CURVE('',#3329,#3327,#1789,.T.);
#5557=EDGE_CURVE('',#3329,#3324,#1793,.T.);
#5559=EDGE_CURVE('',#3324,#3261,#1798,.T.);
#5562=EDGE_CURVE('',#3260,#3320,#1803,.T.);
#5566=ADVANCED_FACE('',(#5565),#5552,.F.);
#5572=EDGE_CURVE('',#3376,#3377,#1807,.T.);
#5574=EDGE_CURVE('',#3377,#3256,#1811,.T.);
#5576=EDGE_CURVE('',#3256,#3248,#1816,.T.);
#5579=EDGE_CURVE('',#3249,#3316,#1821,.T.);
#5581=EDGE_CURVE('',#3316,#3376,#1825,.T.);
#5585=ADVANCED_FACE('',(#5584),#5571,.F.);
#5592=EDGE_CURVE('',#3320,#3321,#1829,.T.);
#5594=EDGE_CURVE('',#3321,#3331,#1873,.T.);
#5596=EDGE_CURVE('',#3331,#3351,#1833,.T.);
#5598=EDGE_CURVE('',#3351,#3353,#1837,.T.);
#5600=EDGE_CURVE('',#3353,#3355,#1841,.T.);
#5602=EDGE_CURVE('',#3355,#3357,#1845,.T.);
#5604=EDGE_CURVE('',#3337,#3357,#1849,.T.);
#5606=EDGE_CURVE('',#3336,#3337,#1981,.T.);
#5608=EDGE_CURVE('',#3336,#3343,#1853,.T.);
#5610=EDGE_CURVE('',#3343,#3345,#1857,.T.);
#5612=EDGE_CURVE('',#3345,#3347,#1861,.T.);
#5614=EDGE_CURVE('',#3347,#3349,#1865,.T.);
#5616=EDGE_CURVE('',#3327,#3349,#1869,.T.);
#5620=ADVANCED_FACE('',(#5619),#5590,.T.);
#5627=EDGE_CURVE('',#3264,#3321,#1878,.T.);
#5633=ADVANCED_FACE('',(#5632),#5625,.T.);
#5642=EDGE_CURVE('',#3325,#3265,#1883,.T.);
#5644=EDGE_CURVE('',#3333,#3325,#1887,.T.);
#5646=EDGE_CURVE('',#3333,#3331,#1891,.T.);
#5650=ADVANCED_FACE('',(#5649),#5638,.T.);
#5656=EDGE_CURVE('',#3380,#3381,#1895,.T.);
#5658=EDGE_CURVE('',#3317,#3380,#1899,.T.);
#5660=EDGE_CURVE('',#3253,#3317,#1904,.T.);
#5663=EDGE_CURVE('',#3257,#3252,#1909,.T.);
#5665=EDGE_CURVE('',#3381,#3257,#1913,.T.);
#5669=ADVANCED_FACE('',(#5668),#5655,.T.);
#5677=EDGE_CURVE('',#3324,#3325,#1917,.T.);
#5682=ADVANCED_FACE('',(#5681),#5674,.F.);
#5689=EDGE_CURVE('',#3329,#3365,#1921,.T.);
#5691=EDGE_CURVE('',#3363,#3365,#1925,.T.);
#5693=EDGE_CURVE('',#3361,#3363,#1929,.T.);
#5695=EDGE_CURVE('',#3359,#3361,#1933,.T.);
#5697=EDGE_CURVE('',#3340,#3359,#1937,.T.);
#5699=EDGE_CURVE('',#3340,#3341,#1941,.T.);
#5701=EDGE_CURVE('',#3341,#3373,#1945,.T.);
#5703=EDGE_CURVE('',#3371,#3373,#1949,.T.);
#5705=EDGE_CURVE('',#3369,#3371,#1953,.T.);
#5707=EDGE_CURVE('',#3367,#3369,#1957,.T.);
#5709=EDGE_CURVE('',#3333,#3367,#1961,.T.);
#5715=ADVANCED_FACE('',(#5714),#5687,.T.);
#5723=EDGE_CURVE('',#3349,#3365,#1965,.T.);
#5728=ADVANCED_FACE('',(#5727),#5720,.F.);
#5735=EDGE_CURVE('',#3347,#3363,#1969,.T.);
#5741=ADVANCED_FACE('',(#5740),#5733,.F.);
#5748=EDGE_CURVE('',#3345,#3361,#1973,.T.);
#5754=ADVANCED_FACE('',(#5753),#5746,.F.);
#5761=EDGE_CURVE('',#3343,#3359,#1977,.T.);
#5767=ADVANCED_FACE('',(#5766),#5759,.F.);
#5774=EDGE_CURVE('',#3336,#3340,#1989,.T.);
#5780=ADVANCED_FACE('',(#5779),#5772,.F.);
#5787=EDGE_CURVE('',#3337,#3341,#1985,.T.);
#5793=ADVANCED_FACE('',(#5792),#5785,.T.);
#5800=EDGE_CURVE('',#3357,#3373,#1993,.T.);
#5806=ADVANCED_FACE('',(#5805),#5798,.F.);
#5813=EDGE_CURVE('',#3355,#3371,#1997,.T.);
#5819=ADVANCED_FACE('',(#5818),#5811,.F.);
#5826=EDGE_CURVE('',#3353,#3369,#2001,.T.);
#5832=ADVANCED_FACE('',(#5831),#5824,.F.);
#5839=EDGE_CURVE('',#3351,#3367,#2005,.T.);
#5845=ADVANCED_FACE('',(#5844),#5837,.F.);
#5857=ADVANCED_FACE('',(#5856),#5850,.F.);
#5864=EDGE_CURVE('',#3381,#3415,#2053,.T.);
#5866=EDGE_CURVE('',#3415,#3393,#2009,.T.);
#5868=EDGE_CURVE('',#3380,#3393,#2065,.T.);
#5872=ADVANCED_FACE('',(#5871),#5862,.F.);
#5878=EDGE_CURVE('',#3377,#3407,#2013,.T.);
#5880=EDGE_CURVE('',#3407,#3409,#2017,.T.);
#5882=EDGE_CURVE('',#3409,#3411,#2021,.T.);
#5884=EDGE_CURVE('',#3411,#3413,#2025,.T.);
#5886=EDGE_CURVE('',#3403,#3413,#2029,.T.);
#5888=EDGE_CURVE('',#3403,#3405,#2033,.T.);
#5890=EDGE_CURVE('',#3405,#3417,#2037,.T.);
#5892=EDGE_CURVE('',#3417,#3419,#2041,.T.);
#5894=EDGE_CURVE('',#3419,#3421,#2045,.T.);
#5896=EDGE_CURVE('',#3421,#3415,#2049,.T.);
#5900=EDGE_CURVE('',#3256,#3257,#2141,.T.);
#5905=ADVANCED_FACE('',(#5904),#5877,.T.);
#5912=EDGE_CURVE('',#3376,#3383,#2057,.T.);
#5914=EDGE_CURVE('',#3407,#3383,#2137,.T.);
#5919=ADVANCED_FACE('',(#5918),#5910,.F.);
#5927=EDGE_CURVE('',#3316,#3317,#2061,.T.);
#5931=EDGE_CURVE('',#3401,#3393,#2069,.T.);
#5933=EDGE_CURVE('',#3399,#3401,#2073,.T.);
#5935=EDGE_CURVE('',#3397,#3399,#2077,.T.);
#5937=EDGE_CURVE('',#3396,#3397,#2081,.T.);
#5939=EDGE_CURVE('',#3391,#3396,#2117,.T.);
#5941=EDGE_CURVE('',#3391,#3389,#2085,.T.);
#5943=EDGE_CURVE('',#3387,#3389,#2089,.T.);
#5945=EDGE_CURVE('',#3385,#3387,#2093,.T.);
#5947=EDGE_CURVE('',#3383,#3385,#2097,.T.);
#5951=ADVANCED_FACE('',(#5950),#5924,.T.);
#5963=ADVANCED_FACE('',(#5962),#5956,.F.);
#5972=EDGE_CURVE('',#3421,#3401,#2101,.T.);
#5976=ADVANCED_FACE('',(#5975),#5968,.F.);
#5985=EDGE_CURVE('',#3419,#3399,#2105,.T.);
#5989=ADVANCED_FACE('',(#5988),#5981,.F.);
#5998=EDGE_CURVE('',#3417,#3397,#2109,.T.);
#6002=ADVANCED_FACE('',(#6001),#5994,.F.);
#6011=EDGE_CURVE('',#3396,#3405,#2121,.T.);
#6015=ADVANCED_FACE('',(#6014),#6007,.F.);
#6021=EDGE_CURVE('',#3391,#3403,#2113,.T.);
#6028=ADVANCED_FACE('',(#6027),#6020,.T.);
#6037=EDGE_CURVE('',#3413,#3389,#2125,.T.);
#6041=ADVANCED_FACE('',(#6040),#6033,.F.);
#6050=EDGE_CURVE('',#3411,#3387,#2129,.T.);
#6054=ADVANCED_FACE('',(#6053),#6046,.F.);
#6063=EDGE_CURVE('',#3409,#3385,#2133,.T.);
#6067=ADVANCED_FACE('',(#6066),#6059,.F.);
#6079=ADVANCED_FACE('',(#6078),#6072,.F.);
#6091=ADVANCED_FACE('',(#6090),#6084,.T.);
#6097=EDGE_CURVE('',#3586,#3587,#2145,.T.);
#6099=EDGE_CURVE('',#3586,#3498,#2149,.T.);
#6101=EDGE_CURVE('',#3498,#3505,#2154,.T.);
#6104=EDGE_CURVE('',#3503,#3494,#2159,.T.);
#6106=EDGE_CURVE('',#3494,#3587,#2163,.T.);
#6110=ADVANCED_FACE('',(#6109),#6096,.F.);
#6116=EDGE_CURVE('',#3602,#3603,#2167,.T.);
#6118=EDGE_CURVE('',#3603,#3482,#2171,.T.);
#6120=EDGE_CURVE('',#3482,#3485,#2176,.T.);
#6123=EDGE_CURVE('',#3501,#3490,#2181,.T.);
#6125=EDGE_CURVE('',#3490,#3602,#2185,.T.);
#6129=ADVANCED_FACE('',(#6128),#6115,.F.);
#6135=EDGE_CURVE('',#3526,#3527,#2189,.T.);
#6137=EDGE_CURVE('',#3586,#3527,#2325,.T.);
#6140=EDGE_CURVE('',#3587,#3526,#2221,.T.);
#6144=ADVANCED_FACE('',(#6143),#6134,.F.);
#6150=EDGE_CURVE('',#3522,#3523,#2193,.T.);
#6152=EDGE_CURVE('',#3523,#3527,#2329,.T.);
#6155=EDGE_CURVE('',#3522,#3526,#2217,.T.);
#6159=ADVANCED_FACE('',(#6158),#6149,.F.);
#6165=EDGE_CURVE('',#3518,#3519,#2197,.T.);
#6167=EDGE_CURVE('',#3519,#3523,#2333,.T.);
#6170=EDGE_CURVE('',#3518,#3522,#2213,.T.);
#6174=ADVANCED_FACE('',(#6173),#6164,.F.);
#6180=EDGE_CURVE('',#3514,#3515,#2201,.T.);
#6182=EDGE_CURVE('',#3515,#3519,#2337,.T.);
#6185=EDGE_CURVE('',#3514,#3518,#2209,.T.);
#6189=ADVANCED_FACE('',(#6188),#6179,.F.);
#6196=EDGE_CURVE('',#3593,#3514,#2205,.T.);
#6198=EDGE_CURVE('',#3593,#3597,#2341,.T.);
#6200=EDGE_CURVE('',#3597,#3515,#2297,.T.);
#6204=ADVANCED_FACE('',(#6203),#6194,.F.);
#6216=EDGE_CURVE('',#3494,#3495,#2225,.T.);
#6218=EDGE_CURVE('',#3495,#3591,#2253,.T.);
#6220=EDGE_CURVE('',#3591,#3530,#2229,.T.);
#6222=EDGE_CURVE('',#3530,#3534,#2233,.T.);
#6224=EDGE_CURVE('',#3534,#3538,#2237,.T.);
#6226=EDGE_CURVE('',#3538,#3542,#2241,.T.);
#6228=EDGE_CURVE('',#3595,#3542,#2245,.T.);
#6230=EDGE_CURVE('',#3593,#3595,#2345,.T.);
#6234=ADVANCED_FACE('',(#6233),#6209,.T.);
#6242=EDGE_CURVE('',#3509,#3495,#2258,.T.);
#6247=ADVANCED_FACE('',(#6246),#6239,.T.);
#6253=EDGE_CURVE('',#3590,#3591,#2249,.T.);
#6258=EDGE_CURVE('',#3499,#3511,#2263,.T.);
#6260=EDGE_CURVE('',#3590,#3499,#2267,.T.);
#6264=ADVANCED_FACE('',(#6263),#6252,.T.);
#6270=EDGE_CURVE('',#3606,#3607,#2271,.T.);
#6272=EDGE_CURVE('',#3491,#3606,#2275,.T.);
#6274=EDGE_CURVE('',#3507,#3491,#2280,.T.);
#6277=EDGE_CURVE('',#3483,#3487,#2285,.T.);
#6279=EDGE_CURVE('',#3607,#3483,#2289,.T.);
#6283=ADVANCED_FACE('',(#6282),#6269,.T.);
#6289=EDGE_CURVE('',#3530,#3531,#2293,.T.);
#6293=EDGE_CURVE('',#3590,#3531,#2321,.T.);
#6297=ADVANCED_FACE('',(#6296),#6288,.F.);
#6304=EDGE_CURVE('',#3531,#3535,#2317,.T.);
#6306=EDGE_CURVE('',#3534,#3535,#2361,.T.);
#6311=ADVANCED_FACE('',(#6310),#6302,.F.);
#6318=EDGE_CURVE('',#3597,#3599,#2301,.T.);
#6320=EDGE_CURVE('',#3599,#3543,#2305,.T.);
#6322=EDGE_CURVE('',#3539,#3543,#2309,.T.);
#6324=EDGE_CURVE('',#3535,#3539,#2313,.T.);
#6329=EDGE_CURVE('',#3498,#3499,#2365,.T.);
#6338=ADVANCED_FACE('',(#6337),#6316,.T.);
#6346=EDGE_CURVE('',#3595,#3599,#2349,.T.);
#6351=ADVANCED_FACE('',(#6350),#6343,.T.);
#6357=EDGE_CURVE('',#3542,#3543,#2353,.T.);
#6364=ADVANCED_FACE('',(#6363),#6356,.F.);
#6370=EDGE_CURVE('',#3538,#3539,#2357,.T.);
#6377=ADVANCED_FACE('',(#6376),#6369,.F.);
#6389=ADVANCED_FACE('',(#6388),#6382,.F.);
#6401=ADVANCED_FACE('',(#6400),#6394,.F.);
#6407=EDGE_CURVE('',#3562,#3563,#2369,.T.);
#6409=EDGE_CURVE('',#3606,#3563,#2433,.T.);
#6412=EDGE_CURVE('',#3607,#3562,#2417,.T.);
#6416=ADVANCED_FACE('',(#6415),#6406,.F.);
#6423=EDGE_CURVE('',#3574,#3562,#2413,.T.);
#6425=EDGE_CURVE('',#3574,#3575,#2373,.T.);
#6427=EDGE_CURVE('',#3575,#3563,#2437,.T.);
#6431=ADVANCED_FACE('',(#6430),#6421,.F.);
#6437=EDGE_CURVE('',#3603,#3546,#2377,.T.);
#6439=EDGE_CURVE('',#3546,#3550,#2381,.T.);
#6441=EDGE_CURVE('',#3550,#3554,#2385,.T.);
#6443=EDGE_CURVE('',#3554,#3558,#2389,.T.);
#6445=EDGE_CURVE('',#3613,#3558,#2393,.T.);
#6447=EDGE_CURVE('',#3613,#3615,#2397,.T.);
#6449=EDGE_CURVE('',#3615,#3566,#2401,.T.);
#6451=EDGE_CURVE('',#3566,#3570,#2405,.T.);
#6453=EDGE_CURVE('',#3570,#3574,#2409,.T.);
#6458=EDGE_CURVE('',#3482,#3483,#2501,.T.);
#6463=ADVANCED_FACE('',(#6462),#6436,.T.);
#6469=EDGE_CURVE('',#3546,#3547,#2421,.T.);
#6473=EDGE_CURVE('',#3602,#3547,#2425,.T.);
#6477=ADVANCED_FACE('',(#6476),#6468,.F.);
#6484=EDGE_CURVE('',#3547,#3551,#2465,.T.);
#6486=EDGE_CURVE('',#3550,#3551,#2497,.T.);
#6491=ADVANCED_FACE('',(#6490),#6482,.F.);
#6499=EDGE_CURVE('',#3490,#3491,#2429,.T.);
#6504=EDGE_CURVE('',#3571,#3575,#2441,.T.);
#6506=EDGE_CURVE('',#3567,#3571,#2445,.T.);
#6508=EDGE_CURVE('',#3611,#3567,#2449,.T.);
#6510=EDGE_CURVE('',#3609,#3611,#2481,.T.);
#6512=EDGE_CURVE('',#3609,#3559,#2453,.T.);
#6514=EDGE_CURVE('',#3555,#3559,#2457,.T.);
#6516=EDGE_CURVE('',#3551,#3555,#2461,.T.);
#6521=ADVANCED_FACE('',(#6520),#6496,.T.);
#6533=ADVANCED_FACE('',(#6532),#6526,.F.);
#6539=EDGE_CURVE('',#3570,#3571,#2469,.T.);
#6546=ADVANCED_FACE('',(#6545),#6538,.F.);
#6552=EDGE_CURVE('',#3566,#3567,#2473,.T.);
#6559=ADVANCED_FACE('',(#6558),#6551,.F.);
#6567=EDGE_CURVE('',#3611,#3615,#2485,.T.);
#6572=ADVANCED_FACE('',(#6571),#6564,.F.);
#6578=EDGE_CURVE('',#3609,#3613,#2477,.T.);
#6585=ADVANCED_FACE('',(#6584),#6577,.T.);
#6591=EDGE_CURVE('',#3558,#3559,#2489,.T.);
#6598=ADVANCED_FACE('',(#6597),#6590,.F.);
#6604=EDGE_CURVE('',#3554,#3555,#2493,.T.);
#6611=ADVANCED_FACE('',(#6610),#6603,.F.);
#6623=ADVANCED_FACE('',(#6622),#6616,.F.);
#6635=ADVANCED_FACE('',(#6634),#6628,.T.);
#6641=EDGE_CURVE('',#3908,#3909,#2505,.T.);
#6643=EDGE_CURVE('',#3908,#3692,#2509,.T.);
#6645=EDGE_CURVE('',#3692,#3699,#2514,.T.);
#6648=EDGE_CURVE('',#3697,#3688,#2519,.T.);
#6650=EDGE_CURVE('',#3688,#3909,#2523,.T.);
#6654=ADVANCED_FACE('',(#6653),#6640,.F.);
#6660=EDGE_CURVE('',#3924,#3925,#2527,.T.);
#6662=EDGE_CURVE('',#3925,#3676,#2531,.T.);
#6664=EDGE_CURVE('',#3676,#3679,#2536,.T.);
#6667=EDGE_CURVE('',#3695,#3684,#2541,.T.);
#6669=EDGE_CURVE('',#3684,#3924,#2545,.T.);
#6673=ADVANCED_FACE('',(#6672),#6659,.F.);
#6679=EDGE_CURVE('',#3720,#3721,#2549,.T.);
#6681=EDGE_CURVE('',#3908,#3721,#2685,.T.);
#6684=EDGE_CURVE('',#3909,#3720,#2581,.T.);
#6688=ADVANCED_FACE('',(#6687),#6678,.F.);
#6694=EDGE_CURVE('',#3716,#3717,#2553,.T.);
#6696=EDGE_CURVE('',#3717,#3721,#2689,.T.);
#6699=EDGE_CURVE('',#3716,#3720,#2577,.T.);
#6703=ADVANCED_FACE('',(#6702),#6693,.F.);
#6709=EDGE_CURVE('',#3712,#3713,#2557,.T.);
#6711=EDGE_CURVE('',#3713,#3717,#2693,.T.);
#6714=EDGE_CURVE('',#3712,#3716,#2573,.T.);
#6718=ADVANCED_FACE('',(#6717),#6708,.F.);
#6724=EDGE_CURVE('',#3708,#3709,#2561,.T.);
#6726=EDGE_CURVE('',#3709,#3713,#2697,.T.);
#6729=EDGE_CURVE('',#3708,#3712,#2569,.T.);
#6733=ADVANCED_FACE('',(#6732),#6723,.F.);
#6740=EDGE_CURVE('',#3915,#3708,#2565,.T.);
#6742=EDGE_CURVE('',#3915,#3919,#2701,.T.);
#6744=EDGE_CURVE('',#3919,#3709,#2657,.T.);
#6748=ADVANCED_FACE('',(#6747),#6738,.F.);
#6760=EDGE_CURVE('',#3688,#3689,#2585,.T.);
#6762=EDGE_CURVE('',#3689,#3913,#2613,.T.);
#6764=EDGE_CURVE('',#3913,#3724,#2589,.T.);
#6766=EDGE_CURVE('',#3724,#3728,#2593,.T.);
#6768=EDGE_CURVE('',#3728,#3732,#2597,.T.);
#6770=EDGE_CURVE('',#3732,#3736,#2601,.T.);
#6772=EDGE_CURVE('',#3917,#3736,#2605,.T.);
#6774=EDGE_CURVE('',#3915,#3917,#2705,.T.);
#6778=ADVANCED_FACE('',(#6777),#6753,.T.);
#6786=EDGE_CURVE('',#3703,#3689,#2618,.T.);
#6791=ADVANCED_FACE('',(#6790),#6783,.T.);
#6797=EDGE_CURVE('',#3912,#3913,#2609,.T.);
#6802=EDGE_CURVE('',#3693,#3705,#2623,.T.);
#6804=EDGE_CURVE('',#3912,#3693,#2627,.T.);
#6808=ADVANCED_FACE('',(#6807),#6796,.T.);
#6814=EDGE_CURVE('',#3928,#3929,#2631,.T.);
#6816=EDGE_CURVE('',#3685,#3928,#2635,.T.);
#6818=EDGE_CURVE('',#3701,#3685,#2640,.T.);
#6821=EDGE_CURVE('',#3677,#3681,#2645,.T.);
#6823=EDGE_CURVE('',#3929,#3677,#2649,.T.);
#6827=ADVANCED_FACE('',(#6826),#6813,.T.);
#6833=EDGE_CURVE('',#3724,#3725,#2653,.T.);
#6837=EDGE_CURVE('',#3912,#3725,#2681,.T.);
#6841=ADVANCED_FACE('',(#6840),#6832,.F.);
#6848=EDGE_CURVE('',#3725,#3729,#2677,.T.);
#6850=EDGE_CURVE('',#3728,#3729,#2721,.T.);
#6855=ADVANCED_FACE('',(#6854),#6846,.F.);
#6862=EDGE_CURVE('',#3919,#3921,#2661,.T.);
#6864=EDGE_CURVE('',#3921,#3737,#2665,.T.);
#6866=EDGE_CURVE('',#3733,#3737,#2669,.T.);
#6868=EDGE_CURVE('',#3729,#3733,#2673,.T.);
#6873=EDGE_CURVE('',#3692,#3693,#2725,.T.);
#6882=ADVANCED_FACE('',(#6881),#6860,.T.);
#6890=EDGE_CURVE('',#3917,#3921,#2709,.T.);
#6895=ADVANCED_FACE('',(#6894),#6887,.T.);
#6901=EDGE_CURVE('',#3736,#3737,#2713,.T.);
#6908=ADVANCED_FACE('',(#6907),#6900,.F.);
#6914=EDGE_CURVE('',#3732,#3733,#2717,.T.);
#6921=ADVANCED_FACE('',(#6920),#6913,.F.);
#6933=ADVANCED_FACE('',(#6932),#6926,.F.);
#6945=ADVANCED_FACE('',(#6944),#6938,.F.);
#6951=EDGE_CURVE('',#3756,#3757,#2729,.T.);
#6953=EDGE_CURVE('',#3928,#3757,#2793,.T.);
#6956=EDGE_CURVE('',#3929,#3756,#2777,.T.);
#6960=ADVANCED_FACE('',(#6959),#6950,.F.);
#6967=EDGE_CURVE('',#3768,#3756,#2773,.T.);
#6969=EDGE_CURVE('',#3768,#3769,#2733,.T.);
#6971=EDGE_CURVE('',#3769,#3757,#2797,.T.);
#6975=ADVANCED_FACE('',(#6974),#6965,.F.);
#6981=EDGE_CURVE('',#3925,#3740,#2737,.T.);
#6983=EDGE_CURVE('',#3740,#3744,#2741,.T.);
#6985=EDGE_CURVE('',#3744,#3748,#2745,.T.);
#6987=EDGE_CURVE('',#3748,#3752,#2749,.T.);
#6989=EDGE_CURVE('',#3935,#3752,#2753,.T.);
#6991=EDGE_CURVE('',#3935,#3937,#2757,.T.);
#6993=EDGE_CURVE('',#3937,#3760,#2761,.T.);
#6995=EDGE_CURVE('',#3760,#3764,#2765,.T.);
#6997=EDGE_CURVE('',#3764,#3768,#2769,.T.);
#7002=EDGE_CURVE('',#3676,#3677,#2861,.T.);
#7007=ADVANCED_FACE('',(#7006),#6980,.T.);
#7013=EDGE_CURVE('',#3740,#3741,#2781,.T.);
#7017=EDGE_CURVE('',#3924,#3741,#2785,.T.);
#7021=ADVANCED_FACE('',(#7020),#7012,.F.);
#7028=EDGE_CURVE('',#3741,#3745,#2825,.T.);
#7030=EDGE_CURVE('',#3744,#3745,#2857,.T.);
#7035=ADVANCED_FACE('',(#7034),#7026,.F.);
#7043=EDGE_CURVE('',#3684,#3685,#2789,.T.);
#7048=EDGE_CURVE('',#3765,#3769,#2801,.T.);
#7050=EDGE_CURVE('',#3761,#3765,#2805,.T.);
#7052=EDGE_CURVE('',#3933,#3761,#2809,.T.);
#7054=EDGE_CURVE('',#3931,#3933,#2841,.T.);
#7056=EDGE_CURVE('',#3931,#3753,#2813,.T.);
#7058=EDGE_CURVE('',#3749,#3753,#2817,.T.);
#7060=EDGE_CURVE('',#3745,#3749,#2821,.T.);
#7065=ADVANCED_FACE('',(#7064),#7040,.T.);
#7077=ADVANCED_FACE('',(#7076),#7070,.F.);
#7083=EDGE_CURVE('',#3764,#3765,#2829,.T.);
#7090=ADVANCED_FACE('',(#7089),#7082,.F.);
#7096=EDGE_CURVE('',#3760,#3761,#2833,.T.);
#7103=ADVANCED_FACE('',(#7102),#7095,.F.);
#7111=EDGE_CURVE('',#3933,#3937,#2845,.T.);
#7116=ADVANCED_FACE('',(#7115),#7108,.F.);
#7122=EDGE_CURVE('',#3931,#3935,#2837,.T.);
#7129=ADVANCED_FACE('',(#7128),#7121,.T.);
#7135=EDGE_CURVE('',#3752,#3753,#2849,.T.);
#7142=ADVANCED_FACE('',(#7141),#7134,.F.);
#7148=EDGE_CURVE('',#3748,#3749,#2853,.T.);
#7155=ADVANCED_FACE('',(#7154),#7147,.F.);
#7167=ADVANCED_FACE('',(#7166),#7160,.F.);
#7179=ADVANCED_FACE('',(#7178),#7172,.T.);
#7185=EDGE_CURVE('',#3974,#3975,#2865,.T.);
#7187=EDGE_CURVE('',#3974,#3820,#2869,.T.);
#7189=EDGE_CURVE('',#3820,#3827,#2874,.T.);
#7192=EDGE_CURVE('',#3825,#3816,#2879,.T.);
#7194=EDGE_CURVE('',#3816,#3975,#2883,.T.);
#7198=ADVANCED_FACE('',(#7197),#7184,.F.);
#7204=EDGE_CURVE('',#3990,#3991,#2887,.T.);
#7206=EDGE_CURVE('',#3991,#3804,#2891,.T.);
#7208=EDGE_CURVE('',#3804,#3807,#2896,.T.);
#7211=EDGE_CURVE('',#3823,#3812,#2901,.T.);
#7213=EDGE_CURVE('',#3812,#3990,#2905,.T.);
#7217=ADVANCED_FACE('',(#7216),#7203,.F.);
#7223=EDGE_CURVE('',#3848,#3849,#2909,.T.);
#7225=EDGE_CURVE('',#3974,#3849,#3045,.T.);
#7228=EDGE_CURVE('',#3975,#3848,#2941,.T.);
#7232=ADVANCED_FACE('',(#7231),#7222,.F.);
#7238=EDGE_CURVE('',#3844,#3845,#2913,.T.);
#7240=EDGE_CURVE('',#3845,#3849,#3049,.T.);
#7243=EDGE_CURVE('',#3844,#3848,#2937,.T.);
#7247=ADVANCED_FACE('',(#7246),#7237,.F.);
#7253=EDGE_CURVE('',#3840,#3841,#2917,.T.);
#7255=EDGE_CURVE('',#3841,#3845,#3053,.T.);
#7258=EDGE_CURVE('',#3840,#3844,#2933,.T.);
#7262=ADVANCED_FACE('',(#7261),#7252,.F.);
#7268=EDGE_CURVE('',#3836,#3837,#2921,.T.);
#7270=EDGE_CURVE('',#3837,#3841,#3057,.T.);
#7273=EDGE_CURVE('',#3836,#3840,#2929,.T.);
#7277=ADVANCED_FACE('',(#7276),#7267,.F.);
#7284=EDGE_CURVE('',#3981,#3836,#2925,.T.);
#7286=EDGE_CURVE('',#3981,#3985,#3061,.T.);
#7288=EDGE_CURVE('',#3985,#3837,#3017,.T.);
#7292=ADVANCED_FACE('',(#7291),#7282,.F.);
#7304=EDGE_CURVE('',#3816,#3817,#2945,.T.);
#7306=EDGE_CURVE('',#3817,#3979,#2973,.T.);
#7308=EDGE_CURVE('',#3979,#3852,#2949,.T.);
#7310=EDGE_CURVE('',#3852,#3856,#2953,.T.);
#7312=EDGE_CURVE('',#3856,#3860,#2957,.T.);
#7314=EDGE_CURVE('',#3860,#3864,#2961,.T.);
#7316=EDGE_CURVE('',#3983,#3864,#2965,.T.);
#7318=EDGE_CURVE('',#3981,#3983,#3065,.T.);
#7322=ADVANCED_FACE('',(#7321),#7297,.T.);
#7330=EDGE_CURVE('',#3831,#3817,#2978,.T.);
#7335=ADVANCED_FACE('',(#7334),#7327,.T.);
#7341=EDGE_CURVE('',#3978,#3979,#2969,.T.);
#7346=EDGE_CURVE('',#3821,#3833,#2983,.T.);
#7348=EDGE_CURVE('',#3978,#3821,#2987,.T.);
#7352=ADVANCED_FACE('',(#7351),#7340,.T.);
#7358=EDGE_CURVE('',#3994,#3995,#2991,.T.);
#7360=EDGE_CURVE('',#3813,#3994,#2995,.T.);
#7362=EDGE_CURVE('',#3829,#3813,#3000,.T.);
#7365=EDGE_CURVE('',#3805,#3809,#3005,.T.);
#7367=EDGE_CURVE('',#3995,#3805,#3009,.T.);
#7371=ADVANCED_FACE('',(#7370),#7357,.T.);
#7377=EDGE_CURVE('',#3852,#3853,#3013,.T.);
#7381=EDGE_CURVE('',#3978,#3853,#3041,.T.);
#7385=ADVANCED_FACE('',(#7384),#7376,.F.);
#7392=EDGE_CURVE('',#3853,#3857,#3037,.T.);
#7394=EDGE_CURVE('',#3856,#3857,#3081,.T.);
#7399=ADVANCED_FACE('',(#7398),#7390,.F.);
#7406=EDGE_CURVE('',#3985,#3987,#3021,.T.);
#7408=EDGE_CURVE('',#3987,#3865,#3025,.T.);
#7410=EDGE_CURVE('',#3861,#3865,#3029,.T.);
#7412=EDGE_CURVE('',#3857,#3861,#3033,.T.);
#7417=EDGE_CURVE('',#3820,#3821,#3085,.T.);
#7426=ADVANCED_FACE('',(#7425),#7404,.T.);
#7434=EDGE_CURVE('',#3983,#3987,#3069,.T.);
#7439=ADVANCED_FACE('',(#7438),#7431,.T.);
#7445=EDGE_CURVE('',#3864,#3865,#3073,.T.);
#7452=ADVANCED_FACE('',(#7451),#7444,.F.);
#7458=EDGE_CURVE('',#3860,#3861,#3077,.T.);
#7465=ADVANCED_FACE('',(#7464),#7457,.F.);
#7477=ADVANCED_FACE('',(#7476),#7470,.F.);
#7489=ADVANCED_FACE('',(#7488),#7482,.F.);
#7495=EDGE_CURVE('',#3884,#3885,#3089,.T.);
#7497=EDGE_CURVE('',#3994,#3885,#3153,.T.);
#7500=EDGE_CURVE('',#3995,#3884,#3137,.T.);
#7504=ADVANCED_FACE('',(#7503),#7494,.F.);
#7511=EDGE_CURVE('',#3896,#3884,#3133,.T.);
#7513=EDGE_CURVE('',#3896,#3897,#3093,.T.);
#7515=EDGE_CURVE('',#3897,#3885,#3157,.T.);
#7519=ADVANCED_FACE('',(#7518),#7509,.F.);
#7525=EDGE_CURVE('',#3991,#3868,#3097,.T.);
#7527=EDGE_CURVE('',#3868,#3872,#3101,.T.);
#7529=EDGE_CURVE('',#3872,#3876,#3105,.T.);
#7531=EDGE_CURVE('',#3876,#3880,#3109,.T.);
#7533=EDGE_CURVE('',#4001,#3880,#3113,.T.);
#7535=EDGE_CURVE('',#4001,#4003,#3117,.T.);
#7537=EDGE_CURVE('',#4003,#3888,#3121,.T.);
#7539=EDGE_CURVE('',#3888,#3892,#3125,.T.);
#7541=EDGE_CURVE('',#3892,#3896,#3129,.T.);
#7546=EDGE_CURVE('',#3804,#3805,#3221,.T.);
#7551=ADVANCED_FACE('',(#7550),#7524,.T.);
#7557=EDGE_CURVE('',#3868,#3869,#3141,.T.);
#7561=EDGE_CURVE('',#3990,#3869,#3145,.T.);
#7565=ADVANCED_FACE('',(#7564),#7556,.F.);
#7572=EDGE_CURVE('',#3869,#3873,#3185,.T.);
#7574=EDGE_CURVE('',#3872,#3873,#3217,.T.);
#7579=ADVANCED_FACE('',(#7578),#7570,.F.);
#7587=EDGE_CURVE('',#3812,#3813,#3149,.T.);
#7592=EDGE_CURVE('',#3893,#3897,#3161,.T.);
#7594=EDGE_CURVE('',#3889,#3893,#3165,.T.);
#7596=EDGE_CURVE('',#3999,#3889,#3169,.T.);
#7598=EDGE_CURVE('',#3997,#3999,#3201,.T.);
#7600=EDGE_CURVE('',#3997,#3881,#3173,.T.);
#7602=EDGE_CURVE('',#3877,#3881,#3177,.T.);
#7604=EDGE_CURVE('',#3873,#3877,#3181,.T.);
#7609=ADVANCED_FACE('',(#7608),#7584,.T.);
#7621=ADVANCED_FACE('',(#7620),#7614,.F.);
#7627=EDGE_CURVE('',#3892,#3893,#3189,.T.);
#7634=ADVANCED_FACE('',(#7633),#7626,.F.);
#7640=EDGE_CURVE('',#3888,#3889,#3193,.T.);
#7647=ADVANCED_FACE('',(#7646),#7639,.F.);
#7655=EDGE_CURVE('',#3999,#4003,#3205,.T.);
#7660=ADVANCED_FACE('',(#7659),#7652,.F.);
#7666=EDGE_CURVE('',#3997,#4001,#3197,.T.);
#7673=ADVANCED_FACE('',(#7672),#7665,.T.);
#7679=EDGE_CURVE('',#3880,#3881,#3209,.T.);
#7686=ADVANCED_FACE('',(#7685),#7678,.F.);
#7692=EDGE_CURVE('',#3876,#3877,#3213,.T.);
#7699=ADVANCED_FACE('',(#7698),#7691,.F.);
#7711=ADVANCED_FACE('',(#7710),#7704,.F.);
#7723=ADVANCED_FACE('',(#7722),#7716,.T.);
#7726=(LENGTH_UNIT()NAMED_UNIT(*)SI_UNIT(.MILLI.,.METRE.));
#7727=(NAMED_UNIT(*)PLANE_ANGLE_UNIT()SI_UNIT($,.RADIAN.));
#7730=(NAMED_UNIT(*)SI_UNIT($,.STERADIAN.)SOLID_ANGLE_UNIT());
#7732=(GEOMETRIC_REPRESENTATION_CONTEXT(3)GLOBAL_UNCERTAINTY_ASSIGNED_CONTEXT((
#7731))GLOBAL_UNIT_ASSIGNED_CONTEXT((#7726,#7729,#7730))REPRESENTATION_CONTEXT(
'ID1','3'));
#7733=ADVANCED_BREP_SHAPE_REPRESENTATION('',(#7725),#7732);
#7740=PRODUCT_DEFINITION('part definition','',#7739,#7736);
#7741=PRODUCT_DEFINITION_SHAPE('','SHAPE FOR C-1825360-3.',#7740);
#7742=SHAPE_ASPECT('','solid data associated with C-1825360-3',#7741,.F.);
#7743=PROPERTY_DEFINITION('',
'shape for solid data with which properties are associated',#7742);
#7744=SHAPE_REPRESENTATION('',(#7725),#7732);
#7745=SHAPE_DEFINITION_REPRESENTATION(#7743,#7744);
#7746=(LENGTH_UNIT()NAMED_UNIT(*)SI_UNIT(.MILLI.,.METRE.));
#7750=PROPERTY_DEFINITION('geometric validation property','area of C-1825360-3',
#7742);
#7751=REPRESENTATION('surface area',(#7749),#7732);
#7752=PROPERTY_DEFINITION_REPRESENTATION(#7750,#7751);
#7753=(LENGTH_UNIT()NAMED_UNIT(*)SI_UNIT(.MILLI.,.METRE.));
#7757=PROPERTY_DEFINITION('geometric validation property',
'volume of C-1825360-3',#7742);
#7758=REPRESENTATION('volume',(#7756),#7732);
#7759=PROPERTY_DEFINITION_REPRESENTATION(#7757,#7758);
#7761=PROPERTY_DEFINITION('geometric validation property',
'centroid of C-1825360-3',#7742);
#7762=REPRESENTATION('centroid',(#7760),#7732);
#7763=PROPERTY_DEFINITION_REPRESENTATION(#7761,#7762);
#7764=(LENGTH_UNIT()NAMED_UNIT(*)SI_UNIT(.MILLI.,.METRE.));
#7768=PROPERTY_DEFINITION('geometric validation property','area of C-1825360-3',
#7741);
#7769=REPRESENTATION('surface area',(#7767),#7732);
#7770=PROPERTY_DEFINITION_REPRESENTATION(#7768,#7769);
#7771=(LENGTH_UNIT()NAMED_UNIT(*)SI_UNIT(.MILLI.,.METRE.));
#7775=PROPERTY_DEFINITION('geometric validation property',
'volume of C-1825360-3',#7741);
#7776=REPRESENTATION('volume',(#7774),#7732);
#7777=PROPERTY_DEFINITION_REPRESENTATION(#7775,#7776);
#7779=PROPERTY_DEFINITION('geometric validation property',
'centroid of C-1825360-3',#7741);
#7780=REPRESENTATION('centroid',(#7778),#7732);
#7781=PROPERTY_DEFINITION_REPRESENTATION(#7779,#7780);
#7782=SHAPE_DEFINITION_REPRESENTATION(#7741,#7733);
ENDSEC;
END-ISO-10303-21;
