ISO-10303-21;
HEADER;
FILE_DESCRIPTION(('STEP AP242'),'1');
FILE_NAME('tst-110-01-l-d.stp','2025-01-30T06:49:12',('TraceParts'),('TraceParts S.A.'),'Spatial InterOp 3D',' ',' ');
FILE_SCHEMA(('AP242_MANAGED_MODEL_BASED_3D_ENGINEERING_MIM_LF  {1 0 10303 442 1 1 4}'));
ENDSEC;
DATA;
#1=MECHANICAL_DESIGN_GEOMETRIC_PRESENTATION_REPRESENTATION(' ',(#10,#11,#12,#13,#14,#15,#16,#17,#18,#19,#20,#21,#22,#23,#24,#25,#26,#27,#28,#29,#30,#31,#32,#33,#34,#35,#36,#37,#38,#39,#40,#41,#42,#43,#44,#45,#46,#47,#48,#49,#50,#51,#52,#53,#54,#55,#56,#57,#58,#59,#60,#61,#62,#63,#64,#65,#66,#67,#68,#69,#70,#71,#72,#73,#74,#75,#76,#77,#78,#79,#80,#81,#82,#83,#84,#85,#86,#87,#88,#89,#90,#91,#92,#93,#94,#95,#96,#97,#98,#99,#100,#101,#102,#103,#104,#105,#106,#107,#108,#109,#110,#111,#112,#113,#114,#115,#116,#117,#118,#119,#120,#121,#122,#123,#124,#125,#126,#127,#128,#129,#130,#131,#132,#133,#134,#135,#136,#137,#138,#139,#140,#141,#142,#143,#144,#145,#146,#147,#148,#149,#150,#151,#152,#153,#154,#155,#156,#157,#158,#159,#160,#161,#162,#163,#164,#165,#166,#167,#168,#169,#170,#171,#172,#173,#174,#175,#176,#177,#178,#179,#180,#181,#182,#183,#184,#185,#186,#187,#188,#189,#190,#191,#192,#193,#194,#195,#196,#197,#198,#199,#200,#201,#202,#203,#204,#205,#206,#207,#208,#209,#210,#211,#212,#213,#214,#215,#216,#217,#218,#219,#220,#221,#222,#223,#224,#225,#226,#227,#228,#229,#230,#231,#232,#233,#234,#235,#236,#237,#238,#239,#240,#241,#242,#243,#244,#245,#246,#247,#248,#249,#250,#251,#252,#253,#254,#255,#256,#257,#258,#259,#260,#261,#262,#263,#264,#265,#266,#267,#268,#269,#270,#271,#272,#273,#274,#275,#276,#277,#278,#279,#280,#281,#282,#283,#284,#285,#286,#287,#288,#289,#290,#291,#292,#293,#294,#295,#296,#297,#298,#299,#300,#301,#302,#303,#304,#305,#306,#307,#308,#309,#310,#311,#312,#313,#314,#315,#316,#317,#318,#319,#320,#321,#322,#323,#324,#325,#326,#327,#328,#329,#330,#331,#332,#333,#334,#335,#336,#337,#338,#339,#340,#341,#342,#343,#344,#345,#346,#347,#348,#349,#350,#351,#352,#353,#354,#355,#356,#357,#358,#359,#360,#361,#362,#363,#364,#365,#366,#367,#368,#369,#370,#371,#372,#373,#374,#375,#376,#377,#378,#379,#380,#381,#382,#383,#384,#385,#386,#387,#388,#389,#390,#391,#392,#393,#394,#395,#396,#397,#398,#399,#400,#401,#402,#403,#404,#405,#406,#407,#408,#409,#410,#411,#412,#413,#414),#6);
#2=PRODUCT_DEFINITION_CONTEXT('',#415,'design');
#3=APPLICATION_PROTOCOL_DEFINITION('INTERNATIONAL STANDARD','ap242_managed_model_based_3d_engineering',2014,#415);
#4=PRODUCT_CATEGORY_RELATIONSHIP('NONE','NONE',#416,#417);
#5=SHAPE_DEFINITION_REPRESENTATION(#418,#419);
#6= (GEOMETRIC_REPRESENTATION_CONTEXT(3)GLOBAL_UNCERTAINTY_ASSIGNED_CONTEXT((#422))GLOBAL_UNIT_ASSIGNED_CONTEXT((#424,#425,#426))REPRESENTATION_CONTEXT('NONE','WORKSPACE'));
#10=STYLED_ITEM('',(#428),#429);
#11=STYLED_ITEM('',(#430),#431);
#12=STYLED_ITEM('',(#432),#433);
#13=STYLED_ITEM('',(#434),#435);
#14=STYLED_ITEM('',(#436),#437);
#15=STYLED_ITEM('',(#438),#439);
#16=STYLED_ITEM('',(#440),#441);
#17=STYLED_ITEM('',(#442),#443);
#18=STYLED_ITEM('',(#444),#445);
#19=STYLED_ITEM('',(#446),#447);
#20=STYLED_ITEM('',(#448),#449);
#21=STYLED_ITEM('',(#450),#451);
#22=STYLED_ITEM('',(#452),#453);
#23=STYLED_ITEM('',(#454),#455);
#24=STYLED_ITEM('',(#456),#457);
#25=STYLED_ITEM('',(#458),#459);
#26=STYLED_ITEM('',(#460),#461);
#27=STYLED_ITEM('',(#462),#463);
#28=STYLED_ITEM('',(#464),#465);
#29=STYLED_ITEM('',(#466),#467);
#30=STYLED_ITEM('',(#468),#469);
#31=STYLED_ITEM('',(#470),#471);
#32=STYLED_ITEM('',(#472),#473);
#33=STYLED_ITEM('',(#474),#475);
#34=STYLED_ITEM('',(#476),#477);
#35=STYLED_ITEM('',(#478),#479);
#36=STYLED_ITEM('',(#480),#481);
#37=STYLED_ITEM('',(#482),#483);
#38=STYLED_ITEM('',(#484),#485);
#39=STYLED_ITEM('',(#486),#487);
#40=STYLED_ITEM('',(#488),#489);
#41=STYLED_ITEM('',(#490),#491);
#42=STYLED_ITEM('',(#492),#493);
#43=STYLED_ITEM('',(#494),#495);
#44=STYLED_ITEM('',(#496),#497);
#45=STYLED_ITEM('',(#498),#499);
#46=STYLED_ITEM('',(#500),#501);
#47=STYLED_ITEM('',(#502),#503);
#48=STYLED_ITEM('',(#504),#505);
#49=STYLED_ITEM('',(#506),#507);
#50=STYLED_ITEM('',(#508),#509);
#51=STYLED_ITEM('',(#510),#511);
#52=STYLED_ITEM('',(#512),#513);
#53=STYLED_ITEM('',(#514),#515);
#54=STYLED_ITEM('',(#516),#517);
#55=STYLED_ITEM('',(#518),#519);
#56=STYLED_ITEM('',(#520),#521);
#57=STYLED_ITEM('',(#522),#523);
#58=STYLED_ITEM('',(#524),#525);
#59=STYLED_ITEM('',(#526),#527);
#60=STYLED_ITEM('',(#528),#529);
#61=STYLED_ITEM('',(#530),#531);
#62=STYLED_ITEM('',(#532),#533);
#63=STYLED_ITEM('',(#534),#535);
#64=STYLED_ITEM('',(#536),#537);
#65=STYLED_ITEM('',(#538),#539);
#66=STYLED_ITEM('',(#540),#541);
#67=STYLED_ITEM('',(#542),#543);
#68=STYLED_ITEM('',(#544),#545);
#69=STYLED_ITEM('',(#546),#547);
#70=STYLED_ITEM('',(#548),#549);
#71=STYLED_ITEM('',(#550),#551);
#72=STYLED_ITEM('',(#552),#553);
#73=STYLED_ITEM('',(#554),#555);
#74=STYLED_ITEM('',(#556),#557);
#75=STYLED_ITEM('',(#558),#559);
#76=STYLED_ITEM('',(#560),#561);
#77=STYLED_ITEM('',(#562),#563);
#78=STYLED_ITEM('',(#564),#565);
#79=STYLED_ITEM('',(#566),#567);
#80=STYLED_ITEM('',(#568),#569);
#81=STYLED_ITEM('',(#570),#571);
#82=STYLED_ITEM('',(#572),#573);
#83=STYLED_ITEM('',(#574),#575);
#84=STYLED_ITEM('',(#576),#577);
#85=STYLED_ITEM('',(#578),#579);
#86=STYLED_ITEM('',(#580),#581);
#87=STYLED_ITEM('',(#582),#583);
#88=STYLED_ITEM('',(#584),#585);
#89=STYLED_ITEM('',(#586),#587);
#90=STYLED_ITEM('',(#588),#589);
#91=STYLED_ITEM('',(#590),#591);
#92=STYLED_ITEM('',(#592),#593);
#93=STYLED_ITEM('',(#594),#595);
#94=STYLED_ITEM('',(#596),#597);
#95=STYLED_ITEM('',(#598),#599);
#96=STYLED_ITEM('',(#600),#601);
#97=STYLED_ITEM('',(#602),#603);
#98=STYLED_ITEM('',(#604),#605);
#99=STYLED_ITEM('',(#606),#607);
#100=STYLED_ITEM('',(#608),#609);
#101=STYLED_ITEM('',(#610),#611);
#102=STYLED_ITEM('',(#612),#613);
#103=STYLED_ITEM('',(#614),#615);
#104=STYLED_ITEM('',(#616),#617);
#105=STYLED_ITEM('',(#618),#619);
#106=STYLED_ITEM('',(#620),#621);
#107=STYLED_ITEM('',(#622),#623);
#108=STYLED_ITEM('',(#624),#625);
#109=STYLED_ITEM('',(#626),#627);
#110=STYLED_ITEM('',(#628),#629);
#111=STYLED_ITEM('',(#630),#631);
#112=STYLED_ITEM('',(#632),#633);
#113=STYLED_ITEM('',(#634),#635);
#114=STYLED_ITEM('',(#636),#637);
#115=STYLED_ITEM('',(#638),#639);
#116=STYLED_ITEM('',(#640),#641);
#117=STYLED_ITEM('',(#642),#643);
#118=STYLED_ITEM('',(#644),#645);
#119=STYLED_ITEM('',(#646),#647);
#120=STYLED_ITEM('',(#648),#649);
#121=STYLED_ITEM('',(#650),#651);
#122=STYLED_ITEM('',(#652),#653);
#123=STYLED_ITEM('',(#654),#655);
#124=STYLED_ITEM('',(#656),#657);
#125=STYLED_ITEM('',(#658),#659);
#126=STYLED_ITEM('',(#660),#661);
#127=STYLED_ITEM('',(#662),#663);
#128=STYLED_ITEM('',(#664),#665);
#129=STYLED_ITEM('',(#666),#667);
#130=STYLED_ITEM('',(#668),#669);
#131=STYLED_ITEM('',(#670),#671);
#132=STYLED_ITEM('',(#672),#673);
#133=STYLED_ITEM('',(#674),#675);
#134=STYLED_ITEM('',(#676),#677);
#135=STYLED_ITEM('',(#678),#679);
#136=STYLED_ITEM('',(#680),#681);
#137=STYLED_ITEM('',(#682),#683);
#138=STYLED_ITEM('',(#684),#685);
#139=STYLED_ITEM('',(#686),#687);
#140=STYLED_ITEM('',(#688),#689);
#141=STYLED_ITEM('',(#690),#691);
#142=STYLED_ITEM('',(#692),#693);
#143=STYLED_ITEM('',(#694),#695);
#144=STYLED_ITEM('',(#696),#697);
#145=STYLED_ITEM('',(#698),#699);
#146=STYLED_ITEM('',(#700),#701);
#147=STYLED_ITEM('',(#702),#703);
#148=STYLED_ITEM('',(#704),#705);
#149=STYLED_ITEM('',(#706),#707);
#150=STYLED_ITEM('',(#708),#709);
#151=STYLED_ITEM('',(#710),#711);
#152=STYLED_ITEM('',(#712),#713);
#153=STYLED_ITEM('',(#714),#715);
#154=STYLED_ITEM('',(#716),#717);
#155=STYLED_ITEM('',(#718),#719);
#156=STYLED_ITEM('',(#720),#721);
#157=STYLED_ITEM('',(#722),#723);
#158=STYLED_ITEM('',(#724),#725);
#159=STYLED_ITEM('',(#726),#727);
#160=STYLED_ITEM('',(#728),#729);
#161=STYLED_ITEM('',(#730),#731);
#162=STYLED_ITEM('',(#732),#733);
#163=STYLED_ITEM('',(#734),#735);
#164=STYLED_ITEM('',(#736),#737);
#165=STYLED_ITEM('',(#738),#739);
#166=STYLED_ITEM('',(#740),#741);
#167=STYLED_ITEM('',(#742),#743);
#168=STYLED_ITEM('',(#744),#745);
#169=STYLED_ITEM('',(#746),#747);
#170=STYLED_ITEM('',(#748),#749);
#171=STYLED_ITEM('',(#750),#751);
#172=STYLED_ITEM('',(#752),#753);
#173=STYLED_ITEM('',(#754),#755);
#174=STYLED_ITEM('',(#756),#757);
#175=STYLED_ITEM('',(#758),#759);
#176=STYLED_ITEM('',(#760),#761);
#177=STYLED_ITEM('',(#762),#763);
#178=STYLED_ITEM('',(#764),#765);
#179=STYLED_ITEM('',(#766),#767);
#180=STYLED_ITEM('',(#768),#769);
#181=STYLED_ITEM('',(#770),#771);
#182=STYLED_ITEM('',(#772),#773);
#183=STYLED_ITEM('',(#774),#775);
#184=STYLED_ITEM('',(#776),#777);
#185=STYLED_ITEM('',(#778),#779);
#186=STYLED_ITEM('',(#780),#781);
#187=STYLED_ITEM('',(#782),#783);
#188=STYLED_ITEM('',(#784),#785);
#189=STYLED_ITEM('',(#786),#787);
#190=STYLED_ITEM('',(#788),#789);
#191=STYLED_ITEM('',(#790),#791);
#192=STYLED_ITEM('',(#792),#793);
#193=STYLED_ITEM('',(#794),#795);
#194=STYLED_ITEM('',(#796),#797);
#195=STYLED_ITEM('',(#798),#799);
#196=STYLED_ITEM('',(#800),#801);
#197=STYLED_ITEM('',(#802),#803);
#198=STYLED_ITEM('',(#804),#805);
#199=STYLED_ITEM('',(#806),#807);
#200=STYLED_ITEM('',(#808),#809);
#201=STYLED_ITEM('',(#810),#811);
#202=STYLED_ITEM('',(#812),#813);
#203=STYLED_ITEM('',(#814),#815);
#204=STYLED_ITEM('',(#816),#817);
#205=STYLED_ITEM('',(#818),#819);
#206=STYLED_ITEM('',(#820),#821);
#207=STYLED_ITEM('',(#822),#823);
#208=STYLED_ITEM('',(#824),#825);
#209=STYLED_ITEM('',(#826),#827);
#210=STYLED_ITEM('',(#828),#829);
#211=STYLED_ITEM('',(#830),#831);
#212=STYLED_ITEM('',(#832),#833);
#213=STYLED_ITEM('',(#834),#835);
#214=STYLED_ITEM('',(#836),#837);
#215=STYLED_ITEM('',(#838),#839);
#216=STYLED_ITEM('',(#840),#841);
#217=STYLED_ITEM('',(#842),#843);
#218=STYLED_ITEM('',(#844),#845);
#219=STYLED_ITEM('',(#846),#847);
#220=STYLED_ITEM('',(#848),#849);
#221=STYLED_ITEM('',(#850),#851);
#222=STYLED_ITEM('',(#852),#853);
#223=STYLED_ITEM('',(#854),#855);
#224=STYLED_ITEM('',(#856),#857);
#225=STYLED_ITEM('',(#858),#859);
#226=STYLED_ITEM('',(#860),#861);
#227=STYLED_ITEM('',(#862),#863);
#228=STYLED_ITEM('',(#864),#865);
#229=STYLED_ITEM('',(#866),#867);
#230=STYLED_ITEM('',(#868),#869);
#231=STYLED_ITEM('',(#870),#871);
#232=STYLED_ITEM('',(#872),#873);
#233=STYLED_ITEM('',(#874),#875);
#234=STYLED_ITEM('',(#876),#877);
#235=STYLED_ITEM('',(#878),#879);
#236=STYLED_ITEM('',(#880),#881);
#237=STYLED_ITEM('',(#882),#883);
#238=STYLED_ITEM('',(#884),#885);
#239=STYLED_ITEM('',(#886),#887);
#240=STYLED_ITEM('',(#888),#889);
#241=STYLED_ITEM('',(#890),#891);
#242=STYLED_ITEM('',(#892),#893);
#243=STYLED_ITEM('',(#894),#895);
#244=STYLED_ITEM('',(#896),#897);
#245=STYLED_ITEM('',(#898),#899);
#246=STYLED_ITEM('',(#900),#901);
#247=STYLED_ITEM('',(#902),#903);
#248=STYLED_ITEM('',(#904),#905);
#249=STYLED_ITEM('',(#906),#907);
#250=STYLED_ITEM('',(#908),#909);
#251=STYLED_ITEM('',(#910),#911);
#252=STYLED_ITEM('',(#912),#913);
#253=STYLED_ITEM('',(#914),#915);
#254=STYLED_ITEM('',(#916),#917);
#255=STYLED_ITEM('',(#918),#919);
#256=STYLED_ITEM('',(#920),#921);
#257=STYLED_ITEM('',(#922),#923);
#258=STYLED_ITEM('',(#924),#925);
#259=STYLED_ITEM('',(#926),#927);
#260=STYLED_ITEM('',(#928),#929);
#261=STYLED_ITEM('',(#930),#931);
#262=STYLED_ITEM('',(#932),#933);
#263=STYLED_ITEM('',(#934),#935);
#264=STYLED_ITEM('',(#936),#937);
#265=STYLED_ITEM('',(#938),#939);
#266=STYLED_ITEM('',(#940),#941);
#267=STYLED_ITEM('',(#942),#943);
#268=STYLED_ITEM('',(#944),#945);
#269=STYLED_ITEM('',(#946),#947);
#270=STYLED_ITEM('',(#948),#949);
#271=STYLED_ITEM('',(#950),#951);
#272=STYLED_ITEM('',(#952),#953);
#273=STYLED_ITEM('',(#954),#955);
#274=STYLED_ITEM('',(#956),#957);
#275=STYLED_ITEM('',(#958),#959);
#276=STYLED_ITEM('',(#960),#961);
#277=STYLED_ITEM('',(#962),#963);
#278=STYLED_ITEM('',(#964),#965);
#279=STYLED_ITEM('',(#966),#967);
#280=STYLED_ITEM('',(#968),#969);
#281=STYLED_ITEM('',(#970),#971);
#282=STYLED_ITEM('',(#972),#973);
#283=STYLED_ITEM('',(#974),#975);
#284=STYLED_ITEM('',(#976),#977);
#285=STYLED_ITEM('',(#978),#979);
#286=STYLED_ITEM('',(#980),#981);
#287=STYLED_ITEM('',(#982),#983);
#288=STYLED_ITEM('',(#984),#985);
#289=STYLED_ITEM('',(#986),#987);
#290=STYLED_ITEM('',(#988),#989);
#291=STYLED_ITEM('',(#990),#991);
#292=STYLED_ITEM('',(#992),#993);
#293=STYLED_ITEM('',(#994),#995);
#294=STYLED_ITEM('',(#996),#997);
#295=STYLED_ITEM('',(#998),#999);
#296=STYLED_ITEM('',(#1000),#1001);
#297=STYLED_ITEM('',(#1002),#1003);
#298=STYLED_ITEM('',(#1004),#1005);
#299=STYLED_ITEM('',(#1006),#1007);
#300=STYLED_ITEM('',(#1008),#1009);
#301=STYLED_ITEM('',(#1010),#1011);
#302=STYLED_ITEM('',(#1012),#1013);
#303=STYLED_ITEM('',(#1014),#1015);
#304=STYLED_ITEM('',(#1016),#1017);
#305=STYLED_ITEM('',(#1018),#1019);
#306=STYLED_ITEM('',(#1020),#1021);
#307=STYLED_ITEM('',(#1022),#1023);
#308=STYLED_ITEM('',(#1024),#1025);
#309=STYLED_ITEM('',(#1026),#1027);
#310=STYLED_ITEM('',(#1028),#1029);
#311=STYLED_ITEM('',(#1030),#1031);
#312=STYLED_ITEM('',(#1032),#1033);
#313=STYLED_ITEM('',(#1034),#1035);
#314=STYLED_ITEM('',(#1036),#1037);
#315=STYLED_ITEM('',(#1038),#1039);
#316=STYLED_ITEM('',(#1040),#1041);
#317=STYLED_ITEM('',(#1042),#1043);
#318=STYLED_ITEM('',(#1044),#1045);
#319=STYLED_ITEM('',(#1046),#1047);
#320=STYLED_ITEM('',(#1048),#1049);
#321=STYLED_ITEM('',(#1050),#1051);
#322=STYLED_ITEM('',(#1052),#1053);
#323=STYLED_ITEM('',(#1054),#1055);
#324=STYLED_ITEM('',(#1056),#1057);
#325=STYLED_ITEM('',(#1058),#1059);
#326=STYLED_ITEM('',(#1060),#1061);
#327=STYLED_ITEM('',(#1062),#1063);
#328=STYLED_ITEM('',(#1064),#1065);
#329=STYLED_ITEM('',(#1066),#1067);
#330=STYLED_ITEM('',(#1068),#1069);
#331=STYLED_ITEM('',(#1070),#1071);
#332=STYLED_ITEM('',(#1072),#1073);
#333=STYLED_ITEM('',(#1074),#1075);
#334=STYLED_ITEM('',(#1076),#1077);
#335=STYLED_ITEM('',(#1078),#1079);
#336=STYLED_ITEM('',(#1080),#1081);
#337=STYLED_ITEM('',(#1082),#1083);
#338=STYLED_ITEM('',(#1084),#1085);
#339=STYLED_ITEM('',(#1086),#1087);
#340=STYLED_ITEM('',(#1088),#1089);
#341=STYLED_ITEM('',(#1090),#1091);
#342=STYLED_ITEM('',(#1092),#1093);
#343=STYLED_ITEM('',(#1094),#1095);
#344=STYLED_ITEM('',(#1096),#1097);
#345=STYLED_ITEM('',(#1098),#1099);
#346=STYLED_ITEM('',(#1100),#1101);
#347=STYLED_ITEM('',(#1102),#1103);
#348=STYLED_ITEM('',(#1104),#1105);
#349=STYLED_ITEM('',(#1106),#1107);
#350=STYLED_ITEM('',(#1108),#1109);
#351=STYLED_ITEM('',(#1110),#1111);
#352=STYLED_ITEM('',(#1112),#1113);
#353=STYLED_ITEM('',(#1114),#1115);
#354=STYLED_ITEM('',(#1116),#1117);
#355=STYLED_ITEM('',(#1118),#1119);
#356=STYLED_ITEM('',(#1120),#1121);
#357=STYLED_ITEM('',(#1122),#1123);
#358=STYLED_ITEM('',(#1124),#1125);
#359=STYLED_ITEM('',(#1126),#1127);
#360=STYLED_ITEM('',(#1128),#1129);
#361=STYLED_ITEM('',(#1130),#1131);
#362=STYLED_ITEM('',(#1132),#1133);
#363=STYLED_ITEM('',(#1134),#1135);
#364=STYLED_ITEM('',(#1136),#1137);
#365=STYLED_ITEM('',(#1138),#1139);
#366=STYLED_ITEM('',(#1140),#1141);
#367=STYLED_ITEM('',(#1142),#1143);
#368=STYLED_ITEM('',(#1144),#1145);
#369=STYLED_ITEM('',(#1146),#1147);
#370=STYLED_ITEM('',(#1148),#1149);
#371=STYLED_ITEM('',(#1150),#1151);
#372=STYLED_ITEM('',(#1152),#1153);
#373=STYLED_ITEM('',(#1154),#1155);
#374=STYLED_ITEM('',(#1156),#1157);
#375=STYLED_ITEM('',(#1158),#1159);
#376=STYLED_ITEM('',(#1160),#1161);
#377=STYLED_ITEM('',(#1162),#1163);
#378=STYLED_ITEM('',(#1164),#1165);
#379=STYLED_ITEM('',(#1166),#1167);
#380=STYLED_ITEM('',(#1168),#1169);
#381=STYLED_ITEM('',(#1170),#1171);
#382=STYLED_ITEM('',(#1172),#1173);
#383=STYLED_ITEM('',(#1174),#1175);
#384=STYLED_ITEM('',(#1176),#1177);
#385=STYLED_ITEM('',(#1178),#1179);
#386=STYLED_ITEM('',(#1180),#1181);
#387=STYLED_ITEM('',(#1182),#1183);
#388=STYLED_ITEM('',(#1184),#1185);
#389=STYLED_ITEM('',(#1186),#1187);
#390=STYLED_ITEM('',(#1188),#1189);
#391=STYLED_ITEM('',(#1190),#1191);
#392=STYLED_ITEM('',(#1192),#1193);
#393=STYLED_ITEM('',(#1194),#1195);
#394=STYLED_ITEM('',(#1196),#1197);
#395=STYLED_ITEM('',(#1198),#1199);
#396=STYLED_ITEM('',(#1200),#1201);
#397=STYLED_ITEM('',(#1202),#1203);
#398=STYLED_ITEM('',(#1204),#1205);
#399=STYLED_ITEM('',(#1206),#1207);
#400=STYLED_ITEM('',(#1208),#1209);
#401=STYLED_ITEM('',(#1210),#1211);
#402=STYLED_ITEM('',(#1212),#1213);
#403=STYLED_ITEM('',(#1214),#1215);
#404=STYLED_ITEM('',(#1216),#1217);
#405=STYLED_ITEM('',(#1218),#1219);
#406=STYLED_ITEM('',(#1220),#1221);
#407=STYLED_ITEM('',(#1222),#1223);
#408=STYLED_ITEM('',(#1224),#1225);
#409=STYLED_ITEM('',(#1226),#1227);
#410=STYLED_ITEM('',(#1228),#1229);
#411=STYLED_ITEM('',(#1230),#1231);
#412=STYLED_ITEM('',(#1232),#1233);
#413=STYLED_ITEM('',(#1234),#1235);
#414=STYLED_ITEM('',(#1236),#1237);
#415=APPLICATION_CONTEXT('managed model based 3d engineering');
#416=PRODUCT_CATEGORY('part','NONE');
#417=PRODUCT_RELATED_PRODUCT_CATEGORY('detail',' ',(#1238));
#418=PRODUCT_DEFINITION_SHAPE('NONE','NONE',#1239);
#419=ADVANCED_BREP_SHAPE_REPRESENTATION('tst-110-01-l-d',(#1240,#1241),#6);
#422=UNCERTAINTY_MEASURE_WITH_UNIT(LENGTH_MEASURE(1.0E-06),#424,'','');
#424= (CONVERSION_BASED_UNIT('MILLIMETRE',#1244)LENGTH_UNIT()NAMED_UNIT(#1247));
#425= (NAMED_UNIT(#1249)PLANE_ANGLE_UNIT()SI_UNIT($,.RADIAN.));
#426= (NAMED_UNIT(#1249)SOLID_ANGLE_UNIT()SI_UNIT($,.STERADIAN.));
#428=PRESENTATION_STYLE_ASSIGNMENT((#1255));
#429=ADVANCED_FACE('',(#1256),#1257,.T.);
#430=PRESENTATION_STYLE_ASSIGNMENT((#1258));
#431=ADVANCED_FACE('',(#1259),#1260,.T.);
#432=PRESENTATION_STYLE_ASSIGNMENT((#1261));
#433=ADVANCED_FACE('',(#1262),#1263,.T.);
#434=PRESENTATION_STYLE_ASSIGNMENT((#1264));
#435=ADVANCED_FACE('',(#1265),#1266,.T.);
#436=PRESENTATION_STYLE_ASSIGNMENT((#1267));
#437=ADVANCED_FACE('',(#1268),#1269,.T.);
#438=PRESENTATION_STYLE_ASSIGNMENT((#1270));
#439=ADVANCED_FACE('',(#1271),#1272,.T.);
#440=PRESENTATION_STYLE_ASSIGNMENT((#1273));
#441=ADVANCED_FACE('',(#1274),#1275,.T.);
#442=PRESENTATION_STYLE_ASSIGNMENT((#1276));
#443=ADVANCED_FACE('',(#1277),#1278,.T.);
#444=PRESENTATION_STYLE_ASSIGNMENT((#1279));
#445=ADVANCED_FACE('',(#1280),#1281,.T.);
#446=PRESENTATION_STYLE_ASSIGNMENT((#1282));
#447=ADVANCED_FACE('',(#1283),#1284,.T.);
#448=PRESENTATION_STYLE_ASSIGNMENT((#1285));
#449=ADVANCED_FACE('',(#1286),#1287,.T.);
#450=PRESENTATION_STYLE_ASSIGNMENT((#1288));
#451=ADVANCED_FACE('',(#1289),#1290,.T.);
#452=PRESENTATION_STYLE_ASSIGNMENT((#1291));
#453=ADVANCED_FACE('',(#1292),#1293,.T.);
#454=PRESENTATION_STYLE_ASSIGNMENT((#1294));
#455=ADVANCED_FACE('',(#1295),#1296,.T.);
#456=PRESENTATION_STYLE_ASSIGNMENT((#1297));
#457=ADVANCED_FACE('',(#1298),#1299,.T.);
#458=PRESENTATION_STYLE_ASSIGNMENT((#1300));
#459=ADVANCED_FACE('',(#1301),#1302,.T.);
#460=PRESENTATION_STYLE_ASSIGNMENT((#1303));
#461=ADVANCED_FACE('',(#1304),#1305,.T.);
#462=PRESENTATION_STYLE_ASSIGNMENT((#1306));
#463=ADVANCED_FACE('',(#1307),#1308,.T.);
#464=PRESENTATION_STYLE_ASSIGNMENT((#1309));
#465=ADVANCED_FACE('',(#1310),#1311,.T.);
#466=PRESENTATION_STYLE_ASSIGNMENT((#1312));
#467=ADVANCED_FACE('',(#1313),#1314,.T.);
#468=PRESENTATION_STYLE_ASSIGNMENT((#1315));
#469=ADVANCED_FACE('',(#1316),#1317,.T.);
#470=PRESENTATION_STYLE_ASSIGNMENT((#1318));
#471=ADVANCED_FACE('',(#1319),#1320,.T.);
#472=PRESENTATION_STYLE_ASSIGNMENT((#1321));
#473=ADVANCED_FACE('',(#1322),#1323,.T.);
#474=PRESENTATION_STYLE_ASSIGNMENT((#1324));
#475=ADVANCED_FACE('',(#1325),#1326,.T.);
#476=PRESENTATION_STYLE_ASSIGNMENT((#1327));
#477=ADVANCED_FACE('',(#1328),#1329,.T.);
#478=PRESENTATION_STYLE_ASSIGNMENT((#1330));
#479=ADVANCED_FACE('',(#1331),#1332,.T.);
#480=PRESENTATION_STYLE_ASSIGNMENT((#1333));
#481=ADVANCED_FACE('',(#1334),#1335,.T.);
#482=PRESENTATION_STYLE_ASSIGNMENT((#1336));
#483=ADVANCED_FACE('',(#1337),#1338,.T.);
#484=PRESENTATION_STYLE_ASSIGNMENT((#1339));
#485=ADVANCED_FACE('',(#1340),#1341,.T.);
#486=PRESENTATION_STYLE_ASSIGNMENT((#1342));
#487=ADVANCED_FACE('',(#1343),#1344,.T.);
#488=PRESENTATION_STYLE_ASSIGNMENT((#1345));
#489=ADVANCED_FACE('',(#1346),#1347,.T.);
#490=PRESENTATION_STYLE_ASSIGNMENT((#1348));
#491=ADVANCED_FACE('',(#1349),#1350,.T.);
#492=PRESENTATION_STYLE_ASSIGNMENT((#1351));
#493=ADVANCED_FACE('',(#1352),#1353,.T.);
#494=PRESENTATION_STYLE_ASSIGNMENT((#1354));
#495=ADVANCED_FACE('',(#1355),#1356,.T.);
#496=PRESENTATION_STYLE_ASSIGNMENT((#1357));
#497=ADVANCED_FACE('',(#1358),#1359,.T.);
#498=PRESENTATION_STYLE_ASSIGNMENT((#1360));
#499=ADVANCED_FACE('',(#1361),#1362,.T.);
#500=PRESENTATION_STYLE_ASSIGNMENT((#1363));
#501=ADVANCED_FACE('',(#1364),#1365,.T.);
#502=PRESENTATION_STYLE_ASSIGNMENT((#1366));
#503=ADVANCED_FACE('',(#1367),#1368,.T.);
#504=PRESENTATION_STYLE_ASSIGNMENT((#1369));
#505=ADVANCED_FACE('',(#1370),#1371,.T.);
#506=PRESENTATION_STYLE_ASSIGNMENT((#1372));
#507=ADVANCED_FACE('',(#1373),#1374,.T.);
#508=PRESENTATION_STYLE_ASSIGNMENT((#1375));
#509=ADVANCED_FACE('',(#1376),#1377,.T.);
#510=PRESENTATION_STYLE_ASSIGNMENT((#1378));
#511=ADVANCED_FACE('',(#1379),#1380,.T.);
#512=PRESENTATION_STYLE_ASSIGNMENT((#1381));
#513=ADVANCED_FACE('',(#1382),#1383,.T.);
#514=PRESENTATION_STYLE_ASSIGNMENT((#1384));
#515=ADVANCED_FACE('',(#1385),#1386,.T.);
#516=PRESENTATION_STYLE_ASSIGNMENT((#1387));
#517=ADVANCED_FACE('',(#1388),#1389,.T.);
#518=PRESENTATION_STYLE_ASSIGNMENT((#1390));
#519=ADVANCED_FACE('',(#1391),#1392,.T.);
#520=PRESENTATION_STYLE_ASSIGNMENT((#1393));
#521=ADVANCED_FACE('',(#1394),#1395,.T.);
#522=PRESENTATION_STYLE_ASSIGNMENT((#1396));
#523=ADVANCED_FACE('',(#1397),#1398,.T.);
#524=PRESENTATION_STYLE_ASSIGNMENT((#1399));
#525=ADVANCED_FACE('',(#1400),#1401,.T.);
#526=PRESENTATION_STYLE_ASSIGNMENT((#1402));
#527=ADVANCED_FACE('',(#1403),#1404,.T.);
#528=PRESENTATION_STYLE_ASSIGNMENT((#1405));
#529=ADVANCED_FACE('',(#1406),#1407,.T.);
#530=PRESENTATION_STYLE_ASSIGNMENT((#1408));
#531=ADVANCED_FACE('',(#1409),#1410,.T.);
#532=PRESENTATION_STYLE_ASSIGNMENT((#1411));
#533=ADVANCED_FACE('',(#1412),#1413,.T.);
#534=PRESENTATION_STYLE_ASSIGNMENT((#1414));
#535=ADVANCED_FACE('',(#1415),#1416,.T.);
#536=PRESENTATION_STYLE_ASSIGNMENT((#1417));
#537=ADVANCED_FACE('',(#1418),#1419,.T.);
#538=PRESENTATION_STYLE_ASSIGNMENT((#1420));
#539=ADVANCED_FACE('',(#1421),#1422,.T.);
#540=PRESENTATION_STYLE_ASSIGNMENT((#1423));
#541=ADVANCED_FACE('',(#1424),#1425,.T.);
#542=PRESENTATION_STYLE_ASSIGNMENT((#1426));
#543=ADVANCED_FACE('',(#1427),#1428,.T.);
#544=PRESENTATION_STYLE_ASSIGNMENT((#1429));
#545=ADVANCED_FACE('',(#1430),#1431,.T.);
#546=PRESENTATION_STYLE_ASSIGNMENT((#1432));
#547=ADVANCED_FACE('',(#1433),#1434,.T.);
#548=PRESENTATION_STYLE_ASSIGNMENT((#1435));
#549=ADVANCED_FACE('',(#1436),#1437,.T.);
#550=PRESENTATION_STYLE_ASSIGNMENT((#1438));
#551=ADVANCED_FACE('',(#1439),#1440,.T.);
#552=PRESENTATION_STYLE_ASSIGNMENT((#1441));
#553=ADVANCED_FACE('',(#1442),#1443,.T.);
#554=PRESENTATION_STYLE_ASSIGNMENT((#1444));
#555=ADVANCED_FACE('',(#1445),#1446,.T.);
#556=PRESENTATION_STYLE_ASSIGNMENT((#1447));
#557=ADVANCED_FACE('',(#1448),#1449,.T.);
#558=PRESENTATION_STYLE_ASSIGNMENT((#1450));
#559=ADVANCED_FACE('',(#1451),#1452,.T.);
#560=PRESENTATION_STYLE_ASSIGNMENT((#1453));
#561=ADVANCED_FACE('',(#1454),#1455,.T.);
#562=PRESENTATION_STYLE_ASSIGNMENT((#1456));
#563=ADVANCED_FACE('',(#1457),#1458,.T.);
#564=PRESENTATION_STYLE_ASSIGNMENT((#1459));
#565=ADVANCED_FACE('',(#1460),#1461,.T.);
#566=PRESENTATION_STYLE_ASSIGNMENT((#1462));
#567=ADVANCED_FACE('',(#1463),#1464,.T.);
#568=PRESENTATION_STYLE_ASSIGNMENT((#1465));
#569=ADVANCED_FACE('',(#1466),#1467,.T.);
#570=PRESENTATION_STYLE_ASSIGNMENT((#1468));
#571=ADVANCED_FACE('',(#1469),#1470,.T.);
#572=PRESENTATION_STYLE_ASSIGNMENT((#1471));
#573=ADVANCED_FACE('',(#1472),#1473,.T.);
#574=PRESENTATION_STYLE_ASSIGNMENT((#1474));
#575=ADVANCED_FACE('',(#1475),#1476,.T.);
#576=PRESENTATION_STYLE_ASSIGNMENT((#1477));
#577=ADVANCED_FACE('',(#1478),#1479,.T.);
#578=PRESENTATION_STYLE_ASSIGNMENT((#1480));
#579=ADVANCED_FACE('',(#1481),#1482,.T.);
#580=PRESENTATION_STYLE_ASSIGNMENT((#1483));
#581=ADVANCED_FACE('',(#1484),#1485,.T.);
#582=PRESENTATION_STYLE_ASSIGNMENT((#1486));
#583=ADVANCED_FACE('',(#1487),#1488,.T.);
#584=PRESENTATION_STYLE_ASSIGNMENT((#1489));
#585=ADVANCED_FACE('',(#1490),#1491,.T.);
#586=PRESENTATION_STYLE_ASSIGNMENT((#1492));
#587=ADVANCED_FACE('',(#1493),#1494,.T.);
#588=PRESENTATION_STYLE_ASSIGNMENT((#1495));
#589=ADVANCED_FACE('',(#1496),#1497,.T.);
#590=PRESENTATION_STYLE_ASSIGNMENT((#1498));
#591=ADVANCED_FACE('',(#1499),#1500,.T.);
#592=PRESENTATION_STYLE_ASSIGNMENT((#1501));
#593=ADVANCED_FACE('',(#1502),#1503,.T.);
#594=PRESENTATION_STYLE_ASSIGNMENT((#1504));
#595=ADVANCED_FACE('',(#1505),#1506,.T.);
#596=PRESENTATION_STYLE_ASSIGNMENT((#1507));
#597=ADVANCED_FACE('',(#1508),#1509,.T.);
#598=PRESENTATION_STYLE_ASSIGNMENT((#1510));
#599=ADVANCED_FACE('',(#1511),#1512,.T.);
#600=PRESENTATION_STYLE_ASSIGNMENT((#1513));
#601=ADVANCED_FACE('',(#1514),#1515,.T.);
#602=PRESENTATION_STYLE_ASSIGNMENT((#1516));
#603=ADVANCED_FACE('',(#1517),#1518,.T.);
#604=PRESENTATION_STYLE_ASSIGNMENT((#1519));
#605=ADVANCED_FACE('',(#1520),#1521,.T.);
#606=PRESENTATION_STYLE_ASSIGNMENT((#1522));
#607=ADVANCED_FACE('',(#1523),#1524,.T.);
#608=PRESENTATION_STYLE_ASSIGNMENT((#1525));
#609=ADVANCED_FACE('',(#1526),#1527,.T.);
#610=PRESENTATION_STYLE_ASSIGNMENT((#1528));
#611=ADVANCED_FACE('',(#1529),#1530,.T.);
#612=PRESENTATION_STYLE_ASSIGNMENT((#1531));
#613=ADVANCED_FACE('',(#1532),#1533,.T.);
#614=PRESENTATION_STYLE_ASSIGNMENT((#1534));
#615=ADVANCED_FACE('',(#1535),#1536,.T.);
#616=PRESENTATION_STYLE_ASSIGNMENT((#1537));
#617=ADVANCED_FACE('',(#1538),#1539,.T.);
#618=PRESENTATION_STYLE_ASSIGNMENT((#1540));
#619=ADVANCED_FACE('',(#1541),#1542,.T.);
#620=PRESENTATION_STYLE_ASSIGNMENT((#1543));
#621=ADVANCED_FACE('',(#1544),#1545,.T.);
#622=PRESENTATION_STYLE_ASSIGNMENT((#1546));
#623=ADVANCED_FACE('',(#1547),#1548,.T.);
#624=PRESENTATION_STYLE_ASSIGNMENT((#1549));
#625=ADVANCED_FACE('',(#1550),#1551,.T.);
#626=PRESENTATION_STYLE_ASSIGNMENT((#1552));
#627=ADVANCED_FACE('',(#1553),#1554,.T.);
#628=PRESENTATION_STYLE_ASSIGNMENT((#1555));
#629=ADVANCED_FACE('',(#1556),#1557,.T.);
#630=PRESENTATION_STYLE_ASSIGNMENT((#1558));
#631=ADVANCED_FACE('',(#1559),#1560,.T.);
#632=PRESENTATION_STYLE_ASSIGNMENT((#1561));
#633=ADVANCED_FACE('',(#1562),#1563,.T.);
#634=PRESENTATION_STYLE_ASSIGNMENT((#1564));
#635=ADVANCED_FACE('',(#1565),#1566,.T.);
#636=PRESENTATION_STYLE_ASSIGNMENT((#1567));
#637=ADVANCED_FACE('',(#1568),#1569,.T.);
#638=PRESENTATION_STYLE_ASSIGNMENT((#1570));
#639=ADVANCED_FACE('',(#1571),#1572,.T.);
#640=PRESENTATION_STYLE_ASSIGNMENT((#1573));
#641=ADVANCED_FACE('',(#1574),#1575,.T.);
#642=PRESENTATION_STYLE_ASSIGNMENT((#1576));
#643=ADVANCED_FACE('',(#1577),#1578,.T.);
#644=PRESENTATION_STYLE_ASSIGNMENT((#1579));
#645=ADVANCED_FACE('',(#1580),#1581,.T.);
#646=PRESENTATION_STYLE_ASSIGNMENT((#1582));
#647=ADVANCED_FACE('',(#1583),#1584,.T.);
#648=PRESENTATION_STYLE_ASSIGNMENT((#1585));
#649=ADVANCED_FACE('',(#1586),#1587,.T.);
#650=PRESENTATION_STYLE_ASSIGNMENT((#1588));
#651=ADVANCED_FACE('',(#1589),#1590,.T.);
#652=PRESENTATION_STYLE_ASSIGNMENT((#1591));
#653=ADVANCED_FACE('',(#1592),#1593,.T.);
#654=PRESENTATION_STYLE_ASSIGNMENT((#1594));
#655=ADVANCED_FACE('',(#1595),#1596,.T.);
#656=PRESENTATION_STYLE_ASSIGNMENT((#1597));
#657=ADVANCED_FACE('',(#1598),#1599,.T.);
#658=PRESENTATION_STYLE_ASSIGNMENT((#1600));
#659=ADVANCED_FACE('',(#1601),#1602,.T.);
#660=PRESENTATION_STYLE_ASSIGNMENT((#1603));
#661=ADVANCED_FACE('',(#1604),#1605,.T.);
#662=PRESENTATION_STYLE_ASSIGNMENT((#1606));
#663=ADVANCED_FACE('',(#1607),#1608,.T.);
#664=PRESENTATION_STYLE_ASSIGNMENT((#1609));
#665=ADVANCED_FACE('',(#1610),#1611,.T.);
#666=PRESENTATION_STYLE_ASSIGNMENT((#1612));
#667=ADVANCED_FACE('',(#1613),#1614,.T.);
#668=PRESENTATION_STYLE_ASSIGNMENT((#1615));
#669=ADVANCED_FACE('',(#1616),#1617,.T.);
#670=PRESENTATION_STYLE_ASSIGNMENT((#1618));
#671=ADVANCED_FACE('',(#1619),#1620,.T.);
#672=PRESENTATION_STYLE_ASSIGNMENT((#1621));
#673=ADVANCED_FACE('',(#1622),#1623,.T.);
#674=PRESENTATION_STYLE_ASSIGNMENT((#1624));
#675=ADVANCED_FACE('',(#1625),#1626,.T.);
#676=PRESENTATION_STYLE_ASSIGNMENT((#1627));
#677=ADVANCED_FACE('',(#1628),#1629,.T.);
#678=PRESENTATION_STYLE_ASSIGNMENT((#1630));
#679=ADVANCED_FACE('',(#1631),#1632,.T.);
#680=PRESENTATION_STYLE_ASSIGNMENT((#1633));
#681=ADVANCED_FACE('',(#1634),#1635,.T.);
#682=PRESENTATION_STYLE_ASSIGNMENT((#1636));
#683=ADVANCED_FACE('',(#1637),#1638,.T.);
#684=PRESENTATION_STYLE_ASSIGNMENT((#1639));
#685=ADVANCED_FACE('',(#1640),#1641,.T.);
#686=PRESENTATION_STYLE_ASSIGNMENT((#1642));
#687=ADVANCED_FACE('',(#1643),#1644,.T.);
#688=PRESENTATION_STYLE_ASSIGNMENT((#1645));
#689=ADVANCED_FACE('',(#1646),#1647,.T.);
#690=PRESENTATION_STYLE_ASSIGNMENT((#1648));
#691=ADVANCED_FACE('',(#1649),#1650,.T.);
#692=PRESENTATION_STYLE_ASSIGNMENT((#1651));
#693=ADVANCED_FACE('',(#1652),#1653,.T.);
#694=PRESENTATION_STYLE_ASSIGNMENT((#1654));
#695=ADVANCED_FACE('',(#1655),#1656,.T.);
#696=PRESENTATION_STYLE_ASSIGNMENT((#1657));
#697=ADVANCED_FACE('',(#1658),#1659,.T.);
#698=PRESENTATION_STYLE_ASSIGNMENT((#1660));
#699=ADVANCED_FACE('',(#1661),#1662,.T.);
#700=PRESENTATION_STYLE_ASSIGNMENT((#1663));
#701=ADVANCED_FACE('',(#1664),#1665,.T.);
#702=PRESENTATION_STYLE_ASSIGNMENT((#1666));
#703=ADVANCED_FACE('',(#1667),#1668,.T.);
#704=PRESENTATION_STYLE_ASSIGNMENT((#1669));
#705=ADVANCED_FACE('',(#1670),#1671,.T.);
#706=PRESENTATION_STYLE_ASSIGNMENT((#1672));
#707=ADVANCED_FACE('',(#1673),#1674,.T.);
#708=PRESENTATION_STYLE_ASSIGNMENT((#1675));
#709=ADVANCED_FACE('',(#1676),#1677,.T.);
#710=PRESENTATION_STYLE_ASSIGNMENT((#1678));
#711=ADVANCED_FACE('',(#1679),#1680,.T.);
#712=PRESENTATION_STYLE_ASSIGNMENT((#1681));
#713=ADVANCED_FACE('',(#1682),#1683,.T.);
#714=PRESENTATION_STYLE_ASSIGNMENT((#1684));
#715=ADVANCED_FACE('',(#1685),#1686,.T.);
#716=PRESENTATION_STYLE_ASSIGNMENT((#1687));
#717=ADVANCED_FACE('',(#1688),#1689,.T.);
#718=PRESENTATION_STYLE_ASSIGNMENT((#1690));
#719=ADVANCED_FACE('',(#1691),#1692,.T.);
#720=PRESENTATION_STYLE_ASSIGNMENT((#1693));
#721=ADVANCED_FACE('',(#1694),#1695,.T.);
#722=PRESENTATION_STYLE_ASSIGNMENT((#1696));
#723=ADVANCED_FACE('',(#1697),#1698,.T.);
#724=PRESENTATION_STYLE_ASSIGNMENT((#1699));
#725=ADVANCED_FACE('',(#1700),#1701,.T.);
#726=PRESENTATION_STYLE_ASSIGNMENT((#1702));
#727=ADVANCED_FACE('',(#1703),#1704,.T.);
#728=PRESENTATION_STYLE_ASSIGNMENT((#1705));
#729=ADVANCED_FACE('',(#1706),#1707,.T.);
#730=PRESENTATION_STYLE_ASSIGNMENT((#1708));
#731=ADVANCED_FACE('',(#1709),#1710,.T.);
#732=PRESENTATION_STYLE_ASSIGNMENT((#1711));
#733=ADVANCED_FACE('',(#1712),#1713,.T.);
#734=PRESENTATION_STYLE_ASSIGNMENT((#1714));
#735=ADVANCED_FACE('',(#1715),#1716,.T.);
#736=PRESENTATION_STYLE_ASSIGNMENT((#1717));
#737=ADVANCED_FACE('',(#1718),#1719,.T.);
#738=PRESENTATION_STYLE_ASSIGNMENT((#1720));
#739=ADVANCED_FACE('',(#1721),#1722,.T.);
#740=PRESENTATION_STYLE_ASSIGNMENT((#1723));
#741=ADVANCED_FACE('',(#1724),#1725,.T.);
#742=PRESENTATION_STYLE_ASSIGNMENT((#1726));
#743=ADVANCED_FACE('',(#1727),#1728,.T.);
#744=PRESENTATION_STYLE_ASSIGNMENT((#1729));
#745=ADVANCED_FACE('',(#1730),#1731,.T.);
#746=PRESENTATION_STYLE_ASSIGNMENT((#1732));
#747=ADVANCED_FACE('',(#1733),#1734,.T.);
#748=PRESENTATION_STYLE_ASSIGNMENT((#1735));
#749=ADVANCED_FACE('',(#1736),#1737,.T.);
#750=PRESENTATION_STYLE_ASSIGNMENT((#1738));
#751=ADVANCED_FACE('',(#1739),#1740,.T.);
#752=PRESENTATION_STYLE_ASSIGNMENT((#1741));
#753=ADVANCED_FACE('',(#1742),#1743,.T.);
#754=PRESENTATION_STYLE_ASSIGNMENT((#1744));
#755=ADVANCED_FACE('',(#1745),#1746,.T.);
#756=PRESENTATION_STYLE_ASSIGNMENT((#1747));
#757=ADVANCED_FACE('',(#1748),#1749,.T.);
#758=PRESENTATION_STYLE_ASSIGNMENT((#1750));
#759=ADVANCED_FACE('',(#1751),#1752,.T.);
#760=PRESENTATION_STYLE_ASSIGNMENT((#1753));
#761=ADVANCED_FACE('',(#1754),#1755,.T.);
#762=PRESENTATION_STYLE_ASSIGNMENT((#1756));
#763=ADVANCED_FACE('',(#1757),#1758,.T.);
#764=PRESENTATION_STYLE_ASSIGNMENT((#1759));
#765=ADVANCED_FACE('',(#1760),#1761,.T.);
#766=PRESENTATION_STYLE_ASSIGNMENT((#1762));
#767=ADVANCED_FACE('',(#1763),#1764,.T.);
#768=PRESENTATION_STYLE_ASSIGNMENT((#1765));
#769=ADVANCED_FACE('',(#1766),#1767,.T.);
#770=PRESENTATION_STYLE_ASSIGNMENT((#1768));
#771=ADVANCED_FACE('',(#1769),#1770,.T.);
#772=PRESENTATION_STYLE_ASSIGNMENT((#1771));
#773=ADVANCED_FACE('',(#1772),#1773,.T.);
#774=PRESENTATION_STYLE_ASSIGNMENT((#1774));
#775=ADVANCED_FACE('',(#1775),#1776,.T.);
#776=PRESENTATION_STYLE_ASSIGNMENT((#1777));
#777=ADVANCED_FACE('',(#1778),#1779,.T.);
#778=PRESENTATION_STYLE_ASSIGNMENT((#1780));
#779=ADVANCED_FACE('',(#1781),#1782,.T.);
#780=PRESENTATION_STYLE_ASSIGNMENT((#1783));
#781=ADVANCED_FACE('',(#1784),#1785,.T.);
#782=PRESENTATION_STYLE_ASSIGNMENT((#1786));
#783=ADVANCED_FACE('',(#1787),#1788,.T.);
#784=PRESENTATION_STYLE_ASSIGNMENT((#1789));
#785=ADVANCED_FACE('',(#1790),#1791,.T.);
#786=PRESENTATION_STYLE_ASSIGNMENT((#1792));
#787=ADVANCED_FACE('',(#1793),#1794,.T.);
#788=PRESENTATION_STYLE_ASSIGNMENT((#1795));
#789=ADVANCED_FACE('',(#1796),#1797,.T.);
#790=PRESENTATION_STYLE_ASSIGNMENT((#1798));
#791=ADVANCED_FACE('',(#1799),#1800,.T.);
#792=PRESENTATION_STYLE_ASSIGNMENT((#1801));
#793=ADVANCED_FACE('',(#1802),#1803,.T.);
#794=PRESENTATION_STYLE_ASSIGNMENT((#1804));
#795=ADVANCED_FACE('',(#1805),#1806,.T.);
#796=PRESENTATION_STYLE_ASSIGNMENT((#1807));
#797=ADVANCED_FACE('',(#1808),#1809,.T.);
#798=PRESENTATION_STYLE_ASSIGNMENT((#1810));
#799=ADVANCED_FACE('',(#1811),#1812,.T.);
#800=PRESENTATION_STYLE_ASSIGNMENT((#1813));
#801=ADVANCED_FACE('',(#1814),#1815,.T.);
#802=PRESENTATION_STYLE_ASSIGNMENT((#1816));
#803=ADVANCED_FACE('',(#1817),#1818,.T.);
#804=PRESENTATION_STYLE_ASSIGNMENT((#1819));
#805=ADVANCED_FACE('',(#1820),#1821,.T.);
#806=PRESENTATION_STYLE_ASSIGNMENT((#1822));
#807=ADVANCED_FACE('',(#1823),#1824,.T.);
#808=PRESENTATION_STYLE_ASSIGNMENT((#1825));
#809=ADVANCED_FACE('',(#1826),#1827,.T.);
#810=PRESENTATION_STYLE_ASSIGNMENT((#1828));
#811=ADVANCED_FACE('',(#1829),#1830,.T.);
#812=PRESENTATION_STYLE_ASSIGNMENT((#1831));
#813=ADVANCED_FACE('',(#1832),#1833,.T.);
#814=PRESENTATION_STYLE_ASSIGNMENT((#1834));
#815=ADVANCED_FACE('',(#1835),#1836,.T.);
#816=PRESENTATION_STYLE_ASSIGNMENT((#1837));
#817=ADVANCED_FACE('',(#1838),#1839,.T.);
#818=PRESENTATION_STYLE_ASSIGNMENT((#1840));
#819=ADVANCED_FACE('',(#1841),#1842,.T.);
#820=PRESENTATION_STYLE_ASSIGNMENT((#1843));
#821=ADVANCED_FACE('',(#1844),#1845,.T.);
#822=PRESENTATION_STYLE_ASSIGNMENT((#1846));
#823=ADVANCED_FACE('',(#1847),#1848,.T.);
#824=PRESENTATION_STYLE_ASSIGNMENT((#1849));
#825=ADVANCED_FACE('',(#1850),#1851,.T.);
#826=PRESENTATION_STYLE_ASSIGNMENT((#1852));
#827=ADVANCED_FACE('',(#1853),#1854,.T.);
#828=PRESENTATION_STYLE_ASSIGNMENT((#1855));
#829=ADVANCED_FACE('',(#1856),#1857,.T.);
#830=PRESENTATION_STYLE_ASSIGNMENT((#1858));
#831=ADVANCED_FACE('',(#1859),#1860,.T.);
#832=PRESENTATION_STYLE_ASSIGNMENT((#1861));
#833=ADVANCED_FACE('',(#1862),#1863,.T.);
#834=PRESENTATION_STYLE_ASSIGNMENT((#1864));
#835=ADVANCED_FACE('',(#1865),#1866,.T.);
#836=PRESENTATION_STYLE_ASSIGNMENT((#1867));
#837=ADVANCED_FACE('',(#1868),#1869,.T.);
#838=PRESENTATION_STYLE_ASSIGNMENT((#1870));
#839=ADVANCED_FACE('',(#1871),#1872,.T.);
#840=PRESENTATION_STYLE_ASSIGNMENT((#1873));
#841=ADVANCED_FACE('',(#1874),#1875,.T.);
#842=PRESENTATION_STYLE_ASSIGNMENT((#1876));
#843=ADVANCED_FACE('',(#1877),#1878,.T.);
#844=PRESENTATION_STYLE_ASSIGNMENT((#1879));
#845=ADVANCED_FACE('',(#1880),#1881,.T.);
#846=PRESENTATION_STYLE_ASSIGNMENT((#1882));
#847=ADVANCED_FACE('',(#1883),#1884,.T.);
#848=PRESENTATION_STYLE_ASSIGNMENT((#1885));
#849=ADVANCED_FACE('',(#1886),#1887,.T.);
#850=PRESENTATION_STYLE_ASSIGNMENT((#1888));
#851=ADVANCED_FACE('',(#1889),#1890,.T.);
#852=PRESENTATION_STYLE_ASSIGNMENT((#1891));
#853=ADVANCED_FACE('',(#1892),#1893,.T.);
#854=PRESENTATION_STYLE_ASSIGNMENT((#1894));
#855=ADVANCED_FACE('',(#1895),#1896,.T.);
#856=PRESENTATION_STYLE_ASSIGNMENT((#1897));
#857=ADVANCED_FACE('',(#1898),#1899,.T.);
#858=PRESENTATION_STYLE_ASSIGNMENT((#1900));
#859=ADVANCED_FACE('',(#1901),#1902,.T.);
#860=PRESENTATION_STYLE_ASSIGNMENT((#1903));
#861=ADVANCED_FACE('',(#1904),#1905,.T.);
#862=PRESENTATION_STYLE_ASSIGNMENT((#1906));
#863=ADVANCED_FACE('',(#1907),#1908,.T.);
#864=PRESENTATION_STYLE_ASSIGNMENT((#1909));
#865=ADVANCED_FACE('',(#1910),#1911,.T.);
#866=PRESENTATION_STYLE_ASSIGNMENT((#1912));
#867=ADVANCED_FACE('',(#1913),#1914,.T.);
#868=PRESENTATION_STYLE_ASSIGNMENT((#1915));
#869=ADVANCED_FACE('',(#1916),#1917,.T.);
#870=PRESENTATION_STYLE_ASSIGNMENT((#1918));
#871=ADVANCED_FACE('',(#1919),#1920,.T.);
#872=PRESENTATION_STYLE_ASSIGNMENT((#1921));
#873=ADVANCED_FACE('',(#1922),#1923,.T.);
#874=PRESENTATION_STYLE_ASSIGNMENT((#1924));
#875=ADVANCED_FACE('',(#1925),#1926,.T.);
#876=PRESENTATION_STYLE_ASSIGNMENT((#1927));
#877=ADVANCED_FACE('',(#1928),#1929,.T.);
#878=PRESENTATION_STYLE_ASSIGNMENT((#1930));
#879=ADVANCED_FACE('',(#1931),#1932,.T.);
#880=PRESENTATION_STYLE_ASSIGNMENT((#1933));
#881=ADVANCED_FACE('',(#1934),#1935,.T.);
#882=PRESENTATION_STYLE_ASSIGNMENT((#1936));
#883=ADVANCED_FACE('',(#1937),#1938,.T.);
#884=PRESENTATION_STYLE_ASSIGNMENT((#1939));
#885=ADVANCED_FACE('',(#1940),#1941,.T.);
#886=PRESENTATION_STYLE_ASSIGNMENT((#1942));
#887=ADVANCED_FACE('',(#1943),#1944,.T.);
#888=PRESENTATION_STYLE_ASSIGNMENT((#1945));
#889=ADVANCED_FACE('',(#1946),#1947,.T.);
#890=PRESENTATION_STYLE_ASSIGNMENT((#1948));
#891=ADVANCED_FACE('',(#1949),#1950,.T.);
#892=PRESENTATION_STYLE_ASSIGNMENT((#1951));
#893=ADVANCED_FACE('',(#1952),#1953,.T.);
#894=PRESENTATION_STYLE_ASSIGNMENT((#1954));
#895=ADVANCED_FACE('',(#1955),#1956,.T.);
#896=PRESENTATION_STYLE_ASSIGNMENT((#1957));
#897=ADVANCED_FACE('',(#1958),#1959,.T.);
#898=PRESENTATION_STYLE_ASSIGNMENT((#1960));
#899=ADVANCED_FACE('',(#1961),#1962,.T.);
#900=PRESENTATION_STYLE_ASSIGNMENT((#1963));
#901=ADVANCED_FACE('',(#1964),#1965,.T.);
#902=PRESENTATION_STYLE_ASSIGNMENT((#1966));
#903=ADVANCED_FACE('',(#1967),#1968,.T.);
#904=PRESENTATION_STYLE_ASSIGNMENT((#1969));
#905=ADVANCED_FACE('',(#1970),#1971,.T.);
#906=PRESENTATION_STYLE_ASSIGNMENT((#1972));
#907=ADVANCED_FACE('',(#1973),#1974,.T.);
#908=PRESENTATION_STYLE_ASSIGNMENT((#1975));
#909=ADVANCED_FACE('',(#1976),#1977,.T.);
#910=PRESENTATION_STYLE_ASSIGNMENT((#1978));
#911=ADVANCED_FACE('',(#1979),#1980,.T.);
#912=PRESENTATION_STYLE_ASSIGNMENT((#1981));
#913=ADVANCED_FACE('',(#1982),#1983,.T.);
#914=PRESENTATION_STYLE_ASSIGNMENT((#1984));
#915=ADVANCED_FACE('',(#1985),#1986,.T.);
#916=PRESENTATION_STYLE_ASSIGNMENT((#1987));
#917=ADVANCED_FACE('',(#1988),#1989,.T.);
#918=PRESENTATION_STYLE_ASSIGNMENT((#1990));
#919=ADVANCED_FACE('',(#1991),#1992,.T.);
#920=PRESENTATION_STYLE_ASSIGNMENT((#1993));
#921=ADVANCED_FACE('',(#1994),#1995,.T.);
#922=PRESENTATION_STYLE_ASSIGNMENT((#1996));
#923=ADVANCED_FACE('',(#1997),#1998,.T.);
#924=PRESENTATION_STYLE_ASSIGNMENT((#1999));
#925=ADVANCED_FACE('',(#2000),#2001,.T.);
#926=PRESENTATION_STYLE_ASSIGNMENT((#2002));
#927=ADVANCED_FACE('',(#2003),#2004,.T.);
#928=PRESENTATION_STYLE_ASSIGNMENT((#2005));
#929=ADVANCED_FACE('',(#2006),#2007,.T.);
#930=PRESENTATION_STYLE_ASSIGNMENT((#2008));
#931=ADVANCED_FACE('',(#2009),#2010,.T.);
#932=PRESENTATION_STYLE_ASSIGNMENT((#2011));
#933=ADVANCED_FACE('',(#2012),#2013,.T.);
#934=PRESENTATION_STYLE_ASSIGNMENT((#2014));
#935=ADVANCED_FACE('',(#2015),#2016,.T.);
#936=PRESENTATION_STYLE_ASSIGNMENT((#2017));
#937=ADVANCED_FACE('',(#2018),#2019,.T.);
#938=PRESENTATION_STYLE_ASSIGNMENT((#2020));
#939=ADVANCED_FACE('',(#2021),#2022,.T.);
#940=PRESENTATION_STYLE_ASSIGNMENT((#2023));
#941=ADVANCED_FACE('',(#2024),#2025,.T.);
#942=PRESENTATION_STYLE_ASSIGNMENT((#2026));
#943=ADVANCED_FACE('',(#2027),#2028,.T.);
#944=PRESENTATION_STYLE_ASSIGNMENT((#2029));
#945=ADVANCED_FACE('',(#2030),#2031,.T.);
#946=PRESENTATION_STYLE_ASSIGNMENT((#2032));
#947=ADVANCED_FACE('',(#2033),#2034,.T.);
#948=PRESENTATION_STYLE_ASSIGNMENT((#2035));
#949=ADVANCED_FACE('',(#2036),#2037,.T.);
#950=PRESENTATION_STYLE_ASSIGNMENT((#2038));
#951=ADVANCED_FACE('',(#2039),#2040,.T.);
#952=PRESENTATION_STYLE_ASSIGNMENT((#2041));
#953=ADVANCED_FACE('',(#2042),#2043,.T.);
#954=PRESENTATION_STYLE_ASSIGNMENT((#2044));
#955=ADVANCED_FACE('',(#2045),#2046,.T.);
#956=PRESENTATION_STYLE_ASSIGNMENT((#2047));
#957=ADVANCED_FACE('',(#2048),#2049,.T.);
#958=PRESENTATION_STYLE_ASSIGNMENT((#2050));
#959=ADVANCED_FACE('',(#2051),#2052,.T.);
#960=PRESENTATION_STYLE_ASSIGNMENT((#2053));
#961=ADVANCED_FACE('',(#2054),#2055,.T.);
#962=PRESENTATION_STYLE_ASSIGNMENT((#2056));
#963=ADVANCED_FACE('',(#2057),#2058,.T.);
#964=PRESENTATION_STYLE_ASSIGNMENT((#2059));
#965=ADVANCED_FACE('',(#2060),#2061,.T.);
#966=PRESENTATION_STYLE_ASSIGNMENT((#2062));
#967=ADVANCED_FACE('',(#2063),#2064,.T.);
#968=PRESENTATION_STYLE_ASSIGNMENT((#2065));
#969=ADVANCED_FACE('',(#2066),#2067,.T.);
#970=PRESENTATION_STYLE_ASSIGNMENT((#2068));
#971=ADVANCED_FACE('',(#2069),#2070,.T.);
#972=PRESENTATION_STYLE_ASSIGNMENT((#2071));
#973=ADVANCED_FACE('',(#2072),#2073,.T.);
#974=PRESENTATION_STYLE_ASSIGNMENT((#2074));
#975=ADVANCED_FACE('',(#2075),#2076,.T.);
#976=PRESENTATION_STYLE_ASSIGNMENT((#2077));
#977=ADVANCED_FACE('',(#2078),#2079,.T.);
#978=PRESENTATION_STYLE_ASSIGNMENT((#2080));
#979=ADVANCED_FACE('',(#2081),#2082,.T.);
#980=PRESENTATION_STYLE_ASSIGNMENT((#2083));
#981=ADVANCED_FACE('',(#2084),#2085,.T.);
#982=PRESENTATION_STYLE_ASSIGNMENT((#2086));
#983=ADVANCED_FACE('',(#2087),#2088,.T.);
#984=PRESENTATION_STYLE_ASSIGNMENT((#2089));
#985=ADVANCED_FACE('',(#2090),#2091,.T.);
#986=PRESENTATION_STYLE_ASSIGNMENT((#2092));
#987=ADVANCED_FACE('',(#2093),#2094,.T.);
#988=PRESENTATION_STYLE_ASSIGNMENT((#2095));
#989=ADVANCED_FACE('',(#2096),#2097,.T.);
#990=PRESENTATION_STYLE_ASSIGNMENT((#2098));
#991=ADVANCED_FACE('',(#2099),#2100,.T.);
#992=PRESENTATION_STYLE_ASSIGNMENT((#2101));
#993=ADVANCED_FACE('',(#2102),#2103,.T.);
#994=PRESENTATION_STYLE_ASSIGNMENT((#2104));
#995=ADVANCED_FACE('',(#2105),#2106,.T.);
#996=PRESENTATION_STYLE_ASSIGNMENT((#2107));
#997=ADVANCED_FACE('',(#2108),#2109,.T.);
#998=PRESENTATION_STYLE_ASSIGNMENT((#2110));
#999=ADVANCED_FACE('',(#2111),#2112,.T.);
#1000=PRESENTATION_STYLE_ASSIGNMENT((#2113));
#1001=ADVANCED_FACE('',(#2114),#2115,.T.);
#1002=PRESENTATION_STYLE_ASSIGNMENT((#2116));
#1003=ADVANCED_FACE('',(#2117),#2118,.T.);
#1004=PRESENTATION_STYLE_ASSIGNMENT((#2119));
#1005=ADVANCED_FACE('',(#2120),#2121,.T.);
#1006=PRESENTATION_STYLE_ASSIGNMENT((#2122));
#1007=ADVANCED_FACE('',(#2123),#2124,.T.);
#1008=PRESENTATION_STYLE_ASSIGNMENT((#2125));
#1009=ADVANCED_FACE('',(#2126),#2127,.T.);
#1010=PRESENTATION_STYLE_ASSIGNMENT((#2128));
#1011=ADVANCED_FACE('',(#2129),#2130,.T.);
#1012=PRESENTATION_STYLE_ASSIGNMENT((#2131));
#1013=ADVANCED_FACE('',(#2132),#2133,.T.);
#1014=PRESENTATION_STYLE_ASSIGNMENT((#2134));
#1015=ADVANCED_FACE('',(#2135),#2136,.T.);
#1016=PRESENTATION_STYLE_ASSIGNMENT((#2137));
#1017=ADVANCED_FACE('',(#2138),#2139,.T.);
#1018=PRESENTATION_STYLE_ASSIGNMENT((#2140));
#1019=ADVANCED_FACE('',(#2141),#2142,.T.);
#1020=PRESENTATION_STYLE_ASSIGNMENT((#2143));
#1021=ADVANCED_FACE('',(#2144),#2145,.T.);
#1022=PRESENTATION_STYLE_ASSIGNMENT((#2146));
#1023=ADVANCED_FACE('',(#2147),#2148,.T.);
#1024=PRESENTATION_STYLE_ASSIGNMENT((#2149));
#1025=ADVANCED_FACE('',(#2150),#2151,.T.);
#1026=PRESENTATION_STYLE_ASSIGNMENT((#2152));
#1027=ADVANCED_FACE('',(#2153),#2154,.T.);
#1028=PRESENTATION_STYLE_ASSIGNMENT((#2155));
#1029=ADVANCED_FACE('',(#2156),#2157,.T.);
#1030=PRESENTATION_STYLE_ASSIGNMENT((#2158));
#1031=ADVANCED_FACE('',(#2159),#2160,.T.);
#1032=PRESENTATION_STYLE_ASSIGNMENT((#2161));
#1033=ADVANCED_FACE('',(#2162),#2163,.T.);
#1034=PRESENTATION_STYLE_ASSIGNMENT((#2164));
#1035=ADVANCED_FACE('',(#2165),#2166,.T.);
#1036=PRESENTATION_STYLE_ASSIGNMENT((#2167));
#1037=ADVANCED_FACE('',(#2168),#2169,.T.);
#1038=PRESENTATION_STYLE_ASSIGNMENT((#2170));
#1039=ADVANCED_FACE('',(#2171),#2172,.T.);
#1040=PRESENTATION_STYLE_ASSIGNMENT((#2173));
#1041=ADVANCED_FACE('',(#2174),#2175,.T.);
#1042=PRESENTATION_STYLE_ASSIGNMENT((#2176));
#1043=ADVANCED_FACE('',(#2177),#2178,.T.);
#1044=PRESENTATION_STYLE_ASSIGNMENT((#2179));
#1045=ADVANCED_FACE('',(#2180),#2181,.T.);
#1046=PRESENTATION_STYLE_ASSIGNMENT((#2182));
#1047=ADVANCED_FACE('',(#2183),#2184,.T.);
#1048=PRESENTATION_STYLE_ASSIGNMENT((#2185));
#1049=ADVANCED_FACE('',(#2186),#2187,.T.);
#1050=PRESENTATION_STYLE_ASSIGNMENT((#2188));
#1051=ADVANCED_FACE('',(#2189),#2190,.T.);
#1052=PRESENTATION_STYLE_ASSIGNMENT((#2191));
#1053=ADVANCED_FACE('',(#2192),#2193,.T.);
#1054=PRESENTATION_STYLE_ASSIGNMENT((#2194));
#1055=ADVANCED_FACE('',(#2195),#2196,.T.);
#1056=PRESENTATION_STYLE_ASSIGNMENT((#2197));
#1057=ADVANCED_FACE('',(#2198),#2199,.T.);
#1058=PRESENTATION_STYLE_ASSIGNMENT((#2200));
#1059=ADVANCED_FACE('',(#2201),#2202,.T.);
#1060=PRESENTATION_STYLE_ASSIGNMENT((#2203));
#1061=ADVANCED_FACE('',(#2204),#2205,.T.);
#1062=PRESENTATION_STYLE_ASSIGNMENT((#2206));
#1063=ADVANCED_FACE('',(#2207),#2208,.T.);
#1064=PRESENTATION_STYLE_ASSIGNMENT((#2209));
#1065=ADVANCED_FACE('',(#2210),#2211,.T.);
#1066=PRESENTATION_STYLE_ASSIGNMENT((#2212));
#1067=ADVANCED_FACE('',(#2213),#2214,.T.);
#1068=PRESENTATION_STYLE_ASSIGNMENT((#2215));
#1069=ADVANCED_FACE('',(#2216),#2217,.T.);
#1070=PRESENTATION_STYLE_ASSIGNMENT((#2218));
#1071=ADVANCED_FACE('',(#2219),#2220,.T.);
#1072=PRESENTATION_STYLE_ASSIGNMENT((#2221));
#1073=ADVANCED_FACE('',(#2222),#2223,.T.);
#1074=PRESENTATION_STYLE_ASSIGNMENT((#2224));
#1075=ADVANCED_FACE('',(#2225),#2226,.T.);
#1076=PRESENTATION_STYLE_ASSIGNMENT((#2227));
#1077=ADVANCED_FACE('',(#2228),#2229,.T.);
#1078=PRESENTATION_STYLE_ASSIGNMENT((#2230));
#1079=ADVANCED_FACE('',(#2231),#2232,.T.);
#1080=PRESENTATION_STYLE_ASSIGNMENT((#2233));
#1081=ADVANCED_FACE('',(#2234),#2235,.T.);
#1082=PRESENTATION_STYLE_ASSIGNMENT((#2236));
#1083=ADVANCED_FACE('',(#2237),#2238,.T.);
#1084=PRESENTATION_STYLE_ASSIGNMENT((#2239));
#1085=ADVANCED_FACE('',(#2240),#2241,.T.);
#1086=PRESENTATION_STYLE_ASSIGNMENT((#2242));
#1087=ADVANCED_FACE('',(#2243),#2244,.T.);
#1088=PRESENTATION_STYLE_ASSIGNMENT((#2245));
#1089=ADVANCED_FACE('',(#2246),#2247,.T.);
#1090=PRESENTATION_STYLE_ASSIGNMENT((#2248));
#1091=ADVANCED_FACE('',(#2249),#2250,.T.);
#1092=PRESENTATION_STYLE_ASSIGNMENT((#2251));
#1093=ADVANCED_FACE('',(#2252),#2253,.T.);
#1094=PRESENTATION_STYLE_ASSIGNMENT((#2254));
#1095=ADVANCED_FACE('',(#2255),#2256,.T.);
#1096=PRESENTATION_STYLE_ASSIGNMENT((#2257));
#1097=ADVANCED_FACE('',(#2258),#2259,.T.);
#1098=PRESENTATION_STYLE_ASSIGNMENT((#2260));
#1099=ADVANCED_FACE('',(#2261),#2262,.T.);
#1100=PRESENTATION_STYLE_ASSIGNMENT((#2263));
#1101=ADVANCED_FACE('',(#2264),#2265,.T.);
#1102=PRESENTATION_STYLE_ASSIGNMENT((#2266));
#1103=ADVANCED_FACE('',(#2267),#2268,.T.);
#1104=PRESENTATION_STYLE_ASSIGNMENT((#2269));
#1105=ADVANCED_FACE('',(#2270),#2271,.T.);
#1106=PRESENTATION_STYLE_ASSIGNMENT((#2272));
#1107=ADVANCED_FACE('',(#2273),#2274,.T.);
#1108=PRESENTATION_STYLE_ASSIGNMENT((#2275));
#1109=ADVANCED_FACE('',(#2276),#2277,.T.);
#1110=PRESENTATION_STYLE_ASSIGNMENT((#2278));
#1111=ADVANCED_FACE('',(#2279),#2280,.T.);
#1112=PRESENTATION_STYLE_ASSIGNMENT((#2281));
#1113=ADVANCED_FACE('',(#2282),#2283,.T.);
#1114=PRESENTATION_STYLE_ASSIGNMENT((#2284));
#1115=ADVANCED_FACE('',(#2285),#2286,.T.);
#1116=PRESENTATION_STYLE_ASSIGNMENT((#2287));
#1117=ADVANCED_FACE('',(#2288),#2289,.T.);
#1118=PRESENTATION_STYLE_ASSIGNMENT((#2290));
#1119=ADVANCED_FACE('',(#2291),#2292,.T.);
#1120=PRESENTATION_STYLE_ASSIGNMENT((#2293));
#1121=ADVANCED_FACE('',(#2294),#2295,.T.);
#1122=PRESENTATION_STYLE_ASSIGNMENT((#2296));
#1123=ADVANCED_FACE('',(#2297),#2298,.T.);
#1124=PRESENTATION_STYLE_ASSIGNMENT((#2299));
#1125=ADVANCED_FACE('',(#2300),#2301,.T.);
#1126=PRESENTATION_STYLE_ASSIGNMENT((#2302));
#1127=ADVANCED_FACE('',(#2303),#2304,.T.);
#1128=PRESENTATION_STYLE_ASSIGNMENT((#2305));
#1129=ADVANCED_FACE('',(#2306),#2307,.T.);
#1130=PRESENTATION_STYLE_ASSIGNMENT((#2308));
#1131=ADVANCED_FACE('',(#2309),#2310,.T.);
#1132=PRESENTATION_STYLE_ASSIGNMENT((#2311));
#1133=ADVANCED_FACE('',(#2312),#2313,.T.);
#1134=PRESENTATION_STYLE_ASSIGNMENT((#2314));
#1135=ADVANCED_FACE('',(#2315),#2316,.T.);
#1136=PRESENTATION_STYLE_ASSIGNMENT((#2317));
#1137=ADVANCED_FACE('',(#2318),#2319,.T.);
#1138=PRESENTATION_STYLE_ASSIGNMENT((#2320));
#1139=ADVANCED_FACE('',(#2321),#2322,.T.);
#1140=PRESENTATION_STYLE_ASSIGNMENT((#2323));
#1141=ADVANCED_FACE('',(#2324),#2325,.T.);
#1142=PRESENTATION_STYLE_ASSIGNMENT((#2326));
#1143=ADVANCED_FACE('',(#2327),#2328,.T.);
#1144=PRESENTATION_STYLE_ASSIGNMENT((#2329));
#1145=ADVANCED_FACE('',(#2330),#2331,.T.);
#1146=PRESENTATION_STYLE_ASSIGNMENT((#2332));
#1147=ADVANCED_FACE('',(#2333),#2334,.T.);
#1148=PRESENTATION_STYLE_ASSIGNMENT((#2335));
#1149=ADVANCED_FACE('',(#2336),#2337,.T.);
#1150=PRESENTATION_STYLE_ASSIGNMENT((#2338));
#1151=ADVANCED_FACE('',(#2339),#2340,.T.);
#1152=PRESENTATION_STYLE_ASSIGNMENT((#2341));
#1153=ADVANCED_FACE('',(#2342),#2343,.T.);
#1154=PRESENTATION_STYLE_ASSIGNMENT((#2344));
#1155=ADVANCED_FACE('',(#2345),#2346,.T.);
#1156=PRESENTATION_STYLE_ASSIGNMENT((#2347));
#1157=ADVANCED_FACE('',(#2348),#2349,.F.);
#1158=PRESENTATION_STYLE_ASSIGNMENT((#2350));
#1159=ADVANCED_FACE('',(#2351),#2352,.T.);
#1160=PRESENTATION_STYLE_ASSIGNMENT((#2353));
#1161=ADVANCED_FACE('',(#2354),#2355,.T.);
#1162=PRESENTATION_STYLE_ASSIGNMENT((#2356));
#1163=ADVANCED_FACE('',(#2357),#2358,.T.);
#1164=PRESENTATION_STYLE_ASSIGNMENT((#2359));
#1165=ADVANCED_FACE('',(#2360,#2361,#2362,#2363,#2364,#2365,#2366,#2367,#2368,#2369,#2370,#2371,#2372,#2373,#2374,#2375,#2376,#2377,#2378,#2379,#2380,#2381,#2382,#2383,#2384),#2385,.F.);
#1166=PRESENTATION_STYLE_ASSIGNMENT((#2386));
#1167=ADVANCED_FACE('',(#2387),#2388,.F.);
#1168=PRESENTATION_STYLE_ASSIGNMENT((#2389));
#1169=ADVANCED_FACE('',(#2390),#2391,.T.);
#1170=PRESENTATION_STYLE_ASSIGNMENT((#2392));
#1171=ADVANCED_FACE('',(#2393),#2394,.T.);
#1172=PRESENTATION_STYLE_ASSIGNMENT((#2395));
#1173=ADVANCED_FACE('',(#2396),#2397,.F.);
#1174=PRESENTATION_STYLE_ASSIGNMENT((#2398));
#1175=ADVANCED_FACE('',(#2399),#2400,.T.);
#1176=PRESENTATION_STYLE_ASSIGNMENT((#2401));
#1177=ADVANCED_FACE('',(#2402),#2403,.F.);
#1178=PRESENTATION_STYLE_ASSIGNMENT((#2404));
#1179=ADVANCED_FACE('',(#2405),#2406,.T.);
#1180=PRESENTATION_STYLE_ASSIGNMENT((#2407));
#1181=ADVANCED_FACE('',(#2408),#2409,.T.);
#1182=PRESENTATION_STYLE_ASSIGNMENT((#2410));
#1183=ADVANCED_FACE('',(#2411),#2412,.T.);
#1184=PRESENTATION_STYLE_ASSIGNMENT((#2413));
#1185=ADVANCED_FACE('',(#2414),#2415,.T.);
#1186=PRESENTATION_STYLE_ASSIGNMENT((#2416));
#1187=ADVANCED_FACE('',(#2417,#2418,#2419,#2420,#2421,#2422,#2423,#2424,#2425,#2426,#2427,#2428,#2429,#2430,#2431,#2432,#2433,#2434,#2435,#2436,#2437),#2438,.F.);
#1188=PRESENTATION_STYLE_ASSIGNMENT((#2439));
#1189=ADVANCED_FACE('',(#2440),#2441,.F.);
#1190=PRESENTATION_STYLE_ASSIGNMENT((#2442));
#1191=ADVANCED_FACE('',(#2443),#2444,.F.);
#1192=PRESENTATION_STYLE_ASSIGNMENT((#2445));
#1193=ADVANCED_FACE('',(#2446),#2447,.F.);
#1194=PRESENTATION_STYLE_ASSIGNMENT((#2448));
#1195=ADVANCED_FACE('',(#2449),#2450,.F.);
#1196=PRESENTATION_STYLE_ASSIGNMENT((#2451));
#1197=ADVANCED_FACE('',(#2452),#2453,.T.);
#1198=PRESENTATION_STYLE_ASSIGNMENT((#2454));
#1199=ADVANCED_FACE('',(#2455),#2456,.T.);
#1200=PRESENTATION_STYLE_ASSIGNMENT((#2457));
#1201=ADVANCED_FACE('',(#2458),#2459,.T.);
#1202=PRESENTATION_STYLE_ASSIGNMENT((#2460));
#1203=ADVANCED_FACE('',(#2461),#2462,.T.);
#1204=PRESENTATION_STYLE_ASSIGNMENT((#2463));
#1205=ADVANCED_FACE('',(#2464),#2465,.F.);
#1206=PRESENTATION_STYLE_ASSIGNMENT((#2466));
#1207=ADVANCED_FACE('',(#2467),#2468,.F.);
#1208=PRESENTATION_STYLE_ASSIGNMENT((#2469));
#1209=ADVANCED_FACE('',(#2470),#2471,.F.);
#1210=PRESENTATION_STYLE_ASSIGNMENT((#2472));
#1211=ADVANCED_FACE('',(#2473),#2474,.F.);
#1212=PRESENTATION_STYLE_ASSIGNMENT((#2475));
#1213=ADVANCED_FACE('',(#2476),#2477,.T.);
#1214=PRESENTATION_STYLE_ASSIGNMENT((#2478));
#1215=ADVANCED_FACE('',(#2479),#2480,.T.);
#1216=PRESENTATION_STYLE_ASSIGNMENT((#2481));
#1217=ADVANCED_FACE('',(#2482),#2483,.T.);
#1218=PRESENTATION_STYLE_ASSIGNMENT((#2484));
#1219=ADVANCED_FACE('',(#2485),#2486,.T.);
#1220=PRESENTATION_STYLE_ASSIGNMENT((#2487));
#1221=ADVANCED_FACE('',(#2488),#2489,.T.);
#1222=PRESENTATION_STYLE_ASSIGNMENT((#2490));
#1223=ADVANCED_FACE('',(#2491),#2492,.T.);
#1224=PRESENTATION_STYLE_ASSIGNMENT((#2493));
#1225=ADVANCED_FACE('',(#2494),#2495,.T.);
#1226=PRESENTATION_STYLE_ASSIGNMENT((#2496));
#1227=ADVANCED_FACE('',(#2497),#2498,.T.);
#1228=PRESENTATION_STYLE_ASSIGNMENT((#2499));
#1229=ADVANCED_FACE('',(#2500),#2501,.T.);
#1230=PRESENTATION_STYLE_ASSIGNMENT((#2502));
#1231=ADVANCED_FACE('',(#2503),#2504,.T.);
#1232=PRESENTATION_STYLE_ASSIGNMENT((#2505));
#1233=ADVANCED_FACE('',(#2506),#2507,.T.);
#1234=PRESENTATION_STYLE_ASSIGNMENT((#2508));
#1235=ADVANCED_FACE('',(#2509,#2510),#2511,.T.);
#1236=PRESENTATION_STYLE_ASSIGNMENT((#2512));
#1237=ADVANCED_FACE('',(#2513),#2514,.T.);
#1238=PRODUCT('tst-110-01-l-d','tst-110-01-l-d','PART-tst-110-01-l-d-DESC',(#2515));
#1239=PRODUCT_DEFINITION('','NONE',#2516,#2);
#1240=MANIFOLD_SOLID_BREP('tst-110-01-l-d',#2517);
#1241=AXIS2_PLACEMENT_3D('',#2518,#2519,#2520);
#1244=LENGTH_MEASURE_WITH_UNIT(LENGTH_MEASURE(1.0),#2521);
#1247=DIMENSIONAL_EXPONENTS(1.0,0.0,0.0,0.0,0.0,0.0,0.0);
#1249=DIMENSIONAL_EXPONENTS(0.0,0.0,0.0,0.0,0.0,0.0,0.0);
#1255=SURFACE_STYLE_USAGE(.BOTH.,#2522);
#1256=FACE_OUTER_BOUND('',#2523,.T.);
#1257=PLANE('',#2524);
#1258=SURFACE_STYLE_USAGE(.BOTH.,#2525);
#1259=FACE_OUTER_BOUND('',#2526,.T.);
#1260=PLANE('',#2527);
#1261=SURFACE_STYLE_USAGE(.BOTH.,#2528);
#1262=FACE_OUTER_BOUND('',#2529,.T.);
#1263=PLANE('',#2530);
#1264=SURFACE_STYLE_USAGE(.BOTH.,#2531);
#1265=FACE_OUTER_BOUND('',#2532,.T.);
#1266=PLANE('',#2533);
#1267=SURFACE_STYLE_USAGE(.BOTH.,#2534);
#1268=FACE_OUTER_BOUND('',#2535,.T.);
#1269=PLANE('',#2536);
#1270=SURFACE_STYLE_USAGE(.BOTH.,#2537);
#1271=FACE_OUTER_BOUND('',#2538,.T.);
#1272=PLANE('',#2539);
#1273=SURFACE_STYLE_USAGE(.BOTH.,#2540);
#1274=FACE_OUTER_BOUND('',#2541,.T.);
#1275=PLANE('',#2542);
#1276=SURFACE_STYLE_USAGE(.BOTH.,#2543);
#1277=FACE_OUTER_BOUND('',#2544,.T.);
#1278=PLANE('',#2545);
#1279=SURFACE_STYLE_USAGE(.BOTH.,#2546);
#1280=FACE_OUTER_BOUND('',#2547,.T.);
#1281=PLANE('',#2548);
#1282=SURFACE_STYLE_USAGE(.BOTH.,#2549);
#1283=FACE_OUTER_BOUND('',#2550,.T.);
#1284=PLANE('',#2551);
#1285=SURFACE_STYLE_USAGE(.BOTH.,#2552);
#1286=FACE_OUTER_BOUND('',#2553,.T.);
#1287=PLANE('',#2554);
#1288=SURFACE_STYLE_USAGE(.BOTH.,#2555);
#1289=FACE_OUTER_BOUND('',#2556,.T.);
#1290=PLANE('',#2557);
#1291=SURFACE_STYLE_USAGE(.BOTH.,#2558);
#1292=FACE_OUTER_BOUND('',#2559,.T.);
#1293=PLANE('',#2560);
#1294=SURFACE_STYLE_USAGE(.BOTH.,#2561);
#1295=FACE_OUTER_BOUND('',#2562,.T.);
#1296=PLANE('',#2563);
#1297=SURFACE_STYLE_USAGE(.BOTH.,#2564);
#1298=FACE_OUTER_BOUND('',#2565,.T.);
#1299=PLANE('',#2566);
#1300=SURFACE_STYLE_USAGE(.BOTH.,#2567);
#1301=FACE_OUTER_BOUND('',#2568,.T.);
#1302=PLANE('',#2569);
#1303=SURFACE_STYLE_USAGE(.BOTH.,#2570);
#1304=FACE_OUTER_BOUND('',#2571,.T.);
#1305=PLANE('',#2572);
#1306=SURFACE_STYLE_USAGE(.BOTH.,#2573);
#1307=FACE_OUTER_BOUND('',#2574,.T.);
#1308=PLANE('',#2575);
#1309=SURFACE_STYLE_USAGE(.BOTH.,#2576);
#1310=FACE_OUTER_BOUND('',#2577,.T.);
#1311=PLANE('',#2578);
#1312=SURFACE_STYLE_USAGE(.BOTH.,#2579);
#1313=FACE_OUTER_BOUND('',#2580,.T.);
#1314=PLANE('',#2581);
#1315=SURFACE_STYLE_USAGE(.BOTH.,#2582);
#1316=FACE_OUTER_BOUND('',#2583,.T.);
#1317=PLANE('',#2584);
#1318=SURFACE_STYLE_USAGE(.BOTH.,#2585);
#1319=FACE_OUTER_BOUND('',#2586,.T.);
#1320=PLANE('',#2587);
#1321=SURFACE_STYLE_USAGE(.BOTH.,#2588);
#1322=FACE_OUTER_BOUND('',#2589,.T.);
#1323=PLANE('',#2590);
#1324=SURFACE_STYLE_USAGE(.BOTH.,#2591);
#1325=FACE_OUTER_BOUND('',#2592,.T.);
#1326=PLANE('',#2593);
#1327=SURFACE_STYLE_USAGE(.BOTH.,#2594);
#1328=FACE_OUTER_BOUND('',#2595,.T.);
#1329=PLANE('',#2596);
#1330=SURFACE_STYLE_USAGE(.BOTH.,#2597);
#1331=FACE_OUTER_BOUND('',#2598,.T.);
#1332=PLANE('',#2599);
#1333=SURFACE_STYLE_USAGE(.BOTH.,#2600);
#1334=FACE_OUTER_BOUND('',#2601,.T.);
#1335=PLANE('',#2602);
#1336=SURFACE_STYLE_USAGE(.BOTH.,#2603);
#1337=FACE_OUTER_BOUND('',#2604,.T.);
#1338=PLANE('',#2605);
#1339=SURFACE_STYLE_USAGE(.BOTH.,#2606);
#1340=FACE_OUTER_BOUND('',#2607,.T.);
#1341=PLANE('',#2608);
#1342=SURFACE_STYLE_USAGE(.BOTH.,#2609);
#1343=FACE_OUTER_BOUND('',#2610,.T.);
#1344=PLANE('',#2611);
#1345=SURFACE_STYLE_USAGE(.BOTH.,#2612);
#1346=FACE_OUTER_BOUND('',#2613,.T.);
#1347=PLANE('',#2614);
#1348=SURFACE_STYLE_USAGE(.BOTH.,#2615);
#1349=FACE_OUTER_BOUND('',#2616,.T.);
#1350=PLANE('',#2617);
#1351=SURFACE_STYLE_USAGE(.BOTH.,#2618);
#1352=FACE_OUTER_BOUND('',#2619,.T.);
#1353=PLANE('',#2620);
#1354=SURFACE_STYLE_USAGE(.BOTH.,#2621);
#1355=FACE_OUTER_BOUND('',#2622,.T.);
#1356=PLANE('',#2623);
#1357=SURFACE_STYLE_USAGE(.BOTH.,#2624);
#1358=FACE_OUTER_BOUND('',#2625,.T.);
#1359=PLANE('',#2626);
#1360=SURFACE_STYLE_USAGE(.BOTH.,#2627);
#1361=FACE_OUTER_BOUND('',#2628,.T.);
#1362=PLANE('',#2629);
#1363=SURFACE_STYLE_USAGE(.BOTH.,#2630);
#1364=FACE_OUTER_BOUND('',#2631,.T.);
#1365=PLANE('',#2632);
#1366=SURFACE_STYLE_USAGE(.BOTH.,#2633);
#1367=FACE_OUTER_BOUND('',#2634,.T.);
#1368=PLANE('',#2635);
#1369=SURFACE_STYLE_USAGE(.BOTH.,#2636);
#1370=FACE_OUTER_BOUND('',#2637,.T.);
#1371=PLANE('',#2638);
#1372=SURFACE_STYLE_USAGE(.BOTH.,#2639);
#1373=FACE_OUTER_BOUND('',#2640,.T.);
#1374=PLANE('',#2641);
#1375=SURFACE_STYLE_USAGE(.BOTH.,#2642);
#1376=FACE_OUTER_BOUND('',#2643,.T.);
#1377=PLANE('',#2644);
#1378=SURFACE_STYLE_USAGE(.BOTH.,#2645);
#1379=FACE_OUTER_BOUND('',#2646,.T.);
#1380=PLANE('',#2647);
#1381=SURFACE_STYLE_USAGE(.BOTH.,#2648);
#1382=FACE_OUTER_BOUND('',#2649,.T.);
#1383=PLANE('',#2650);
#1384=SURFACE_STYLE_USAGE(.BOTH.,#2651);
#1385=FACE_OUTER_BOUND('',#2652,.T.);
#1386=PLANE('',#2653);
#1387=SURFACE_STYLE_USAGE(.BOTH.,#2654);
#1388=FACE_OUTER_BOUND('',#2655,.T.);
#1389=PLANE('',#2656);
#1390=SURFACE_STYLE_USAGE(.BOTH.,#2657);
#1391=FACE_OUTER_BOUND('',#2658,.T.);
#1392=PLANE('',#2659);
#1393=SURFACE_STYLE_USAGE(.BOTH.,#2660);
#1394=FACE_OUTER_BOUND('',#2661,.T.);
#1395=PLANE('',#2662);
#1396=SURFACE_STYLE_USAGE(.BOTH.,#2663);
#1397=FACE_OUTER_BOUND('',#2664,.T.);
#1398=PLANE('',#2665);
#1399=SURFACE_STYLE_USAGE(.BOTH.,#2666);
#1400=FACE_OUTER_BOUND('',#2667,.T.);
#1401=PLANE('',#2668);
#1402=SURFACE_STYLE_USAGE(.BOTH.,#2669);
#1403=FACE_OUTER_BOUND('',#2670,.T.);
#1404=PLANE('',#2671);
#1405=SURFACE_STYLE_USAGE(.BOTH.,#2672);
#1406=FACE_OUTER_BOUND('',#2673,.T.);
#1407=PLANE('',#2674);
#1408=SURFACE_STYLE_USAGE(.BOTH.,#2675);
#1409=FACE_OUTER_BOUND('',#2676,.T.);
#1410=PLANE('',#2677);
#1411=SURFACE_STYLE_USAGE(.BOTH.,#2678);
#1412=FACE_OUTER_BOUND('',#2679,.T.);
#1413=PLANE('',#2680);
#1414=SURFACE_STYLE_USAGE(.BOTH.,#2681);
#1415=FACE_OUTER_BOUND('',#2682,.T.);
#1416=PLANE('',#2683);
#1417=SURFACE_STYLE_USAGE(.BOTH.,#2684);
#1418=FACE_OUTER_BOUND('',#2685,.T.);
#1419=PLANE('',#2686);
#1420=SURFACE_STYLE_USAGE(.BOTH.,#2687);
#1421=FACE_OUTER_BOUND('',#2688,.T.);
#1422=PLANE('',#2689);
#1423=SURFACE_STYLE_USAGE(.BOTH.,#2690);
#1424=FACE_OUTER_BOUND('',#2691,.T.);
#1425=PLANE('',#2692);
#1426=SURFACE_STYLE_USAGE(.BOTH.,#2693);
#1427=FACE_OUTER_BOUND('',#2694,.T.);
#1428=PLANE('',#2695);
#1429=SURFACE_STYLE_USAGE(.BOTH.,#2696);
#1430=FACE_OUTER_BOUND('',#2697,.T.);
#1431=PLANE('',#2698);
#1432=SURFACE_STYLE_USAGE(.BOTH.,#2699);
#1433=FACE_OUTER_BOUND('',#2700,.T.);
#1434=PLANE('',#2701);
#1435=SURFACE_STYLE_USAGE(.BOTH.,#2702);
#1436=FACE_OUTER_BOUND('',#2703,.T.);
#1437=PLANE('',#2704);
#1438=SURFACE_STYLE_USAGE(.BOTH.,#2705);
#1439=FACE_OUTER_BOUND('',#2706,.T.);
#1440=PLANE('',#2707);
#1441=SURFACE_STYLE_USAGE(.BOTH.,#2708);
#1442=FACE_OUTER_BOUND('',#2709,.T.);
#1443=PLANE('',#2710);
#1444=SURFACE_STYLE_USAGE(.BOTH.,#2711);
#1445=FACE_OUTER_BOUND('',#2712,.T.);
#1446=PLANE('',#2713);
#1447=SURFACE_STYLE_USAGE(.BOTH.,#2714);
#1448=FACE_OUTER_BOUND('',#2715,.T.);
#1449=PLANE('',#2716);
#1450=SURFACE_STYLE_USAGE(.BOTH.,#2717);
#1451=FACE_OUTER_BOUND('',#2718,.T.);
#1452=PLANE('',#2719);
#1453=SURFACE_STYLE_USAGE(.BOTH.,#2720);
#1454=FACE_OUTER_BOUND('',#2721,.T.);
#1455=PLANE('',#2722);
#1456=SURFACE_STYLE_USAGE(.BOTH.,#2723);
#1457=FACE_OUTER_BOUND('',#2724,.T.);
#1458=PLANE('',#2725);
#1459=SURFACE_STYLE_USAGE(.BOTH.,#2726);
#1460=FACE_OUTER_BOUND('',#2727,.T.);
#1461=PLANE('',#2728);
#1462=SURFACE_STYLE_USAGE(.BOTH.,#2729);
#1463=FACE_OUTER_BOUND('',#2730,.T.);
#1464=PLANE('',#2731);
#1465=SURFACE_STYLE_USAGE(.BOTH.,#2732);
#1466=FACE_OUTER_BOUND('',#2733,.T.);
#1467=PLANE('',#2734);
#1468=SURFACE_STYLE_USAGE(.BOTH.,#2735);
#1469=FACE_OUTER_BOUND('',#2736,.T.);
#1470=PLANE('',#2737);
#1471=SURFACE_STYLE_USAGE(.BOTH.,#2738);
#1472=FACE_OUTER_BOUND('',#2739,.T.);
#1473=PLANE('',#2740);
#1474=SURFACE_STYLE_USAGE(.BOTH.,#2741);
#1475=FACE_OUTER_BOUND('',#2742,.T.);
#1476=PLANE('',#2743);
#1477=SURFACE_STYLE_USAGE(.BOTH.,#2744);
#1478=FACE_OUTER_BOUND('',#2745,.T.);
#1479=PLANE('',#2746);
#1480=SURFACE_STYLE_USAGE(.BOTH.,#2747);
#1481=FACE_OUTER_BOUND('',#2748,.T.);
#1482=PLANE('',#2749);
#1483=SURFACE_STYLE_USAGE(.BOTH.,#2750);
#1484=FACE_OUTER_BOUND('',#2751,.T.);
#1485=PLANE('',#2752);
#1486=SURFACE_STYLE_USAGE(.BOTH.,#2753);
#1487=FACE_OUTER_BOUND('',#2754,.T.);
#1488=PLANE('',#2755);
#1489=SURFACE_STYLE_USAGE(.BOTH.,#2756);
#1490=FACE_OUTER_BOUND('',#2757,.T.);
#1491=PLANE('',#2758);
#1492=SURFACE_STYLE_USAGE(.BOTH.,#2759);
#1493=FACE_OUTER_BOUND('',#2760,.T.);
#1494=PLANE('',#2761);
#1495=SURFACE_STYLE_USAGE(.BOTH.,#2762);
#1496=FACE_OUTER_BOUND('',#2763,.T.);
#1497=PLANE('',#2764);
#1498=SURFACE_STYLE_USAGE(.BOTH.,#2765);
#1499=FACE_OUTER_BOUND('',#2766,.T.);
#1500=PLANE('',#2767);
#1501=SURFACE_STYLE_USAGE(.BOTH.,#2768);
#1502=FACE_OUTER_BOUND('',#2769,.T.);
#1503=PLANE('',#2770);
#1504=SURFACE_STYLE_USAGE(.BOTH.,#2771);
#1505=FACE_OUTER_BOUND('',#2772,.T.);
#1506=PLANE('',#2773);
#1507=SURFACE_STYLE_USAGE(.BOTH.,#2774);
#1508=FACE_OUTER_BOUND('',#2775,.T.);
#1509=PLANE('',#2776);
#1510=SURFACE_STYLE_USAGE(.BOTH.,#2777);
#1511=FACE_OUTER_BOUND('',#2778,.T.);
#1512=PLANE('',#2779);
#1513=SURFACE_STYLE_USAGE(.BOTH.,#2780);
#1514=FACE_OUTER_BOUND('',#2781,.T.);
#1515=PLANE('',#2782);
#1516=SURFACE_STYLE_USAGE(.BOTH.,#2783);
#1517=FACE_OUTER_BOUND('',#2784,.T.);
#1518=PLANE('',#2785);
#1519=SURFACE_STYLE_USAGE(.BOTH.,#2786);
#1520=FACE_OUTER_BOUND('',#2787,.T.);
#1521=PLANE('',#2788);
#1522=SURFACE_STYLE_USAGE(.BOTH.,#2789);
#1523=FACE_OUTER_BOUND('',#2790,.T.);
#1524=PLANE('',#2791);
#1525=SURFACE_STYLE_USAGE(.BOTH.,#2792);
#1526=FACE_OUTER_BOUND('',#2793,.T.);
#1527=PLANE('',#2794);
#1528=SURFACE_STYLE_USAGE(.BOTH.,#2795);
#1529=FACE_OUTER_BOUND('',#2796,.T.);
#1530=PLANE('',#2797);
#1531=SURFACE_STYLE_USAGE(.BOTH.,#2798);
#1532=FACE_OUTER_BOUND('',#2799,.T.);
#1533=PLANE('',#2800);
#1534=SURFACE_STYLE_USAGE(.BOTH.,#2801);
#1535=FACE_OUTER_BOUND('',#2802,.T.);
#1536=PLANE('',#2803);
#1537=SURFACE_STYLE_USAGE(.BOTH.,#2804);
#1538=FACE_OUTER_BOUND('',#2805,.T.);
#1539=PLANE('',#2806);
#1540=SURFACE_STYLE_USAGE(.BOTH.,#2807);
#1541=FACE_OUTER_BOUND('',#2808,.T.);
#1542=PLANE('',#2809);
#1543=SURFACE_STYLE_USAGE(.BOTH.,#2810);
#1544=FACE_OUTER_BOUND('',#2811,.T.);
#1545=PLANE('',#2812);
#1546=SURFACE_STYLE_USAGE(.BOTH.,#2813);
#1547=FACE_OUTER_BOUND('',#2814,.T.);
#1548=PLANE('',#2815);
#1549=SURFACE_STYLE_USAGE(.BOTH.,#2816);
#1550=FACE_OUTER_BOUND('',#2817,.T.);
#1551=PLANE('',#2818);
#1552=SURFACE_STYLE_USAGE(.BOTH.,#2819);
#1553=FACE_OUTER_BOUND('',#2820,.T.);
#1554=PLANE('',#2821);
#1555=SURFACE_STYLE_USAGE(.BOTH.,#2822);
#1556=FACE_OUTER_BOUND('',#2823,.T.);
#1557=PLANE('',#2824);
#1558=SURFACE_STYLE_USAGE(.BOTH.,#2825);
#1559=FACE_OUTER_BOUND('',#2826,.T.);
#1560=PLANE('',#2827);
#1561=SURFACE_STYLE_USAGE(.BOTH.,#2828);
#1562=FACE_OUTER_BOUND('',#2829,.T.);
#1563=PLANE('',#2830);
#1564=SURFACE_STYLE_USAGE(.BOTH.,#2831);
#1565=FACE_OUTER_BOUND('',#2832,.T.);
#1566=PLANE('',#2833);
#1567=SURFACE_STYLE_USAGE(.BOTH.,#2834);
#1568=FACE_OUTER_BOUND('',#2835,.T.);
#1569=PLANE('',#2836);
#1570=SURFACE_STYLE_USAGE(.BOTH.,#2837);
#1571=FACE_OUTER_BOUND('',#2838,.T.);
#1572=PLANE('',#2839);
#1573=SURFACE_STYLE_USAGE(.BOTH.,#2840);
#1574=FACE_OUTER_BOUND('',#2841,.T.);
#1575=PLANE('',#2842);
#1576=SURFACE_STYLE_USAGE(.BOTH.,#2843);
#1577=FACE_OUTER_BOUND('',#2844,.T.);
#1578=PLANE('',#2845);
#1579=SURFACE_STYLE_USAGE(.BOTH.,#2846);
#1580=FACE_OUTER_BOUND('',#2847,.T.);
#1581=PLANE('',#2848);
#1582=SURFACE_STYLE_USAGE(.BOTH.,#2849);
#1583=FACE_OUTER_BOUND('',#2850,.T.);
#1584=PLANE('',#2851);
#1585=SURFACE_STYLE_USAGE(.BOTH.,#2852);
#1586=FACE_OUTER_BOUND('',#2853,.T.);
#1587=PLANE('',#2854);
#1588=SURFACE_STYLE_USAGE(.BOTH.,#2855);
#1589=FACE_OUTER_BOUND('',#2856,.T.);
#1590=PLANE('',#2857);
#1591=SURFACE_STYLE_USAGE(.BOTH.,#2858);
#1592=FACE_OUTER_BOUND('',#2859,.T.);
#1593=PLANE('',#2860);
#1594=SURFACE_STYLE_USAGE(.BOTH.,#2861);
#1595=FACE_OUTER_BOUND('',#2862,.T.);
#1596=PLANE('',#2863);
#1597=SURFACE_STYLE_USAGE(.BOTH.,#2864);
#1598=FACE_OUTER_BOUND('',#2865,.T.);
#1599=PLANE('',#2866);
#1600=SURFACE_STYLE_USAGE(.BOTH.,#2867);
#1601=FACE_OUTER_BOUND('',#2868,.T.);
#1602=PLANE('',#2869);
#1603=SURFACE_STYLE_USAGE(.BOTH.,#2870);
#1604=FACE_OUTER_BOUND('',#2871,.T.);
#1605=PLANE('',#2872);
#1606=SURFACE_STYLE_USAGE(.BOTH.,#2873);
#1607=FACE_OUTER_BOUND('',#2874,.T.);
#1608=PLANE('',#2875);
#1609=SURFACE_STYLE_USAGE(.BOTH.,#2876);
#1610=FACE_OUTER_BOUND('',#2877,.T.);
#1611=PLANE('',#2878);
#1612=SURFACE_STYLE_USAGE(.BOTH.,#2879);
#1613=FACE_OUTER_BOUND('',#2880,.T.);
#1614=PLANE('',#2881);
#1615=SURFACE_STYLE_USAGE(.BOTH.,#2882);
#1616=FACE_OUTER_BOUND('',#2883,.T.);
#1617=PLANE('',#2884);
#1618=SURFACE_STYLE_USAGE(.BOTH.,#2885);
#1619=FACE_OUTER_BOUND('',#2886,.T.);
#1620=PLANE('',#2887);
#1621=SURFACE_STYLE_USAGE(.BOTH.,#2888);
#1622=FACE_OUTER_BOUND('',#2889,.T.);
#1623=PLANE('',#2890);
#1624=SURFACE_STYLE_USAGE(.BOTH.,#2891);
#1625=FACE_OUTER_BOUND('',#2892,.T.);
#1626=PLANE('',#2893);
#1627=SURFACE_STYLE_USAGE(.BOTH.,#2894);
#1628=FACE_OUTER_BOUND('',#2895,.T.);
#1629=PLANE('',#2896);
#1630=SURFACE_STYLE_USAGE(.BOTH.,#2897);
#1631=FACE_OUTER_BOUND('',#2898,.T.);
#1632=PLANE('',#2899);
#1633=SURFACE_STYLE_USAGE(.BOTH.,#2900);
#1634=FACE_OUTER_BOUND('',#2901,.T.);
#1635=PLANE('',#2902);
#1636=SURFACE_STYLE_USAGE(.BOTH.,#2903);
#1637=FACE_OUTER_BOUND('',#2904,.T.);
#1638=PLANE('',#2905);
#1639=SURFACE_STYLE_USAGE(.BOTH.,#2906);
#1640=FACE_OUTER_BOUND('',#2907,.T.);
#1641=PLANE('',#2908);
#1642=SURFACE_STYLE_USAGE(.BOTH.,#2909);
#1643=FACE_OUTER_BOUND('',#2910,.T.);
#1644=PLANE('',#2911);
#1645=SURFACE_STYLE_USAGE(.BOTH.,#2912);
#1646=FACE_OUTER_BOUND('',#2913,.T.);
#1647=PLANE('',#2914);
#1648=SURFACE_STYLE_USAGE(.BOTH.,#2915);
#1649=FACE_OUTER_BOUND('',#2916,.T.);
#1650=PLANE('',#2917);
#1651=SURFACE_STYLE_USAGE(.BOTH.,#2918);
#1652=FACE_OUTER_BOUND('',#2919,.T.);
#1653=PLANE('',#2920);
#1654=SURFACE_STYLE_USAGE(.BOTH.,#2921);
#1655=FACE_OUTER_BOUND('',#2922,.T.);
#1656=PLANE('',#2923);
#1657=SURFACE_STYLE_USAGE(.BOTH.,#2924);
#1658=FACE_OUTER_BOUND('',#2925,.T.);
#1659=PLANE('',#2926);
#1660=SURFACE_STYLE_USAGE(.BOTH.,#2927);
#1661=FACE_OUTER_BOUND('',#2928,.T.);
#1662=PLANE('',#2929);
#1663=SURFACE_STYLE_USAGE(.BOTH.,#2930);
#1664=FACE_OUTER_BOUND('',#2931,.T.);
#1665=PLANE('',#2932);
#1666=SURFACE_STYLE_USAGE(.BOTH.,#2933);
#1667=FACE_OUTER_BOUND('',#2934,.T.);
#1668=PLANE('',#2935);
#1669=SURFACE_STYLE_USAGE(.BOTH.,#2936);
#1670=FACE_OUTER_BOUND('',#2937,.T.);
#1671=PLANE('',#2938);
#1672=SURFACE_STYLE_USAGE(.BOTH.,#2939);
#1673=FACE_OUTER_BOUND('',#2940,.T.);
#1674=PLANE('',#2941);
#1675=SURFACE_STYLE_USAGE(.BOTH.,#2942);
#1676=FACE_OUTER_BOUND('',#2943,.T.);
#1677=PLANE('',#2944);
#1678=SURFACE_STYLE_USAGE(.BOTH.,#2945);
#1679=FACE_OUTER_BOUND('',#2946,.T.);
#1680=PLANE('',#2947);
#1681=SURFACE_STYLE_USAGE(.BOTH.,#2948);
#1682=FACE_OUTER_BOUND('',#2949,.T.);
#1683=PLANE('',#2950);
#1684=SURFACE_STYLE_USAGE(.BOTH.,#2951);
#1685=FACE_OUTER_BOUND('',#2952,.T.);
#1686=PLANE('',#2953);
#1687=SURFACE_STYLE_USAGE(.BOTH.,#2954);
#1688=FACE_OUTER_BOUND('',#2955,.T.);
#1689=PLANE('',#2956);
#1690=SURFACE_STYLE_USAGE(.BOTH.,#2957);
#1691=FACE_OUTER_BOUND('',#2958,.T.);
#1692=PLANE('',#2959);
#1693=SURFACE_STYLE_USAGE(.BOTH.,#2960);
#1694=FACE_OUTER_BOUND('',#2961,.T.);
#1695=PLANE('',#2962);
#1696=SURFACE_STYLE_USAGE(.BOTH.,#2963);
#1697=FACE_OUTER_BOUND('',#2964,.T.);
#1698=PLANE('',#2965);
#1699=SURFACE_STYLE_USAGE(.BOTH.,#2966);
#1700=FACE_OUTER_BOUND('',#2967,.T.);
#1701=PLANE('',#2968);
#1702=SURFACE_STYLE_USAGE(.BOTH.,#2969);
#1703=FACE_OUTER_BOUND('',#2970,.T.);
#1704=PLANE('',#2971);
#1705=SURFACE_STYLE_USAGE(.BOTH.,#2972);
#1706=FACE_OUTER_BOUND('',#2973,.T.);
#1707=PLANE('',#2974);
#1708=SURFACE_STYLE_USAGE(.BOTH.,#2975);
#1709=FACE_OUTER_BOUND('',#2976,.T.);
#1710=PLANE('',#2977);
#1711=SURFACE_STYLE_USAGE(.BOTH.,#2978);
#1712=FACE_OUTER_BOUND('',#2979,.T.);
#1713=PLANE('',#2980);
#1714=SURFACE_STYLE_USAGE(.BOTH.,#2981);
#1715=FACE_OUTER_BOUND('',#2982,.T.);
#1716=PLANE('',#2983);
#1717=SURFACE_STYLE_USAGE(.BOTH.,#2984);
#1718=FACE_OUTER_BOUND('',#2985,.T.);
#1719=PLANE('',#2986);
#1720=SURFACE_STYLE_USAGE(.BOTH.,#2987);
#1721=FACE_OUTER_BOUND('',#2988,.T.);
#1722=PLANE('',#2989);
#1723=SURFACE_STYLE_USAGE(.BOTH.,#2990);
#1724=FACE_OUTER_BOUND('',#2991,.T.);
#1725=PLANE('',#2992);
#1726=SURFACE_STYLE_USAGE(.BOTH.,#2993);
#1727=FACE_OUTER_BOUND('',#2994,.T.);
#1728=PLANE('',#2995);
#1729=SURFACE_STYLE_USAGE(.BOTH.,#2996);
#1730=FACE_OUTER_BOUND('',#2997,.T.);
#1731=PLANE('',#2998);
#1732=SURFACE_STYLE_USAGE(.BOTH.,#2999);
#1733=FACE_OUTER_BOUND('',#3000,.T.);
#1734=PLANE('',#3001);
#1735=SURFACE_STYLE_USAGE(.BOTH.,#3002);
#1736=FACE_OUTER_BOUND('',#3003,.T.);
#1737=PLANE('',#3004);
#1738=SURFACE_STYLE_USAGE(.BOTH.,#3005);
#1739=FACE_OUTER_BOUND('',#3006,.T.);
#1740=PLANE('',#3007);
#1741=SURFACE_STYLE_USAGE(.BOTH.,#3008);
#1742=FACE_OUTER_BOUND('',#3009,.T.);
#1743=PLANE('',#3010);
#1744=SURFACE_STYLE_USAGE(.BOTH.,#3011);
#1745=FACE_OUTER_BOUND('',#3012,.T.);
#1746=PLANE('',#3013);
#1747=SURFACE_STYLE_USAGE(.BOTH.,#3014);
#1748=FACE_OUTER_BOUND('',#3015,.T.);
#1749=PLANE('',#3016);
#1750=SURFACE_STYLE_USAGE(.BOTH.,#3017);
#1751=FACE_OUTER_BOUND('',#3018,.T.);
#1752=PLANE('',#3019);
#1753=SURFACE_STYLE_USAGE(.BOTH.,#3020);
#1754=FACE_OUTER_BOUND('',#3021,.T.);
#1755=PLANE('',#3022);
#1756=SURFACE_STYLE_USAGE(.BOTH.,#3023);
#1757=FACE_OUTER_BOUND('',#3024,.T.);
#1758=PLANE('',#3025);
#1759=SURFACE_STYLE_USAGE(.BOTH.,#3026);
#1760=FACE_OUTER_BOUND('',#3027,.T.);
#1761=PLANE('',#3028);
#1762=SURFACE_STYLE_USAGE(.BOTH.,#3029);
#1763=FACE_OUTER_BOUND('',#3030,.T.);
#1764=PLANE('',#3031);
#1765=SURFACE_STYLE_USAGE(.BOTH.,#3032);
#1766=FACE_OUTER_BOUND('',#3033,.T.);
#1767=PLANE('',#3034);
#1768=SURFACE_STYLE_USAGE(.BOTH.,#3035);
#1769=FACE_OUTER_BOUND('',#3036,.T.);
#1770=PLANE('',#3037);
#1771=SURFACE_STYLE_USAGE(.BOTH.,#3038);
#1772=FACE_OUTER_BOUND('',#3039,.T.);
#1773=PLANE('',#3040);
#1774=SURFACE_STYLE_USAGE(.BOTH.,#3041);
#1775=FACE_OUTER_BOUND('',#3042,.T.);
#1776=PLANE('',#3043);
#1777=SURFACE_STYLE_USAGE(.BOTH.,#3044);
#1778=FACE_OUTER_BOUND('',#3045,.T.);
#1779=PLANE('',#3046);
#1780=SURFACE_STYLE_USAGE(.BOTH.,#3047);
#1781=FACE_OUTER_BOUND('',#3048,.T.);
#1782=PLANE('',#3049);
#1783=SURFACE_STYLE_USAGE(.BOTH.,#3050);
#1784=FACE_OUTER_BOUND('',#3051,.T.);
#1785=PLANE('',#3052);
#1786=SURFACE_STYLE_USAGE(.BOTH.,#3053);
#1787=FACE_OUTER_BOUND('',#3054,.T.);
#1788=PLANE('',#3055);
#1789=SURFACE_STYLE_USAGE(.BOTH.,#3056);
#1790=FACE_OUTER_BOUND('',#3057,.T.);
#1791=PLANE('',#3058);
#1792=SURFACE_STYLE_USAGE(.BOTH.,#3059);
#1793=FACE_OUTER_BOUND('',#3060,.T.);
#1794=PLANE('',#3061);
#1795=SURFACE_STYLE_USAGE(.BOTH.,#3062);
#1796=FACE_OUTER_BOUND('',#3063,.T.);
#1797=PLANE('',#3064);
#1798=SURFACE_STYLE_USAGE(.BOTH.,#3065);
#1799=FACE_OUTER_BOUND('',#3066,.T.);
#1800=PLANE('',#3067);
#1801=SURFACE_STYLE_USAGE(.BOTH.,#3068);
#1802=FACE_OUTER_BOUND('',#3069,.T.);
#1803=PLANE('',#3070);
#1804=SURFACE_STYLE_USAGE(.BOTH.,#3071);
#1805=FACE_OUTER_BOUND('',#3072,.T.);
#1806=PLANE('',#3073);
#1807=SURFACE_STYLE_USAGE(.BOTH.,#3074);
#1808=FACE_OUTER_BOUND('',#3075,.T.);
#1809=PLANE('',#3076);
#1810=SURFACE_STYLE_USAGE(.BOTH.,#3077);
#1811=FACE_OUTER_BOUND('',#3078,.T.);
#1812=PLANE('',#3079);
#1813=SURFACE_STYLE_USAGE(.BOTH.,#3080);
#1814=FACE_OUTER_BOUND('',#3081,.T.);
#1815=PLANE('',#3082);
#1816=SURFACE_STYLE_USAGE(.BOTH.,#3083);
#1817=FACE_OUTER_BOUND('',#3084,.T.);
#1818=PLANE('',#3085);
#1819=SURFACE_STYLE_USAGE(.BOTH.,#3086);
#1820=FACE_OUTER_BOUND('',#3087,.T.);
#1821=PLANE('',#3088);
#1822=SURFACE_STYLE_USAGE(.BOTH.,#3089);
#1823=FACE_OUTER_BOUND('',#3090,.T.);
#1824=PLANE('',#3091);
#1825=SURFACE_STYLE_USAGE(.BOTH.,#3092);
#1826=FACE_OUTER_BOUND('',#3093,.T.);
#1827=PLANE('',#3094);
#1828=SURFACE_STYLE_USAGE(.BOTH.,#3095);
#1829=FACE_OUTER_BOUND('',#3096,.T.);
#1830=PLANE('',#3097);
#1831=SURFACE_STYLE_USAGE(.BOTH.,#3098);
#1832=FACE_OUTER_BOUND('',#3099,.T.);
#1833=PLANE('',#3100);
#1834=SURFACE_STYLE_USAGE(.BOTH.,#3101);
#1835=FACE_OUTER_BOUND('',#3102,.T.);
#1836=PLANE('',#3103);
#1837=SURFACE_STYLE_USAGE(.BOTH.,#3104);
#1838=FACE_OUTER_BOUND('',#3105,.T.);
#1839=PLANE('',#3106);
#1840=SURFACE_STYLE_USAGE(.BOTH.,#3107);
#1841=FACE_OUTER_BOUND('',#3108,.T.);
#1842=PLANE('',#3109);
#1843=SURFACE_STYLE_USAGE(.BOTH.,#3110);
#1844=FACE_OUTER_BOUND('',#3111,.T.);
#1845=PLANE('',#3112);
#1846=SURFACE_STYLE_USAGE(.BOTH.,#3113);
#1847=FACE_OUTER_BOUND('',#3114,.T.);
#1848=PLANE('',#3115);
#1849=SURFACE_STYLE_USAGE(.BOTH.,#3116);
#1850=FACE_OUTER_BOUND('',#3117,.T.);
#1851=PLANE('',#3118);
#1852=SURFACE_STYLE_USAGE(.BOTH.,#3119);
#1853=FACE_OUTER_BOUND('',#3120,.T.);
#1854=PLANE('',#3121);
#1855=SURFACE_STYLE_USAGE(.BOTH.,#3122);
#1856=FACE_OUTER_BOUND('',#3123,.T.);
#1857=PLANE('',#3124);
#1858=SURFACE_STYLE_USAGE(.BOTH.,#3125);
#1859=FACE_OUTER_BOUND('',#3126,.T.);
#1860=PLANE('',#3127);
#1861=SURFACE_STYLE_USAGE(.BOTH.,#3128);
#1862=FACE_OUTER_BOUND('',#3129,.T.);
#1863=PLANE('',#3130);
#1864=SURFACE_STYLE_USAGE(.BOTH.,#3131);
#1865=FACE_OUTER_BOUND('',#3132,.T.);
#1866=PLANE('',#3133);
#1867=SURFACE_STYLE_USAGE(.BOTH.,#3134);
#1868=FACE_OUTER_BOUND('',#3135,.T.);
#1869=PLANE('',#3136);
#1870=SURFACE_STYLE_USAGE(.BOTH.,#3137);
#1871=FACE_OUTER_BOUND('',#3138,.T.);
#1872=PLANE('',#3139);
#1873=SURFACE_STYLE_USAGE(.BOTH.,#3140);
#1874=FACE_OUTER_BOUND('',#3141,.T.);
#1875=PLANE('',#3142);
#1876=SURFACE_STYLE_USAGE(.BOTH.,#3143);
#1877=FACE_OUTER_BOUND('',#3144,.T.);
#1878=PLANE('',#3145);
#1879=SURFACE_STYLE_USAGE(.BOTH.,#3146);
#1880=FACE_OUTER_BOUND('',#3147,.T.);
#1881=PLANE('',#3148);
#1882=SURFACE_STYLE_USAGE(.BOTH.,#3149);
#1883=FACE_OUTER_BOUND('',#3150,.T.);
#1884=PLANE('',#3151);
#1885=SURFACE_STYLE_USAGE(.BOTH.,#3152);
#1886=FACE_OUTER_BOUND('',#3153,.T.);
#1887=PLANE('',#3154);
#1888=SURFACE_STYLE_USAGE(.BOTH.,#3155);
#1889=FACE_OUTER_BOUND('',#3156,.T.);
#1890=PLANE('',#3157);
#1891=SURFACE_STYLE_USAGE(.BOTH.,#3158);
#1892=FACE_OUTER_BOUND('',#3159,.T.);
#1893=PLANE('',#3160);
#1894=SURFACE_STYLE_USAGE(.BOTH.,#3161);
#1895=FACE_OUTER_BOUND('',#3162,.T.);
#1896=PLANE('',#3163);
#1897=SURFACE_STYLE_USAGE(.BOTH.,#3164);
#1898=FACE_OUTER_BOUND('',#3165,.T.);
#1899=PLANE('',#3166);
#1900=SURFACE_STYLE_USAGE(.BOTH.,#3167);
#1901=FACE_OUTER_BOUND('',#3168,.T.);
#1902=PLANE('',#3169);
#1903=SURFACE_STYLE_USAGE(.BOTH.,#3170);
#1904=FACE_OUTER_BOUND('',#3171,.T.);
#1905=PLANE('',#3172);
#1906=SURFACE_STYLE_USAGE(.BOTH.,#3173);
#1907=FACE_OUTER_BOUND('',#3174,.T.);
#1908=PLANE('',#3175);
#1909=SURFACE_STYLE_USAGE(.BOTH.,#3176);
#1910=FACE_OUTER_BOUND('',#3177,.T.);
#1911=PLANE('',#3178);
#1912=SURFACE_STYLE_USAGE(.BOTH.,#3179);
#1913=FACE_OUTER_BOUND('',#3180,.T.);
#1914=PLANE('',#3181);
#1915=SURFACE_STYLE_USAGE(.BOTH.,#3182);
#1916=FACE_OUTER_BOUND('',#3183,.T.);
#1917=PLANE('',#3184);
#1918=SURFACE_STYLE_USAGE(.BOTH.,#3185);
#1919=FACE_OUTER_BOUND('',#3186,.T.);
#1920=PLANE('',#3187);
#1921=SURFACE_STYLE_USAGE(.BOTH.,#3188);
#1922=FACE_OUTER_BOUND('',#3189,.T.);
#1923=PLANE('',#3190);
#1924=SURFACE_STYLE_USAGE(.BOTH.,#3191);
#1925=FACE_OUTER_BOUND('',#3192,.T.);
#1926=PLANE('',#3193);
#1927=SURFACE_STYLE_USAGE(.BOTH.,#3194);
#1928=FACE_OUTER_BOUND('',#3195,.T.);
#1929=PLANE('',#3196);
#1930=SURFACE_STYLE_USAGE(.BOTH.,#3197);
#1931=FACE_OUTER_BOUND('',#3198,.T.);
#1932=PLANE('',#3199);
#1933=SURFACE_STYLE_USAGE(.BOTH.,#3200);
#1934=FACE_OUTER_BOUND('',#3201,.T.);
#1935=PLANE('',#3202);
#1936=SURFACE_STYLE_USAGE(.BOTH.,#3203);
#1937=FACE_OUTER_BOUND('',#3204,.T.);
#1938=PLANE('',#3205);
#1939=SURFACE_STYLE_USAGE(.BOTH.,#3206);
#1940=FACE_OUTER_BOUND('',#3207,.T.);
#1941=PLANE('',#3208);
#1942=SURFACE_STYLE_USAGE(.BOTH.,#3209);
#1943=FACE_OUTER_BOUND('',#3210,.T.);
#1944=PLANE('',#3211);
#1945=SURFACE_STYLE_USAGE(.BOTH.,#3212);
#1946=FACE_OUTER_BOUND('',#3213,.T.);
#1947=PLANE('',#3214);
#1948=SURFACE_STYLE_USAGE(.BOTH.,#3215);
#1949=FACE_OUTER_BOUND('',#3216,.T.);
#1950=PLANE('',#3217);
#1951=SURFACE_STYLE_USAGE(.BOTH.,#3218);
#1952=FACE_OUTER_BOUND('',#3219,.T.);
#1953=PLANE('',#3220);
#1954=SURFACE_STYLE_USAGE(.BOTH.,#3221);
#1955=FACE_OUTER_BOUND('',#3222,.T.);
#1956=PLANE('',#3223);
#1957=SURFACE_STYLE_USAGE(.BOTH.,#3224);
#1958=FACE_OUTER_BOUND('',#3225,.T.);
#1959=PLANE('',#3226);
#1960=SURFACE_STYLE_USAGE(.BOTH.,#3227);
#1961=FACE_OUTER_BOUND('',#3228,.T.);
#1962=PLANE('',#3229);
#1963=SURFACE_STYLE_USAGE(.BOTH.,#3230);
#1964=FACE_OUTER_BOUND('',#3231,.T.);
#1965=PLANE('',#3232);
#1966=SURFACE_STYLE_USAGE(.BOTH.,#3233);
#1967=FACE_OUTER_BOUND('',#3234,.T.);
#1968=PLANE('',#3235);
#1969=SURFACE_STYLE_USAGE(.BOTH.,#3236);
#1970=FACE_OUTER_BOUND('',#3237,.T.);
#1971=PLANE('',#3238);
#1972=SURFACE_STYLE_USAGE(.BOTH.,#3239);
#1973=FACE_OUTER_BOUND('',#3240,.T.);
#1974=PLANE('',#3241);
#1975=SURFACE_STYLE_USAGE(.BOTH.,#3242);
#1976=FACE_OUTER_BOUND('',#3243,.T.);
#1977=PLANE('',#3244);
#1978=SURFACE_STYLE_USAGE(.BOTH.,#3245);
#1979=FACE_OUTER_BOUND('',#3246,.T.);
#1980=PLANE('',#3247);
#1981=SURFACE_STYLE_USAGE(.BOTH.,#3248);
#1982=FACE_OUTER_BOUND('',#3249,.T.);
#1983=PLANE('',#3250);
#1984=SURFACE_STYLE_USAGE(.BOTH.,#3251);
#1985=FACE_OUTER_BOUND('',#3252,.T.);
#1986=PLANE('',#3253);
#1987=SURFACE_STYLE_USAGE(.BOTH.,#3254);
#1988=FACE_OUTER_BOUND('',#3255,.T.);
#1989=PLANE('',#3256);
#1990=SURFACE_STYLE_USAGE(.BOTH.,#3257);
#1991=FACE_OUTER_BOUND('',#3258,.T.);
#1992=PLANE('',#3259);
#1993=SURFACE_STYLE_USAGE(.BOTH.,#3260);
#1994=FACE_OUTER_BOUND('',#3261,.T.);
#1995=PLANE('',#3262);
#1996=SURFACE_STYLE_USAGE(.BOTH.,#3263);
#1997=FACE_OUTER_BOUND('',#3264,.T.);
#1998=PLANE('',#3265);
#1999=SURFACE_STYLE_USAGE(.BOTH.,#3266);
#2000=FACE_OUTER_BOUND('',#3267,.T.);
#2001=PLANE('',#3268);
#2002=SURFACE_STYLE_USAGE(.BOTH.,#3269);
#2003=FACE_OUTER_BOUND('',#3270,.T.);
#2004=PLANE('',#3271);
#2005=SURFACE_STYLE_USAGE(.BOTH.,#3272);
#2006=FACE_OUTER_BOUND('',#3273,.T.);
#2007=PLANE('',#3274);
#2008=SURFACE_STYLE_USAGE(.BOTH.,#3275);
#2009=FACE_OUTER_BOUND('',#3276,.T.);
#2010=PLANE('',#3277);
#2011=SURFACE_STYLE_USAGE(.BOTH.,#3278);
#2012=FACE_OUTER_BOUND('',#3279,.T.);
#2013=PLANE('',#3280);
#2014=SURFACE_STYLE_USAGE(.BOTH.,#3281);
#2015=FACE_OUTER_BOUND('',#3282,.T.);
#2016=PLANE('',#3283);
#2017=SURFACE_STYLE_USAGE(.BOTH.,#3284);
#2018=FACE_OUTER_BOUND('',#3285,.T.);
#2019=PLANE('',#3286);
#2020=SURFACE_STYLE_USAGE(.BOTH.,#3287);
#2021=FACE_OUTER_BOUND('',#3288,.T.);
#2022=PLANE('',#3289);
#2023=SURFACE_STYLE_USAGE(.BOTH.,#3290);
#2024=FACE_OUTER_BOUND('',#3291,.T.);
#2025=PLANE('',#3292);
#2026=SURFACE_STYLE_USAGE(.BOTH.,#3293);
#2027=FACE_OUTER_BOUND('',#3294,.T.);
#2028=PLANE('',#3295);
#2029=SURFACE_STYLE_USAGE(.BOTH.,#3296);
#2030=FACE_OUTER_BOUND('',#3297,.T.);
#2031=PLANE('',#3298);
#2032=SURFACE_STYLE_USAGE(.BOTH.,#3299);
#2033=FACE_OUTER_BOUND('',#3300,.T.);
#2034=PLANE('',#3301);
#2035=SURFACE_STYLE_USAGE(.BOTH.,#3302);
#2036=FACE_OUTER_BOUND('',#3303,.T.);
#2037=PLANE('',#3304);
#2038=SURFACE_STYLE_USAGE(.BOTH.,#3305);
#2039=FACE_OUTER_BOUND('',#3306,.T.);
#2040=PLANE('',#3307);
#2041=SURFACE_STYLE_USAGE(.BOTH.,#3308);
#2042=FACE_OUTER_BOUND('',#3309,.T.);
#2043=PLANE('',#3310);
#2044=SURFACE_STYLE_USAGE(.BOTH.,#3311);
#2045=FACE_OUTER_BOUND('',#3312,.T.);
#2046=PLANE('',#3313);
#2047=SURFACE_STYLE_USAGE(.BOTH.,#3314);
#2048=FACE_OUTER_BOUND('',#3315,.T.);
#2049=PLANE('',#3316);
#2050=SURFACE_STYLE_USAGE(.BOTH.,#3317);
#2051=FACE_OUTER_BOUND('',#3318,.T.);
#2052=PLANE('',#3319);
#2053=SURFACE_STYLE_USAGE(.BOTH.,#3320);
#2054=FACE_OUTER_BOUND('',#3321,.T.);
#2055=PLANE('',#3322);
#2056=SURFACE_STYLE_USAGE(.BOTH.,#3323);
#2057=FACE_OUTER_BOUND('',#3324,.T.);
#2058=PLANE('',#3325);
#2059=SURFACE_STYLE_USAGE(.BOTH.,#3326);
#2060=FACE_OUTER_BOUND('',#3327,.T.);
#2061=PLANE('',#3328);
#2062=SURFACE_STYLE_USAGE(.BOTH.,#3329);
#2063=FACE_OUTER_BOUND('',#3330,.T.);
#2064=PLANE('',#3331);
#2065=SURFACE_STYLE_USAGE(.BOTH.,#3332);
#2066=FACE_OUTER_BOUND('',#3333,.T.);
#2067=PLANE('',#3334);
#2068=SURFACE_STYLE_USAGE(.BOTH.,#3335);
#2069=FACE_OUTER_BOUND('',#3336,.T.);
#2070=PLANE('',#3337);
#2071=SURFACE_STYLE_USAGE(.BOTH.,#3338);
#2072=FACE_OUTER_BOUND('',#3339,.T.);
#2073=PLANE('',#3340);
#2074=SURFACE_STYLE_USAGE(.BOTH.,#3341);
#2075=FACE_OUTER_BOUND('',#3342,.T.);
#2076=PLANE('',#3343);
#2077=SURFACE_STYLE_USAGE(.BOTH.,#3344);
#2078=FACE_OUTER_BOUND('',#3345,.T.);
#2079=PLANE('',#3346);
#2080=SURFACE_STYLE_USAGE(.BOTH.,#3347);
#2081=FACE_OUTER_BOUND('',#3348,.T.);
#2082=PLANE('',#3349);
#2083=SURFACE_STYLE_USAGE(.BOTH.,#3350);
#2084=FACE_OUTER_BOUND('',#3351,.T.);
#2085=PLANE('',#3352);
#2086=SURFACE_STYLE_USAGE(.BOTH.,#3353);
#2087=FACE_OUTER_BOUND('',#3354,.T.);
#2088=PLANE('',#3355);
#2089=SURFACE_STYLE_USAGE(.BOTH.,#3356);
#2090=FACE_OUTER_BOUND('',#3357,.T.);
#2091=PLANE('',#3358);
#2092=SURFACE_STYLE_USAGE(.BOTH.,#3359);
#2093=FACE_OUTER_BOUND('',#3360,.T.);
#2094=PLANE('',#3361);
#2095=SURFACE_STYLE_USAGE(.BOTH.,#3362);
#2096=FACE_OUTER_BOUND('',#3363,.T.);
#2097=PLANE('',#3364);
#2098=SURFACE_STYLE_USAGE(.BOTH.,#3365);
#2099=FACE_OUTER_BOUND('',#3366,.T.);
#2100=PLANE('',#3367);
#2101=SURFACE_STYLE_USAGE(.BOTH.,#3368);
#2102=FACE_OUTER_BOUND('',#3369,.T.);
#2103=PLANE('',#3370);
#2104=SURFACE_STYLE_USAGE(.BOTH.,#3371);
#2105=FACE_OUTER_BOUND('',#3372,.T.);
#2106=PLANE('',#3373);
#2107=SURFACE_STYLE_USAGE(.BOTH.,#3374);
#2108=FACE_OUTER_BOUND('',#3375,.T.);
#2109=PLANE('',#3376);
#2110=SURFACE_STYLE_USAGE(.BOTH.,#3377);
#2111=FACE_OUTER_BOUND('',#3378,.T.);
#2112=PLANE('',#3379);
#2113=SURFACE_STYLE_USAGE(.BOTH.,#3380);
#2114=FACE_OUTER_BOUND('',#3381,.T.);
#2115=PLANE('',#3382);
#2116=SURFACE_STYLE_USAGE(.BOTH.,#3383);
#2117=FACE_OUTER_BOUND('',#3384,.T.);
#2118=PLANE('',#3385);
#2119=SURFACE_STYLE_USAGE(.BOTH.,#3386);
#2120=FACE_OUTER_BOUND('',#3387,.T.);
#2121=PLANE('',#3388);
#2122=SURFACE_STYLE_USAGE(.BOTH.,#3389);
#2123=FACE_OUTER_BOUND('',#3390,.T.);
#2124=PLANE('',#3391);
#2125=SURFACE_STYLE_USAGE(.BOTH.,#3392);
#2126=FACE_OUTER_BOUND('',#3393,.T.);
#2127=PLANE('',#3394);
#2128=SURFACE_STYLE_USAGE(.BOTH.,#3395);
#2129=FACE_OUTER_BOUND('',#3396,.T.);
#2130=PLANE('',#3397);
#2131=SURFACE_STYLE_USAGE(.BOTH.,#3398);
#2132=FACE_OUTER_BOUND('',#3399,.T.);
#2133=PLANE('',#3400);
#2134=SURFACE_STYLE_USAGE(.BOTH.,#3401);
#2135=FACE_OUTER_BOUND('',#3402,.T.);
#2136=PLANE('',#3403);
#2137=SURFACE_STYLE_USAGE(.BOTH.,#3404);
#2138=FACE_OUTER_BOUND('',#3405,.T.);
#2139=PLANE('',#3406);
#2140=SURFACE_STYLE_USAGE(.BOTH.,#3407);
#2141=FACE_OUTER_BOUND('',#3408,.T.);
#2142=PLANE('',#3409);
#2143=SURFACE_STYLE_USAGE(.BOTH.,#3410);
#2144=FACE_OUTER_BOUND('',#3411,.T.);
#2145=PLANE('',#3412);
#2146=SURFACE_STYLE_USAGE(.BOTH.,#3413);
#2147=FACE_OUTER_BOUND('',#3414,.T.);
#2148=PLANE('',#3415);
#2149=SURFACE_STYLE_USAGE(.BOTH.,#3416);
#2150=FACE_OUTER_BOUND('',#3417,.T.);
#2151=PLANE('',#3418);
#2152=SURFACE_STYLE_USAGE(.BOTH.,#3419);
#2153=FACE_OUTER_BOUND('',#3420,.T.);
#2154=PLANE('',#3421);
#2155=SURFACE_STYLE_USAGE(.BOTH.,#3422);
#2156=FACE_OUTER_BOUND('',#3423,.T.);
#2157=PLANE('',#3424);
#2158=SURFACE_STYLE_USAGE(.BOTH.,#3425);
#2159=FACE_OUTER_BOUND('',#3426,.T.);
#2160=PLANE('',#3427);
#2161=SURFACE_STYLE_USAGE(.BOTH.,#3428);
#2162=FACE_OUTER_BOUND('',#3429,.T.);
#2163=PLANE('',#3430);
#2164=SURFACE_STYLE_USAGE(.BOTH.,#3431);
#2165=FACE_OUTER_BOUND('',#3432,.T.);
#2166=PLANE('',#3433);
#2167=SURFACE_STYLE_USAGE(.BOTH.,#3434);
#2168=FACE_OUTER_BOUND('',#3435,.T.);
#2169=PLANE('',#3436);
#2170=SURFACE_STYLE_USAGE(.BOTH.,#3437);
#2171=FACE_OUTER_BOUND('',#3438,.T.);
#2172=PLANE('',#3439);
#2173=SURFACE_STYLE_USAGE(.BOTH.,#3440);
#2174=FACE_OUTER_BOUND('',#3441,.T.);
#2175=PLANE('',#3442);
#2176=SURFACE_STYLE_USAGE(.BOTH.,#3443);
#2177=FACE_OUTER_BOUND('',#3444,.T.);
#2178=PLANE('',#3445);
#2179=SURFACE_STYLE_USAGE(.BOTH.,#3446);
#2180=FACE_OUTER_BOUND('',#3447,.T.);
#2181=PLANE('',#3448);
#2182=SURFACE_STYLE_USAGE(.BOTH.,#3449);
#2183=FACE_OUTER_BOUND('',#3450,.T.);
#2184=PLANE('',#3451);
#2185=SURFACE_STYLE_USAGE(.BOTH.,#3452);
#2186=FACE_OUTER_BOUND('',#3453,.T.);
#2187=PLANE('',#3454);
#2188=SURFACE_STYLE_USAGE(.BOTH.,#3455);
#2189=FACE_OUTER_BOUND('',#3456,.T.);
#2190=PLANE('',#3457);
#2191=SURFACE_STYLE_USAGE(.BOTH.,#3458);
#2192=FACE_OUTER_BOUND('',#3459,.T.);
#2193=PLANE('',#3460);
#2194=SURFACE_STYLE_USAGE(.BOTH.,#3461);
#2195=FACE_OUTER_BOUND('',#3462,.T.);
#2196=PLANE('',#3463);
#2197=SURFACE_STYLE_USAGE(.BOTH.,#3464);
#2198=FACE_OUTER_BOUND('',#3465,.T.);
#2199=PLANE('',#3466);
#2200=SURFACE_STYLE_USAGE(.BOTH.,#3467);
#2201=FACE_OUTER_BOUND('',#3468,.T.);
#2202=PLANE('',#3469);
#2203=SURFACE_STYLE_USAGE(.BOTH.,#3470);
#2204=FACE_OUTER_BOUND('',#3471,.T.);
#2205=PLANE('',#3472);
#2206=SURFACE_STYLE_USAGE(.BOTH.,#3473);
#2207=FACE_OUTER_BOUND('',#3474,.T.);
#2208=PLANE('',#3475);
#2209=SURFACE_STYLE_USAGE(.BOTH.,#3476);
#2210=FACE_OUTER_BOUND('',#3477,.T.);
#2211=PLANE('',#3478);
#2212=SURFACE_STYLE_USAGE(.BOTH.,#3479);
#2213=FACE_OUTER_BOUND('',#3480,.T.);
#2214=PLANE('',#3481);
#2215=SURFACE_STYLE_USAGE(.BOTH.,#3482);
#2216=FACE_OUTER_BOUND('',#3483,.T.);
#2217=PLANE('',#3484);
#2218=SURFACE_STYLE_USAGE(.BOTH.,#3485);
#2219=FACE_OUTER_BOUND('',#3486,.T.);
#2220=PLANE('',#3487);
#2221=SURFACE_STYLE_USAGE(.BOTH.,#3488);
#2222=FACE_OUTER_BOUND('',#3489,.T.);
#2223=PLANE('',#3490);
#2224=SURFACE_STYLE_USAGE(.BOTH.,#3491);
#2225=FACE_OUTER_BOUND('',#3492,.T.);
#2226=PLANE('',#3493);
#2227=SURFACE_STYLE_USAGE(.BOTH.,#3494);
#2228=FACE_OUTER_BOUND('',#3495,.T.);
#2229=PLANE('',#3496);
#2230=SURFACE_STYLE_USAGE(.BOTH.,#3497);
#2231=FACE_OUTER_BOUND('',#3498,.T.);
#2232=PLANE('',#3499);
#2233=SURFACE_STYLE_USAGE(.BOTH.,#3500);
#2234=FACE_OUTER_BOUND('',#3501,.T.);
#2235=PLANE('',#3502);
#2236=SURFACE_STYLE_USAGE(.BOTH.,#3503);
#2237=FACE_OUTER_BOUND('',#3504,.T.);
#2238=PLANE('',#3505);
#2239=SURFACE_STYLE_USAGE(.BOTH.,#3506);
#2240=FACE_OUTER_BOUND('',#3507,.T.);
#2241=PLANE('',#3508);
#2242=SURFACE_STYLE_USAGE(.BOTH.,#3509);
#2243=FACE_OUTER_BOUND('',#3510,.T.);
#2244=PLANE('',#3511);
#2245=SURFACE_STYLE_USAGE(.BOTH.,#3512);
#2246=FACE_OUTER_BOUND('',#3513,.T.);
#2247=PLANE('',#3514);
#2248=SURFACE_STYLE_USAGE(.BOTH.,#3515);
#2249=FACE_OUTER_BOUND('',#3516,.T.);
#2250=PLANE('',#3517);
#2251=SURFACE_STYLE_USAGE(.BOTH.,#3518);
#2252=FACE_OUTER_BOUND('',#3519,.T.);
#2253=PLANE('',#3520);
#2254=SURFACE_STYLE_USAGE(.BOTH.,#3521);
#2255=FACE_OUTER_BOUND('',#3522,.T.);
#2256=PLANE('',#3523);
#2257=SURFACE_STYLE_USAGE(.BOTH.,#3524);
#2258=FACE_OUTER_BOUND('',#3525,.T.);
#2259=PLANE('',#3526);
#2260=SURFACE_STYLE_USAGE(.BOTH.,#3527);
#2261=FACE_OUTER_BOUND('',#3528,.T.);
#2262=PLANE('',#3529);
#2263=SURFACE_STYLE_USAGE(.BOTH.,#3530);
#2264=FACE_OUTER_BOUND('',#3531,.T.);
#2265=PLANE('',#3532);
#2266=SURFACE_STYLE_USAGE(.BOTH.,#3533);
#2267=FACE_OUTER_BOUND('',#3534,.T.);
#2268=PLANE('',#3535);
#2269=SURFACE_STYLE_USAGE(.BOTH.,#3536);
#2270=FACE_OUTER_BOUND('',#3537,.T.);
#2271=PLANE('',#3538);
#2272=SURFACE_STYLE_USAGE(.BOTH.,#3539);
#2273=FACE_OUTER_BOUND('',#3540,.T.);
#2274=PLANE('',#3541);
#2275=SURFACE_STYLE_USAGE(.BOTH.,#3542);
#2276=FACE_OUTER_BOUND('',#3543,.T.);
#2277=PLANE('',#3544);
#2278=SURFACE_STYLE_USAGE(.BOTH.,#3545);
#2279=FACE_OUTER_BOUND('',#3546,.T.);
#2280=PLANE('',#3547);
#2281=SURFACE_STYLE_USAGE(.BOTH.,#3548);
#2282=FACE_OUTER_BOUND('',#3549,.T.);
#2283=PLANE('',#3550);
#2284=SURFACE_STYLE_USAGE(.BOTH.,#3551);
#2285=FACE_OUTER_BOUND('',#3552,.T.);
#2286=PLANE('',#3553);
#2287=SURFACE_STYLE_USAGE(.BOTH.,#3554);
#2288=FACE_OUTER_BOUND('',#3555,.T.);
#2289=PLANE('',#3556);
#2290=SURFACE_STYLE_USAGE(.BOTH.,#3557);
#2291=FACE_OUTER_BOUND('',#3558,.T.);
#2292=PLANE('',#3559);
#2293=SURFACE_STYLE_USAGE(.BOTH.,#3560);
#2294=FACE_OUTER_BOUND('',#3561,.T.);
#2295=PLANE('',#3562);
#2296=SURFACE_STYLE_USAGE(.BOTH.,#3563);
#2297=FACE_OUTER_BOUND('',#3564,.T.);
#2298=PLANE('',#3565);
#2299=SURFACE_STYLE_USAGE(.BOTH.,#3566);
#2300=FACE_OUTER_BOUND('',#3567,.T.);
#2301=PLANE('',#3568);
#2302=SURFACE_STYLE_USAGE(.BOTH.,#3569);
#2303=FACE_OUTER_BOUND('',#3570,.T.);
#2304=PLANE('',#3571);
#2305=SURFACE_STYLE_USAGE(.BOTH.,#3572);
#2306=FACE_OUTER_BOUND('',#3573,.T.);
#2307=PLANE('',#3574);
#2308=SURFACE_STYLE_USAGE(.BOTH.,#3575);
#2309=FACE_OUTER_BOUND('',#3576,.T.);
#2310=PLANE('',#3577);
#2311=SURFACE_STYLE_USAGE(.BOTH.,#3578);
#2312=FACE_OUTER_BOUND('',#3579,.T.);
#2313=PLANE('',#3580);
#2314=SURFACE_STYLE_USAGE(.BOTH.,#3581);
#2315=FACE_OUTER_BOUND('',#3582,.T.);
#2316=PLANE('',#3583);
#2317=SURFACE_STYLE_USAGE(.BOTH.,#3584);
#2318=FACE_OUTER_BOUND('',#3585,.T.);
#2319=PLANE('',#3586);
#2320=SURFACE_STYLE_USAGE(.BOTH.,#3587);
#2321=FACE_OUTER_BOUND('',#3588,.T.);
#2322=PLANE('',#3589);
#2323=SURFACE_STYLE_USAGE(.BOTH.,#3590);
#2324=FACE_OUTER_BOUND('',#3591,.T.);
#2325=PLANE('',#3592);
#2326=SURFACE_STYLE_USAGE(.BOTH.,#3593);
#2327=FACE_OUTER_BOUND('',#3594,.T.);
#2328=PLANE('',#3595);
#2329=SURFACE_STYLE_USAGE(.BOTH.,#3596);
#2330=FACE_OUTER_BOUND('',#3597,.T.);
#2331=PLANE('',#3598);
#2332=SURFACE_STYLE_USAGE(.BOTH.,#3599);
#2333=FACE_OUTER_BOUND('',#3600,.T.);
#2334=PLANE('',#3601);
#2335=SURFACE_STYLE_USAGE(.BOTH.,#3602);
#2336=FACE_OUTER_BOUND('',#3603,.T.);
#2337=PLANE('',#3604);
#2338=SURFACE_STYLE_USAGE(.BOTH.,#3605);
#2339=FACE_OUTER_BOUND('',#3606,.T.);
#2340=PLANE('',#3607);
#2341=SURFACE_STYLE_USAGE(.BOTH.,#3608);
#2342=FACE_OUTER_BOUND('',#3609,.T.);
#2343=PLANE('',#3610);
#2344=SURFACE_STYLE_USAGE(.BOTH.,#3611);
#2345=FACE_OUTER_BOUND('',#3612,.T.);
#2346=PLANE('',#3613);
#2347=SURFACE_STYLE_USAGE(.BOTH.,#3614);
#2348=FACE_OUTER_BOUND('',#3615,.T.);
#2349=PLANE('',#3616);
#2350=SURFACE_STYLE_USAGE(.BOTH.,#3617);
#2351=FACE_OUTER_BOUND('',#3618,.T.);
#2352=PLANE('',#3619);
#2353=SURFACE_STYLE_USAGE(.BOTH.,#3620);
#2354=FACE_OUTER_BOUND('',#3621,.T.);
#2355=PLANE('',#3622);
#2356=SURFACE_STYLE_USAGE(.BOTH.,#3623);
#2357=FACE_OUTER_BOUND('',#3624,.T.);
#2358=PLANE('',#3625);
#2359=SURFACE_STYLE_USAGE(.BOTH.,#3626);
#2360=FACE_BOUND('',#3627,.T.);
#2361=FACE_BOUND('',#3628,.T.);
#2362=FACE_BOUND('',#3629,.T.);
#2363=FACE_BOUND('',#3630,.T.);
#2364=FACE_BOUND('',#3631,.T.);
#2365=FACE_BOUND('',#3632,.T.);
#2366=FACE_BOUND('',#3633,.T.);
#2367=FACE_BOUND('',#3634,.T.);
#2368=FACE_BOUND('',#3635,.T.);
#2369=FACE_BOUND('',#3636,.T.);
#2370=FACE_BOUND('',#3637,.T.);
#2371=FACE_BOUND('',#3638,.T.);
#2372=FACE_BOUND('',#3639,.T.);
#2373=FACE_BOUND('',#3640,.T.);
#2374=FACE_BOUND('',#3641,.T.);
#2375=FACE_BOUND('',#3642,.T.);
#2376=FACE_BOUND('',#3643,.T.);
#2377=FACE_BOUND('',#3644,.T.);
#2378=FACE_BOUND('',#3645,.T.);
#2379=FACE_BOUND('',#3646,.T.);
#2380=FACE_BOUND('',#3647,.T.);
#2381=FACE_BOUND('',#3648,.T.);
#2382=FACE_BOUND('',#3649,.T.);
#2383=FACE_BOUND('',#3650,.T.);
#2384=FACE_OUTER_BOUND('',#3651,.T.);
#2385=PLANE('',#3652);
#2386=SURFACE_STYLE_USAGE(.BOTH.,#3653);
#2387=FACE_OUTER_BOUND('',#3654,.T.);
#2388=PLANE('',#3655);
#2389=SURFACE_STYLE_USAGE(.BOTH.,#3656);
#2390=FACE_OUTER_BOUND('',#3657,.T.);
#2391=PLANE('',#3658);
#2392=SURFACE_STYLE_USAGE(.BOTH.,#3659);
#2393=FACE_OUTER_BOUND('',#3660,.T.);
#2394=PLANE('',#3661);
#2395=SURFACE_STYLE_USAGE(.BOTH.,#3662);
#2396=FACE_OUTER_BOUND('',#3663,.T.);
#2397=PLANE('',#3664);
#2398=SURFACE_STYLE_USAGE(.BOTH.,#3665);
#2399=FACE_OUTER_BOUND('',#3666,.T.);
#2400=PLANE('',#3667);
#2401=SURFACE_STYLE_USAGE(.BOTH.,#3668);
#2402=FACE_OUTER_BOUND('',#3669,.T.);
#2403=PLANE('',#3670);
#2404=SURFACE_STYLE_USAGE(.BOTH.,#3671);
#2405=FACE_OUTER_BOUND('',#3672,.T.);
#2406=PLANE('',#3673);
#2407=SURFACE_STYLE_USAGE(.BOTH.,#3674);
#2408=FACE_OUTER_BOUND('',#3675,.T.);
#2409=PLANE('',#3676);
#2410=SURFACE_STYLE_USAGE(.BOTH.,#3677);
#2411=FACE_OUTER_BOUND('',#3678,.T.);
#2412=PLANE('',#3679);
#2413=SURFACE_STYLE_USAGE(.BOTH.,#3680);
#2414=FACE_OUTER_BOUND('',#3681,.T.);
#2415=PLANE('',#3682);
#2416=SURFACE_STYLE_USAGE(.BOTH.,#3683);
#2417=FACE_BOUND('',#3684,.T.);
#2418=FACE_BOUND('',#3685,.T.);
#2419=FACE_BOUND('',#3686,.T.);
#2420=FACE_BOUND('',#3687,.T.);
#2421=FACE_BOUND('',#3688,.T.);
#2422=FACE_BOUND('',#3689,.T.);
#2423=FACE_BOUND('',#3690,.T.);
#2424=FACE_BOUND('',#3691,.T.);
#2425=FACE_BOUND('',#3692,.T.);
#2426=FACE_BOUND('',#3693,.T.);
#2427=FACE_BOUND('',#3694,.T.);
#2428=FACE_BOUND('',#3695,.T.);
#2429=FACE_BOUND('',#3696,.T.);
#2430=FACE_BOUND('',#3697,.T.);
#2431=FACE_BOUND('',#3698,.T.);
#2432=FACE_BOUND('',#3699,.T.);
#2433=FACE_BOUND('',#3700,.T.);
#2434=FACE_BOUND('',#3701,.T.);
#2435=FACE_BOUND('',#3702,.T.);
#2436=FACE_BOUND('',#3703,.T.);
#2437=FACE_OUTER_BOUND('',#3704,.T.);
#2438=PLANE('',#3705);
#2439=SURFACE_STYLE_USAGE(.BOTH.,#3706);
#2440=FACE_OUTER_BOUND('',#3707,.T.);
#2441=PLANE('',#3708);
#2442=SURFACE_STYLE_USAGE(.BOTH.,#3709);
#2443=FACE_OUTER_BOUND('',#3710,.T.);
#2444=PLANE('',#3711);
#2445=SURFACE_STYLE_USAGE(.BOTH.,#3712);
#2446=FACE_OUTER_BOUND('',#3713,.T.);
#2447=PLANE('',#3714);
#2448=SURFACE_STYLE_USAGE(.BOTH.,#3715);
#2449=FACE_OUTER_BOUND('',#3716,.T.);
#2450=PLANE('',#3717);
#2451=SURFACE_STYLE_USAGE(.BOTH.,#3718);
#2452=FACE_OUTER_BOUND('',#3719,.T.);
#2453=SPHERICAL_SURFACE('',#3720,0.381);
#2454=SURFACE_STYLE_USAGE(.BOTH.,#3721);
#2455=FACE_OUTER_BOUND('',#3722,.T.);
#2456=SPHERICAL_SURFACE('',#3723,0.381);
#2457=SURFACE_STYLE_USAGE(.BOTH.,#3724);
#2458=FACE_OUTER_BOUND('',#3725,.T.);
#2459=SPHERICAL_SURFACE('',#3726,0.381);
#2460=SURFACE_STYLE_USAGE(.BOTH.,#3727);
#2461=FACE_OUTER_BOUND('',#3728,.T.);
#2462=SPHERICAL_SURFACE('',#3729,0.381);
#2463=SURFACE_STYLE_USAGE(.BOTH.,#3730);
#2464=FACE_OUTER_BOUND('',#3731,.T.);
#2465=PLANE('',#3732);
#2466=SURFACE_STYLE_USAGE(.BOTH.,#3733);
#2467=FACE_OUTER_BOUND('',#3734,.T.);
#2468=PLANE('',#3735);
#2469=SURFACE_STYLE_USAGE(.BOTH.,#3736);
#2470=FACE_OUTER_BOUND('',#3737,.T.);
#2471=PLANE('',#3738);
#2472=SURFACE_STYLE_USAGE(.BOTH.,#3739);
#2473=FACE_OUTER_BOUND('',#3740,.T.);
#2474=PLANE('',#3741);
#2475=SURFACE_STYLE_USAGE(.BOTH.,#3742);
#2476=FACE_OUTER_BOUND('',#3743,.T.);
#2477=PLANE('',#3744);
#2478=SURFACE_STYLE_USAGE(.BOTH.,#3745);
#2479=FACE_OUTER_BOUND('',#3746,.T.);
#2480=PLANE('',#3747);
#2481=SURFACE_STYLE_USAGE(.BOTH.,#3748);
#2482=FACE_OUTER_BOUND('',#3749,.T.);
#2483=PLANE('',#3750);
#2484=SURFACE_STYLE_USAGE(.BOTH.,#3751);
#2485=FACE_OUTER_BOUND('',#3752,.T.);
#2486=PLANE('',#3753);
#2487=SURFACE_STYLE_USAGE(.BOTH.,#3754);
#2488=FACE_OUTER_BOUND('',#3755,.T.);
#2489=PLANE('',#3756);
#2490=SURFACE_STYLE_USAGE(.BOTH.,#3757);
#2491=FACE_OUTER_BOUND('',#3758,.T.);
#2492=PLANE('',#3759);
#2493=SURFACE_STYLE_USAGE(.BOTH.,#3760);
#2494=FACE_OUTER_BOUND('',#3761,.T.);
#2495=PLANE('',#3762);
#2496=SURFACE_STYLE_USAGE(.BOTH.,#3763);
#2497=FACE_OUTER_BOUND('',#3764,.T.);
#2498=PLANE('',#3765);
#2499=SURFACE_STYLE_USAGE(.BOTH.,#3766);
#2500=FACE_OUTER_BOUND('',#3767,.T.);
#2501=PLANE('',#3768);
#2502=SURFACE_STYLE_USAGE(.BOTH.,#3769);
#2503=FACE_OUTER_BOUND('',#3770,.T.);
#2504=PLANE('',#3771);
#2505=SURFACE_STYLE_USAGE(.BOTH.,#3772);
#2506=FACE_OUTER_BOUND('',#3773,.T.);
#2507=PLANE('',#3774);
#2508=SURFACE_STYLE_USAGE(.BOTH.,#3775);
#2509=FACE_BOUND('',#3776,.T.);
#2510=FACE_OUTER_BOUND('',#3777,.T.);
#2511=PLANE('',#3778);
#2512=SURFACE_STYLE_USAGE(.BOTH.,#3779);
#2513=FACE_OUTER_BOUND('',#3780,.T.);
#2514=PLANE('',#3781);
#2515=PRODUCT_CONTEXT('',#415,'mechanical');
#2516=PRODUCT_DEFINITION_FORMATION_WITH_SPECIFIED_SOURCE(' ','NONE',#1238,.NOT_KNOWN.);
#2517=CLOSED_SHELL('',(#429,#431,#433,#435,#437,#439,#441,#443,#445,#447,#449,#451,#453,#455,#457,#459,#461,#463,#465,#467,#469,#471,#473,#475,#477,#479,#481,#483,#485,#487,#489,#491,#493,#495,#497,#499,#501,#503,#505,#507,#509,#511,#513,#515,#517,#519,#521,#523,#525,#527,#529,#531,#533,#535,#537,#539,#541,#543,#545,#547,#549,#551,#553,#555,#557,#559,#561,#563,#565,#567,#569,#571,#573,#575,#577,#579,#581,#583,#585,#587,#589,#591,#593,#595,#597,#599,#601,#603,#605,#607,#609,#611,#613,#615,#617,#619,#621,#623,#625,#627,#629,#631,#633,#635,#637,#639,#641,#643,#645,#647,#649,#651,#653,#655,#657,#659,#661,#663,#665,#667,#669,#671,#673,#675,#677,#679,#681,#683,#685,#687,#689,#691,#693,#695,#697,#699,#701,#703,#705,#707,#709,#711,#713,#715,#717,#719,#721,#723,#725,#727,#729,#731,#733,#735,#737,#739,#741,#743,#745,#747,#749,#751,#753,#755,#757,#759,#761,#763,#765,#767,#769,#771,#773,#775,#777,#779,#781,#783,#785,#787,#789,#791,#793,#795,#797,#799,#801,#803,#805,#807,#809,#811,#813,#815,#817,#819,#821,#823,#825,#827,#829,#831,#833,#835,#837,#839,#841,#843,#845,#847,#849,#851,#853,#855,#857,#859,#861,#863,#865,#867,#869,#871,#873,#875,#877,#879,#881,#883,#885,#887,#889,#891,#893,#895,#897,#899,#901,#903,#905,#907,#909,#911,#913,#915,#917,#919,#921,#923,#925,#927,#929,#931,#933,#935,#937,#939,#941,#943,#945,#947,#949,#951,#953,#955,#957,#959,#961,#963,#965,#967,#969,#971,#973,#975,#977,#979,#981,#983,#985,#987,#989,#991,#993,#995,#997,#999,#1001,#1003,#1005,#1007,#1009,#1011,#1013,#1015,#1017,#1019,#1021,#1023,#1025,#1027,#1029,#1031,#1033,#1035,#1037,#1039,#1041,#1043,#1045,#1047,#1049,#1051,#1053,#1055,#1057,#1059,#1061,#1063,#1065,#1067,#1069,#1071,#1073,#1075,#1077,#1079,#1081,#1083,#1085,#1087,#1089,#1091,#1093,#1095,#1097,#1099,#1101,#1103,#1105,#1107,#1109,#1111,#1113,#1115,#1117,#1119,#1121,#1123,#1125,#1127,#1129,#1131,#1133,#1135,#1137,#1139,#1141,#1143,#1145,#1147,#1149,#1151,#1153,#1155,#1157,#1159,#1161,#1163,#1165,#1167,#1169,#1171,#1173,#1175,#1177,#1179,#1181,#1183,#1185,#1187,#1189,#1191,#1193,#1195,#1197,#1199,#1201,#1203,#1205,#1207,#1209,#1211,#1213,#1215,#1217,#1219,#1221,#1223,#1225,#1227,#1229,#1231,#1233,#1235,#1237));
#2518=CARTESIAN_POINT('',(0.0,0.0,0.0));
#2519=DIRECTION('',(0.0,0.0,1.0));
#2520=DIRECTION('',(1.0,0.0,0.0));
#2521= (NAMED_UNIT(#1247)LENGTH_UNIT()SI_UNIT(.MILLI.,.METRE.));
#2522=SURFACE_SIDE_STYLE('',(#3783));
#2523=EDGE_LOOP('',(#3784,#3785,#3786,#3787));
#2524=AXIS2_PLACEMENT_3D('',#3788,#3789,#3790);
#2525=SURFACE_SIDE_STYLE('',(#3791));
#2526=EDGE_LOOP('',(#3792,#3793,#3794,#3795));
#2527=AXIS2_PLACEMENT_3D('',#3796,#3797,#3798);
#2528=SURFACE_SIDE_STYLE('',(#3799));
#2529=EDGE_LOOP('',(#3800,#3801,#3802,#3803));
#2530=AXIS2_PLACEMENT_3D('',#3804,#3805,#3806);
#2531=SURFACE_SIDE_STYLE('',(#3807));
#2532=EDGE_LOOP('',(#3808,#3809,#3810,#3811));
#2533=AXIS2_PLACEMENT_3D('',#3812,#3813,#3814);
#2534=SURFACE_SIDE_STYLE('',(#3815));
#2535=EDGE_LOOP('',(#3816,#3817,#3818,#3819));
#2536=AXIS2_PLACEMENT_3D('',#3820,#3821,#3822);
#2537=SURFACE_SIDE_STYLE('',(#3823));
#2538=EDGE_LOOP('',(#3824,#3825,#3826,#3827));
#2539=AXIS2_PLACEMENT_3D('',#3828,#3829,#3830);
#2540=SURFACE_SIDE_STYLE('',(#3831));
#2541=EDGE_LOOP('',(#3832,#3833,#3834,#3835));
#2542=AXIS2_PLACEMENT_3D('',#3836,#3837,#3838);
#2543=SURFACE_SIDE_STYLE('',(#3839));
#2544=EDGE_LOOP('',(#3840,#3841,#3842,#3843));
#2545=AXIS2_PLACEMENT_3D('',#3844,#3845,#3846);
#2546=SURFACE_SIDE_STYLE('',(#3847));
#2547=EDGE_LOOP('',(#3848,#3849,#3850,#3851));
#2548=AXIS2_PLACEMENT_3D('',#3852,#3853,#3854);
#2549=SURFACE_SIDE_STYLE('',(#3855));
#2550=EDGE_LOOP('',(#3856,#3857,#3858,#3859));
#2551=AXIS2_PLACEMENT_3D('',#3860,#3861,#3862);
#2552=SURFACE_SIDE_STYLE('',(#3863));
#2553=EDGE_LOOP('',(#3864,#3865,#3866,#3867));
#2554=AXIS2_PLACEMENT_3D('',#3868,#3869,#3870);
#2555=SURFACE_SIDE_STYLE('',(#3871));
#2556=EDGE_LOOP('',(#3872,#3873,#3874,#3875));
#2557=AXIS2_PLACEMENT_3D('',#3876,#3877,#3878);
#2558=SURFACE_SIDE_STYLE('',(#3879));
#2559=EDGE_LOOP('',(#3880,#3881,#3882,#3883));
#2560=AXIS2_PLACEMENT_3D('',#3884,#3885,#3886);
#2561=SURFACE_SIDE_STYLE('',(#3887));
#2562=EDGE_LOOP('',(#3888,#3889,#3890,#3891));
#2563=AXIS2_PLACEMENT_3D('',#3892,#3893,#3894);
#2564=SURFACE_SIDE_STYLE('',(#3895));
#2565=EDGE_LOOP('',(#3896,#3897,#3898,#3899));
#2566=AXIS2_PLACEMENT_3D('',#3900,#3901,#3902);
#2567=SURFACE_SIDE_STYLE('',(#3903));
#2568=EDGE_LOOP('',(#3904,#3905,#3906,#3907));
#2569=AXIS2_PLACEMENT_3D('',#3908,#3909,#3910);
#2570=SURFACE_SIDE_STYLE('',(#3911));
#2571=EDGE_LOOP('',(#3912,#3913,#3914,#3915));
#2572=AXIS2_PLACEMENT_3D('',#3916,#3917,#3918);
#2573=SURFACE_SIDE_STYLE('',(#3919));
#2574=EDGE_LOOP('',(#3920,#3921,#3922,#3923));
#2575=AXIS2_PLACEMENT_3D('',#3924,#3925,#3926);
#2576=SURFACE_SIDE_STYLE('',(#3927));
#2577=EDGE_LOOP('',(#3928,#3929,#3930,#3931));
#2578=AXIS2_PLACEMENT_3D('',#3932,#3933,#3934);
#2579=SURFACE_SIDE_STYLE('',(#3935));
#2580=EDGE_LOOP('',(#3936,#3937,#3938,#3939));
#2581=AXIS2_PLACEMENT_3D('',#3940,#3941,#3942);
#2582=SURFACE_SIDE_STYLE('',(#3943));
#2583=EDGE_LOOP('',(#3944,#3945,#3946,#3947));
#2584=AXIS2_PLACEMENT_3D('',#3948,#3949,#3950);
#2585=SURFACE_SIDE_STYLE('',(#3951));
#2586=EDGE_LOOP('',(#3952,#3953,#3954,#3955));
#2587=AXIS2_PLACEMENT_3D('',#3956,#3957,#3958);
#2588=SURFACE_SIDE_STYLE('',(#3959));
#2589=EDGE_LOOP('',(#3960,#3961,#3962,#3963));
#2590=AXIS2_PLACEMENT_3D('',#3964,#3965,#3966);
#2591=SURFACE_SIDE_STYLE('',(#3967));
#2592=EDGE_LOOP('',(#3968,#3969,#3970,#3971));
#2593=AXIS2_PLACEMENT_3D('',#3972,#3973,#3974);
#2594=SURFACE_SIDE_STYLE('',(#3975));
#2595=EDGE_LOOP('',(#3976,#3977,#3978,#3979));
#2596=AXIS2_PLACEMENT_3D('',#3980,#3981,#3982);
#2597=SURFACE_SIDE_STYLE('',(#3983));
#2598=EDGE_LOOP('',(#3984,#3985,#3986,#3987));
#2599=AXIS2_PLACEMENT_3D('',#3988,#3989,#3990);
#2600=SURFACE_SIDE_STYLE('',(#3991));
#2601=EDGE_LOOP('',(#3992,#3993,#3994,#3995));
#2602=AXIS2_PLACEMENT_3D('',#3996,#3997,#3998);
#2603=SURFACE_SIDE_STYLE('',(#3999));
#2604=EDGE_LOOP('',(#4000,#4001,#4002,#4003));
#2605=AXIS2_PLACEMENT_3D('',#4004,#4005,#4006);
#2606=SURFACE_SIDE_STYLE('',(#4007));
#2607=EDGE_LOOP('',(#4008,#4009,#4010,#4011));
#2608=AXIS2_PLACEMENT_3D('',#4012,#4013,#4014);
#2609=SURFACE_SIDE_STYLE('',(#4015));
#2610=EDGE_LOOP('',(#4016,#4017,#4018,#4019));
#2611=AXIS2_PLACEMENT_3D('',#4020,#4021,#4022);
#2612=SURFACE_SIDE_STYLE('',(#4023));
#2613=EDGE_LOOP('',(#4024,#4025,#4026,#4027));
#2614=AXIS2_PLACEMENT_3D('',#4028,#4029,#4030);
#2615=SURFACE_SIDE_STYLE('',(#4031));
#2616=EDGE_LOOP('',(#4032,#4033,#4034,#4035));
#2617=AXIS2_PLACEMENT_3D('',#4036,#4037,#4038);
#2618=SURFACE_SIDE_STYLE('',(#4039));
#2619=EDGE_LOOP('',(#4040,#4041,#4042,#4043));
#2620=AXIS2_PLACEMENT_3D('',#4044,#4045,#4046);
#2621=SURFACE_SIDE_STYLE('',(#4047));
#2622=EDGE_LOOP('',(#4048,#4049,#4050,#4051));
#2623=AXIS2_PLACEMENT_3D('',#4052,#4053,#4054);
#2624=SURFACE_SIDE_STYLE('',(#4055));
#2625=EDGE_LOOP('',(#4056,#4057,#4058,#4059));
#2626=AXIS2_PLACEMENT_3D('',#4060,#4061,#4062);
#2627=SURFACE_SIDE_STYLE('',(#4063));
#2628=EDGE_LOOP('',(#4064,#4065,#4066,#4067));
#2629=AXIS2_PLACEMENT_3D('',#4068,#4069,#4070);
#2630=SURFACE_SIDE_STYLE('',(#4071));
#2631=EDGE_LOOP('',(#4072,#4073,#4074,#4075));
#2632=AXIS2_PLACEMENT_3D('',#4076,#4077,#4078);
#2633=SURFACE_SIDE_STYLE('',(#4079));
#2634=EDGE_LOOP('',(#4080,#4081,#4082,#4083));
#2635=AXIS2_PLACEMENT_3D('',#4084,#4085,#4086);
#2636=SURFACE_SIDE_STYLE('',(#4087));
#2637=EDGE_LOOP('',(#4088,#4089,#4090,#4091));
#2638=AXIS2_PLACEMENT_3D('',#4092,#4093,#4094);
#2639=SURFACE_SIDE_STYLE('',(#4095));
#2640=EDGE_LOOP('',(#4096,#4097,#4098,#4099));
#2641=AXIS2_PLACEMENT_3D('',#4100,#4101,#4102);
#2642=SURFACE_SIDE_STYLE('',(#4103));
#2643=EDGE_LOOP('',(#4104,#4105,#4106,#4107));
#2644=AXIS2_PLACEMENT_3D('',#4108,#4109,#4110);
#2645=SURFACE_SIDE_STYLE('',(#4111));
#2646=EDGE_LOOP('',(#4112,#4113,#4114,#4115));
#2647=AXIS2_PLACEMENT_3D('',#4116,#4117,#4118);
#2648=SURFACE_SIDE_STYLE('',(#4119));
#2649=EDGE_LOOP('',(#4120,#4121,#4122,#4123));
#2650=AXIS2_PLACEMENT_3D('',#4124,#4125,#4126);
#2651=SURFACE_SIDE_STYLE('',(#4127));
#2652=EDGE_LOOP('',(#4128,#4129,#4130,#4131));
#2653=AXIS2_PLACEMENT_3D('',#4132,#4133,#4134);
#2654=SURFACE_SIDE_STYLE('',(#4135));
#2655=EDGE_LOOP('',(#4136,#4137,#4138,#4139));
#2656=AXIS2_PLACEMENT_3D('',#4140,#4141,#4142);
#2657=SURFACE_SIDE_STYLE('',(#4143));
#2658=EDGE_LOOP('',(#4144,#4145,#4146,#4147));
#2659=AXIS2_PLACEMENT_3D('',#4148,#4149,#4150);
#2660=SURFACE_SIDE_STYLE('',(#4151));
#2661=EDGE_LOOP('',(#4152,#4153,#4154,#4155));
#2662=AXIS2_PLACEMENT_3D('',#4156,#4157,#4158);
#2663=SURFACE_SIDE_STYLE('',(#4159));
#2664=EDGE_LOOP('',(#4160,#4161,#4162,#4163));
#2665=AXIS2_PLACEMENT_3D('',#4164,#4165,#4166);
#2666=SURFACE_SIDE_STYLE('',(#4167));
#2667=EDGE_LOOP('',(#4168,#4169,#4170,#4171));
#2668=AXIS2_PLACEMENT_3D('',#4172,#4173,#4174);
#2669=SURFACE_SIDE_STYLE('',(#4175));
#2670=EDGE_LOOP('',(#4176,#4177,#4178,#4179));
#2671=AXIS2_PLACEMENT_3D('',#4180,#4181,#4182);
#2672=SURFACE_SIDE_STYLE('',(#4183));
#2673=EDGE_LOOP('',(#4184,#4185,#4186,#4187));
#2674=AXIS2_PLACEMENT_3D('',#4188,#4189,#4190);
#2675=SURFACE_SIDE_STYLE('',(#4191));
#2676=EDGE_LOOP('',(#4192,#4193,#4194,#4195));
#2677=AXIS2_PLACEMENT_3D('',#4196,#4197,#4198);
#2678=SURFACE_SIDE_STYLE('',(#4199));
#2679=EDGE_LOOP('',(#4200,#4201,#4202,#4203));
#2680=AXIS2_PLACEMENT_3D('',#4204,#4205,#4206);
#2681=SURFACE_SIDE_STYLE('',(#4207));
#2682=EDGE_LOOP('',(#4208,#4209,#4210,#4211));
#2683=AXIS2_PLACEMENT_3D('',#4212,#4213,#4214);
#2684=SURFACE_SIDE_STYLE('',(#4215));
#2685=EDGE_LOOP('',(#4216,#4217,#4218,#4219));
#2686=AXIS2_PLACEMENT_3D('',#4220,#4221,#4222);
#2687=SURFACE_SIDE_STYLE('',(#4223));
#2688=EDGE_LOOP('',(#4224,#4225,#4226,#4227));
#2689=AXIS2_PLACEMENT_3D('',#4228,#4229,#4230);
#2690=SURFACE_SIDE_STYLE('',(#4231));
#2691=EDGE_LOOP('',(#4232,#4233,#4234,#4235));
#2692=AXIS2_PLACEMENT_3D('',#4236,#4237,#4238);
#2693=SURFACE_SIDE_STYLE('',(#4239));
#2694=EDGE_LOOP('',(#4240,#4241,#4242,#4243));
#2695=AXIS2_PLACEMENT_3D('',#4244,#4245,#4246);
#2696=SURFACE_SIDE_STYLE('',(#4247));
#2697=EDGE_LOOP('',(#4248,#4249,#4250,#4251));
#2698=AXIS2_PLACEMENT_3D('',#4252,#4253,#4254);
#2699=SURFACE_SIDE_STYLE('',(#4255));
#2700=EDGE_LOOP('',(#4256,#4257,#4258,#4259));
#2701=AXIS2_PLACEMENT_3D('',#4260,#4261,#4262);
#2702=SURFACE_SIDE_STYLE('',(#4263));
#2703=EDGE_LOOP('',(#4264,#4265,#4266,#4267));
#2704=AXIS2_PLACEMENT_3D('',#4268,#4269,#4270);
#2705=SURFACE_SIDE_STYLE('',(#4271));
#2706=EDGE_LOOP('',(#4272,#4273,#4274,#4275));
#2707=AXIS2_PLACEMENT_3D('',#4276,#4277,#4278);
#2708=SURFACE_SIDE_STYLE('',(#4279));
#2709=EDGE_LOOP('',(#4280,#4281,#4282,#4283));
#2710=AXIS2_PLACEMENT_3D('',#4284,#4285,#4286);
#2711=SURFACE_SIDE_STYLE('',(#4287));
#2712=EDGE_LOOP('',(#4288,#4289,#4290,#4291));
#2713=AXIS2_PLACEMENT_3D('',#4292,#4293,#4294);
#2714=SURFACE_SIDE_STYLE('',(#4295));
#2715=EDGE_LOOP('',(#4296,#4297,#4298,#4299));
#2716=AXIS2_PLACEMENT_3D('',#4300,#4301,#4302);
#2717=SURFACE_SIDE_STYLE('',(#4303));
#2718=EDGE_LOOP('',(#4304,#4305,#4306,#4307));
#2719=AXIS2_PLACEMENT_3D('',#4308,#4309,#4310);
#2720=SURFACE_SIDE_STYLE('',(#4311));
#2721=EDGE_LOOP('',(#4312,#4313,#4314,#4315));
#2722=AXIS2_PLACEMENT_3D('',#4316,#4317,#4318);
#2723=SURFACE_SIDE_STYLE('',(#4319));
#2724=EDGE_LOOP('',(#4320,#4321,#4322,#4323));
#2725=AXIS2_PLACEMENT_3D('',#4324,#4325,#4326);
#2726=SURFACE_SIDE_STYLE('',(#4327));
#2727=EDGE_LOOP('',(#4328,#4329,#4330,#4331));
#2728=AXIS2_PLACEMENT_3D('',#4332,#4333,#4334);
#2729=SURFACE_SIDE_STYLE('',(#4335));
#2730=EDGE_LOOP('',(#4336,#4337,#4338,#4339));
#2731=AXIS2_PLACEMENT_3D('',#4340,#4341,#4342);
#2732=SURFACE_SIDE_STYLE('',(#4343));
#2733=EDGE_LOOP('',(#4344,#4345,#4346,#4347));
#2734=AXIS2_PLACEMENT_3D('',#4348,#4349,#4350);
#2735=SURFACE_SIDE_STYLE('',(#4351));
#2736=EDGE_LOOP('',(#4352,#4353,#4354,#4355));
#2737=AXIS2_PLACEMENT_3D('',#4356,#4357,#4358);
#2738=SURFACE_SIDE_STYLE('',(#4359));
#2739=EDGE_LOOP('',(#4360,#4361,#4362,#4363));
#2740=AXIS2_PLACEMENT_3D('',#4364,#4365,#4366);
#2741=SURFACE_SIDE_STYLE('',(#4367));
#2742=EDGE_LOOP('',(#4368,#4369,#4370,#4371));
#2743=AXIS2_PLACEMENT_3D('',#4372,#4373,#4374);
#2744=SURFACE_SIDE_STYLE('',(#4375));
#2745=EDGE_LOOP('',(#4376,#4377,#4378,#4379));
#2746=AXIS2_PLACEMENT_3D('',#4380,#4381,#4382);
#2747=SURFACE_SIDE_STYLE('',(#4383));
#2748=EDGE_LOOP('',(#4384,#4385,#4386,#4387));
#2749=AXIS2_PLACEMENT_3D('',#4388,#4389,#4390);
#2750=SURFACE_SIDE_STYLE('',(#4391));
#2751=EDGE_LOOP('',(#4392,#4393,#4394,#4395));
#2752=AXIS2_PLACEMENT_3D('',#4396,#4397,#4398);
#2753=SURFACE_SIDE_STYLE('',(#4399));
#2754=EDGE_LOOP('',(#4400,#4401,#4402,#4403));
#2755=AXIS2_PLACEMENT_3D('',#4404,#4405,#4406);
#2756=SURFACE_SIDE_STYLE('',(#4407));
#2757=EDGE_LOOP('',(#4408,#4409,#4410,#4411));
#2758=AXIS2_PLACEMENT_3D('',#4412,#4413,#4414);
#2759=SURFACE_SIDE_STYLE('',(#4415));
#2760=EDGE_LOOP('',(#4416,#4417,#4418,#4419));
#2761=AXIS2_PLACEMENT_3D('',#4420,#4421,#4422);
#2762=SURFACE_SIDE_STYLE('',(#4423));
#2763=EDGE_LOOP('',(#4424,#4425,#4426,#4427));
#2764=AXIS2_PLACEMENT_3D('',#4428,#4429,#4430);
#2765=SURFACE_SIDE_STYLE('',(#4431));
#2766=EDGE_LOOP('',(#4432,#4433,#4434,#4435));
#2767=AXIS2_PLACEMENT_3D('',#4436,#4437,#4438);
#2768=SURFACE_SIDE_STYLE('',(#4439));
#2769=EDGE_LOOP('',(#4440,#4441,#4442,#4443));
#2770=AXIS2_PLACEMENT_3D('',#4444,#4445,#4446);
#2771=SURFACE_SIDE_STYLE('',(#4447));
#2772=EDGE_LOOP('',(#4448,#4449,#4450,#4451));
#2773=AXIS2_PLACEMENT_3D('',#4452,#4453,#4454);
#2774=SURFACE_SIDE_STYLE('',(#4455));
#2775=EDGE_LOOP('',(#4456,#4457,#4458,#4459));
#2776=AXIS2_PLACEMENT_3D('',#4460,#4461,#4462);
#2777=SURFACE_SIDE_STYLE('',(#4463));
#2778=EDGE_LOOP('',(#4464,#4465,#4466,#4467));
#2779=AXIS2_PLACEMENT_3D('',#4468,#4469,#4470);
#2780=SURFACE_SIDE_STYLE('',(#4471));
#2781=EDGE_LOOP('',(#4472,#4473,#4474,#4475));
#2782=AXIS2_PLACEMENT_3D('',#4476,#4477,#4478);
#2783=SURFACE_SIDE_STYLE('',(#4479));
#2784=EDGE_LOOP('',(#4480,#4481,#4482,#4483));
#2785=AXIS2_PLACEMENT_3D('',#4484,#4485,#4486);
#2786=SURFACE_SIDE_STYLE('',(#4487));
#2787=EDGE_LOOP('',(#4488,#4489,#4490,#4491));
#2788=AXIS2_PLACEMENT_3D('',#4492,#4493,#4494);
#2789=SURFACE_SIDE_STYLE('',(#4495));
#2790=EDGE_LOOP('',(#4496,#4497,#4498,#4499));
#2791=AXIS2_PLACEMENT_3D('',#4500,#4501,#4502);
#2792=SURFACE_SIDE_STYLE('',(#4503));
#2793=EDGE_LOOP('',(#4504,#4505,#4506,#4507));
#2794=AXIS2_PLACEMENT_3D('',#4508,#4509,#4510);
#2795=SURFACE_SIDE_STYLE('',(#4511));
#2796=EDGE_LOOP('',(#4512,#4513,#4514,#4515));
#2797=AXIS2_PLACEMENT_3D('',#4516,#4517,#4518);
#2798=SURFACE_SIDE_STYLE('',(#4519));
#2799=EDGE_LOOP('',(#4520,#4521,#4522,#4523));
#2800=AXIS2_PLACEMENT_3D('',#4524,#4525,#4526);
#2801=SURFACE_SIDE_STYLE('',(#4527));
#2802=EDGE_LOOP('',(#4528,#4529,#4530,#4531));
#2803=AXIS2_PLACEMENT_3D('',#4532,#4533,#4534);
#2804=SURFACE_SIDE_STYLE('',(#4535));
#2805=EDGE_LOOP('',(#4536,#4537,#4538,#4539));
#2806=AXIS2_PLACEMENT_3D('',#4540,#4541,#4542);
#2807=SURFACE_SIDE_STYLE('',(#4543));
#2808=EDGE_LOOP('',(#4544,#4545,#4546,#4547));
#2809=AXIS2_PLACEMENT_3D('',#4548,#4549,#4550);
#2810=SURFACE_SIDE_STYLE('',(#4551));
#2811=EDGE_LOOP('',(#4552,#4553,#4554,#4555));
#2812=AXIS2_PLACEMENT_3D('',#4556,#4557,#4558);
#2813=SURFACE_SIDE_STYLE('',(#4559));
#2814=EDGE_LOOP('',(#4560,#4561,#4562,#4563));
#2815=AXIS2_PLACEMENT_3D('',#4564,#4565,#4566);
#2816=SURFACE_SIDE_STYLE('',(#4567));
#2817=EDGE_LOOP('',(#4568,#4569,#4570,#4571));
#2818=AXIS2_PLACEMENT_3D('',#4572,#4573,#4574);
#2819=SURFACE_SIDE_STYLE('',(#4575));
#2820=EDGE_LOOP('',(#4576,#4577,#4578,#4579));
#2821=AXIS2_PLACEMENT_3D('',#4580,#4581,#4582);
#2822=SURFACE_SIDE_STYLE('',(#4583));
#2823=EDGE_LOOP('',(#4584,#4585,#4586,#4587));
#2824=AXIS2_PLACEMENT_3D('',#4588,#4589,#4590);
#2825=SURFACE_SIDE_STYLE('',(#4591));
#2826=EDGE_LOOP('',(#4592,#4593,#4594,#4595));
#2827=AXIS2_PLACEMENT_3D('',#4596,#4597,#4598);
#2828=SURFACE_SIDE_STYLE('',(#4599));
#2829=EDGE_LOOP('',(#4600,#4601,#4602,#4603));
#2830=AXIS2_PLACEMENT_3D('',#4604,#4605,#4606);
#2831=SURFACE_SIDE_STYLE('',(#4607));
#2832=EDGE_LOOP('',(#4608,#4609,#4610,#4611));
#2833=AXIS2_PLACEMENT_3D('',#4612,#4613,#4614);
#2834=SURFACE_SIDE_STYLE('',(#4615));
#2835=EDGE_LOOP('',(#4616,#4617,#4618,#4619));
#2836=AXIS2_PLACEMENT_3D('',#4620,#4621,#4622);
#2837=SURFACE_SIDE_STYLE('',(#4623));
#2838=EDGE_LOOP('',(#4624,#4625,#4626,#4627));
#2839=AXIS2_PLACEMENT_3D('',#4628,#4629,#4630);
#2840=SURFACE_SIDE_STYLE('',(#4631));
#2841=EDGE_LOOP('',(#4632,#4633,#4634,#4635));
#2842=AXIS2_PLACEMENT_3D('',#4636,#4637,#4638);
#2843=SURFACE_SIDE_STYLE('',(#4639));
#2844=EDGE_LOOP('',(#4640,#4641,#4642,#4643));
#2845=AXIS2_PLACEMENT_3D('',#4644,#4645,#4646);
#2846=SURFACE_SIDE_STYLE('',(#4647));
#2847=EDGE_LOOP('',(#4648,#4649,#4650,#4651));
#2848=AXIS2_PLACEMENT_3D('',#4652,#4653,#4654);
#2849=SURFACE_SIDE_STYLE('',(#4655));
#2850=EDGE_LOOP('',(#4656,#4657,#4658,#4659));
#2851=AXIS2_PLACEMENT_3D('',#4660,#4661,#4662);
#2852=SURFACE_SIDE_STYLE('',(#4663));
#2853=EDGE_LOOP('',(#4664,#4665,#4666,#4667));
#2854=AXIS2_PLACEMENT_3D('',#4668,#4669,#4670);
#2855=SURFACE_SIDE_STYLE('',(#4671));
#2856=EDGE_LOOP('',(#4672,#4673,#4674,#4675));
#2857=AXIS2_PLACEMENT_3D('',#4676,#4677,#4678);
#2858=SURFACE_SIDE_STYLE('',(#4679));
#2859=EDGE_LOOP('',(#4680,#4681,#4682,#4683));
#2860=AXIS2_PLACEMENT_3D('',#4684,#4685,#4686);
#2861=SURFACE_SIDE_STYLE('',(#4687));
#2862=EDGE_LOOP('',(#4688,#4689,#4690,#4691));
#2863=AXIS2_PLACEMENT_3D('',#4692,#4693,#4694);
#2864=SURFACE_SIDE_STYLE('',(#4695));
#2865=EDGE_LOOP('',(#4696,#4697,#4698,#4699));
#2866=AXIS2_PLACEMENT_3D('',#4700,#4701,#4702);
#2867=SURFACE_SIDE_STYLE('',(#4703));
#2868=EDGE_LOOP('',(#4704,#4705,#4706,#4707));
#2869=AXIS2_PLACEMENT_3D('',#4708,#4709,#4710);
#2870=SURFACE_SIDE_STYLE('',(#4711));
#2871=EDGE_LOOP('',(#4712,#4713,#4714,#4715));
#2872=AXIS2_PLACEMENT_3D('',#4716,#4717,#4718);
#2873=SURFACE_SIDE_STYLE('',(#4719));
#2874=EDGE_LOOP('',(#4720,#4721,#4722,#4723));
#2875=AXIS2_PLACEMENT_3D('',#4724,#4725,#4726);
#2876=SURFACE_SIDE_STYLE('',(#4727));
#2877=EDGE_LOOP('',(#4728,#4729,#4730,#4731));
#2878=AXIS2_PLACEMENT_3D('',#4732,#4733,#4734);
#2879=SURFACE_SIDE_STYLE('',(#4735));
#2880=EDGE_LOOP('',(#4736,#4737,#4738,#4739));
#2881=AXIS2_PLACEMENT_3D('',#4740,#4741,#4742);
#2882=SURFACE_SIDE_STYLE('',(#4743));
#2883=EDGE_LOOP('',(#4744,#4745,#4746,#4747));
#2884=AXIS2_PLACEMENT_3D('',#4748,#4749,#4750);
#2885=SURFACE_SIDE_STYLE('',(#4751));
#2886=EDGE_LOOP('',(#4752,#4753,#4754,#4755));
#2887=AXIS2_PLACEMENT_3D('',#4756,#4757,#4758);
#2888=SURFACE_SIDE_STYLE('',(#4759));
#2889=EDGE_LOOP('',(#4760,#4761,#4762,#4763));
#2890=AXIS2_PLACEMENT_3D('',#4764,#4765,#4766);
#2891=SURFACE_SIDE_STYLE('',(#4767));
#2892=EDGE_LOOP('',(#4768,#4769,#4770,#4771));
#2893=AXIS2_PLACEMENT_3D('',#4772,#4773,#4774);
#2894=SURFACE_SIDE_STYLE('',(#4775));
#2895=EDGE_LOOP('',(#4776,#4777,#4778,#4779));
#2896=AXIS2_PLACEMENT_3D('',#4780,#4781,#4782);
#2897=SURFACE_SIDE_STYLE('',(#4783));
#2898=EDGE_LOOP('',(#4784,#4785,#4786,#4787));
#2899=AXIS2_PLACEMENT_3D('',#4788,#4789,#4790);
#2900=SURFACE_SIDE_STYLE('',(#4791));
#2901=EDGE_LOOP('',(#4792,#4793,#4794,#4795));
#2902=AXIS2_PLACEMENT_3D('',#4796,#4797,#4798);
#2903=SURFACE_SIDE_STYLE('',(#4799));
#2904=EDGE_LOOP('',(#4800,#4801,#4802,#4803));
#2905=AXIS2_PLACEMENT_3D('',#4804,#4805,#4806);
#2906=SURFACE_SIDE_STYLE('',(#4807));
#2907=EDGE_LOOP('',(#4808,#4809,#4810,#4811));
#2908=AXIS2_PLACEMENT_3D('',#4812,#4813,#4814);
#2909=SURFACE_SIDE_STYLE('',(#4815));
#2910=EDGE_LOOP('',(#4816,#4817,#4818,#4819));
#2911=AXIS2_PLACEMENT_3D('',#4820,#4821,#4822);
#2912=SURFACE_SIDE_STYLE('',(#4823));
#2913=EDGE_LOOP('',(#4824,#4825,#4826,#4827));
#2914=AXIS2_PLACEMENT_3D('',#4828,#4829,#4830);
#2915=SURFACE_SIDE_STYLE('',(#4831));
#2916=EDGE_LOOP('',(#4832,#4833,#4834,#4835));
#2917=AXIS2_PLACEMENT_3D('',#4836,#4837,#4838);
#2918=SURFACE_SIDE_STYLE('',(#4839));
#2919=EDGE_LOOP('',(#4840,#4841,#4842,#4843));
#2920=AXIS2_PLACEMENT_3D('',#4844,#4845,#4846);
#2921=SURFACE_SIDE_STYLE('',(#4847));
#2922=EDGE_LOOP('',(#4848,#4849,#4850,#4851));
#2923=AXIS2_PLACEMENT_3D('',#4852,#4853,#4854);
#2924=SURFACE_SIDE_STYLE('',(#4855));
#2925=EDGE_LOOP('',(#4856,#4857,#4858,#4859));
#2926=AXIS2_PLACEMENT_3D('',#4860,#4861,#4862);
#2927=SURFACE_SIDE_STYLE('',(#4863));
#2928=EDGE_LOOP('',(#4864,#4865,#4866,#4867));
#2929=AXIS2_PLACEMENT_3D('',#4868,#4869,#4870);
#2930=SURFACE_SIDE_STYLE('',(#4871));
#2931=EDGE_LOOP('',(#4872,#4873,#4874,#4875));
#2932=AXIS2_PLACEMENT_3D('',#4876,#4877,#4878);
#2933=SURFACE_SIDE_STYLE('',(#4879));
#2934=EDGE_LOOP('',(#4880,#4881,#4882,#4883));
#2935=AXIS2_PLACEMENT_3D('',#4884,#4885,#4886);
#2936=SURFACE_SIDE_STYLE('',(#4887));
#2937=EDGE_LOOP('',(#4888,#4889,#4890,#4891));
#2938=AXIS2_PLACEMENT_3D('',#4892,#4893,#4894);
#2939=SURFACE_SIDE_STYLE('',(#4895));
#2940=EDGE_LOOP('',(#4896,#4897,#4898,#4899));
#2941=AXIS2_PLACEMENT_3D('',#4900,#4901,#4902);
#2942=SURFACE_SIDE_STYLE('',(#4903));
#2943=EDGE_LOOP('',(#4904,#4905,#4906,#4907));
#2944=AXIS2_PLACEMENT_3D('',#4908,#4909,#4910);
#2945=SURFACE_SIDE_STYLE('',(#4911));
#2946=EDGE_LOOP('',(#4912,#4913,#4914,#4915));
#2947=AXIS2_PLACEMENT_3D('',#4916,#4917,#4918);
#2948=SURFACE_SIDE_STYLE('',(#4919));
#2949=EDGE_LOOP('',(#4920,#4921,#4922,#4923));
#2950=AXIS2_PLACEMENT_3D('',#4924,#4925,#4926);
#2951=SURFACE_SIDE_STYLE('',(#4927));
#2952=EDGE_LOOP('',(#4928,#4929,#4930,#4931));
#2953=AXIS2_PLACEMENT_3D('',#4932,#4933,#4934);
#2954=SURFACE_SIDE_STYLE('',(#4935));
#2955=EDGE_LOOP('',(#4936,#4937,#4938,#4939));
#2956=AXIS2_PLACEMENT_3D('',#4940,#4941,#4942);
#2957=SURFACE_SIDE_STYLE('',(#4943));
#2958=EDGE_LOOP('',(#4944,#4945,#4946,#4947));
#2959=AXIS2_PLACEMENT_3D('',#4948,#4949,#4950);
#2960=SURFACE_SIDE_STYLE('',(#4951));
#2961=EDGE_LOOP('',(#4952,#4953,#4954,#4955));
#2962=AXIS2_PLACEMENT_3D('',#4956,#4957,#4958);
#2963=SURFACE_SIDE_STYLE('',(#4959));
#2964=EDGE_LOOP('',(#4960,#4961,#4962,#4963));
#2965=AXIS2_PLACEMENT_3D('',#4964,#4965,#4966);
#2966=SURFACE_SIDE_STYLE('',(#4967));
#2967=EDGE_LOOP('',(#4968,#4969,#4970,#4971));
#2968=AXIS2_PLACEMENT_3D('',#4972,#4973,#4974);
#2969=SURFACE_SIDE_STYLE('',(#4975));
#2970=EDGE_LOOP('',(#4976,#4977,#4978,#4979));
#2971=AXIS2_PLACEMENT_3D('',#4980,#4981,#4982);
#2972=SURFACE_SIDE_STYLE('',(#4983));
#2973=EDGE_LOOP('',(#4984,#4985,#4986,#4987));
#2974=AXIS2_PLACEMENT_3D('',#4988,#4989,#4990);
#2975=SURFACE_SIDE_STYLE('',(#4991));
#2976=EDGE_LOOP('',(#4992,#4993,#4994,#4995));
#2977=AXIS2_PLACEMENT_3D('',#4996,#4997,#4998);
#2978=SURFACE_SIDE_STYLE('',(#4999));
#2979=EDGE_LOOP('',(#5000,#5001,#5002,#5003));
#2980=AXIS2_PLACEMENT_3D('',#5004,#5005,#5006);
#2981=SURFACE_SIDE_STYLE('',(#5007));
#2982=EDGE_LOOP('',(#5008,#5009,#5010,#5011));
#2983=AXIS2_PLACEMENT_3D('',#5012,#5013,#5014);
#2984=SURFACE_SIDE_STYLE('',(#5015));
#2985=EDGE_LOOP('',(#5016,#5017,#5018,#5019));
#2986=AXIS2_PLACEMENT_3D('',#5020,#5021,#5022);
#2987=SURFACE_SIDE_STYLE('',(#5023));
#2988=EDGE_LOOP('',(#5024,#5025,#5026,#5027));
#2989=AXIS2_PLACEMENT_3D('',#5028,#5029,#5030);
#2990=SURFACE_SIDE_STYLE('',(#5031));
#2991=EDGE_LOOP('',(#5032,#5033,#5034,#5035));
#2992=AXIS2_PLACEMENT_3D('',#5036,#5037,#5038);
#2993=SURFACE_SIDE_STYLE('',(#5039));
#2994=EDGE_LOOP('',(#5040,#5041,#5042,#5043));
#2995=AXIS2_PLACEMENT_3D('',#5044,#5045,#5046);
#2996=SURFACE_SIDE_STYLE('',(#5047));
#2997=EDGE_LOOP('',(#5048,#5049,#5050,#5051));
#2998=AXIS2_PLACEMENT_3D('',#5052,#5053,#5054);
#2999=SURFACE_SIDE_STYLE('',(#5055));
#3000=EDGE_LOOP('',(#5056,#5057,#5058,#5059));
#3001=AXIS2_PLACEMENT_3D('',#5060,#5061,#5062);
#3002=SURFACE_SIDE_STYLE('',(#5063));
#3003=EDGE_LOOP('',(#5064,#5065,#5066,#5067));
#3004=AXIS2_PLACEMENT_3D('',#5068,#5069,#5070);
#3005=SURFACE_SIDE_STYLE('',(#5071));
#3006=EDGE_LOOP('',(#5072,#5073,#5074,#5075));
#3007=AXIS2_PLACEMENT_3D('',#5076,#5077,#5078);
#3008=SURFACE_SIDE_STYLE('',(#5079));
#3009=EDGE_LOOP('',(#5080,#5081,#5082,#5083));
#3010=AXIS2_PLACEMENT_3D('',#5084,#5085,#5086);
#3011=SURFACE_SIDE_STYLE('',(#5087));
#3012=EDGE_LOOP('',(#5088,#5089,#5090,#5091));
#3013=AXIS2_PLACEMENT_3D('',#5092,#5093,#5094);
#3014=SURFACE_SIDE_STYLE('',(#5095));
#3015=EDGE_LOOP('',(#5096,#5097,#5098,#5099));
#3016=AXIS2_PLACEMENT_3D('',#5100,#5101,#5102);
#3017=SURFACE_SIDE_STYLE('',(#5103));
#3018=EDGE_LOOP('',(#5104,#5105,#5106,#5107));
#3019=AXIS2_PLACEMENT_3D('',#5108,#5109,#5110);
#3020=SURFACE_SIDE_STYLE('',(#5111));
#3021=EDGE_LOOP('',(#5112,#5113,#5114,#5115));
#3022=AXIS2_PLACEMENT_3D('',#5116,#5117,#5118);
#3023=SURFACE_SIDE_STYLE('',(#5119));
#3024=EDGE_LOOP('',(#5120,#5121,#5122,#5123));
#3025=AXIS2_PLACEMENT_3D('',#5124,#5125,#5126);
#3026=SURFACE_SIDE_STYLE('',(#5127));
#3027=EDGE_LOOP('',(#5128,#5129,#5130,#5131));
#3028=AXIS2_PLACEMENT_3D('',#5132,#5133,#5134);
#3029=SURFACE_SIDE_STYLE('',(#5135));
#3030=EDGE_LOOP('',(#5136,#5137,#5138,#5139));
#3031=AXIS2_PLACEMENT_3D('',#5140,#5141,#5142);
#3032=SURFACE_SIDE_STYLE('',(#5143));
#3033=EDGE_LOOP('',(#5144,#5145,#5146,#5147));
#3034=AXIS2_PLACEMENT_3D('',#5148,#5149,#5150);
#3035=SURFACE_SIDE_STYLE('',(#5151));
#3036=EDGE_LOOP('',(#5152,#5153,#5154,#5155));
#3037=AXIS2_PLACEMENT_3D('',#5156,#5157,#5158);
#3038=SURFACE_SIDE_STYLE('',(#5159));
#3039=EDGE_LOOP('',(#5160,#5161,#5162,#5163));
#3040=AXIS2_PLACEMENT_3D('',#5164,#5165,#5166);
#3041=SURFACE_SIDE_STYLE('',(#5167));
#3042=EDGE_LOOP('',(#5168,#5169,#5170,#5171));
#3043=AXIS2_PLACEMENT_3D('',#5172,#5173,#5174);
#3044=SURFACE_SIDE_STYLE('',(#5175));
#3045=EDGE_LOOP('',(#5176,#5177,#5178,#5179));
#3046=AXIS2_PLACEMENT_3D('',#5180,#5181,#5182);
#3047=SURFACE_SIDE_STYLE('',(#5183));
#3048=EDGE_LOOP('',(#5184,#5185,#5186,#5187));
#3049=AXIS2_PLACEMENT_3D('',#5188,#5189,#5190);
#3050=SURFACE_SIDE_STYLE('',(#5191));
#3051=EDGE_LOOP('',(#5192,#5193,#5194,#5195));
#3052=AXIS2_PLACEMENT_3D('',#5196,#5197,#5198);
#3053=SURFACE_SIDE_STYLE('',(#5199));
#3054=EDGE_LOOP('',(#5200,#5201,#5202,#5203));
#3055=AXIS2_PLACEMENT_3D('',#5204,#5205,#5206);
#3056=SURFACE_SIDE_STYLE('',(#5207));
#3057=EDGE_LOOP('',(#5208,#5209,#5210,#5211));
#3058=AXIS2_PLACEMENT_3D('',#5212,#5213,#5214);
#3059=SURFACE_SIDE_STYLE('',(#5215));
#3060=EDGE_LOOP('',(#5216,#5217,#5218,#5219));
#3061=AXIS2_PLACEMENT_3D('',#5220,#5221,#5222);
#3062=SURFACE_SIDE_STYLE('',(#5223));
#3063=EDGE_LOOP('',(#5224,#5225,#5226,#5227));
#3064=AXIS2_PLACEMENT_3D('',#5228,#5229,#5230);
#3065=SURFACE_SIDE_STYLE('',(#5231));
#3066=EDGE_LOOP('',(#5232,#5233,#5234,#5235));
#3067=AXIS2_PLACEMENT_3D('',#5236,#5237,#5238);
#3068=SURFACE_SIDE_STYLE('',(#5239));
#3069=EDGE_LOOP('',(#5240,#5241,#5242,#5243));
#3070=AXIS2_PLACEMENT_3D('',#5244,#5245,#5246);
#3071=SURFACE_SIDE_STYLE('',(#5247));
#3072=EDGE_LOOP('',(#5248,#5249,#5250,#5251));
#3073=AXIS2_PLACEMENT_3D('',#5252,#5253,#5254);
#3074=SURFACE_SIDE_STYLE('',(#5255));
#3075=EDGE_LOOP('',(#5256,#5257,#5258,#5259));
#3076=AXIS2_PLACEMENT_3D('',#5260,#5261,#5262);
#3077=SURFACE_SIDE_STYLE('',(#5263));
#3078=EDGE_LOOP('',(#5264,#5265,#5266,#5267));
#3079=AXIS2_PLACEMENT_3D('',#5268,#5269,#5270);
#3080=SURFACE_SIDE_STYLE('',(#5271));
#3081=EDGE_LOOP('',(#5272,#5273,#5274,#5275));
#3082=AXIS2_PLACEMENT_3D('',#5276,#5277,#5278);
#3083=SURFACE_SIDE_STYLE('',(#5279));
#3084=EDGE_LOOP('',(#5280,#5281,#5282,#5283));
#3085=AXIS2_PLACEMENT_3D('',#5284,#5285,#5286);
#3086=SURFACE_SIDE_STYLE('',(#5287));
#3087=EDGE_LOOP('',(#5288,#5289,#5290,#5291));
#3088=AXIS2_PLACEMENT_3D('',#5292,#5293,#5294);
#3089=SURFACE_SIDE_STYLE('',(#5295));
#3090=EDGE_LOOP('',(#5296,#5297,#5298,#5299));
#3091=AXIS2_PLACEMENT_3D('',#5300,#5301,#5302);
#3092=SURFACE_SIDE_STYLE('',(#5303));
#3093=EDGE_LOOP('',(#5304,#5305,#5306,#5307));
#3094=AXIS2_PLACEMENT_3D('',#5308,#5309,#5310);
#3095=SURFACE_SIDE_STYLE('',(#5311));
#3096=EDGE_LOOP('',(#5312,#5313,#5314,#5315));
#3097=AXIS2_PLACEMENT_3D('',#5316,#5317,#5318);
#3098=SURFACE_SIDE_STYLE('',(#5319));
#3099=EDGE_LOOP('',(#5320,#5321,#5322,#5323));
#3100=AXIS2_PLACEMENT_3D('',#5324,#5325,#5326);
#3101=SURFACE_SIDE_STYLE('',(#5327));
#3102=EDGE_LOOP('',(#5328,#5329,#5330,#5331));
#3103=AXIS2_PLACEMENT_3D('',#5332,#5333,#5334);
#3104=SURFACE_SIDE_STYLE('',(#5335));
#3105=EDGE_LOOP('',(#5336,#5337,#5338,#5339));
#3106=AXIS2_PLACEMENT_3D('',#5340,#5341,#5342);
#3107=SURFACE_SIDE_STYLE('',(#5343));
#3108=EDGE_LOOP('',(#5344,#5345,#5346,#5347));
#3109=AXIS2_PLACEMENT_3D('',#5348,#5349,#5350);
#3110=SURFACE_SIDE_STYLE('',(#5351));
#3111=EDGE_LOOP('',(#5352,#5353,#5354,#5355));
#3112=AXIS2_PLACEMENT_3D('',#5356,#5357,#5358);
#3113=SURFACE_SIDE_STYLE('',(#5359));
#3114=EDGE_LOOP('',(#5360,#5361,#5362,#5363));
#3115=AXIS2_PLACEMENT_3D('',#5364,#5365,#5366);
#3116=SURFACE_SIDE_STYLE('',(#5367));
#3117=EDGE_LOOP('',(#5368,#5369,#5370,#5371));
#3118=AXIS2_PLACEMENT_3D('',#5372,#5373,#5374);
#3119=SURFACE_SIDE_STYLE('',(#5375));
#3120=EDGE_LOOP('',(#5376,#5377,#5378,#5379));
#3121=AXIS2_PLACEMENT_3D('',#5380,#5381,#5382);
#3122=SURFACE_SIDE_STYLE('',(#5383));
#3123=EDGE_LOOP('',(#5384,#5385,#5386,#5387));
#3124=AXIS2_PLACEMENT_3D('',#5388,#5389,#5390);
#3125=SURFACE_SIDE_STYLE('',(#5391));
#3126=EDGE_LOOP('',(#5392,#5393,#5394,#5395));
#3127=AXIS2_PLACEMENT_3D('',#5396,#5397,#5398);
#3128=SURFACE_SIDE_STYLE('',(#5399));
#3129=EDGE_LOOP('',(#5400,#5401,#5402,#5403));
#3130=AXIS2_PLACEMENT_3D('',#5404,#5405,#5406);
#3131=SURFACE_SIDE_STYLE('',(#5407));
#3132=EDGE_LOOP('',(#5408,#5409,#5410,#5411));
#3133=AXIS2_PLACEMENT_3D('',#5412,#5413,#5414);
#3134=SURFACE_SIDE_STYLE('',(#5415));
#3135=EDGE_LOOP('',(#5416,#5417,#5418,#5419));
#3136=AXIS2_PLACEMENT_3D('',#5420,#5421,#5422);
#3137=SURFACE_SIDE_STYLE('',(#5423));
#3138=EDGE_LOOP('',(#5424,#5425,#5426,#5427));
#3139=AXIS2_PLACEMENT_3D('',#5428,#5429,#5430);
#3140=SURFACE_SIDE_STYLE('',(#5431));
#3141=EDGE_LOOP('',(#5432,#5433,#5434,#5435));
#3142=AXIS2_PLACEMENT_3D('',#5436,#5437,#5438);
#3143=SURFACE_SIDE_STYLE('',(#5439));
#3144=EDGE_LOOP('',(#5440,#5441,#5442,#5443));
#3145=AXIS2_PLACEMENT_3D('',#5444,#5445,#5446);
#3146=SURFACE_SIDE_STYLE('',(#5447));
#3147=EDGE_LOOP('',(#5448,#5449,#5450,#5451));
#3148=AXIS2_PLACEMENT_3D('',#5452,#5453,#5454);
#3149=SURFACE_SIDE_STYLE('',(#5455));
#3150=EDGE_LOOP('',(#5456,#5457,#5458,#5459));
#3151=AXIS2_PLACEMENT_3D('',#5460,#5461,#5462);
#3152=SURFACE_SIDE_STYLE('',(#5463));
#3153=EDGE_LOOP('',(#5464,#5465,#5466,#5467));
#3154=AXIS2_PLACEMENT_3D('',#5468,#5469,#5470);
#3155=SURFACE_SIDE_STYLE('',(#5471));
#3156=EDGE_LOOP('',(#5472,#5473,#5474,#5475));
#3157=AXIS2_PLACEMENT_3D('',#5476,#5477,#5478);
#3158=SURFACE_SIDE_STYLE('',(#5479));
#3159=EDGE_LOOP('',(#5480,#5481,#5482,#5483));
#3160=AXIS2_PLACEMENT_3D('',#5484,#5485,#5486);
#3161=SURFACE_SIDE_STYLE('',(#5487));
#3162=EDGE_LOOP('',(#5488,#5489,#5490,#5491));
#3163=AXIS2_PLACEMENT_3D('',#5492,#5493,#5494);
#3164=SURFACE_SIDE_STYLE('',(#5495));
#3165=EDGE_LOOP('',(#5496,#5497,#5498,#5499));
#3166=AXIS2_PLACEMENT_3D('',#5500,#5501,#5502);
#3167=SURFACE_SIDE_STYLE('',(#5503));
#3168=EDGE_LOOP('',(#5504,#5505,#5506,#5507));
#3169=AXIS2_PLACEMENT_3D('',#5508,#5509,#5510);
#3170=SURFACE_SIDE_STYLE('',(#5511));
#3171=EDGE_LOOP('',(#5512,#5513,#5514,#5515));
#3172=AXIS2_PLACEMENT_3D('',#5516,#5517,#5518);
#3173=SURFACE_SIDE_STYLE('',(#5519));
#3174=EDGE_LOOP('',(#5520,#5521,#5522,#5523));
#3175=AXIS2_PLACEMENT_3D('',#5524,#5525,#5526);
#3176=SURFACE_SIDE_STYLE('',(#5527));
#3177=EDGE_LOOP('',(#5528,#5529,#5530,#5531));
#3178=AXIS2_PLACEMENT_3D('',#5532,#5533,#5534);
#3179=SURFACE_SIDE_STYLE('',(#5535));
#3180=EDGE_LOOP('',(#5536,#5537,#5538,#5539));
#3181=AXIS2_PLACEMENT_3D('',#5540,#5541,#5542);
#3182=SURFACE_SIDE_STYLE('',(#5543));
#3183=EDGE_LOOP('',(#5544,#5545,#5546,#5547));
#3184=AXIS2_PLACEMENT_3D('',#5548,#5549,#5550);
#3185=SURFACE_SIDE_STYLE('',(#5551));
#3186=EDGE_LOOP('',(#5552,#5553,#5554,#5555));
#3187=AXIS2_PLACEMENT_3D('',#5556,#5557,#5558);
#3188=SURFACE_SIDE_STYLE('',(#5559));
#3189=EDGE_LOOP('',(#5560,#5561,#5562,#5563));
#3190=AXIS2_PLACEMENT_3D('',#5564,#5565,#5566);
#3191=SURFACE_SIDE_STYLE('',(#5567));
#3192=EDGE_LOOP('',(#5568,#5569,#5570,#5571));
#3193=AXIS2_PLACEMENT_3D('',#5572,#5573,#5574);
#3194=SURFACE_SIDE_STYLE('',(#5575));
#3195=EDGE_LOOP('',(#5576,#5577,#5578,#5579));
#3196=AXIS2_PLACEMENT_3D('',#5580,#5581,#5582);
#3197=SURFACE_SIDE_STYLE('',(#5583));
#3198=EDGE_LOOP('',(#5584,#5585,#5586,#5587));
#3199=AXIS2_PLACEMENT_3D('',#5588,#5589,#5590);
#3200=SURFACE_SIDE_STYLE('',(#5591));
#3201=EDGE_LOOP('',(#5592,#5593,#5594,#5595));
#3202=AXIS2_PLACEMENT_3D('',#5596,#5597,#5598);
#3203=SURFACE_SIDE_STYLE('',(#5599));
#3204=EDGE_LOOP('',(#5600,#5601,#5602,#5603));
#3205=AXIS2_PLACEMENT_3D('',#5604,#5605,#5606);
#3206=SURFACE_SIDE_STYLE('',(#5607));
#3207=EDGE_LOOP('',(#5608,#5609,#5610,#5611));
#3208=AXIS2_PLACEMENT_3D('',#5612,#5613,#5614);
#3209=SURFACE_SIDE_STYLE('',(#5615));
#3210=EDGE_LOOP('',(#5616,#5617,#5618,#5619));
#3211=AXIS2_PLACEMENT_3D('',#5620,#5621,#5622);
#3212=SURFACE_SIDE_STYLE('',(#5623));
#3213=EDGE_LOOP('',(#5624,#5625,#5626,#5627));
#3214=AXIS2_PLACEMENT_3D('',#5628,#5629,#5630);
#3215=SURFACE_SIDE_STYLE('',(#5631));
#3216=EDGE_LOOP('',(#5632,#5633,#5634,#5635));
#3217=AXIS2_PLACEMENT_3D('',#5636,#5637,#5638);
#3218=SURFACE_SIDE_STYLE('',(#5639));
#3219=EDGE_LOOP('',(#5640,#5641,#5642,#5643));
#3220=AXIS2_PLACEMENT_3D('',#5644,#5645,#5646);
#3221=SURFACE_SIDE_STYLE('',(#5647));
#3222=EDGE_LOOP('',(#5648,#5649,#5650,#5651));
#3223=AXIS2_PLACEMENT_3D('',#5652,#5653,#5654);
#3224=SURFACE_SIDE_STYLE('',(#5655));
#3225=EDGE_LOOP('',(#5656,#5657,#5658,#5659));
#3226=AXIS2_PLACEMENT_3D('',#5660,#5661,#5662);
#3227=SURFACE_SIDE_STYLE('',(#5663));
#3228=EDGE_LOOP('',(#5664,#5665,#5666,#5667));
#3229=AXIS2_PLACEMENT_3D('',#5668,#5669,#5670);
#3230=SURFACE_SIDE_STYLE('',(#5671));
#3231=EDGE_LOOP('',(#5672,#5673,#5674,#5675));
#3232=AXIS2_PLACEMENT_3D('',#5676,#5677,#5678);
#3233=SURFACE_SIDE_STYLE('',(#5679));
#3234=EDGE_LOOP('',(#5680,#5681,#5682,#5683));
#3235=AXIS2_PLACEMENT_3D('',#5684,#5685,#5686);
#3236=SURFACE_SIDE_STYLE('',(#5687));
#3237=EDGE_LOOP('',(#5688,#5689,#5690,#5691));
#3238=AXIS2_PLACEMENT_3D('',#5692,#5693,#5694);
#3239=SURFACE_SIDE_STYLE('',(#5695));
#3240=EDGE_LOOP('',(#5696,#5697,#5698,#5699));
#3241=AXIS2_PLACEMENT_3D('',#5700,#5701,#5702);
#3242=SURFACE_SIDE_STYLE('',(#5703));
#3243=EDGE_LOOP('',(#5704,#5705,#5706,#5707));
#3244=AXIS2_PLACEMENT_3D('',#5708,#5709,#5710);
#3245=SURFACE_SIDE_STYLE('',(#5711));
#3246=EDGE_LOOP('',(#5712,#5713,#5714,#5715));
#3247=AXIS2_PLACEMENT_3D('',#5716,#5717,#5718);
#3248=SURFACE_SIDE_STYLE('',(#5719));
#3249=EDGE_LOOP('',(#5720,#5721,#5722,#5723));
#3250=AXIS2_PLACEMENT_3D('',#5724,#5725,#5726);
#3251=SURFACE_SIDE_STYLE('',(#5727));
#3252=EDGE_LOOP('',(#5728,#5729,#5730,#5731));
#3253=AXIS2_PLACEMENT_3D('',#5732,#5733,#5734);
#3254=SURFACE_SIDE_STYLE('',(#5735));
#3255=EDGE_LOOP('',(#5736,#5737,#5738,#5739));
#3256=AXIS2_PLACEMENT_3D('',#5740,#5741,#5742);
#3257=SURFACE_SIDE_STYLE('',(#5743));
#3258=EDGE_LOOP('',(#5744,#5745,#5746,#5747));
#3259=AXIS2_PLACEMENT_3D('',#5748,#5749,#5750);
#3260=SURFACE_SIDE_STYLE('',(#5751));
#3261=EDGE_LOOP('',(#5752,#5753,#5754,#5755));
#3262=AXIS2_PLACEMENT_3D('',#5756,#5757,#5758);
#3263=SURFACE_SIDE_STYLE('',(#5759));
#3264=EDGE_LOOP('',(#5760,#5761,#5762,#5763));
#3265=AXIS2_PLACEMENT_3D('',#5764,#5765,#5766);
#3266=SURFACE_SIDE_STYLE('',(#5767));
#3267=EDGE_LOOP('',(#5768,#5769,#5770,#5771));
#3268=AXIS2_PLACEMENT_3D('',#5772,#5773,#5774);
#3269=SURFACE_SIDE_STYLE('',(#5775));
#3270=EDGE_LOOP('',(#5776,#5777,#5778,#5779));
#3271=AXIS2_PLACEMENT_3D('',#5780,#5781,#5782);
#3272=SURFACE_SIDE_STYLE('',(#5783));
#3273=EDGE_LOOP('',(#5784,#5785,#5786,#5787));
#3274=AXIS2_PLACEMENT_3D('',#5788,#5789,#5790);
#3275=SURFACE_SIDE_STYLE('',(#5791));
#3276=EDGE_LOOP('',(#5792,#5793,#5794,#5795));
#3277=AXIS2_PLACEMENT_3D('',#5796,#5797,#5798);
#3278=SURFACE_SIDE_STYLE('',(#5799));
#3279=EDGE_LOOP('',(#5800,#5801,#5802,#5803));
#3280=AXIS2_PLACEMENT_3D('',#5804,#5805,#5806);
#3281=SURFACE_SIDE_STYLE('',(#5807));
#3282=EDGE_LOOP('',(#5808,#5809,#5810,#5811));
#3283=AXIS2_PLACEMENT_3D('',#5812,#5813,#5814);
#3284=SURFACE_SIDE_STYLE('',(#5815));
#3285=EDGE_LOOP('',(#5816,#5817,#5818,#5819));
#3286=AXIS2_PLACEMENT_3D('',#5820,#5821,#5822);
#3287=SURFACE_SIDE_STYLE('',(#5823));
#3288=EDGE_LOOP('',(#5824,#5825,#5826,#5827));
#3289=AXIS2_PLACEMENT_3D('',#5828,#5829,#5830);
#3290=SURFACE_SIDE_STYLE('',(#5831));
#3291=EDGE_LOOP('',(#5832,#5833,#5834,#5835));
#3292=AXIS2_PLACEMENT_3D('',#5836,#5837,#5838);
#3293=SURFACE_SIDE_STYLE('',(#5839));
#3294=EDGE_LOOP('',(#5840,#5841,#5842,#5843));
#3295=AXIS2_PLACEMENT_3D('',#5844,#5845,#5846);
#3296=SURFACE_SIDE_STYLE('',(#5847));
#3297=EDGE_LOOP('',(#5848,#5849,#5850,#5851));
#3298=AXIS2_PLACEMENT_3D('',#5852,#5853,#5854);
#3299=SURFACE_SIDE_STYLE('',(#5855));
#3300=EDGE_LOOP('',(#5856,#5857,#5858,#5859));
#3301=AXIS2_PLACEMENT_3D('',#5860,#5861,#5862);
#3302=SURFACE_SIDE_STYLE('',(#5863));
#3303=EDGE_LOOP('',(#5864,#5865,#5866,#5867));
#3304=AXIS2_PLACEMENT_3D('',#5868,#5869,#5870);
#3305=SURFACE_SIDE_STYLE('',(#5871));
#3306=EDGE_LOOP('',(#5872,#5873,#5874,#5875));
#3307=AXIS2_PLACEMENT_3D('',#5876,#5877,#5878);
#3308=SURFACE_SIDE_STYLE('',(#5879));
#3309=EDGE_LOOP('',(#5880,#5881,#5882,#5883));
#3310=AXIS2_PLACEMENT_3D('',#5884,#5885,#5886);
#3311=SURFACE_SIDE_STYLE('',(#5887));
#3312=EDGE_LOOP('',(#5888,#5889,#5890,#5891));
#3313=AXIS2_PLACEMENT_3D('',#5892,#5893,#5894);
#3314=SURFACE_SIDE_STYLE('',(#5895));
#3315=EDGE_LOOP('',(#5896,#5897,#5898,#5899));
#3316=AXIS2_PLACEMENT_3D('',#5900,#5901,#5902);
#3317=SURFACE_SIDE_STYLE('',(#5903));
#3318=EDGE_LOOP('',(#5904,#5905,#5906,#5907));
#3319=AXIS2_PLACEMENT_3D('',#5908,#5909,#5910);
#3320=SURFACE_SIDE_STYLE('',(#5911));
#3321=EDGE_LOOP('',(#5912,#5913,#5914,#5915));
#3322=AXIS2_PLACEMENT_3D('',#5916,#5917,#5918);
#3323=SURFACE_SIDE_STYLE('',(#5919));
#3324=EDGE_LOOP('',(#5920,#5921,#5922,#5923));
#3325=AXIS2_PLACEMENT_3D('',#5924,#5925,#5926);
#3326=SURFACE_SIDE_STYLE('',(#5927));
#3327=EDGE_LOOP('',(#5928,#5929,#5930,#5931));
#3328=AXIS2_PLACEMENT_3D('',#5932,#5933,#5934);
#3329=SURFACE_SIDE_STYLE('',(#5935));
#3330=EDGE_LOOP('',(#5936,#5937,#5938,#5939));
#3331=AXIS2_PLACEMENT_3D('',#5940,#5941,#5942);
#3332=SURFACE_SIDE_STYLE('',(#5943));
#3333=EDGE_LOOP('',(#5944,#5945,#5946,#5947));
#3334=AXIS2_PLACEMENT_3D('',#5948,#5949,#5950);
#3335=SURFACE_SIDE_STYLE('',(#5951));
#3336=EDGE_LOOP('',(#5952,#5953,#5954,#5955));
#3337=AXIS2_PLACEMENT_3D('',#5956,#5957,#5958);
#3338=SURFACE_SIDE_STYLE('',(#5959));
#3339=EDGE_LOOP('',(#5960,#5961,#5962,#5963));
#3340=AXIS2_PLACEMENT_3D('',#5964,#5965,#5966);
#3341=SURFACE_SIDE_STYLE('',(#5967));
#3342=EDGE_LOOP('',(#5968,#5969,#5970,#5971));
#3343=AXIS2_PLACEMENT_3D('',#5972,#5973,#5974);
#3344=SURFACE_SIDE_STYLE('',(#5975));
#3345=EDGE_LOOP('',(#5976,#5977,#5978,#5979));
#3346=AXIS2_PLACEMENT_3D('',#5980,#5981,#5982);
#3347=SURFACE_SIDE_STYLE('',(#5983));
#3348=EDGE_LOOP('',(#5984,#5985,#5986,#5987));
#3349=AXIS2_PLACEMENT_3D('',#5988,#5989,#5990);
#3350=SURFACE_SIDE_STYLE('',(#5991));
#3351=EDGE_LOOP('',(#5992,#5993,#5994,#5995));
#3352=AXIS2_PLACEMENT_3D('',#5996,#5997,#5998);
#3353=SURFACE_SIDE_STYLE('',(#5999));
#3354=EDGE_LOOP('',(#6000,#6001,#6002,#6003));
#3355=AXIS2_PLACEMENT_3D('',#6004,#6005,#6006);
#3356=SURFACE_SIDE_STYLE('',(#6007));
#3357=EDGE_LOOP('',(#6008,#6009,#6010,#6011));
#3358=AXIS2_PLACEMENT_3D('',#6012,#6013,#6014);
#3359=SURFACE_SIDE_STYLE('',(#6015));
#3360=EDGE_LOOP('',(#6016,#6017,#6018,#6019));
#3361=AXIS2_PLACEMENT_3D('',#6020,#6021,#6022);
#3362=SURFACE_SIDE_STYLE('',(#6023));
#3363=EDGE_LOOP('',(#6024,#6025,#6026,#6027));
#3364=AXIS2_PLACEMENT_3D('',#6028,#6029,#6030);
#3365=SURFACE_SIDE_STYLE('',(#6031));
#3366=EDGE_LOOP('',(#6032,#6033,#6034,#6035));
#3367=AXIS2_PLACEMENT_3D('',#6036,#6037,#6038);
#3368=SURFACE_SIDE_STYLE('',(#6039));
#3369=EDGE_LOOP('',(#6040,#6041,#6042,#6043));
#3370=AXIS2_PLACEMENT_3D('',#6044,#6045,#6046);
#3371=SURFACE_SIDE_STYLE('',(#6047));
#3372=EDGE_LOOP('',(#6048,#6049,#6050,#6051));
#3373=AXIS2_PLACEMENT_3D('',#6052,#6053,#6054);
#3374=SURFACE_SIDE_STYLE('',(#6055));
#3375=EDGE_LOOP('',(#6056,#6057,#6058,#6059));
#3376=AXIS2_PLACEMENT_3D('',#6060,#6061,#6062);
#3377=SURFACE_SIDE_STYLE('',(#6063));
#3378=EDGE_LOOP('',(#6064,#6065,#6066,#6067));
#3379=AXIS2_PLACEMENT_3D('',#6068,#6069,#6070);
#3380=SURFACE_SIDE_STYLE('',(#6071));
#3381=EDGE_LOOP('',(#6072,#6073,#6074,#6075));
#3382=AXIS2_PLACEMENT_3D('',#6076,#6077,#6078);
#3383=SURFACE_SIDE_STYLE('',(#6079));
#3384=EDGE_LOOP('',(#6080,#6081,#6082,#6083));
#3385=AXIS2_PLACEMENT_3D('',#6084,#6085,#6086);
#3386=SURFACE_SIDE_STYLE('',(#6087));
#3387=EDGE_LOOP('',(#6088,#6089,#6090,#6091));
#3388=AXIS2_PLACEMENT_3D('',#6092,#6093,#6094);
#3389=SURFACE_SIDE_STYLE('',(#6095));
#3390=EDGE_LOOP('',(#6096,#6097,#6098,#6099));
#3391=AXIS2_PLACEMENT_3D('',#6100,#6101,#6102);
#3392=SURFACE_SIDE_STYLE('',(#6103));
#3393=EDGE_LOOP('',(#6104,#6105,#6106,#6107));
#3394=AXIS2_PLACEMENT_3D('',#6108,#6109,#6110);
#3395=SURFACE_SIDE_STYLE('',(#6111));
#3396=EDGE_LOOP('',(#6112,#6113,#6114,#6115));
#3397=AXIS2_PLACEMENT_3D('',#6116,#6117,#6118);
#3398=SURFACE_SIDE_STYLE('',(#6119));
#3399=EDGE_LOOP('',(#6120,#6121,#6122,#6123));
#3400=AXIS2_PLACEMENT_3D('',#6124,#6125,#6126);
#3401=SURFACE_SIDE_STYLE('',(#6127));
#3402=EDGE_LOOP('',(#6128,#6129,#6130,#6131));
#3403=AXIS2_PLACEMENT_3D('',#6132,#6133,#6134);
#3404=SURFACE_SIDE_STYLE('',(#6135));
#3405=EDGE_LOOP('',(#6136,#6137,#6138,#6139));
#3406=AXIS2_PLACEMENT_3D('',#6140,#6141,#6142);
#3407=SURFACE_SIDE_STYLE('',(#6143));
#3408=EDGE_LOOP('',(#6144,#6145,#6146,#6147));
#3409=AXIS2_PLACEMENT_3D('',#6148,#6149,#6150);
#3410=SURFACE_SIDE_STYLE('',(#6151));
#3411=EDGE_LOOP('',(#6152,#6153,#6154,#6155));
#3412=AXIS2_PLACEMENT_3D('',#6156,#6157,#6158);
#3413=SURFACE_SIDE_STYLE('',(#6159));
#3414=EDGE_LOOP('',(#6160,#6161,#6162,#6163));
#3415=AXIS2_PLACEMENT_3D('',#6164,#6165,#6166);
#3416=SURFACE_SIDE_STYLE('',(#6167));
#3417=EDGE_LOOP('',(#6168,#6169,#6170,#6171));
#3418=AXIS2_PLACEMENT_3D('',#6172,#6173,#6174);
#3419=SURFACE_SIDE_STYLE('',(#6175));
#3420=EDGE_LOOP('',(#6176,#6177,#6178,#6179));
#3421=AXIS2_PLACEMENT_3D('',#6180,#6181,#6182);
#3422=SURFACE_SIDE_STYLE('',(#6183));
#3423=EDGE_LOOP('',(#6184,#6185,#6186,#6187));
#3424=AXIS2_PLACEMENT_3D('',#6188,#6189,#6190);
#3425=SURFACE_SIDE_STYLE('',(#6191));
#3426=EDGE_LOOP('',(#6192,#6193,#6194,#6195));
#3427=AXIS2_PLACEMENT_3D('',#6196,#6197,#6198);
#3428=SURFACE_SIDE_STYLE('',(#6199));
#3429=EDGE_LOOP('',(#6200,#6201,#6202,#6203));
#3430=AXIS2_PLACEMENT_3D('',#6204,#6205,#6206);
#3431=SURFACE_SIDE_STYLE('',(#6207));
#3432=EDGE_LOOP('',(#6208,#6209,#6210,#6211));
#3433=AXIS2_PLACEMENT_3D('',#6212,#6213,#6214);
#3434=SURFACE_SIDE_STYLE('',(#6215));
#3435=EDGE_LOOP('',(#6216,#6217,#6218,#6219));
#3436=AXIS2_PLACEMENT_3D('',#6220,#6221,#6222);
#3437=SURFACE_SIDE_STYLE('',(#6223));
#3438=EDGE_LOOP('',(#6224,#6225,#6226,#6227));
#3439=AXIS2_PLACEMENT_3D('',#6228,#6229,#6230);
#3440=SURFACE_SIDE_STYLE('',(#6231));
#3441=EDGE_LOOP('',(#6232,#6233,#6234,#6235));
#3442=AXIS2_PLACEMENT_3D('',#6236,#6237,#6238);
#3443=SURFACE_SIDE_STYLE('',(#6239));
#3444=EDGE_LOOP('',(#6240,#6241,#6242,#6243));
#3445=AXIS2_PLACEMENT_3D('',#6244,#6245,#6246);
#3446=SURFACE_SIDE_STYLE('',(#6247));
#3447=EDGE_LOOP('',(#6248,#6249,#6250,#6251));
#3448=AXIS2_PLACEMENT_3D('',#6252,#6253,#6254);
#3449=SURFACE_SIDE_STYLE('',(#6255));
#3450=EDGE_LOOP('',(#6256,#6257,#6258,#6259));
#3451=AXIS2_PLACEMENT_3D('',#6260,#6261,#6262);
#3452=SURFACE_SIDE_STYLE('',(#6263));
#3453=EDGE_LOOP('',(#6264,#6265,#6266,#6267));
#3454=AXIS2_PLACEMENT_3D('',#6268,#6269,#6270);
#3455=SURFACE_SIDE_STYLE('',(#6271));
#3456=EDGE_LOOP('',(#6272,#6273,#6274,#6275));
#3457=AXIS2_PLACEMENT_3D('',#6276,#6277,#6278);
#3458=SURFACE_SIDE_STYLE('',(#6279));
#3459=EDGE_LOOP('',(#6280,#6281,#6282,#6283));
#3460=AXIS2_PLACEMENT_3D('',#6284,#6285,#6286);
#3461=SURFACE_SIDE_STYLE('',(#6287));
#3462=EDGE_LOOP('',(#6288,#6289,#6290,#6291));
#3463=AXIS2_PLACEMENT_3D('',#6292,#6293,#6294);
#3464=SURFACE_SIDE_STYLE('',(#6295));
#3465=EDGE_LOOP('',(#6296,#6297,#6298,#6299));
#3466=AXIS2_PLACEMENT_3D('',#6300,#6301,#6302);
#3467=SURFACE_SIDE_STYLE('',(#6303));
#3468=EDGE_LOOP('',(#6304,#6305,#6306,#6307));
#3469=AXIS2_PLACEMENT_3D('',#6308,#6309,#6310);
#3470=SURFACE_SIDE_STYLE('',(#6311));
#3471=EDGE_LOOP('',(#6312,#6313,#6314,#6315));
#3472=AXIS2_PLACEMENT_3D('',#6316,#6317,#6318);
#3473=SURFACE_SIDE_STYLE('',(#6319));
#3474=EDGE_LOOP('',(#6320,#6321,#6322,#6323));
#3475=AXIS2_PLACEMENT_3D('',#6324,#6325,#6326);
#3476=SURFACE_SIDE_STYLE('',(#6327));
#3477=EDGE_LOOP('',(#6328,#6329,#6330,#6331));
#3478=AXIS2_PLACEMENT_3D('',#6332,#6333,#6334);
#3479=SURFACE_SIDE_STYLE('',(#6335));
#3480=EDGE_LOOP('',(#6336,#6337,#6338,#6339));
#3481=AXIS2_PLACEMENT_3D('',#6340,#6341,#6342);
#3482=SURFACE_SIDE_STYLE('',(#6343));
#3483=EDGE_LOOP('',(#6344,#6345,#6346,#6347));
#3484=AXIS2_PLACEMENT_3D('',#6348,#6349,#6350);
#3485=SURFACE_SIDE_STYLE('',(#6351));
#3486=EDGE_LOOP('',(#6352,#6353,#6354,#6355));
#3487=AXIS2_PLACEMENT_3D('',#6356,#6357,#6358);
#3488=SURFACE_SIDE_STYLE('',(#6359));
#3489=EDGE_LOOP('',(#6360,#6361,#6362,#6363));
#3490=AXIS2_PLACEMENT_3D('',#6364,#6365,#6366);
#3491=SURFACE_SIDE_STYLE('',(#6367));
#3492=EDGE_LOOP('',(#6368,#6369,#6370,#6371));
#3493=AXIS2_PLACEMENT_3D('',#6372,#6373,#6374);
#3494=SURFACE_SIDE_STYLE('',(#6375));
#3495=EDGE_LOOP('',(#6376,#6377,#6378,#6379));
#3496=AXIS2_PLACEMENT_3D('',#6380,#6381,#6382);
#3497=SURFACE_SIDE_STYLE('',(#6383));
#3498=EDGE_LOOP('',(#6384,#6385,#6386,#6387));
#3499=AXIS2_PLACEMENT_3D('',#6388,#6389,#6390);
#3500=SURFACE_SIDE_STYLE('',(#6391));
#3501=EDGE_LOOP('',(#6392,#6393,#6394,#6395));
#3502=AXIS2_PLACEMENT_3D('',#6396,#6397,#6398);
#3503=SURFACE_SIDE_STYLE('',(#6399));
#3504=EDGE_LOOP('',(#6400,#6401,#6402,#6403));
#3505=AXIS2_PLACEMENT_3D('',#6404,#6405,#6406);
#3506=SURFACE_SIDE_STYLE('',(#6407));
#3507=EDGE_LOOP('',(#6408,#6409,#6410,#6411));
#3508=AXIS2_PLACEMENT_3D('',#6412,#6413,#6414);
#3509=SURFACE_SIDE_STYLE('',(#6415));
#3510=EDGE_LOOP('',(#6416,#6417,#6418,#6419));
#3511=AXIS2_PLACEMENT_3D('',#6420,#6421,#6422);
#3512=SURFACE_SIDE_STYLE('',(#6423));
#3513=EDGE_LOOP('',(#6424,#6425,#6426,#6427));
#3514=AXIS2_PLACEMENT_3D('',#6428,#6429,#6430);
#3515=SURFACE_SIDE_STYLE('',(#6431));
#3516=EDGE_LOOP('',(#6432,#6433,#6434,#6435));
#3517=AXIS2_PLACEMENT_3D('',#6436,#6437,#6438);
#3518=SURFACE_SIDE_STYLE('',(#6439));
#3519=EDGE_LOOP('',(#6440,#6441,#6442,#6443));
#3520=AXIS2_PLACEMENT_3D('',#6444,#6445,#6446);
#3521=SURFACE_SIDE_STYLE('',(#6447));
#3522=EDGE_LOOP('',(#6448,#6449,#6450,#6451));
#3523=AXIS2_PLACEMENT_3D('',#6452,#6453,#6454);
#3524=SURFACE_SIDE_STYLE('',(#6455));
#3525=EDGE_LOOP('',(#6456,#6457,#6458,#6459));
#3526=AXIS2_PLACEMENT_3D('',#6460,#6461,#6462);
#3527=SURFACE_SIDE_STYLE('',(#6463));
#3528=EDGE_LOOP('',(#6464,#6465,#6466,#6467));
#3529=AXIS2_PLACEMENT_3D('',#6468,#6469,#6470);
#3530=SURFACE_SIDE_STYLE('',(#6471));
#3531=EDGE_LOOP('',(#6472,#6473,#6474,#6475));
#3532=AXIS2_PLACEMENT_3D('',#6476,#6477,#6478);
#3533=SURFACE_SIDE_STYLE('',(#6479));
#3534=EDGE_LOOP('',(#6480,#6481,#6482,#6483));
#3535=AXIS2_PLACEMENT_3D('',#6484,#6485,#6486);
#3536=SURFACE_SIDE_STYLE('',(#6487));
#3537=EDGE_LOOP('',(#6488,#6489,#6490,#6491));
#3538=AXIS2_PLACEMENT_3D('',#6492,#6493,#6494);
#3539=SURFACE_SIDE_STYLE('',(#6495));
#3540=EDGE_LOOP('',(#6496,#6497,#6498,#6499));
#3541=AXIS2_PLACEMENT_3D('',#6500,#6501,#6502);
#3542=SURFACE_SIDE_STYLE('',(#6503));
#3543=EDGE_LOOP('',(#6504,#6505,#6506,#6507));
#3544=AXIS2_PLACEMENT_3D('',#6508,#6509,#6510);
#3545=SURFACE_SIDE_STYLE('',(#6511));
#3546=EDGE_LOOP('',(#6512,#6513,#6514,#6515));
#3547=AXIS2_PLACEMENT_3D('',#6516,#6517,#6518);
#3548=SURFACE_SIDE_STYLE('',(#6519));
#3549=EDGE_LOOP('',(#6520,#6521,#6522,#6523));
#3550=AXIS2_PLACEMENT_3D('',#6524,#6525,#6526);
#3551=SURFACE_SIDE_STYLE('',(#6527));
#3552=EDGE_LOOP('',(#6528,#6529,#6530,#6531));
#3553=AXIS2_PLACEMENT_3D('',#6532,#6533,#6534);
#3554=SURFACE_SIDE_STYLE('',(#6535));
#3555=EDGE_LOOP('',(#6536,#6537,#6538,#6539));
#3556=AXIS2_PLACEMENT_3D('',#6540,#6541,#6542);
#3557=SURFACE_SIDE_STYLE('',(#6543));
#3558=EDGE_LOOP('',(#6544,#6545,#6546,#6547));
#3559=AXIS2_PLACEMENT_3D('',#6548,#6549,#6550);
#3560=SURFACE_SIDE_STYLE('',(#6551));
#3561=EDGE_LOOP('',(#6552,#6553,#6554,#6555));
#3562=AXIS2_PLACEMENT_3D('',#6556,#6557,#6558);
#3563=SURFACE_SIDE_STYLE('',(#6559));
#3564=EDGE_LOOP('',(#6560,#6561,#6562,#6563));
#3565=AXIS2_PLACEMENT_3D('',#6564,#6565,#6566);
#3566=SURFACE_SIDE_STYLE('',(#6567));
#3567=EDGE_LOOP('',(#6568,#6569,#6570,#6571));
#3568=AXIS2_PLACEMENT_3D('',#6572,#6573,#6574);
#3569=SURFACE_SIDE_STYLE('',(#6575));
#3570=EDGE_LOOP('',(#6576,#6577,#6578,#6579));
#3571=AXIS2_PLACEMENT_3D('',#6580,#6581,#6582);
#3572=SURFACE_SIDE_STYLE('',(#6583));
#3573=EDGE_LOOP('',(#6584,#6585,#6586,#6587));
#3574=AXIS2_PLACEMENT_3D('',#6588,#6589,#6590);
#3575=SURFACE_SIDE_STYLE('',(#6591));
#3576=EDGE_LOOP('',(#6592,#6593,#6594,#6595));
#3577=AXIS2_PLACEMENT_3D('',#6596,#6597,#6598);
#3578=SURFACE_SIDE_STYLE('',(#6599));
#3579=EDGE_LOOP('',(#6600,#6601,#6602,#6603));
#3580=AXIS2_PLACEMENT_3D('',#6604,#6605,#6606);
#3581=SURFACE_SIDE_STYLE('',(#6607));
#3582=EDGE_LOOP('',(#6608,#6609,#6610,#6611));
#3583=AXIS2_PLACEMENT_3D('',#6612,#6613,#6614);
#3584=SURFACE_SIDE_STYLE('',(#6615));
#3585=EDGE_LOOP('',(#6616,#6617,#6618,#6619));
#3586=AXIS2_PLACEMENT_3D('',#6620,#6621,#6622);
#3587=SURFACE_SIDE_STYLE('',(#6623));
#3588=EDGE_LOOP('',(#6624,#6625,#6626,#6627));
#3589=AXIS2_PLACEMENT_3D('',#6628,#6629,#6630);
#3590=SURFACE_SIDE_STYLE('',(#6631));
#3591=EDGE_LOOP('',(#6632,#6633,#6634,#6635));
#3592=AXIS2_PLACEMENT_3D('',#6636,#6637,#6638);
#3593=SURFACE_SIDE_STYLE('',(#6639));
#3594=EDGE_LOOP('',(#6640,#6641,#6642,#6643));
#3595=AXIS2_PLACEMENT_3D('',#6644,#6645,#6646);
#3596=SURFACE_SIDE_STYLE('',(#6647));
#3597=EDGE_LOOP('',(#6648,#6649,#6650,#6651));
#3598=AXIS2_PLACEMENT_3D('',#6652,#6653,#6654);
#3599=SURFACE_SIDE_STYLE('',(#6655));
#3600=EDGE_LOOP('',(#6656,#6657,#6658,#6659));
#3601=AXIS2_PLACEMENT_3D('',#6660,#6661,#6662);
#3602=SURFACE_SIDE_STYLE('',(#6663));
#3603=EDGE_LOOP('',(#6664,#6665,#6666,#6667));
#3604=AXIS2_PLACEMENT_3D('',#6668,#6669,#6670);
#3605=SURFACE_SIDE_STYLE('',(#6671));
#3606=EDGE_LOOP('',(#6672,#6673,#6674,#6675));
#3607=AXIS2_PLACEMENT_3D('',#6676,#6677,#6678);
#3608=SURFACE_SIDE_STYLE('',(#6679));
#3609=EDGE_LOOP('',(#6680,#6681,#6682,#6683));
#3610=AXIS2_PLACEMENT_3D('',#6684,#6685,#6686);
#3611=SURFACE_SIDE_STYLE('',(#6687));
#3612=EDGE_LOOP('',(#6688,#6689,#6690));
#3613=AXIS2_PLACEMENT_3D('',#6691,#6692,#6693);
#3614=SURFACE_SIDE_STYLE('',(#6694));
#3615=EDGE_LOOP('',(#6695,#6696,#6697,#6698,#6699,#6700));
#3616=AXIS2_PLACEMENT_3D('',#6701,#6702,#6703);
#3617=SURFACE_SIDE_STYLE('',(#6704));
#3618=EDGE_LOOP('',(#6705,#6706,#6707,#6708));
#3619=AXIS2_PLACEMENT_3D('',#6709,#6710,#6711);
#3620=SURFACE_SIDE_STYLE('',(#6712));
#3621=EDGE_LOOP('',(#6713,#6714,#6715,#6716,#6717,#6718));
#3622=AXIS2_PLACEMENT_3D('',#6719,#6720,#6721);
#3623=SURFACE_SIDE_STYLE('',(#6722));
#3624=EDGE_LOOP('',(#6723,#6724,#6725,#6726));
#3625=AXIS2_PLACEMENT_3D('',#6727,#6728,#6729);
#3626=SURFACE_SIDE_STYLE('',(#6730));
#3627=EDGE_LOOP('',(#6731,#6732,#6733,#6734));
#3628=EDGE_LOOP('',(#6735,#6736,#6737,#6738));
#3629=EDGE_LOOP('',(#6739,#6740,#6741,#6742));
#3630=EDGE_LOOP('',(#6743,#6744,#6745,#6746));
#3631=EDGE_LOOP('',(#6747,#6748,#6749,#6750));
#3632=EDGE_LOOP('',(#6751,#6752,#6753,#6754));
#3633=EDGE_LOOP('',(#6755,#6756,#6757,#6758));
#3634=EDGE_LOOP('',(#6759,#6760,#6761,#6762));
#3635=EDGE_LOOP('',(#6763,#6764,#6765,#6766));
#3636=EDGE_LOOP('',(#6767,#6768,#6769,#6770));
#3637=EDGE_LOOP('',(#6771,#6772,#6773,#6774));
#3638=EDGE_LOOP('',(#6775,#6776,#6777,#6778));
#3639=EDGE_LOOP('',(#6779,#6780,#6781,#6782));
#3640=EDGE_LOOP('',(#6783,#6784,#6785,#6786));
#3641=EDGE_LOOP('',(#6787,#6788,#6789,#6790));
#3642=EDGE_LOOP('',(#6791,#6792,#6793,#6794));
#3643=EDGE_LOOP('',(#6795,#6796,#6797,#6798));
#3644=EDGE_LOOP('',(#6799,#6800,#6801,#6802));
#3645=EDGE_LOOP('',(#6803,#6804,#6805,#6806));
#3646=EDGE_LOOP('',(#6807,#6808,#6809,#6810));
#3647=EDGE_LOOP('',(#6811,#6812));
#3648=EDGE_LOOP('',(#6813,#6814));
#3649=EDGE_LOOP('',(#6815,#6816));
#3650=EDGE_LOOP('',(#6817,#6818));
#3651=EDGE_LOOP('',(#6819,#6820,#6821,#6822,#6823,#6824,#6825,#6826,#6827,#6828,#6829,#6830,#6831,#6832,#6833,#6834,#6835,#6836,#6837,#6838));
#3652=AXIS2_PLACEMENT_3D('',#6839,#6840,#6841);
#3653=SURFACE_SIDE_STYLE('',(#6842));
#3654=EDGE_LOOP('',(#6843,#6844,#6845,#6846,#6847,#6848,#6849,#6850));
#3655=AXIS2_PLACEMENT_3D('',#6851,#6852,#6853);
#3656=SURFACE_SIDE_STYLE('',(#6854));
#3657=EDGE_LOOP('',(#6855,#6856,#6857,#6858));
#3658=AXIS2_PLACEMENT_3D('',#6859,#6860,#6861);
#3659=SURFACE_SIDE_STYLE('',(#6862));
#3660=EDGE_LOOP('',(#6863,#6864,#6865,#6866,#6867,#6868));
#3661=AXIS2_PLACEMENT_3D('',#6869,#6870,#6871);
#3662=SURFACE_SIDE_STYLE('',(#6872));
#3663=EDGE_LOOP('',(#6873,#6874,#6875,#6876,#6877,#6878));
#3664=AXIS2_PLACEMENT_3D('',#6879,#6880,#6881);
#3665=SURFACE_SIDE_STYLE('',(#6882));
#3666=EDGE_LOOP('',(#6883,#6884,#6885,#6886));
#3667=AXIS2_PLACEMENT_3D('',#6887,#6888,#6889);
#3668=SURFACE_SIDE_STYLE('',(#6890));
#3669=EDGE_LOOP('',(#6891,#6892,#6893,#6894,#6895,#6896,#6897,#6898));
#3670=AXIS2_PLACEMENT_3D('',#6899,#6900,#6901);
#3671=SURFACE_SIDE_STYLE('',(#6902));
#3672=EDGE_LOOP('',(#6903,#6904,#6905,#6906,#6907,#6908,#6909));
#3673=AXIS2_PLACEMENT_3D('',#6910,#6911,#6912);
#3674=SURFACE_SIDE_STYLE('',(#6913));
#3675=EDGE_LOOP('',(#6914,#6915,#6916,#6917));
#3676=AXIS2_PLACEMENT_3D('',#6918,#6919,#6920);
#3677=SURFACE_SIDE_STYLE('',(#6921));
#3678=EDGE_LOOP('',(#6922,#6923,#6924,#6925));
#3679=AXIS2_PLACEMENT_3D('',#6926,#6927,#6928);
#3680=SURFACE_SIDE_STYLE('',(#6929));
#3681=EDGE_LOOP('',(#6930,#6931,#6932,#6933,#6934,#6935,#6936));
#3682=AXIS2_PLACEMENT_3D('',#6937,#6938,#6939);
#3683=SURFACE_SIDE_STYLE('',(#6940));
#3684=EDGE_LOOP('',(#6941,#6942,#6943,#6944));
#3685=EDGE_LOOP('',(#6945,#6946,#6947,#6948));
#3686=EDGE_LOOP('',(#6949,#6950,#6951,#6952));
#3687=EDGE_LOOP('',(#6953,#6954,#6955,#6956));
#3688=EDGE_LOOP('',(#6957,#6958,#6959,#6960));
#3689=EDGE_LOOP('',(#6961,#6962,#6963,#6964));
#3690=EDGE_LOOP('',(#6965,#6966,#6967,#6968));
#3691=EDGE_LOOP('',(#6969,#6970,#6971,#6972));
#3692=EDGE_LOOP('',(#6973,#6974,#6975,#6976));
#3693=EDGE_LOOP('',(#6977,#6978,#6979,#6980));
#3694=EDGE_LOOP('',(#6981,#6982,#6983,#6984));
#3695=EDGE_LOOP('',(#6985,#6986,#6987,#6988));
#3696=EDGE_LOOP('',(#6989,#6990,#6991,#6992));
#3697=EDGE_LOOP('',(#6993,#6994,#6995,#6996));
#3698=EDGE_LOOP('',(#6997,#6998,#6999,#7000));
#3699=EDGE_LOOP('',(#7001,#7002,#7003,#7004));
#3700=EDGE_LOOP('',(#7005,#7006,#7007,#7008));
#3701=EDGE_LOOP('',(#7009,#7010,#7011,#7012));
#3702=EDGE_LOOP('',(#7013,#7014,#7015,#7016));
#3703=EDGE_LOOP('',(#7017,#7018,#7019,#7020));
#3704=EDGE_LOOP('',(#7021,#7022,#7023,#7024,#7025,#7026,#7027,#7028,#7029,#7030,#7031,#7032,#7033,#7034,#7035,#7036));
#3705=AXIS2_PLACEMENT_3D('',#7037,#7038,#7039);
#3706=SURFACE_SIDE_STYLE('',(#7040));
#3707=EDGE_LOOP('',(#7041,#7042,#7043,#7044));
#3708=AXIS2_PLACEMENT_3D('',#7045,#7046,#7047);
#3709=SURFACE_SIDE_STYLE('',(#7048));
#3710=EDGE_LOOP('',(#7049,#7050,#7051,#7052));
#3711=AXIS2_PLACEMENT_3D('',#7053,#7054,#7055);
#3712=SURFACE_SIDE_STYLE('',(#7056));
#3713=EDGE_LOOP('',(#7057,#7058,#7059,#7060));
#3714=AXIS2_PLACEMENT_3D('',#7061,#7062,#7063);
#3715=SURFACE_SIDE_STYLE('',(#7064));
#3716=EDGE_LOOP('',(#7065,#7066,#7067,#7068));
#3717=AXIS2_PLACEMENT_3D('',#7069,#7070,#7071);
#3718=SURFACE_SIDE_STYLE('',(#7072));
#3719=EDGE_LOOP('',(#7073,#7074));
#3720=AXIS2_PLACEMENT_3D('',#7075,#7076,#7077);
#3721=SURFACE_SIDE_STYLE('',(#7078));
#3722=EDGE_LOOP('',(#7079,#7080));
#3723=AXIS2_PLACEMENT_3D('',#7081,#7082,#7083);
#3724=SURFACE_SIDE_STYLE('',(#7084));
#3725=EDGE_LOOP('',(#7085,#7086));
#3726=AXIS2_PLACEMENT_3D('',#7087,#7088,#7089);
#3727=SURFACE_SIDE_STYLE('',(#7090));
#3728=EDGE_LOOP('',(#7091,#7092));
#3729=AXIS2_PLACEMENT_3D('',#7093,#7094,#7095);
#3730=SURFACE_SIDE_STYLE('',(#7096));
#3731=EDGE_LOOP('',(#7097,#7098,#7099,#7100));
#3732=AXIS2_PLACEMENT_3D('',#7101,#7102,#7103);
#3733=SURFACE_SIDE_STYLE('',(#7104));
#3734=EDGE_LOOP('',(#7105,#7106,#7107,#7108));
#3735=AXIS2_PLACEMENT_3D('',#7109,#7110,#7111);
#3736=SURFACE_SIDE_STYLE('',(#7112));
#3737=EDGE_LOOP('',(#7113,#7114,#7115,#7116));
#3738=AXIS2_PLACEMENT_3D('',#7117,#7118,#7119);
#3739=SURFACE_SIDE_STYLE('',(#7120));
#3740=EDGE_LOOP('',(#7121,#7122,#7123,#7124));
#3741=AXIS2_PLACEMENT_3D('',#7125,#7126,#7127);
#3742=SURFACE_SIDE_STYLE('',(#7128));
#3743=EDGE_LOOP('',(#7129,#7130,#7131,#7132,#7133,#7134,#7135,#7136));
#3744=AXIS2_PLACEMENT_3D('',#7137,#7138,#7139);
#3745=SURFACE_SIDE_STYLE('',(#7140));
#3746=EDGE_LOOP('',(#7141,#7142,#7143,#7144));
#3747=AXIS2_PLACEMENT_3D('',#7145,#7146,#7147);
#3748=SURFACE_SIDE_STYLE('',(#7148));
#3749=EDGE_LOOP('',(#7149,#7150,#7151,#7152));
#3750=AXIS2_PLACEMENT_3D('',#7153,#7154,#7155);
#3751=SURFACE_SIDE_STYLE('',(#7156));
#3752=EDGE_LOOP('',(#7157,#7158,#7159,#7160));
#3753=AXIS2_PLACEMENT_3D('',#7161,#7162,#7163);
#3754=SURFACE_SIDE_STYLE('',(#7164));
#3755=EDGE_LOOP('',(#7165,#7166,#7167,#7168));
#3756=AXIS2_PLACEMENT_3D('',#7169,#7170,#7171);
#3757=SURFACE_SIDE_STYLE('',(#7172));
#3758=EDGE_LOOP('',(#7173,#7174,#7175,#7176));
#3759=AXIS2_PLACEMENT_3D('',#7177,#7178,#7179);
#3760=SURFACE_SIDE_STYLE('',(#7180));
#3761=EDGE_LOOP('',(#7181,#7182,#7183,#7184));
#3762=AXIS2_PLACEMENT_3D('',#7185,#7186,#7187);
#3763=SURFACE_SIDE_STYLE('',(#7188));
#3764=EDGE_LOOP('',(#7189,#7190,#7191,#7192));
#3765=AXIS2_PLACEMENT_3D('',#7193,#7194,#7195);
#3766=SURFACE_SIDE_STYLE('',(#7196));
#3767=EDGE_LOOP('',(#7197,#7198,#7199,#7200));
#3768=AXIS2_PLACEMENT_3D('',#7201,#7202,#7203);
#3769=SURFACE_SIDE_STYLE('',(#7204));
#3770=EDGE_LOOP('',(#7205,#7206,#7207,#7208));
#3771=AXIS2_PLACEMENT_3D('',#7209,#7210,#7211);
#3772=SURFACE_SIDE_STYLE('',(#7212));
#3773=EDGE_LOOP('',(#7213,#7214,#7215,#7216,#7217,#7218,#7219,#7220));
#3774=AXIS2_PLACEMENT_3D('',#7221,#7222,#7223);
#3775=SURFACE_SIDE_STYLE('',(#7224));
#3776=EDGE_LOOP('',(#7225,#7226,#7227));
#3777=EDGE_LOOP('',(#7228,#7229,#7230,#7231,#7232,#7233,#7234,#7235));
#3778=AXIS2_PLACEMENT_3D('',#7236,#7237,#7238);
#3779=SURFACE_SIDE_STYLE('',(#7239));
#3780=EDGE_LOOP('',(#7240,#7241,#7242,#7243,#7244,#7245,#7246,#7247,#7248,#7249,#7250,#7251,#7252,#7253,#7254,#7255,#7256,#7257,#7258,#7259));
#3781=AXIS2_PLACEMENT_3D('',#7260,#7261,#7262);
#3783=SURFACE_STYLE_FILL_AREA(#7263);
#3784=ORIENTED_EDGE('',*,*,#7264,.F.);
#3785=ORIENTED_EDGE('',*,*,#7265,.T.);
#3786=ORIENTED_EDGE('',*,*,#7266,.F.);
#3787=ORIENTED_EDGE('',*,*,#7267,.T.);
#3788=CARTESIAN_POINT('',(27.559,2.794,-1.5875));
#3789=DIRECTION('',(6.12303176911189E-17,0.0,-1.0));
#3790=DIRECTION('',(0.0,1.0,0.0));
#3791=SURFACE_STYLE_FILL_AREA(#7268);
#3792=ORIENTED_EDGE('',*,*,#7269,.F.);
#3793=ORIENTED_EDGE('',*,*,#7270,.F.);
#3794=ORIENTED_EDGE('',*,*,#7271,.F.);
#3795=ORIENTED_EDGE('',*,*,#7265,.F.);
#3796=CARTESIAN_POINT('',(28.2575,2.794,-1.651));
#3797=DIRECTION('',(1.0,0.0,0.0));
#3798=DIRECTION('',(0.0,1.0,0.0));
#3799=SURFACE_STYLE_FILL_AREA(#7272);
#3800=ORIENTED_EDGE('',*,*,#7273,.F.);
#3801=ORIENTED_EDGE('',*,*,#7274,.F.);
#3802=ORIENTED_EDGE('',*,*,#7275,.T.);
#3803=ORIENTED_EDGE('',*,*,#7276,.F.);
#3804=CARTESIAN_POINT('',(28.2575,2.794,-1.651));
#3805=DIRECTION('',(1.0,0.0,0.0));
#3806=DIRECTION('',(0.0,1.0,0.0));
#3807=SURFACE_STYLE_FILL_AREA(#7277);
#3808=ORIENTED_EDGE('',*,*,#7278,.F.);
#3809=ORIENTED_EDGE('',*,*,#7279,.T.);
#3810=ORIENTED_EDGE('',*,*,#7280,.T.);
#3811=ORIENTED_EDGE('',*,*,#7274,.T.);
#3812=CARTESIAN_POINT('',(27.559,2.794,-1.5875));
#3813=DIRECTION('',(6.12303176911189E-17,0.0,-1.0));
#3814=DIRECTION('',(0.0,1.0,0.0));
#3815=SURFACE_STYLE_FILL_AREA(#7281);
#3816=ORIENTED_EDGE('',*,*,#7282,.F.);
#3817=ORIENTED_EDGE('',*,*,#7283,.T.);
#3818=ORIENTED_EDGE('',*,*,#7284,.T.);
#3819=ORIENTED_EDGE('',*,*,#7270,.T.);
#3820=CARTESIAN_POINT('',(27.559,2.794,-0.9525));
#3821=DIRECTION('',(-6.12303176911189E-17,-5.27553618172919E-18,1.0));
#3822=DIRECTION('',(3.23022756398271E-34,-1.0,-5.27553618172919E-18));
#3823=SURFACE_STYLE_FILL_AREA(#7285);
#3824=ORIENTED_EDGE('',*,*,#7286,.F.);
#3825=ORIENTED_EDGE('',*,*,#7267,.F.);
#3826=ORIENTED_EDGE('',*,*,#7287,.T.);
#3827=ORIENTED_EDGE('',*,*,#7283,.F.);
#3828=CARTESIAN_POINT('',(27.6225,2.794,-1.651));
#3829=DIRECTION('',(-1.0,-5.27553618172919E-18,0.0));
#3830=DIRECTION('',(5.27553618172919E-18,-1.0,0.0));
#3831=SURFACE_STYLE_FILL_AREA(#7288);
#3832=ORIENTED_EDGE('',*,*,#7289,.T.);
#3833=ORIENTED_EDGE('',*,*,#7290,.T.);
#3834=ORIENTED_EDGE('',*,*,#7291,.T.);
#3835=ORIENTED_EDGE('',*,*,#7266,.T.);
#3836=CARTESIAN_POINT('',(27.559,-3.41583831114245,-1.42875));
#3837=DIRECTION('',(6.03905807163009E-17,-0.165047605860678,-0.986285601537231));
#3838=DIRECTION('',(1.01059173410079E-17,0.986285601537231,-0.165047605860678));
#3839=SURFACE_STYLE_FILL_AREA(#7292);
#3840=ORIENTED_EDGE('',*,*,#7293,.T.);
#3841=ORIENTED_EDGE('',*,*,#7294,.T.);
#3842=ORIENTED_EDGE('',*,*,#7295,.T.);
#3843=ORIENTED_EDGE('',*,*,#7284,.F.);
#3844=CARTESIAN_POINT('',(27.559,-3.41583831114245,-1.11125));
#3845=DIRECTION('',(-6.03905807163009E-17,-0.165047605860678,0.986285601537231));
#3846=DIRECTION('',(1.01059173410079E-17,-0.986285601537231,-0.165047605860678));
#3847=SURFACE_STYLE_FILL_AREA(#7296);
#3848=ORIENTED_EDGE('',*,*,#7291,.F.);
#3849=ORIENTED_EDGE('',*,*,#7297,.T.);
#3850=ORIENTED_EDGE('',*,*,#7293,.F.);
#3851=ORIENTED_EDGE('',*,*,#7287,.F.);
#3852=CARTESIAN_POINT('',(27.69235,-2.88459285914435,-1.651));
#3853=DIRECTION('',(-0.986285601537231,-0.165047605860678,0.0));
#3854=DIRECTION('',(0.165047605860678,-0.986285601537231,0.0));
#3855=SURFACE_STYLE_FILL_AREA(#7298);
#3856=ORIENTED_EDGE('',*,*,#7289,.F.);
#3857=ORIENTED_EDGE('',*,*,#7271,.T.);
#3858=ORIENTED_EDGE('',*,*,#7295,.F.);
#3859=ORIENTED_EDGE('',*,*,#7299,.F.);
#3860=CARTESIAN_POINT('',(28.18765,-2.88459285914435,-1.651));
#3861=DIRECTION('',(0.986285601537232,-0.165047605860678,0.0));
#3862=DIRECTION('',(0.165047605860678,0.986285601537232,0.0));
#3863=SURFACE_STYLE_FILL_AREA(#7300);
#3864=ORIENTED_EDGE('',*,*,#7290,.F.);
#3865=ORIENTED_EDGE('',*,*,#7299,.T.);
#3866=ORIENTED_EDGE('',*,*,#7294,.F.);
#3867=ORIENTED_EDGE('',*,*,#7297,.F.);
#3868=CARTESIAN_POINT('',(27.94,-3.302,-1.651));
#3869=DIRECTION('',(0.0,-1.0,0.0));
#3870=DIRECTION('',(1.0,0.0,0.0));
#3871=SURFACE_STYLE_FILL_AREA(#7301);
#3872=ORIENTED_EDGE('',*,*,#7302,.F.);
#3873=ORIENTED_EDGE('',*,*,#7303,.F.);
#3874=ORIENTED_EDGE('',*,*,#7304,.F.);
#3875=ORIENTED_EDGE('',*,*,#7279,.F.);
#3876=CARTESIAN_POINT('',(27.6225,2.794,-1.651));
#3877=DIRECTION('',(-1.0,-5.27553618172919E-18,0.0));
#3878=DIRECTION('',(5.27553618172919E-18,-1.0,0.0));
#3879=SURFACE_STYLE_FILL_AREA(#7305);
#3880=ORIENTED_EDGE('',*,*,#7306,.F.);
#3881=ORIENTED_EDGE('',*,*,#7276,.T.);
#3882=ORIENTED_EDGE('',*,*,#7307,.F.);
#3883=ORIENTED_EDGE('',*,*,#7303,.T.);
#3884=CARTESIAN_POINT('',(27.559,2.794,-0.9525));
#3885=DIRECTION('',(-6.12303176911189E-17,-5.27553618172919E-18,1.0));
#3886=DIRECTION('',(3.23022756398271E-34,-1.0,-5.27553618172919E-18));
#3887=SURFACE_STYLE_FILL_AREA(#7308);
#3888=ORIENTED_EDGE('',*,*,#7309,.T.);
#3889=ORIENTED_EDGE('',*,*,#7280,.F.);
#3890=ORIENTED_EDGE('',*,*,#7310,.T.);
#3891=ORIENTED_EDGE('',*,*,#7311,.T.);
#3892=CARTESIAN_POINT('',(27.559,9.00383831114245,-1.42875));
#3893=DIRECTION('',(6.03905807163009E-17,0.165047605860678,-0.986285601537231));
#3894=DIRECTION('',(-1.01059173410079E-17,0.986285601537231,0.165047605860678));
#3895=SURFACE_STYLE_FILL_AREA(#7312);
#3896=ORIENTED_EDGE('',*,*,#7313,.T.);
#3897=ORIENTED_EDGE('',*,*,#7307,.T.);
#3898=ORIENTED_EDGE('',*,*,#7314,.T.);
#3899=ORIENTED_EDGE('',*,*,#7315,.T.);
#3900=CARTESIAN_POINT('',(27.559,9.00383831114245,-1.11125));
#3901=DIRECTION('',(-6.03905807163009E-17,0.165047605860677,0.986285601537231));
#3902=DIRECTION('',(-1.01059173410079E-17,-0.986285601537231,0.165047605860677));
#3903=SURFACE_STYLE_FILL_AREA(#7316);
#3904=ORIENTED_EDGE('',*,*,#7311,.F.);
#3905=ORIENTED_EDGE('',*,*,#7317,.T.);
#3906=ORIENTED_EDGE('',*,*,#7315,.F.);
#3907=ORIENTED_EDGE('',*,*,#7318,.F.);
#3908=CARTESIAN_POINT('',(27.94,8.89,-1.651));
#3909=DIRECTION('',(0.0,1.0,0.0));
#3910=DIRECTION('',(-1.0,0.0,0.0));
#3911=SURFACE_STYLE_FILL_AREA(#7319);
#3912=ORIENTED_EDGE('',*,*,#7310,.F.);
#3913=ORIENTED_EDGE('',*,*,#7304,.T.);
#3914=ORIENTED_EDGE('',*,*,#7313,.F.);
#3915=ORIENTED_EDGE('',*,*,#7317,.F.);
#3916=CARTESIAN_POINT('',(27.69235,8.47259285914435,-1.651));
#3917=DIRECTION('',(-0.986285601537232,0.165047605860677,0.0));
#3918=DIRECTION('',(-0.165047605860677,-0.986285601537232,0.0));
#3919=SURFACE_STYLE_FILL_AREA(#7320);
#3920=ORIENTED_EDGE('',*,*,#7309,.F.);
#3921=ORIENTED_EDGE('',*,*,#7318,.T.);
#3922=ORIENTED_EDGE('',*,*,#7314,.F.);
#3923=ORIENTED_EDGE('',*,*,#7275,.F.);
#3924=CARTESIAN_POINT('',(28.18765,8.47259285914435,-1.651));
#3925=DIRECTION('',(0.986285601537231,0.165047605860677,0.0));
#3926=DIRECTION('',(-0.165047605860677,0.986285601537231,0.0));
#3927=SURFACE_STYLE_FILL_AREA(#7321);
#3928=ORIENTED_EDGE('',*,*,#7322,.F.);
#3929=ORIENTED_EDGE('',*,*,#7323,.T.);
#3930=ORIENTED_EDGE('',*,*,#7324,.F.);
#3931=ORIENTED_EDGE('',*,*,#7325,.T.);
#3932=CARTESIAN_POINT('',(25.019,2.794,-1.5875));
#3933=DIRECTION('',(6.12303176911189E-17,0.0,-1.0));
#3934=DIRECTION('',(0.0,1.0,0.0));
#3935=SURFACE_STYLE_FILL_AREA(#7326);
#3936=ORIENTED_EDGE('',*,*,#7327,.F.);
#3937=ORIENTED_EDGE('',*,*,#7328,.F.);
#3938=ORIENTED_EDGE('',*,*,#7329,.F.);
#3939=ORIENTED_EDGE('',*,*,#7323,.F.);
#3940=CARTESIAN_POINT('',(25.7175,2.794,-1.651));
#3941=DIRECTION('',(1.0,0.0,0.0));
#3942=DIRECTION('',(0.0,1.0,0.0));
#3943=SURFACE_STYLE_FILL_AREA(#7330);
#3944=ORIENTED_EDGE('',*,*,#7331,.F.);
#3945=ORIENTED_EDGE('',*,*,#7332,.F.);
#3946=ORIENTED_EDGE('',*,*,#7333,.T.);
#3947=ORIENTED_EDGE('',*,*,#7334,.F.);
#3948=CARTESIAN_POINT('',(25.7175,2.794,-1.651));
#3949=DIRECTION('',(1.0,0.0,0.0));
#3950=DIRECTION('',(0.0,1.0,0.0));
#3951=SURFACE_STYLE_FILL_AREA(#7335);
#3952=ORIENTED_EDGE('',*,*,#7336,.F.);
#3953=ORIENTED_EDGE('',*,*,#7337,.T.);
#3954=ORIENTED_EDGE('',*,*,#7338,.T.);
#3955=ORIENTED_EDGE('',*,*,#7332,.T.);
#3956=CARTESIAN_POINT('',(25.019,2.794,-1.5875));
#3957=DIRECTION('',(6.12303176911189E-17,0.0,-1.0));
#3958=DIRECTION('',(0.0,1.0,0.0));
#3959=SURFACE_STYLE_FILL_AREA(#7339);
#3960=ORIENTED_EDGE('',*,*,#7340,.F.);
#3961=ORIENTED_EDGE('',*,*,#7341,.T.);
#3962=ORIENTED_EDGE('',*,*,#7342,.T.);
#3963=ORIENTED_EDGE('',*,*,#7328,.T.);
#3964=CARTESIAN_POINT('',(25.019,2.794,-0.9525));
#3965=DIRECTION('',(-6.12303176911189E-17,-5.27553618172919E-18,1.0));
#3966=DIRECTION('',(3.23022756398271E-34,-1.0,-5.27553618172919E-18));
#3967=SURFACE_STYLE_FILL_AREA(#7343);
#3968=ORIENTED_EDGE('',*,*,#7344,.F.);
#3969=ORIENTED_EDGE('',*,*,#7325,.F.);
#3970=ORIENTED_EDGE('',*,*,#7345,.T.);
#3971=ORIENTED_EDGE('',*,*,#7341,.F.);
#3972=CARTESIAN_POINT('',(25.0825,2.794,-1.651));
#3973=DIRECTION('',(-1.0,-5.27553618172919E-18,0.0));
#3974=DIRECTION('',(5.27553618172919E-18,-1.0,0.0));
#3975=SURFACE_STYLE_FILL_AREA(#7346);
#3976=ORIENTED_EDGE('',*,*,#7347,.T.);
#3977=ORIENTED_EDGE('',*,*,#7348,.T.);
#3978=ORIENTED_EDGE('',*,*,#7349,.T.);
#3979=ORIENTED_EDGE('',*,*,#7324,.T.);
#3980=CARTESIAN_POINT('',(25.019,-3.41583831114245,-1.42875));
#3981=DIRECTION('',(6.03905807163009E-17,-0.165047605860678,-0.986285601537231));
#3982=DIRECTION('',(1.01059173410079E-17,0.986285601537231,-0.165047605860678));
#3983=SURFACE_STYLE_FILL_AREA(#7350);
#3984=ORIENTED_EDGE('',*,*,#7351,.T.);
#3985=ORIENTED_EDGE('',*,*,#7352,.T.);
#3986=ORIENTED_EDGE('',*,*,#7353,.T.);
#3987=ORIENTED_EDGE('',*,*,#7342,.F.);
#3988=CARTESIAN_POINT('',(25.019,-3.41583831114245,-1.11125));
#3989=DIRECTION('',(-6.03905807163009E-17,-0.165047605860678,0.986285601537231));
#3990=DIRECTION('',(1.01059173410079E-17,-0.986285601537231,-0.165047605860678));
#3991=SURFACE_STYLE_FILL_AREA(#7354);
#3992=ORIENTED_EDGE('',*,*,#7349,.F.);
#3993=ORIENTED_EDGE('',*,*,#7355,.T.);
#3994=ORIENTED_EDGE('',*,*,#7351,.F.);
#3995=ORIENTED_EDGE('',*,*,#7345,.F.);
#3996=CARTESIAN_POINT('',(25.15235,-2.88459285914435,-1.651));
#3997=DIRECTION('',(-0.986285601537231,-0.165047605860678,0.0));
#3998=DIRECTION('',(0.165047605860678,-0.986285601537231,0.0));
#3999=SURFACE_STYLE_FILL_AREA(#7356);
#4000=ORIENTED_EDGE('',*,*,#7347,.F.);
#4001=ORIENTED_EDGE('',*,*,#7329,.T.);
#4002=ORIENTED_EDGE('',*,*,#7353,.F.);
#4003=ORIENTED_EDGE('',*,*,#7357,.F.);
#4004=CARTESIAN_POINT('',(25.64765,-2.88459285914435,-1.651));
#4005=DIRECTION('',(0.986285601537232,-0.165047605860678,0.0));
#4006=DIRECTION('',(0.165047605860678,0.986285601537232,0.0));
#4007=SURFACE_STYLE_FILL_AREA(#7358);
#4008=ORIENTED_EDGE('',*,*,#7348,.F.);
#4009=ORIENTED_EDGE('',*,*,#7357,.T.);
#4010=ORIENTED_EDGE('',*,*,#7352,.F.);
#4011=ORIENTED_EDGE('',*,*,#7355,.F.);
#4012=CARTESIAN_POINT('',(25.4,-3.302,-1.651));
#4013=DIRECTION('',(0.0,-1.0,0.0));
#4014=DIRECTION('',(1.0,0.0,0.0));
#4015=SURFACE_STYLE_FILL_AREA(#7359);
#4016=ORIENTED_EDGE('',*,*,#7360,.F.);
#4017=ORIENTED_EDGE('',*,*,#7361,.F.);
#4018=ORIENTED_EDGE('',*,*,#7362,.F.);
#4019=ORIENTED_EDGE('',*,*,#7337,.F.);
#4020=CARTESIAN_POINT('',(25.0825,2.794,-1.651));
#4021=DIRECTION('',(-1.0,-5.27553618172919E-18,0.0));
#4022=DIRECTION('',(5.27553618172919E-18,-1.0,0.0));
#4023=SURFACE_STYLE_FILL_AREA(#7363);
#4024=ORIENTED_EDGE('',*,*,#7364,.F.);
#4025=ORIENTED_EDGE('',*,*,#7334,.T.);
#4026=ORIENTED_EDGE('',*,*,#7365,.F.);
#4027=ORIENTED_EDGE('',*,*,#7361,.T.);
#4028=CARTESIAN_POINT('',(25.019,2.794,-0.9525));
#4029=DIRECTION('',(-6.12303176911189E-17,-5.27553618172919E-18,1.0));
#4030=DIRECTION('',(3.23022756398271E-34,-1.0,-5.27553618172919E-18));
#4031=SURFACE_STYLE_FILL_AREA(#7366);
#4032=ORIENTED_EDGE('',*,*,#7367,.T.);
#4033=ORIENTED_EDGE('',*,*,#7338,.F.);
#4034=ORIENTED_EDGE('',*,*,#7368,.T.);
#4035=ORIENTED_EDGE('',*,*,#7369,.T.);
#4036=CARTESIAN_POINT('',(25.019,9.00383831114245,-1.42875));
#4037=DIRECTION('',(6.03905807163009E-17,0.165047605860678,-0.986285601537231));
#4038=DIRECTION('',(-1.01059173410079E-17,0.986285601537231,0.165047605860678));
#4039=SURFACE_STYLE_FILL_AREA(#7370);
#4040=ORIENTED_EDGE('',*,*,#7371,.T.);
#4041=ORIENTED_EDGE('',*,*,#7365,.T.);
#4042=ORIENTED_EDGE('',*,*,#7372,.T.);
#4043=ORIENTED_EDGE('',*,*,#7373,.T.);
#4044=CARTESIAN_POINT('',(25.019,9.00383831114245,-1.11125));
#4045=DIRECTION('',(-6.03905807163009E-17,0.165047605860677,0.986285601537231));
#4046=DIRECTION('',(-1.01059173410079E-17,-0.986285601537231,0.165047605860677));
#4047=SURFACE_STYLE_FILL_AREA(#7374);
#4048=ORIENTED_EDGE('',*,*,#7369,.F.);
#4049=ORIENTED_EDGE('',*,*,#7375,.T.);
#4050=ORIENTED_EDGE('',*,*,#7373,.F.);
#4051=ORIENTED_EDGE('',*,*,#7376,.F.);
#4052=CARTESIAN_POINT('',(25.4,8.89,-1.651));
#4053=DIRECTION('',(0.0,1.0,0.0));
#4054=DIRECTION('',(-1.0,0.0,0.0));
#4055=SURFACE_STYLE_FILL_AREA(#7377);
#4056=ORIENTED_EDGE('',*,*,#7368,.F.);
#4057=ORIENTED_EDGE('',*,*,#7362,.T.);
#4058=ORIENTED_EDGE('',*,*,#7371,.F.);
#4059=ORIENTED_EDGE('',*,*,#7375,.F.);
#4060=CARTESIAN_POINT('',(25.15235,8.47259285914435,-1.651));
#4061=DIRECTION('',(-0.986285601537232,0.165047605860677,0.0));
#4062=DIRECTION('',(-0.165047605860677,-0.986285601537232,0.0));
#4063=SURFACE_STYLE_FILL_AREA(#7378);
#4064=ORIENTED_EDGE('',*,*,#7367,.F.);
#4065=ORIENTED_EDGE('',*,*,#7376,.T.);
#4066=ORIENTED_EDGE('',*,*,#7372,.F.);
#4067=ORIENTED_EDGE('',*,*,#7333,.F.);
#4068=CARTESIAN_POINT('',(25.64765,8.47259285914435,-1.651));
#4069=DIRECTION('',(0.986285601537231,0.165047605860677,0.0));
#4070=DIRECTION('',(-0.165047605860677,0.986285601537231,0.0));
#4071=SURFACE_STYLE_FILL_AREA(#7379);
#4072=ORIENTED_EDGE('',*,*,#7380,.F.);
#4073=ORIENTED_EDGE('',*,*,#7381,.T.);
#4074=ORIENTED_EDGE('',*,*,#7382,.F.);
#4075=ORIENTED_EDGE('',*,*,#7383,.T.);
#4076=CARTESIAN_POINT('',(22.479,2.794,-1.5875));
#4077=DIRECTION('',(6.12303176911189E-17,0.0,-1.0));
#4078=DIRECTION('',(0.0,1.0,0.0));
#4079=SURFACE_STYLE_FILL_AREA(#7384);
#4080=ORIENTED_EDGE('',*,*,#7385,.F.);
#4081=ORIENTED_EDGE('',*,*,#7386,.F.);
#4082=ORIENTED_EDGE('',*,*,#7387,.F.);
#4083=ORIENTED_EDGE('',*,*,#7381,.F.);
#4084=CARTESIAN_POINT('',(23.1775,2.794,-1.651));
#4085=DIRECTION('',(1.0,0.0,0.0));
#4086=DIRECTION('',(0.0,1.0,0.0));
#4087=SURFACE_STYLE_FILL_AREA(#7388);
#4088=ORIENTED_EDGE('',*,*,#7389,.F.);
#4089=ORIENTED_EDGE('',*,*,#7390,.F.);
#4090=ORIENTED_EDGE('',*,*,#7391,.T.);
#4091=ORIENTED_EDGE('',*,*,#7392,.F.);
#4092=CARTESIAN_POINT('',(23.1775,2.794,-1.651));
#4093=DIRECTION('',(1.0,0.0,0.0));
#4094=DIRECTION('',(0.0,1.0,0.0));
#4095=SURFACE_STYLE_FILL_AREA(#7393);
#4096=ORIENTED_EDGE('',*,*,#7394,.F.);
#4097=ORIENTED_EDGE('',*,*,#7395,.T.);
#4098=ORIENTED_EDGE('',*,*,#7396,.T.);
#4099=ORIENTED_EDGE('',*,*,#7390,.T.);
#4100=CARTESIAN_POINT('',(22.479,2.794,-1.5875));
#4101=DIRECTION('',(6.12303176911189E-17,0.0,-1.0));
#4102=DIRECTION('',(0.0,1.0,0.0));
#4103=SURFACE_STYLE_FILL_AREA(#7397);
#4104=ORIENTED_EDGE('',*,*,#7398,.F.);
#4105=ORIENTED_EDGE('',*,*,#7399,.T.);
#4106=ORIENTED_EDGE('',*,*,#7400,.T.);
#4107=ORIENTED_EDGE('',*,*,#7386,.T.);
#4108=CARTESIAN_POINT('',(22.479,2.794,-0.9525));
#4109=DIRECTION('',(-6.12303176911189E-17,-5.27553618172919E-18,1.0));
#4110=DIRECTION('',(3.23022756398271E-34,-1.0,-5.27553618172919E-18));
#4111=SURFACE_STYLE_FILL_AREA(#7401);
#4112=ORIENTED_EDGE('',*,*,#7402,.F.);
#4113=ORIENTED_EDGE('',*,*,#7383,.F.);
#4114=ORIENTED_EDGE('',*,*,#7403,.T.);
#4115=ORIENTED_EDGE('',*,*,#7399,.F.);
#4116=CARTESIAN_POINT('',(22.5425,2.794,-1.651));
#4117=DIRECTION('',(-1.0,-5.27553618172919E-18,0.0));
#4118=DIRECTION('',(5.27553618172919E-18,-1.0,0.0));
#4119=SURFACE_STYLE_FILL_AREA(#7404);
#4120=ORIENTED_EDGE('',*,*,#7405,.T.);
#4121=ORIENTED_EDGE('',*,*,#7406,.T.);
#4122=ORIENTED_EDGE('',*,*,#7407,.T.);
#4123=ORIENTED_EDGE('',*,*,#7382,.T.);
#4124=CARTESIAN_POINT('',(22.479,-3.41583831114245,-1.42875));
#4125=DIRECTION('',(6.03905807163009E-17,-0.165047605860678,-0.986285601537231));
#4126=DIRECTION('',(1.01059173410079E-17,0.986285601537231,-0.165047605860678));
#4127=SURFACE_STYLE_FILL_AREA(#7408);
#4128=ORIENTED_EDGE('',*,*,#7409,.T.);
#4129=ORIENTED_EDGE('',*,*,#7410,.T.);
#4130=ORIENTED_EDGE('',*,*,#7411,.T.);
#4131=ORIENTED_EDGE('',*,*,#7400,.F.);
#4132=CARTESIAN_POINT('',(22.479,-3.41583831114245,-1.11125));
#4133=DIRECTION('',(-6.03905807163009E-17,-0.165047605860678,0.986285601537231));
#4134=DIRECTION('',(1.01059173410079E-17,-0.986285601537231,-0.165047605860678));
#4135=SURFACE_STYLE_FILL_AREA(#7412);
#4136=ORIENTED_EDGE('',*,*,#7407,.F.);
#4137=ORIENTED_EDGE('',*,*,#7413,.T.);
#4138=ORIENTED_EDGE('',*,*,#7409,.F.);
#4139=ORIENTED_EDGE('',*,*,#7403,.F.);
#4140=CARTESIAN_POINT('',(22.61235,-2.88459285914435,-1.651));
#4141=DIRECTION('',(-0.986285601537231,-0.165047605860678,0.0));
#4142=DIRECTION('',(0.165047605860678,-0.986285601537231,0.0));
#4143=SURFACE_STYLE_FILL_AREA(#7414);
#4144=ORIENTED_EDGE('',*,*,#7405,.F.);
#4145=ORIENTED_EDGE('',*,*,#7387,.T.);
#4146=ORIENTED_EDGE('',*,*,#7411,.F.);
#4147=ORIENTED_EDGE('',*,*,#7415,.F.);
#4148=CARTESIAN_POINT('',(23.10765,-2.88459285914435,-1.651));
#4149=DIRECTION('',(0.986285601537232,-0.165047605860678,0.0));
#4150=DIRECTION('',(0.165047605860678,0.986285601537232,0.0));
#4151=SURFACE_STYLE_FILL_AREA(#7416);
#4152=ORIENTED_EDGE('',*,*,#7406,.F.);
#4153=ORIENTED_EDGE('',*,*,#7415,.T.);
#4154=ORIENTED_EDGE('',*,*,#7410,.F.);
#4155=ORIENTED_EDGE('',*,*,#7413,.F.);
#4156=CARTESIAN_POINT('',(22.86,-3.302,-1.651));
#4157=DIRECTION('',(0.0,-1.0,0.0));
#4158=DIRECTION('',(1.0,0.0,0.0));
#4159=SURFACE_STYLE_FILL_AREA(#7417);
#4160=ORIENTED_EDGE('',*,*,#7418,.F.);
#4161=ORIENTED_EDGE('',*,*,#7419,.F.);
#4162=ORIENTED_EDGE('',*,*,#7420,.F.);
#4163=ORIENTED_EDGE('',*,*,#7395,.F.);
#4164=CARTESIAN_POINT('',(22.5425,2.794,-1.651));
#4165=DIRECTION('',(-1.0,-5.27553618172919E-18,0.0));
#4166=DIRECTION('',(5.27553618172919E-18,-1.0,0.0));
#4167=SURFACE_STYLE_FILL_AREA(#7421);
#4168=ORIENTED_EDGE('',*,*,#7422,.F.);
#4169=ORIENTED_EDGE('',*,*,#7392,.T.);
#4170=ORIENTED_EDGE('',*,*,#7423,.F.);
#4171=ORIENTED_EDGE('',*,*,#7419,.T.);
#4172=CARTESIAN_POINT('',(22.479,2.794,-0.9525));
#4173=DIRECTION('',(-6.12303176911189E-17,-5.27553618172919E-18,1.0));
#4174=DIRECTION('',(3.23022756398271E-34,-1.0,-5.27553618172919E-18));
#4175=SURFACE_STYLE_FILL_AREA(#7424);
#4176=ORIENTED_EDGE('',*,*,#7425,.T.);
#4177=ORIENTED_EDGE('',*,*,#7396,.F.);
#4178=ORIENTED_EDGE('',*,*,#7426,.T.);
#4179=ORIENTED_EDGE('',*,*,#7427,.T.);
#4180=CARTESIAN_POINT('',(22.479,9.00383831114245,-1.42875));
#4181=DIRECTION('',(6.03905807163009E-17,0.165047605860678,-0.986285601537231));
#4182=DIRECTION('',(-1.01059173410079E-17,0.986285601537231,0.165047605860678));
#4183=SURFACE_STYLE_FILL_AREA(#7428);
#4184=ORIENTED_EDGE('',*,*,#7429,.T.);
#4185=ORIENTED_EDGE('',*,*,#7423,.T.);
#4186=ORIENTED_EDGE('',*,*,#7430,.T.);
#4187=ORIENTED_EDGE('',*,*,#7431,.T.);
#4188=CARTESIAN_POINT('',(22.479,9.00383831114245,-1.11125));
#4189=DIRECTION('',(-6.03905807163009E-17,0.165047605860677,0.986285601537231));
#4190=DIRECTION('',(-1.01059173410079E-17,-0.986285601537231,0.165047605860677));
#4191=SURFACE_STYLE_FILL_AREA(#7432);
#4192=ORIENTED_EDGE('',*,*,#7427,.F.);
#4193=ORIENTED_EDGE('',*,*,#7433,.T.);
#4194=ORIENTED_EDGE('',*,*,#7431,.F.);
#4195=ORIENTED_EDGE('',*,*,#7434,.F.);
#4196=CARTESIAN_POINT('',(22.86,8.89,-1.651));
#4197=DIRECTION('',(0.0,1.0,0.0));
#4198=DIRECTION('',(-1.0,0.0,0.0));
#4199=SURFACE_STYLE_FILL_AREA(#7435);
#4200=ORIENTED_EDGE('',*,*,#7426,.F.);
#4201=ORIENTED_EDGE('',*,*,#7420,.T.);
#4202=ORIENTED_EDGE('',*,*,#7429,.F.);
#4203=ORIENTED_EDGE('',*,*,#7433,.F.);
#4204=CARTESIAN_POINT('',(22.61235,8.47259285914435,-1.651));
#4205=DIRECTION('',(-0.986285601537232,0.165047605860677,0.0));
#4206=DIRECTION('',(-0.165047605860677,-0.986285601537232,0.0));
#4207=SURFACE_STYLE_FILL_AREA(#7436);
#4208=ORIENTED_EDGE('',*,*,#7425,.F.);
#4209=ORIENTED_EDGE('',*,*,#7434,.T.);
#4210=ORIENTED_EDGE('',*,*,#7430,.F.);
#4211=ORIENTED_EDGE('',*,*,#7391,.F.);
#4212=CARTESIAN_POINT('',(23.10765,8.47259285914435,-1.651));
#4213=DIRECTION('',(0.986285601537231,0.165047605860677,0.0));
#4214=DIRECTION('',(-0.165047605860677,0.986285601537231,0.0));
#4215=SURFACE_STYLE_FILL_AREA(#7437);
#4216=ORIENTED_EDGE('',*,*,#7438,.F.);
#4217=ORIENTED_EDGE('',*,*,#7439,.T.);
#4218=ORIENTED_EDGE('',*,*,#7440,.F.);
#4219=ORIENTED_EDGE('',*,*,#7441,.T.);
#4220=CARTESIAN_POINT('',(19.939,2.794,-1.5875));
#4221=DIRECTION('',(6.12303176911189E-17,0.0,-1.0));
#4222=DIRECTION('',(0.0,1.0,0.0));
#4223=SURFACE_STYLE_FILL_AREA(#7442);
#4224=ORIENTED_EDGE('',*,*,#7443,.F.);
#4225=ORIENTED_EDGE('',*,*,#7444,.F.);
#4226=ORIENTED_EDGE('',*,*,#7445,.F.);
#4227=ORIENTED_EDGE('',*,*,#7439,.F.);
#4228=CARTESIAN_POINT('',(20.6375,2.794,-1.651));
#4229=DIRECTION('',(1.0,0.0,0.0));
#4230=DIRECTION('',(0.0,1.0,0.0));
#4231=SURFACE_STYLE_FILL_AREA(#7446);
#4232=ORIENTED_EDGE('',*,*,#7447,.F.);
#4233=ORIENTED_EDGE('',*,*,#7448,.F.);
#4234=ORIENTED_EDGE('',*,*,#7449,.T.);
#4235=ORIENTED_EDGE('',*,*,#7450,.F.);
#4236=CARTESIAN_POINT('',(20.6375,2.794,-1.651));
#4237=DIRECTION('',(1.0,0.0,0.0));
#4238=DIRECTION('',(0.0,1.0,0.0));
#4239=SURFACE_STYLE_FILL_AREA(#7451);
#4240=ORIENTED_EDGE('',*,*,#7452,.F.);
#4241=ORIENTED_EDGE('',*,*,#7453,.T.);
#4242=ORIENTED_EDGE('',*,*,#7454,.T.);
#4243=ORIENTED_EDGE('',*,*,#7448,.T.);
#4244=CARTESIAN_POINT('',(19.939,2.794,-1.5875));
#4245=DIRECTION('',(6.12303176911189E-17,0.0,-1.0));
#4246=DIRECTION('',(0.0,1.0,0.0));
#4247=SURFACE_STYLE_FILL_AREA(#7455);
#4248=ORIENTED_EDGE('',*,*,#7456,.F.);
#4249=ORIENTED_EDGE('',*,*,#7457,.T.);
#4250=ORIENTED_EDGE('',*,*,#7458,.T.);
#4251=ORIENTED_EDGE('',*,*,#7444,.T.);
#4252=CARTESIAN_POINT('',(19.939,2.794,-0.9525));
#4253=DIRECTION('',(-6.12303176911189E-17,-5.27553618172919E-18,1.0));
#4254=DIRECTION('',(3.23022756398271E-34,-1.0,-5.27553618172919E-18));
#4255=SURFACE_STYLE_FILL_AREA(#7459);
#4256=ORIENTED_EDGE('',*,*,#7460,.F.);
#4257=ORIENTED_EDGE('',*,*,#7441,.F.);
#4258=ORIENTED_EDGE('',*,*,#7461,.T.);
#4259=ORIENTED_EDGE('',*,*,#7457,.F.);
#4260=CARTESIAN_POINT('',(20.0025,2.794,-1.651));
#4261=DIRECTION('',(-1.0,-5.27553618172919E-18,0.0));
#4262=DIRECTION('',(5.27553618172919E-18,-1.0,0.0));
#4263=SURFACE_STYLE_FILL_AREA(#7462);
#4264=ORIENTED_EDGE('',*,*,#7463,.T.);
#4265=ORIENTED_EDGE('',*,*,#7464,.T.);
#4266=ORIENTED_EDGE('',*,*,#7465,.T.);
#4267=ORIENTED_EDGE('',*,*,#7440,.T.);
#4268=CARTESIAN_POINT('',(19.939,-3.41583831114245,-1.42875));
#4269=DIRECTION('',(6.03905807163009E-17,-0.165047605860678,-0.986285601537231));
#4270=DIRECTION('',(1.01059173410079E-17,0.986285601537231,-0.165047605860678));
#4271=SURFACE_STYLE_FILL_AREA(#7466);
#4272=ORIENTED_EDGE('',*,*,#7467,.T.);
#4273=ORIENTED_EDGE('',*,*,#7468,.T.);
#4274=ORIENTED_EDGE('',*,*,#7469,.T.);
#4275=ORIENTED_EDGE('',*,*,#7458,.F.);
#4276=CARTESIAN_POINT('',(19.939,-3.41583831114245,-1.11125));
#4277=DIRECTION('',(-6.03905807163009E-17,-0.165047605860678,0.986285601537231));
#4278=DIRECTION('',(1.01059173410079E-17,-0.986285601537231,-0.165047605860678));
#4279=SURFACE_STYLE_FILL_AREA(#7470);
#4280=ORIENTED_EDGE('',*,*,#7465,.F.);
#4281=ORIENTED_EDGE('',*,*,#7471,.T.);
#4282=ORIENTED_EDGE('',*,*,#7467,.F.);
#4283=ORIENTED_EDGE('',*,*,#7461,.F.);
#4284=CARTESIAN_POINT('',(20.07235,-2.88459285914435,-1.651));
#4285=DIRECTION('',(-0.986285601537231,-0.165047605860678,0.0));
#4286=DIRECTION('',(0.165047605860678,-0.986285601537231,0.0));
#4287=SURFACE_STYLE_FILL_AREA(#7472);
#4288=ORIENTED_EDGE('',*,*,#7463,.F.);
#4289=ORIENTED_EDGE('',*,*,#7445,.T.);
#4290=ORIENTED_EDGE('',*,*,#7469,.F.);
#4291=ORIENTED_EDGE('',*,*,#7473,.F.);
#4292=CARTESIAN_POINT('',(20.56765,-2.88459285914435,-1.651));
#4293=DIRECTION('',(0.986285601537232,-0.165047605860678,0.0));
#4294=DIRECTION('',(0.165047605860678,0.986285601537232,0.0));
#4295=SURFACE_STYLE_FILL_AREA(#7474);
#4296=ORIENTED_EDGE('',*,*,#7464,.F.);
#4297=ORIENTED_EDGE('',*,*,#7473,.T.);
#4298=ORIENTED_EDGE('',*,*,#7468,.F.);
#4299=ORIENTED_EDGE('',*,*,#7471,.F.);
#4300=CARTESIAN_POINT('',(20.32,-3.302,-1.651));
#4301=DIRECTION('',(0.0,-1.0,0.0));
#4302=DIRECTION('',(1.0,0.0,0.0));
#4303=SURFACE_STYLE_FILL_AREA(#7475);
#4304=ORIENTED_EDGE('',*,*,#7476,.F.);
#4305=ORIENTED_EDGE('',*,*,#7477,.F.);
#4306=ORIENTED_EDGE('',*,*,#7478,.F.);
#4307=ORIENTED_EDGE('',*,*,#7453,.F.);
#4308=CARTESIAN_POINT('',(20.0025,2.794,-1.651));
#4309=DIRECTION('',(-1.0,-5.27553618172919E-18,0.0));
#4310=DIRECTION('',(5.27553618172919E-18,-1.0,0.0));
#4311=SURFACE_STYLE_FILL_AREA(#7479);
#4312=ORIENTED_EDGE('',*,*,#7480,.F.);
#4313=ORIENTED_EDGE('',*,*,#7450,.T.);
#4314=ORIENTED_EDGE('',*,*,#7481,.F.);
#4315=ORIENTED_EDGE('',*,*,#7477,.T.);
#4316=CARTESIAN_POINT('',(19.939,2.794,-0.9525));
#4317=DIRECTION('',(-6.12303176911189E-17,-5.27553618172919E-18,1.0));
#4318=DIRECTION('',(3.23022756398271E-34,-1.0,-5.27553618172919E-18));
#4319=SURFACE_STYLE_FILL_AREA(#7482);
#4320=ORIENTED_EDGE('',*,*,#7483,.T.);
#4321=ORIENTED_EDGE('',*,*,#7454,.F.);
#4322=ORIENTED_EDGE('',*,*,#7484,.T.);
#4323=ORIENTED_EDGE('',*,*,#7485,.T.);
#4324=CARTESIAN_POINT('',(19.939,9.00383831114245,-1.42875));
#4325=DIRECTION('',(6.03905807163009E-17,0.165047605860678,-0.986285601537231));
#4326=DIRECTION('',(-1.01059173410079E-17,0.986285601537231,0.165047605860678));
#4327=SURFACE_STYLE_FILL_AREA(#7486);
#4328=ORIENTED_EDGE('',*,*,#7487,.T.);
#4329=ORIENTED_EDGE('',*,*,#7481,.T.);
#4330=ORIENTED_EDGE('',*,*,#7488,.T.);
#4331=ORIENTED_EDGE('',*,*,#7489,.T.);
#4332=CARTESIAN_POINT('',(19.939,9.00383831114245,-1.11125));
#4333=DIRECTION('',(-6.03905807163009E-17,0.165047605860677,0.986285601537231));
#4334=DIRECTION('',(-1.01059173410079E-17,-0.986285601537231,0.165047605860677));
#4335=SURFACE_STYLE_FILL_AREA(#7490);
#4336=ORIENTED_EDGE('',*,*,#7485,.F.);
#4337=ORIENTED_EDGE('',*,*,#7491,.T.);
#4338=ORIENTED_EDGE('',*,*,#7489,.F.);
#4339=ORIENTED_EDGE('',*,*,#7492,.F.);
#4340=CARTESIAN_POINT('',(20.32,8.89,-1.651));
#4341=DIRECTION('',(0.0,1.0,0.0));
#4342=DIRECTION('',(-1.0,0.0,0.0));
#4343=SURFACE_STYLE_FILL_AREA(#7493);
#4344=ORIENTED_EDGE('',*,*,#7484,.F.);
#4345=ORIENTED_EDGE('',*,*,#7478,.T.);
#4346=ORIENTED_EDGE('',*,*,#7487,.F.);
#4347=ORIENTED_EDGE('',*,*,#7491,.F.);
#4348=CARTESIAN_POINT('',(20.07235,8.47259285914435,-1.651));
#4349=DIRECTION('',(-0.986285601537232,0.165047605860677,0.0));
#4350=DIRECTION('',(-0.165047605860677,-0.986285601537232,0.0));
#4351=SURFACE_STYLE_FILL_AREA(#7494);
#4352=ORIENTED_EDGE('',*,*,#7483,.F.);
#4353=ORIENTED_EDGE('',*,*,#7492,.T.);
#4354=ORIENTED_EDGE('',*,*,#7488,.F.);
#4355=ORIENTED_EDGE('',*,*,#7449,.F.);
#4356=CARTESIAN_POINT('',(20.56765,8.47259285914435,-1.651));
#4357=DIRECTION('',(0.986285601537231,0.165047605860677,0.0));
#4358=DIRECTION('',(-0.165047605860677,0.986285601537231,0.0));
#4359=SURFACE_STYLE_FILL_AREA(#7495);
#4360=ORIENTED_EDGE('',*,*,#7496,.F.);
#4361=ORIENTED_EDGE('',*,*,#7497,.T.);
#4362=ORIENTED_EDGE('',*,*,#7498,.F.);
#4363=ORIENTED_EDGE('',*,*,#7499,.T.);
#4364=CARTESIAN_POINT('',(17.399,2.794,-1.5875));
#4365=DIRECTION('',(6.12303176911189E-17,0.0,-1.0));
#4366=DIRECTION('',(0.0,1.0,0.0));
#4367=SURFACE_STYLE_FILL_AREA(#7500);
#4368=ORIENTED_EDGE('',*,*,#7501,.F.);
#4369=ORIENTED_EDGE('',*,*,#7502,.F.);
#4370=ORIENTED_EDGE('',*,*,#7503,.F.);
#4371=ORIENTED_EDGE('',*,*,#7497,.F.);
#4372=CARTESIAN_POINT('',(18.0975,2.794,-1.651));
#4373=DIRECTION('',(1.0,0.0,0.0));
#4374=DIRECTION('',(0.0,1.0,0.0));
#4375=SURFACE_STYLE_FILL_AREA(#7504);
#4376=ORIENTED_EDGE('',*,*,#7505,.F.);
#4377=ORIENTED_EDGE('',*,*,#7506,.F.);
#4378=ORIENTED_EDGE('',*,*,#7507,.T.);
#4379=ORIENTED_EDGE('',*,*,#7508,.F.);
#4380=CARTESIAN_POINT('',(18.0975,2.794,-1.651));
#4381=DIRECTION('',(1.0,0.0,0.0));
#4382=DIRECTION('',(0.0,1.0,0.0));
#4383=SURFACE_STYLE_FILL_AREA(#7509);
#4384=ORIENTED_EDGE('',*,*,#7510,.F.);
#4385=ORIENTED_EDGE('',*,*,#7511,.T.);
#4386=ORIENTED_EDGE('',*,*,#7512,.T.);
#4387=ORIENTED_EDGE('',*,*,#7506,.T.);
#4388=CARTESIAN_POINT('',(17.399,2.794,-1.5875));
#4389=DIRECTION('',(6.12303176911189E-17,0.0,-1.0));
#4390=DIRECTION('',(0.0,1.0,0.0));
#4391=SURFACE_STYLE_FILL_AREA(#7513);
#4392=ORIENTED_EDGE('',*,*,#7514,.F.);
#4393=ORIENTED_EDGE('',*,*,#7515,.T.);
#4394=ORIENTED_EDGE('',*,*,#7516,.T.);
#4395=ORIENTED_EDGE('',*,*,#7502,.T.);
#4396=CARTESIAN_POINT('',(17.399,2.794,-0.9525));
#4397=DIRECTION('',(-6.12303176911189E-17,-5.27553618172919E-18,1.0));
#4398=DIRECTION('',(3.23022756398271E-34,-1.0,-5.27553618172919E-18));
#4399=SURFACE_STYLE_FILL_AREA(#7517);
#4400=ORIENTED_EDGE('',*,*,#7518,.F.);
#4401=ORIENTED_EDGE('',*,*,#7499,.F.);
#4402=ORIENTED_EDGE('',*,*,#7519,.T.);
#4403=ORIENTED_EDGE('',*,*,#7515,.F.);
#4404=CARTESIAN_POINT('',(17.4625,2.794,-1.651));
#4405=DIRECTION('',(-1.0,-5.27553618172919E-18,0.0));
#4406=DIRECTION('',(5.27553618172919E-18,-1.0,0.0));
#4407=SURFACE_STYLE_FILL_AREA(#7520);
#4408=ORIENTED_EDGE('',*,*,#7521,.T.);
#4409=ORIENTED_EDGE('',*,*,#7522,.T.);
#4410=ORIENTED_EDGE('',*,*,#7523,.T.);
#4411=ORIENTED_EDGE('',*,*,#7498,.T.);
#4412=CARTESIAN_POINT('',(17.399,-3.41583831114245,-1.42875));
#4413=DIRECTION('',(6.03905807163009E-17,-0.165047605860678,-0.986285601537231));
#4414=DIRECTION('',(1.01059173410079E-17,0.986285601537231,-0.165047605860678));
#4415=SURFACE_STYLE_FILL_AREA(#7524);
#4416=ORIENTED_EDGE('',*,*,#7525,.T.);
#4417=ORIENTED_EDGE('',*,*,#7526,.T.);
#4418=ORIENTED_EDGE('',*,*,#7527,.T.);
#4419=ORIENTED_EDGE('',*,*,#7516,.F.);
#4420=CARTESIAN_POINT('',(17.399,-3.41583831114245,-1.11125));
#4421=DIRECTION('',(-6.03905807163009E-17,-0.165047605860678,0.986285601537231));
#4422=DIRECTION('',(1.01059173410079E-17,-0.986285601537231,-0.165047605860678));
#4423=SURFACE_STYLE_FILL_AREA(#7528);
#4424=ORIENTED_EDGE('',*,*,#7523,.F.);
#4425=ORIENTED_EDGE('',*,*,#7529,.T.);
#4426=ORIENTED_EDGE('',*,*,#7525,.F.);
#4427=ORIENTED_EDGE('',*,*,#7519,.F.);
#4428=CARTESIAN_POINT('',(17.53235,-2.88459285914435,-1.651));
#4429=DIRECTION('',(-0.986285601537231,-0.165047605860678,0.0));
#4430=DIRECTION('',(0.165047605860678,-0.986285601537231,0.0));
#4431=SURFACE_STYLE_FILL_AREA(#7530);
#4432=ORIENTED_EDGE('',*,*,#7521,.F.);
#4433=ORIENTED_EDGE('',*,*,#7503,.T.);
#4434=ORIENTED_EDGE('',*,*,#7527,.F.);
#4435=ORIENTED_EDGE('',*,*,#7531,.F.);
#4436=CARTESIAN_POINT('',(18.02765,-2.88459285914435,-1.651));
#4437=DIRECTION('',(0.986285601537232,-0.165047605860678,0.0));
#4438=DIRECTION('',(0.165047605860678,0.986285601537232,0.0));
#4439=SURFACE_STYLE_FILL_AREA(#7532);
#4440=ORIENTED_EDGE('',*,*,#7522,.F.);
#4441=ORIENTED_EDGE('',*,*,#7531,.T.);
#4442=ORIENTED_EDGE('',*,*,#7526,.F.);
#4443=ORIENTED_EDGE('',*,*,#7529,.F.);
#4444=CARTESIAN_POINT('',(17.78,-3.302,-1.651));
#4445=DIRECTION('',(0.0,-1.0,0.0));
#4446=DIRECTION('',(1.0,0.0,0.0));
#4447=SURFACE_STYLE_FILL_AREA(#7533);
#4448=ORIENTED_EDGE('',*,*,#7534,.F.);
#4449=ORIENTED_EDGE('',*,*,#7535,.F.);
#4450=ORIENTED_EDGE('',*,*,#7536,.F.);
#4451=ORIENTED_EDGE('',*,*,#7511,.F.);
#4452=CARTESIAN_POINT('',(17.4625,2.794,-1.651));
#4453=DIRECTION('',(-1.0,-5.27553618172919E-18,0.0));
#4454=DIRECTION('',(5.27553618172919E-18,-1.0,0.0));
#4455=SURFACE_STYLE_FILL_AREA(#7537);
#4456=ORIENTED_EDGE('',*,*,#7538,.F.);
#4457=ORIENTED_EDGE('',*,*,#7508,.T.);
#4458=ORIENTED_EDGE('',*,*,#7539,.F.);
#4459=ORIENTED_EDGE('',*,*,#7535,.T.);
#4460=CARTESIAN_POINT('',(17.399,2.794,-0.9525));
#4461=DIRECTION('',(-6.12303176911189E-17,-5.27553618172919E-18,1.0));
#4462=DIRECTION('',(3.23022756398271E-34,-1.0,-5.27553618172919E-18));
#4463=SURFACE_STYLE_FILL_AREA(#7540);
#4464=ORIENTED_EDGE('',*,*,#7541,.T.);
#4465=ORIENTED_EDGE('',*,*,#7512,.F.);
#4466=ORIENTED_EDGE('',*,*,#7542,.T.);
#4467=ORIENTED_EDGE('',*,*,#7543,.T.);
#4468=CARTESIAN_POINT('',(17.399,9.00383831114245,-1.42875));
#4469=DIRECTION('',(6.03905807163009E-17,0.165047605860678,-0.986285601537231));
#4470=DIRECTION('',(-1.01059173410079E-17,0.986285601537231,0.165047605860678));
#4471=SURFACE_STYLE_FILL_AREA(#7544);
#4472=ORIENTED_EDGE('',*,*,#7545,.T.);
#4473=ORIENTED_EDGE('',*,*,#7539,.T.);
#4474=ORIENTED_EDGE('',*,*,#7546,.T.);
#4475=ORIENTED_EDGE('',*,*,#7547,.T.);
#4476=CARTESIAN_POINT('',(17.399,9.00383831114245,-1.11125));
#4477=DIRECTION('',(-6.03905807163009E-17,0.165047605860677,0.986285601537231));
#4478=DIRECTION('',(-1.01059173410079E-17,-0.986285601537231,0.165047605860677));
#4479=SURFACE_STYLE_FILL_AREA(#7548);
#4480=ORIENTED_EDGE('',*,*,#7543,.F.);
#4481=ORIENTED_EDGE('',*,*,#7549,.T.);
#4482=ORIENTED_EDGE('',*,*,#7547,.F.);
#4483=ORIENTED_EDGE('',*,*,#7550,.F.);
#4484=CARTESIAN_POINT('',(17.78,8.89,-1.651));
#4485=DIRECTION('',(0.0,1.0,0.0));
#4486=DIRECTION('',(-1.0,0.0,0.0));
#4487=SURFACE_STYLE_FILL_AREA(#7551);
#4488=ORIENTED_EDGE('',*,*,#7542,.F.);
#4489=ORIENTED_EDGE('',*,*,#7536,.T.);
#4490=ORIENTED_EDGE('',*,*,#7545,.F.);
#4491=ORIENTED_EDGE('',*,*,#7549,.F.);
#4492=CARTESIAN_POINT('',(17.53235,8.47259285914435,-1.651));
#4493=DIRECTION('',(-0.986285601537232,0.165047605860677,0.0));
#4494=DIRECTION('',(-0.165047605860677,-0.986285601537232,0.0));
#4495=SURFACE_STYLE_FILL_AREA(#7552);
#4496=ORIENTED_EDGE('',*,*,#7541,.F.);
#4497=ORIENTED_EDGE('',*,*,#7550,.T.);
#4498=ORIENTED_EDGE('',*,*,#7546,.F.);
#4499=ORIENTED_EDGE('',*,*,#7507,.F.);
#4500=CARTESIAN_POINT('',(18.02765,8.47259285914435,-1.651));
#4501=DIRECTION('',(0.986285601537231,0.165047605860677,0.0));
#4502=DIRECTION('',(-0.165047605860677,0.986285601537231,0.0));
#4503=SURFACE_STYLE_FILL_AREA(#7553);
#4504=ORIENTED_EDGE('',*,*,#7554,.F.);
#4505=ORIENTED_EDGE('',*,*,#7555,.T.);
#4506=ORIENTED_EDGE('',*,*,#7556,.F.);
#4507=ORIENTED_EDGE('',*,*,#7557,.T.);
#4508=CARTESIAN_POINT('',(14.859,2.794,-1.5875));
#4509=DIRECTION('',(6.12303176911189E-17,0.0,-1.0));
#4510=DIRECTION('',(0.0,1.0,0.0));
#4511=SURFACE_STYLE_FILL_AREA(#7558);
#4512=ORIENTED_EDGE('',*,*,#7559,.F.);
#4513=ORIENTED_EDGE('',*,*,#7560,.F.);
#4514=ORIENTED_EDGE('',*,*,#7561,.F.);
#4515=ORIENTED_EDGE('',*,*,#7555,.F.);
#4516=CARTESIAN_POINT('',(15.5575,2.794,-1.651));
#4517=DIRECTION('',(1.0,0.0,0.0));
#4518=DIRECTION('',(0.0,1.0,0.0));
#4519=SURFACE_STYLE_FILL_AREA(#7562);
#4520=ORIENTED_EDGE('',*,*,#7563,.F.);
#4521=ORIENTED_EDGE('',*,*,#7564,.F.);
#4522=ORIENTED_EDGE('',*,*,#7565,.T.);
#4523=ORIENTED_EDGE('',*,*,#7566,.F.);
#4524=CARTESIAN_POINT('',(15.5575,2.794,-1.651));
#4525=DIRECTION('',(1.0,0.0,0.0));
#4526=DIRECTION('',(0.0,1.0,0.0));
#4527=SURFACE_STYLE_FILL_AREA(#7567);
#4528=ORIENTED_EDGE('',*,*,#7568,.F.);
#4529=ORIENTED_EDGE('',*,*,#7569,.T.);
#4530=ORIENTED_EDGE('',*,*,#7570,.T.);
#4531=ORIENTED_EDGE('',*,*,#7564,.T.);
#4532=CARTESIAN_POINT('',(14.859,2.794,-1.5875));
#4533=DIRECTION('',(6.12303176911189E-17,0.0,-1.0));
#4534=DIRECTION('',(0.0,1.0,0.0));
#4535=SURFACE_STYLE_FILL_AREA(#7571);
#4536=ORIENTED_EDGE('',*,*,#7572,.F.);
#4537=ORIENTED_EDGE('',*,*,#7573,.T.);
#4538=ORIENTED_EDGE('',*,*,#7574,.T.);
#4539=ORIENTED_EDGE('',*,*,#7560,.T.);
#4540=CARTESIAN_POINT('',(14.859,2.794,-0.9525));
#4541=DIRECTION('',(-6.12303176911189E-17,-5.27553618172919E-18,1.0));
#4542=DIRECTION('',(3.23022756398271E-34,-1.0,-5.27553618172919E-18));
#4543=SURFACE_STYLE_FILL_AREA(#7575);
#4544=ORIENTED_EDGE('',*,*,#7576,.F.);
#4545=ORIENTED_EDGE('',*,*,#7557,.F.);
#4546=ORIENTED_EDGE('',*,*,#7577,.T.);
#4547=ORIENTED_EDGE('',*,*,#7573,.F.);
#4548=CARTESIAN_POINT('',(14.9225,2.794,-1.651));
#4549=DIRECTION('',(-1.0,-5.27553618172919E-18,0.0));
#4550=DIRECTION('',(5.27553618172919E-18,-1.0,0.0));
#4551=SURFACE_STYLE_FILL_AREA(#7578);
#4552=ORIENTED_EDGE('',*,*,#7579,.T.);
#4553=ORIENTED_EDGE('',*,*,#7580,.T.);
#4554=ORIENTED_EDGE('',*,*,#7581,.T.);
#4555=ORIENTED_EDGE('',*,*,#7556,.T.);
#4556=CARTESIAN_POINT('',(14.859,-3.41583831114245,-1.42875));
#4557=DIRECTION('',(6.03905807163009E-17,-0.165047605860678,-0.986285601537231));
#4558=DIRECTION('',(1.01059173410079E-17,0.986285601537231,-0.165047605860678));
#4559=SURFACE_STYLE_FILL_AREA(#7582);
#4560=ORIENTED_EDGE('',*,*,#7583,.T.);
#4561=ORIENTED_EDGE('',*,*,#7584,.T.);
#4562=ORIENTED_EDGE('',*,*,#7585,.T.);
#4563=ORIENTED_EDGE('',*,*,#7574,.F.);
#4564=CARTESIAN_POINT('',(14.859,-3.41583831114245,-1.11125));
#4565=DIRECTION('',(-6.03905807163009E-17,-0.165047605860678,0.986285601537231));
#4566=DIRECTION('',(1.01059173410079E-17,-0.986285601537231,-0.165047605860678));
#4567=SURFACE_STYLE_FILL_AREA(#7586);
#4568=ORIENTED_EDGE('',*,*,#7581,.F.);
#4569=ORIENTED_EDGE('',*,*,#7587,.T.);
#4570=ORIENTED_EDGE('',*,*,#7583,.F.);
#4571=ORIENTED_EDGE('',*,*,#7577,.F.);
#4572=CARTESIAN_POINT('',(14.99235,-2.88459285914435,-1.651));
#4573=DIRECTION('',(-0.986285601537231,-0.165047605860678,0.0));
#4574=DIRECTION('',(0.165047605860678,-0.986285601537231,0.0));
#4575=SURFACE_STYLE_FILL_AREA(#7588);
#4576=ORIENTED_EDGE('',*,*,#7579,.F.);
#4577=ORIENTED_EDGE('',*,*,#7561,.T.);
#4578=ORIENTED_EDGE('',*,*,#7585,.F.);
#4579=ORIENTED_EDGE('',*,*,#7589,.F.);
#4580=CARTESIAN_POINT('',(15.48765,-2.88459285914435,-1.651));
#4581=DIRECTION('',(0.986285601537232,-0.165047605860678,0.0));
#4582=DIRECTION('',(0.165047605860678,0.986285601537232,0.0));
#4583=SURFACE_STYLE_FILL_AREA(#7590);
#4584=ORIENTED_EDGE('',*,*,#7580,.F.);
#4585=ORIENTED_EDGE('',*,*,#7589,.T.);
#4586=ORIENTED_EDGE('',*,*,#7584,.F.);
#4587=ORIENTED_EDGE('',*,*,#7587,.F.);
#4588=CARTESIAN_POINT('',(15.24,-3.302,-1.651));
#4589=DIRECTION('',(0.0,-1.0,0.0));
#4590=DIRECTION('',(1.0,0.0,0.0));
#4591=SURFACE_STYLE_FILL_AREA(#7591);
#4592=ORIENTED_EDGE('',*,*,#7592,.F.);
#4593=ORIENTED_EDGE('',*,*,#7593,.F.);
#4594=ORIENTED_EDGE('',*,*,#7594,.F.);
#4595=ORIENTED_EDGE('',*,*,#7569,.F.);
#4596=CARTESIAN_POINT('',(14.9225,2.794,-1.651));
#4597=DIRECTION('',(-1.0,-5.27553618172919E-18,0.0));
#4598=DIRECTION('',(5.27553618172919E-18,-1.0,0.0));
#4599=SURFACE_STYLE_FILL_AREA(#7595);
#4600=ORIENTED_EDGE('',*,*,#7596,.F.);
#4601=ORIENTED_EDGE('',*,*,#7566,.T.);
#4602=ORIENTED_EDGE('',*,*,#7597,.F.);
#4603=ORIENTED_EDGE('',*,*,#7593,.T.);
#4604=CARTESIAN_POINT('',(14.859,2.794,-0.9525));
#4605=DIRECTION('',(-6.12303176911189E-17,-5.27553618172919E-18,1.0));
#4606=DIRECTION('',(3.23022756398271E-34,-1.0,-5.27553618172919E-18));
#4607=SURFACE_STYLE_FILL_AREA(#7598);
#4608=ORIENTED_EDGE('',*,*,#7599,.T.);
#4609=ORIENTED_EDGE('',*,*,#7570,.F.);
#4610=ORIENTED_EDGE('',*,*,#7600,.T.);
#4611=ORIENTED_EDGE('',*,*,#7601,.T.);
#4612=CARTESIAN_POINT('',(14.859,9.00383831114245,-1.42875));
#4613=DIRECTION('',(6.03905807163009E-17,0.165047605860678,-0.986285601537231));
#4614=DIRECTION('',(-1.01059173410079E-17,0.986285601537231,0.165047605860678));
#4615=SURFACE_STYLE_FILL_AREA(#7602);
#4616=ORIENTED_EDGE('',*,*,#7603,.T.);
#4617=ORIENTED_EDGE('',*,*,#7597,.T.);
#4618=ORIENTED_EDGE('',*,*,#7604,.T.);
#4619=ORIENTED_EDGE('',*,*,#7605,.T.);
#4620=CARTESIAN_POINT('',(14.859,9.00383831114245,-1.11125));
#4621=DIRECTION('',(-6.03905807163009E-17,0.165047605860677,0.986285601537231));
#4622=DIRECTION('',(-1.01059173410079E-17,-0.986285601537231,0.165047605860677));
#4623=SURFACE_STYLE_FILL_AREA(#7606);
#4624=ORIENTED_EDGE('',*,*,#7601,.F.);
#4625=ORIENTED_EDGE('',*,*,#7607,.T.);
#4626=ORIENTED_EDGE('',*,*,#7605,.F.);
#4627=ORIENTED_EDGE('',*,*,#7608,.F.);
#4628=CARTESIAN_POINT('',(15.24,8.89,-1.651));
#4629=DIRECTION('',(0.0,1.0,0.0));
#4630=DIRECTION('',(-1.0,0.0,0.0));
#4631=SURFACE_STYLE_FILL_AREA(#7609);
#4632=ORIENTED_EDGE('',*,*,#7600,.F.);
#4633=ORIENTED_EDGE('',*,*,#7594,.T.);
#4634=ORIENTED_EDGE('',*,*,#7603,.F.);
#4635=ORIENTED_EDGE('',*,*,#7607,.F.);
#4636=CARTESIAN_POINT('',(14.99235,8.47259285914435,-1.651));
#4637=DIRECTION('',(-0.986285601537232,0.165047605860677,0.0));
#4638=DIRECTION('',(-0.165047605860677,-0.986285601537232,0.0));
#4639=SURFACE_STYLE_FILL_AREA(#7610);
#4640=ORIENTED_EDGE('',*,*,#7599,.F.);
#4641=ORIENTED_EDGE('',*,*,#7608,.T.);
#4642=ORIENTED_EDGE('',*,*,#7604,.F.);
#4643=ORIENTED_EDGE('',*,*,#7565,.F.);
#4644=CARTESIAN_POINT('',(15.48765,8.47259285914435,-1.651));
#4645=DIRECTION('',(0.986285601537231,0.165047605860677,0.0));
#4646=DIRECTION('',(-0.165047605860677,0.986285601537231,0.0));
#4647=SURFACE_STYLE_FILL_AREA(#7611);
#4648=ORIENTED_EDGE('',*,*,#7612,.F.);
#4649=ORIENTED_EDGE('',*,*,#7613,.T.);
#4650=ORIENTED_EDGE('',*,*,#7614,.F.);
#4651=ORIENTED_EDGE('',*,*,#7615,.T.);
#4652=CARTESIAN_POINT('',(12.319,2.794,-1.5875));
#4653=DIRECTION('',(6.12303176911189E-17,0.0,-1.0));
#4654=DIRECTION('',(0.0,1.0,0.0));
#4655=SURFACE_STYLE_FILL_AREA(#7616);
#4656=ORIENTED_EDGE('',*,*,#7617,.F.);
#4657=ORIENTED_EDGE('',*,*,#7618,.F.);
#4658=ORIENTED_EDGE('',*,*,#7619,.F.);
#4659=ORIENTED_EDGE('',*,*,#7613,.F.);
#4660=CARTESIAN_POINT('',(13.0175,2.794,-1.651));
#4661=DIRECTION('',(1.0,0.0,0.0));
#4662=DIRECTION('',(0.0,1.0,0.0));
#4663=SURFACE_STYLE_FILL_AREA(#7620);
#4664=ORIENTED_EDGE('',*,*,#7621,.F.);
#4665=ORIENTED_EDGE('',*,*,#7622,.F.);
#4666=ORIENTED_EDGE('',*,*,#7623,.T.);
#4667=ORIENTED_EDGE('',*,*,#7624,.F.);
#4668=CARTESIAN_POINT('',(13.0175,2.794,-1.651));
#4669=DIRECTION('',(1.0,0.0,0.0));
#4670=DIRECTION('',(0.0,1.0,0.0));
#4671=SURFACE_STYLE_FILL_AREA(#7625);
#4672=ORIENTED_EDGE('',*,*,#7626,.F.);
#4673=ORIENTED_EDGE('',*,*,#7627,.T.);
#4674=ORIENTED_EDGE('',*,*,#7628,.T.);
#4675=ORIENTED_EDGE('',*,*,#7622,.T.);
#4676=CARTESIAN_POINT('',(12.319,2.794,-1.5875));
#4677=DIRECTION('',(6.12303176911189E-17,0.0,-1.0));
#4678=DIRECTION('',(0.0,1.0,0.0));
#4679=SURFACE_STYLE_FILL_AREA(#7629);
#4680=ORIENTED_EDGE('',*,*,#7630,.F.);
#4681=ORIENTED_EDGE('',*,*,#7631,.T.);
#4682=ORIENTED_EDGE('',*,*,#7632,.T.);
#4683=ORIENTED_EDGE('',*,*,#7618,.T.);
#4684=CARTESIAN_POINT('',(12.319,2.794,-0.9525));
#4685=DIRECTION('',(-6.12303176911189E-17,-5.27553618172919E-18,1.0));
#4686=DIRECTION('',(3.23022756398271E-34,-1.0,-5.27553618172919E-18));
#4687=SURFACE_STYLE_FILL_AREA(#7633);
#4688=ORIENTED_EDGE('',*,*,#7634,.F.);
#4689=ORIENTED_EDGE('',*,*,#7615,.F.);
#4690=ORIENTED_EDGE('',*,*,#7635,.T.);
#4691=ORIENTED_EDGE('',*,*,#7631,.F.);
#4692=CARTESIAN_POINT('',(12.3825,2.794,-1.651));
#4693=DIRECTION('',(-1.0,-5.27553618172919E-18,0.0));
#4694=DIRECTION('',(5.27553618172919E-18,-1.0,0.0));
#4695=SURFACE_STYLE_FILL_AREA(#7636);
#4696=ORIENTED_EDGE('',*,*,#7637,.T.);
#4697=ORIENTED_EDGE('',*,*,#7638,.T.);
#4698=ORIENTED_EDGE('',*,*,#7639,.T.);
#4699=ORIENTED_EDGE('',*,*,#7614,.T.);
#4700=CARTESIAN_POINT('',(12.319,-3.41583831114245,-1.42875));
#4701=DIRECTION('',(6.03905807163009E-17,-0.165047605860678,-0.986285601537231));
#4702=DIRECTION('',(1.01059173410079E-17,0.986285601537231,-0.165047605860678));
#4703=SURFACE_STYLE_FILL_AREA(#7640);
#4704=ORIENTED_EDGE('',*,*,#7641,.T.);
#4705=ORIENTED_EDGE('',*,*,#7642,.T.);
#4706=ORIENTED_EDGE('',*,*,#7643,.T.);
#4707=ORIENTED_EDGE('',*,*,#7632,.F.);
#4708=CARTESIAN_POINT('',(12.319,-3.41583831114245,-1.11125));
#4709=DIRECTION('',(-6.03905807163009E-17,-0.165047605860678,0.986285601537231));
#4710=DIRECTION('',(1.01059173410079E-17,-0.986285601537231,-0.165047605860678));
#4711=SURFACE_STYLE_FILL_AREA(#7644);
#4712=ORIENTED_EDGE('',*,*,#7639,.F.);
#4713=ORIENTED_EDGE('',*,*,#7645,.T.);
#4714=ORIENTED_EDGE('',*,*,#7641,.F.);
#4715=ORIENTED_EDGE('',*,*,#7635,.F.);
#4716=CARTESIAN_POINT('',(12.45235,-2.88459285914435,-1.651));
#4717=DIRECTION('',(-0.986285601537231,-0.165047605860678,0.0));
#4718=DIRECTION('',(0.165047605860678,-0.986285601537231,0.0));
#4719=SURFACE_STYLE_FILL_AREA(#7646);
#4720=ORIENTED_EDGE('',*,*,#7637,.F.);
#4721=ORIENTED_EDGE('',*,*,#7619,.T.);
#4722=ORIENTED_EDGE('',*,*,#7643,.F.);
#4723=ORIENTED_EDGE('',*,*,#7647,.F.);
#4724=CARTESIAN_POINT('',(12.94765,-2.88459285914435,-1.651));
#4725=DIRECTION('',(0.986285601537232,-0.165047605860678,0.0));
#4726=DIRECTION('',(0.165047605860678,0.986285601537232,0.0));
#4727=SURFACE_STYLE_FILL_AREA(#7648);
#4728=ORIENTED_EDGE('',*,*,#7638,.F.);
#4729=ORIENTED_EDGE('',*,*,#7647,.T.);
#4730=ORIENTED_EDGE('',*,*,#7642,.F.);
#4731=ORIENTED_EDGE('',*,*,#7645,.F.);
#4732=CARTESIAN_POINT('',(12.7,-3.302,-1.651));
#4733=DIRECTION('',(0.0,-1.0,0.0));
#4734=DIRECTION('',(1.0,0.0,0.0));
#4735=SURFACE_STYLE_FILL_AREA(#7649);
#4736=ORIENTED_EDGE('',*,*,#7650,.F.);
#4737=ORIENTED_EDGE('',*,*,#7651,.F.);
#4738=ORIENTED_EDGE('',*,*,#7652,.F.);
#4739=ORIENTED_EDGE('',*,*,#7627,.F.);
#4740=CARTESIAN_POINT('',(12.3825,2.794,-1.651));
#4741=DIRECTION('',(-1.0,-5.27553618172919E-18,0.0));
#4742=DIRECTION('',(5.27553618172919E-18,-1.0,0.0));
#4743=SURFACE_STYLE_FILL_AREA(#7653);
#4744=ORIENTED_EDGE('',*,*,#7654,.F.);
#4745=ORIENTED_EDGE('',*,*,#7624,.T.);
#4746=ORIENTED_EDGE('',*,*,#7655,.F.);
#4747=ORIENTED_EDGE('',*,*,#7651,.T.);
#4748=CARTESIAN_POINT('',(12.319,2.794,-0.9525));
#4749=DIRECTION('',(-6.12303176911189E-17,-5.27553618172919E-18,1.0));
#4750=DIRECTION('',(3.23022756398271E-34,-1.0,-5.27553618172919E-18));
#4751=SURFACE_STYLE_FILL_AREA(#7656);
#4752=ORIENTED_EDGE('',*,*,#7657,.T.);
#4753=ORIENTED_EDGE('',*,*,#7628,.F.);
#4754=ORIENTED_EDGE('',*,*,#7658,.T.);
#4755=ORIENTED_EDGE('',*,*,#7659,.T.);
#4756=CARTESIAN_POINT('',(12.319,9.00383831114245,-1.42875));
#4757=DIRECTION('',(6.03905807163009E-17,0.165047605860678,-0.986285601537231));
#4758=DIRECTION('',(-1.01059173410079E-17,0.986285601537231,0.165047605860678));
#4759=SURFACE_STYLE_FILL_AREA(#7660);
#4760=ORIENTED_EDGE('',*,*,#7661,.T.);
#4761=ORIENTED_EDGE('',*,*,#7655,.T.);
#4762=ORIENTED_EDGE('',*,*,#7662,.T.);
#4763=ORIENTED_EDGE('',*,*,#7663,.T.);
#4764=CARTESIAN_POINT('',(12.319,9.00383831114245,-1.11125));
#4765=DIRECTION('',(-6.03905807163009E-17,0.165047605860677,0.986285601537231));
#4766=DIRECTION('',(-1.01059173410079E-17,-0.986285601537231,0.165047605860677));
#4767=SURFACE_STYLE_FILL_AREA(#7664);
#4768=ORIENTED_EDGE('',*,*,#7659,.F.);
#4769=ORIENTED_EDGE('',*,*,#7665,.T.);
#4770=ORIENTED_EDGE('',*,*,#7663,.F.);
#4771=ORIENTED_EDGE('',*,*,#7666,.F.);
#4772=CARTESIAN_POINT('',(12.7,8.89,-1.651));
#4773=DIRECTION('',(0.0,1.0,0.0));
#4774=DIRECTION('',(-1.0,0.0,0.0));
#4775=SURFACE_STYLE_FILL_AREA(#7667);
#4776=ORIENTED_EDGE('',*,*,#7658,.F.);
#4777=ORIENTED_EDGE('',*,*,#7652,.T.);
#4778=ORIENTED_EDGE('',*,*,#7661,.F.);
#4779=ORIENTED_EDGE('',*,*,#7665,.F.);
#4780=CARTESIAN_POINT('',(12.45235,8.47259285914435,-1.651));
#4781=DIRECTION('',(-0.986285601537232,0.165047605860677,0.0));
#4782=DIRECTION('',(-0.165047605860677,-0.986285601537232,0.0));
#4783=SURFACE_STYLE_FILL_AREA(#7668);
#4784=ORIENTED_EDGE('',*,*,#7657,.F.);
#4785=ORIENTED_EDGE('',*,*,#7666,.T.);
#4786=ORIENTED_EDGE('',*,*,#7662,.F.);
#4787=ORIENTED_EDGE('',*,*,#7623,.F.);
#4788=CARTESIAN_POINT('',(12.94765,8.47259285914435,-1.651));
#4789=DIRECTION('',(0.986285601537231,0.165047605860677,0.0));
#4790=DIRECTION('',(-0.165047605860677,0.986285601537231,0.0));
#4791=SURFACE_STYLE_FILL_AREA(#7669);
#4792=ORIENTED_EDGE('',*,*,#7670,.F.);
#4793=ORIENTED_EDGE('',*,*,#7671,.T.);
#4794=ORIENTED_EDGE('',*,*,#7672,.F.);
#4795=ORIENTED_EDGE('',*,*,#7673,.T.);
#4796=CARTESIAN_POINT('',(9.779,2.794,-1.5875));
#4797=DIRECTION('',(6.12303176911189E-17,0.0,-1.0));
#4798=DIRECTION('',(0.0,1.0,0.0));
#4799=SURFACE_STYLE_FILL_AREA(#7674);
#4800=ORIENTED_EDGE('',*,*,#7675,.F.);
#4801=ORIENTED_EDGE('',*,*,#7676,.F.);
#4802=ORIENTED_EDGE('',*,*,#7677,.F.);
#4803=ORIENTED_EDGE('',*,*,#7671,.F.);
#4804=CARTESIAN_POINT('',(10.4775,2.794,-1.651));
#4805=DIRECTION('',(1.0,0.0,0.0));
#4806=DIRECTION('',(0.0,1.0,0.0));
#4807=SURFACE_STYLE_FILL_AREA(#7678);
#4808=ORIENTED_EDGE('',*,*,#7679,.F.);
#4809=ORIENTED_EDGE('',*,*,#7680,.F.);
#4810=ORIENTED_EDGE('',*,*,#7681,.T.);
#4811=ORIENTED_EDGE('',*,*,#7682,.F.);
#4812=CARTESIAN_POINT('',(10.4775,2.794,-1.651));
#4813=DIRECTION('',(1.0,0.0,0.0));
#4814=DIRECTION('',(0.0,1.0,0.0));
#4815=SURFACE_STYLE_FILL_AREA(#7683);
#4816=ORIENTED_EDGE('',*,*,#7684,.F.);
#4817=ORIENTED_EDGE('',*,*,#7685,.T.);
#4818=ORIENTED_EDGE('',*,*,#7686,.T.);
#4819=ORIENTED_EDGE('',*,*,#7680,.T.);
#4820=CARTESIAN_POINT('',(9.779,2.794,-1.5875));
#4821=DIRECTION('',(6.12303176911189E-17,0.0,-1.0));
#4822=DIRECTION('',(0.0,1.0,0.0));
#4823=SURFACE_STYLE_FILL_AREA(#7687);
#4824=ORIENTED_EDGE('',*,*,#7688,.F.);
#4825=ORIENTED_EDGE('',*,*,#7689,.T.);
#4826=ORIENTED_EDGE('',*,*,#7690,.T.);
#4827=ORIENTED_EDGE('',*,*,#7676,.T.);
#4828=CARTESIAN_POINT('',(9.779,2.794,-0.9525));
#4829=DIRECTION('',(-6.12303176911189E-17,-5.27553618172919E-18,1.0));
#4830=DIRECTION('',(3.23022756398271E-34,-1.0,-5.27553618172919E-18));
#4831=SURFACE_STYLE_FILL_AREA(#7691);
#4832=ORIENTED_EDGE('',*,*,#7692,.F.);
#4833=ORIENTED_EDGE('',*,*,#7673,.F.);
#4834=ORIENTED_EDGE('',*,*,#7693,.T.);
#4835=ORIENTED_EDGE('',*,*,#7689,.F.);
#4836=CARTESIAN_POINT('',(9.8425,2.794,-1.651));
#4837=DIRECTION('',(-1.0,-5.27553618172919E-18,0.0));
#4838=DIRECTION('',(5.27553618172919E-18,-1.0,0.0));
#4839=SURFACE_STYLE_FILL_AREA(#7694);
#4840=ORIENTED_EDGE('',*,*,#7695,.T.);
#4841=ORIENTED_EDGE('',*,*,#7696,.T.);
#4842=ORIENTED_EDGE('',*,*,#7697,.T.);
#4843=ORIENTED_EDGE('',*,*,#7672,.T.);
#4844=CARTESIAN_POINT('',(9.779,-3.41583831114245,-1.42875));
#4845=DIRECTION('',(6.03905807163009E-17,-0.165047605860678,-0.986285601537231));
#4846=DIRECTION('',(1.01059173410079E-17,0.986285601537231,-0.165047605860678));
#4847=SURFACE_STYLE_FILL_AREA(#7698);
#4848=ORIENTED_EDGE('',*,*,#7699,.T.);
#4849=ORIENTED_EDGE('',*,*,#7700,.T.);
#4850=ORIENTED_EDGE('',*,*,#7701,.T.);
#4851=ORIENTED_EDGE('',*,*,#7690,.F.);
#4852=CARTESIAN_POINT('',(9.779,-3.41583831114245,-1.11125));
#4853=DIRECTION('',(-6.03905807163009E-17,-0.165047605860678,0.986285601537231));
#4854=DIRECTION('',(1.01059173410079E-17,-0.986285601537231,-0.165047605860678));
#4855=SURFACE_STYLE_FILL_AREA(#7702);
#4856=ORIENTED_EDGE('',*,*,#7697,.F.);
#4857=ORIENTED_EDGE('',*,*,#7703,.T.);
#4858=ORIENTED_EDGE('',*,*,#7699,.F.);
#4859=ORIENTED_EDGE('',*,*,#7693,.F.);
#4860=CARTESIAN_POINT('',(9.91235,-2.88459285914435,-1.651));
#4861=DIRECTION('',(-0.986285601537231,-0.165047605860678,0.0));
#4862=DIRECTION('',(0.165047605860678,-0.986285601537231,0.0));
#4863=SURFACE_STYLE_FILL_AREA(#7704);
#4864=ORIENTED_EDGE('',*,*,#7695,.F.);
#4865=ORIENTED_EDGE('',*,*,#7677,.T.);
#4866=ORIENTED_EDGE('',*,*,#7701,.F.);
#4867=ORIENTED_EDGE('',*,*,#7705,.F.);
#4868=CARTESIAN_POINT('',(10.40765,-2.88459285914435,-1.651));
#4869=DIRECTION('',(0.986285601537232,-0.165047605860678,0.0));
#4870=DIRECTION('',(0.165047605860678,0.986285601537232,0.0));
#4871=SURFACE_STYLE_FILL_AREA(#7706);
#4872=ORIENTED_EDGE('',*,*,#7696,.F.);
#4873=ORIENTED_EDGE('',*,*,#7705,.T.);
#4874=ORIENTED_EDGE('',*,*,#7700,.F.);
#4875=ORIENTED_EDGE('',*,*,#7703,.F.);
#4876=CARTESIAN_POINT('',(10.16,-3.302,-1.651));
#4877=DIRECTION('',(0.0,-1.0,0.0));
#4878=DIRECTION('',(1.0,0.0,0.0));
#4879=SURFACE_STYLE_FILL_AREA(#7707);
#4880=ORIENTED_EDGE('',*,*,#7708,.F.);
#4881=ORIENTED_EDGE('',*,*,#7709,.F.);
#4882=ORIENTED_EDGE('',*,*,#7710,.F.);
#4883=ORIENTED_EDGE('',*,*,#7685,.F.);
#4884=CARTESIAN_POINT('',(9.8425,2.794,-1.651));
#4885=DIRECTION('',(-1.0,-5.27553618172919E-18,0.0));
#4886=DIRECTION('',(5.27553618172919E-18,-1.0,0.0));
#4887=SURFACE_STYLE_FILL_AREA(#7711);
#4888=ORIENTED_EDGE('',*,*,#7712,.F.);
#4889=ORIENTED_EDGE('',*,*,#7682,.T.);
#4890=ORIENTED_EDGE('',*,*,#7713,.F.);
#4891=ORIENTED_EDGE('',*,*,#7709,.T.);
#4892=CARTESIAN_POINT('',(9.779,2.794,-0.9525));
#4893=DIRECTION('',(-6.12303176911189E-17,-5.27553618172919E-18,1.0));
#4894=DIRECTION('',(3.23022756398271E-34,-1.0,-5.27553618172919E-18));
#4895=SURFACE_STYLE_FILL_AREA(#7714);
#4896=ORIENTED_EDGE('',*,*,#7715,.T.);
#4897=ORIENTED_EDGE('',*,*,#7686,.F.);
#4898=ORIENTED_EDGE('',*,*,#7716,.T.);
#4899=ORIENTED_EDGE('',*,*,#7717,.T.);
#4900=CARTESIAN_POINT('',(9.779,9.00383831114245,-1.42875));
#4901=DIRECTION('',(6.03905807163009E-17,0.165047605860678,-0.986285601537231));
#4902=DIRECTION('',(-1.01059173410079E-17,0.986285601537231,0.165047605860678));
#4903=SURFACE_STYLE_FILL_AREA(#7718);
#4904=ORIENTED_EDGE('',*,*,#7719,.T.);
#4905=ORIENTED_EDGE('',*,*,#7713,.T.);
#4906=ORIENTED_EDGE('',*,*,#7720,.T.);
#4907=ORIENTED_EDGE('',*,*,#7721,.T.);
#4908=CARTESIAN_POINT('',(9.779,9.00383831114245,-1.11125));
#4909=DIRECTION('',(-6.03905807163009E-17,0.165047605860677,0.986285601537231));
#4910=DIRECTION('',(-1.01059173410079E-17,-0.986285601537231,0.165047605860677));
#4911=SURFACE_STYLE_FILL_AREA(#7722);
#4912=ORIENTED_EDGE('',*,*,#7717,.F.);
#4913=ORIENTED_EDGE('',*,*,#7723,.T.);
#4914=ORIENTED_EDGE('',*,*,#7721,.F.);
#4915=ORIENTED_EDGE('',*,*,#7724,.F.);
#4916=CARTESIAN_POINT('',(10.16,8.89,-1.651));
#4917=DIRECTION('',(0.0,1.0,0.0));
#4918=DIRECTION('',(-1.0,0.0,0.0));
#4919=SURFACE_STYLE_FILL_AREA(#7725);
#4920=ORIENTED_EDGE('',*,*,#7716,.F.);
#4921=ORIENTED_EDGE('',*,*,#7710,.T.);
#4922=ORIENTED_EDGE('',*,*,#7719,.F.);
#4923=ORIENTED_EDGE('',*,*,#7723,.F.);
#4924=CARTESIAN_POINT('',(9.91235,8.47259285914435,-1.651));
#4925=DIRECTION('',(-0.986285601537232,0.165047605860677,0.0));
#4926=DIRECTION('',(-0.165047605860677,-0.986285601537232,0.0));
#4927=SURFACE_STYLE_FILL_AREA(#7726);
#4928=ORIENTED_EDGE('',*,*,#7715,.F.);
#4929=ORIENTED_EDGE('',*,*,#7724,.T.);
#4930=ORIENTED_EDGE('',*,*,#7720,.F.);
#4931=ORIENTED_EDGE('',*,*,#7681,.F.);
#4932=CARTESIAN_POINT('',(10.40765,8.47259285914435,-1.651));
#4933=DIRECTION('',(0.986285601537231,0.165047605860677,0.0));
#4934=DIRECTION('',(-0.165047605860677,0.986285601537231,0.0));
#4935=SURFACE_STYLE_FILL_AREA(#7727);
#4936=ORIENTED_EDGE('',*,*,#7728,.F.);
#4937=ORIENTED_EDGE('',*,*,#7729,.T.);
#4938=ORIENTED_EDGE('',*,*,#7730,.F.);
#4939=ORIENTED_EDGE('',*,*,#7731,.T.);
#4940=CARTESIAN_POINT('',(7.239,2.794,-1.5875));
#4941=DIRECTION('',(6.12303176911189E-17,0.0,-1.0));
#4942=DIRECTION('',(0.0,1.0,0.0));
#4943=SURFACE_STYLE_FILL_AREA(#7732);
#4944=ORIENTED_EDGE('',*,*,#7733,.F.);
#4945=ORIENTED_EDGE('',*,*,#7734,.F.);
#4946=ORIENTED_EDGE('',*,*,#7735,.F.);
#4947=ORIENTED_EDGE('',*,*,#7729,.F.);
#4948=CARTESIAN_POINT('',(7.9375,2.794,-1.651));
#4949=DIRECTION('',(1.0,0.0,0.0));
#4950=DIRECTION('',(0.0,1.0,0.0));
#4951=SURFACE_STYLE_FILL_AREA(#7736);
#4952=ORIENTED_EDGE('',*,*,#7737,.F.);
#4953=ORIENTED_EDGE('',*,*,#7738,.F.);
#4954=ORIENTED_EDGE('',*,*,#7739,.T.);
#4955=ORIENTED_EDGE('',*,*,#7740,.F.);
#4956=CARTESIAN_POINT('',(7.9375,2.794,-1.651));
#4957=DIRECTION('',(1.0,0.0,0.0));
#4958=DIRECTION('',(0.0,1.0,0.0));
#4959=SURFACE_STYLE_FILL_AREA(#7741);
#4960=ORIENTED_EDGE('',*,*,#7742,.F.);
#4961=ORIENTED_EDGE('',*,*,#7743,.T.);
#4962=ORIENTED_EDGE('',*,*,#7744,.T.);
#4963=ORIENTED_EDGE('',*,*,#7738,.T.);
#4964=CARTESIAN_POINT('',(7.239,2.794,-1.5875));
#4965=DIRECTION('',(6.12303176911189E-17,0.0,-1.0));
#4966=DIRECTION('',(0.0,1.0,0.0));
#4967=SURFACE_STYLE_FILL_AREA(#7745);
#4968=ORIENTED_EDGE('',*,*,#7746,.F.);
#4969=ORIENTED_EDGE('',*,*,#7747,.T.);
#4970=ORIENTED_EDGE('',*,*,#7748,.T.);
#4971=ORIENTED_EDGE('',*,*,#7734,.T.);
#4972=CARTESIAN_POINT('',(7.239,2.794,-0.9525));
#4973=DIRECTION('',(-6.12303176911189E-17,-5.27553618172919E-18,1.0));
#4974=DIRECTION('',(3.23022756398271E-34,-1.0,-5.27553618172919E-18));
#4975=SURFACE_STYLE_FILL_AREA(#7749);
#4976=ORIENTED_EDGE('',*,*,#7750,.F.);
#4977=ORIENTED_EDGE('',*,*,#7731,.F.);
#4978=ORIENTED_EDGE('',*,*,#7751,.T.);
#4979=ORIENTED_EDGE('',*,*,#7747,.F.);
#4980=CARTESIAN_POINT('',(7.3025,2.794,-1.651));
#4981=DIRECTION('',(-1.0,-5.27553618172919E-18,0.0));
#4982=DIRECTION('',(5.27553618172919E-18,-1.0,0.0));
#4983=SURFACE_STYLE_FILL_AREA(#7752);
#4984=ORIENTED_EDGE('',*,*,#7753,.T.);
#4985=ORIENTED_EDGE('',*,*,#7754,.T.);
#4986=ORIENTED_EDGE('',*,*,#7755,.T.);
#4987=ORIENTED_EDGE('',*,*,#7730,.T.);
#4988=CARTESIAN_POINT('',(7.239,-3.41583831114245,-1.42875));
#4989=DIRECTION('',(6.03905807163009E-17,-0.165047605860678,-0.986285601537231));
#4990=DIRECTION('',(1.01059173410079E-17,0.986285601537231,-0.165047605860678));
#4991=SURFACE_STYLE_FILL_AREA(#7756);
#4992=ORIENTED_EDGE('',*,*,#7757,.T.);
#4993=ORIENTED_EDGE('',*,*,#7758,.T.);
#4994=ORIENTED_EDGE('',*,*,#7759,.T.);
#4995=ORIENTED_EDGE('',*,*,#7748,.F.);
#4996=CARTESIAN_POINT('',(7.239,-3.41583831114245,-1.11125));
#4997=DIRECTION('',(-6.03905807163009E-17,-0.165047605860678,0.986285601537231));
#4998=DIRECTION('',(1.01059173410079E-17,-0.986285601537231,-0.165047605860678));
#4999=SURFACE_STYLE_FILL_AREA(#7760);
#5000=ORIENTED_EDGE('',*,*,#7755,.F.);
#5001=ORIENTED_EDGE('',*,*,#7761,.T.);
#5002=ORIENTED_EDGE('',*,*,#7757,.F.);
#5003=ORIENTED_EDGE('',*,*,#7751,.F.);
#5004=CARTESIAN_POINT('',(7.37235,-2.88459285914435,-1.651));
#5005=DIRECTION('',(-0.986285601537231,-0.165047605860678,0.0));
#5006=DIRECTION('',(0.165047605860678,-0.986285601537231,0.0));
#5007=SURFACE_STYLE_FILL_AREA(#7762);
#5008=ORIENTED_EDGE('',*,*,#7753,.F.);
#5009=ORIENTED_EDGE('',*,*,#7735,.T.);
#5010=ORIENTED_EDGE('',*,*,#7759,.F.);
#5011=ORIENTED_EDGE('',*,*,#7763,.F.);
#5012=CARTESIAN_POINT('',(7.86765,-2.88459285914435,-1.651));
#5013=DIRECTION('',(0.986285601537232,-0.165047605860678,0.0));
#5014=DIRECTION('',(0.165047605860678,0.986285601537232,0.0));
#5015=SURFACE_STYLE_FILL_AREA(#7764);
#5016=ORIENTED_EDGE('',*,*,#7754,.F.);
#5017=ORIENTED_EDGE('',*,*,#7763,.T.);
#5018=ORIENTED_EDGE('',*,*,#7758,.F.);
#5019=ORIENTED_EDGE('',*,*,#7761,.F.);
#5020=CARTESIAN_POINT('',(7.62,-3.302,-1.651));
#5021=DIRECTION('',(0.0,-1.0,0.0));
#5022=DIRECTION('',(1.0,0.0,0.0));
#5023=SURFACE_STYLE_FILL_AREA(#7765);
#5024=ORIENTED_EDGE('',*,*,#7766,.F.);
#5025=ORIENTED_EDGE('',*,*,#7767,.F.);
#5026=ORIENTED_EDGE('',*,*,#7768,.F.);
#5027=ORIENTED_EDGE('',*,*,#7743,.F.);
#5028=CARTESIAN_POINT('',(7.3025,2.794,-1.651));
#5029=DIRECTION('',(-1.0,-5.27553618172919E-18,0.0));
#5030=DIRECTION('',(5.27553618172919E-18,-1.0,0.0));
#5031=SURFACE_STYLE_FILL_AREA(#7769);
#5032=ORIENTED_EDGE('',*,*,#7770,.F.);
#5033=ORIENTED_EDGE('',*,*,#7740,.T.);
#5034=ORIENTED_EDGE('',*,*,#7771,.F.);
#5035=ORIENTED_EDGE('',*,*,#7767,.T.);
#5036=CARTESIAN_POINT('',(7.239,2.794,-0.9525));
#5037=DIRECTION('',(-6.12303176911189E-17,-5.27553618172919E-18,1.0));
#5038=DIRECTION('',(3.23022756398271E-34,-1.0,-5.27553618172919E-18));
#5039=SURFACE_STYLE_FILL_AREA(#7772);
#5040=ORIENTED_EDGE('',*,*,#7773,.T.);
#5041=ORIENTED_EDGE('',*,*,#7744,.F.);
#5042=ORIENTED_EDGE('',*,*,#7774,.T.);
#5043=ORIENTED_EDGE('',*,*,#7775,.T.);
#5044=CARTESIAN_POINT('',(7.239,9.00383831114245,-1.42875));
#5045=DIRECTION('',(6.03905807163009E-17,0.165047605860678,-0.986285601537231));
#5046=DIRECTION('',(-1.01059173410079E-17,0.986285601537231,0.165047605860678));
#5047=SURFACE_STYLE_FILL_AREA(#7776);
#5048=ORIENTED_EDGE('',*,*,#7777,.T.);
#5049=ORIENTED_EDGE('',*,*,#7771,.T.);
#5050=ORIENTED_EDGE('',*,*,#7778,.T.);
#5051=ORIENTED_EDGE('',*,*,#7779,.T.);
#5052=CARTESIAN_POINT('',(7.239,9.00383831114245,-1.11125));
#5053=DIRECTION('',(-6.03905807163009E-17,0.165047605860677,0.986285601537231));
#5054=DIRECTION('',(-1.01059173410079E-17,-0.986285601537231,0.165047605860677));
#5055=SURFACE_STYLE_FILL_AREA(#7780);
#5056=ORIENTED_EDGE('',*,*,#7775,.F.);
#5057=ORIENTED_EDGE('',*,*,#7781,.T.);
#5058=ORIENTED_EDGE('',*,*,#7779,.F.);
#5059=ORIENTED_EDGE('',*,*,#7782,.F.);
#5060=CARTESIAN_POINT('',(7.62,8.89,-1.651));
#5061=DIRECTION('',(0.0,1.0,0.0));
#5062=DIRECTION('',(-1.0,0.0,0.0));
#5063=SURFACE_STYLE_FILL_AREA(#7783);
#5064=ORIENTED_EDGE('',*,*,#7774,.F.);
#5065=ORIENTED_EDGE('',*,*,#7768,.T.);
#5066=ORIENTED_EDGE('',*,*,#7777,.F.);
#5067=ORIENTED_EDGE('',*,*,#7781,.F.);
#5068=CARTESIAN_POINT('',(7.37235,8.47259285914435,-1.651));
#5069=DIRECTION('',(-0.986285601537232,0.165047605860677,0.0));
#5070=DIRECTION('',(-0.165047605860677,-0.986285601537232,0.0));
#5071=SURFACE_STYLE_FILL_AREA(#7784);
#5072=ORIENTED_EDGE('',*,*,#7773,.F.);
#5073=ORIENTED_EDGE('',*,*,#7782,.T.);
#5074=ORIENTED_EDGE('',*,*,#7778,.F.);
#5075=ORIENTED_EDGE('',*,*,#7739,.F.);
#5076=CARTESIAN_POINT('',(7.86765,8.47259285914435,-1.651));
#5077=DIRECTION('',(0.986285601537231,0.165047605860677,0.0));
#5078=DIRECTION('',(-0.165047605860677,0.986285601537231,0.0));
#5079=SURFACE_STYLE_FILL_AREA(#7785);
#5080=ORIENTED_EDGE('',*,*,#7786,.F.);
#5081=ORIENTED_EDGE('',*,*,#7787,.T.);
#5082=ORIENTED_EDGE('',*,*,#7788,.F.);
#5083=ORIENTED_EDGE('',*,*,#7789,.T.);
#5084=CARTESIAN_POINT('',(4.699,2.794,-1.5875));
#5085=DIRECTION('',(6.12303176911189E-17,0.0,-1.0));
#5086=DIRECTION('',(0.0,1.0,0.0));
#5087=SURFACE_STYLE_FILL_AREA(#7790);
#5088=ORIENTED_EDGE('',*,*,#7791,.F.);
#5089=ORIENTED_EDGE('',*,*,#7792,.F.);
#5090=ORIENTED_EDGE('',*,*,#7793,.F.);
#5091=ORIENTED_EDGE('',*,*,#7787,.F.);
#5092=CARTESIAN_POINT('',(5.3975,2.794,-1.651));
#5093=DIRECTION('',(1.0,0.0,0.0));
#5094=DIRECTION('',(0.0,1.0,0.0));
#5095=SURFACE_STYLE_FILL_AREA(#7794);
#5096=ORIENTED_EDGE('',*,*,#7795,.F.);
#5097=ORIENTED_EDGE('',*,*,#7796,.F.);
#5098=ORIENTED_EDGE('',*,*,#7797,.T.);
#5099=ORIENTED_EDGE('',*,*,#7798,.F.);
#5100=CARTESIAN_POINT('',(5.3975,2.794,-1.651));
#5101=DIRECTION('',(1.0,0.0,0.0));
#5102=DIRECTION('',(0.0,1.0,0.0));
#5103=SURFACE_STYLE_FILL_AREA(#7799);
#5104=ORIENTED_EDGE('',*,*,#7800,.F.);
#5105=ORIENTED_EDGE('',*,*,#7801,.T.);
#5106=ORIENTED_EDGE('',*,*,#7802,.T.);
#5107=ORIENTED_EDGE('',*,*,#7796,.T.);
#5108=CARTESIAN_POINT('',(4.699,2.794,-1.5875));
#5109=DIRECTION('',(6.12303176911189E-17,0.0,-1.0));
#5110=DIRECTION('',(0.0,1.0,0.0));
#5111=SURFACE_STYLE_FILL_AREA(#7803);
#5112=ORIENTED_EDGE('',*,*,#7804,.F.);
#5113=ORIENTED_EDGE('',*,*,#7805,.T.);
#5114=ORIENTED_EDGE('',*,*,#7806,.T.);
#5115=ORIENTED_EDGE('',*,*,#7792,.T.);
#5116=CARTESIAN_POINT('',(4.699,2.794,-0.9525));
#5117=DIRECTION('',(-6.12303176911189E-17,-5.27553618172919E-18,1.0));
#5118=DIRECTION('',(3.23022756398271E-34,-1.0,-5.27553618172919E-18));
#5119=SURFACE_STYLE_FILL_AREA(#7807);
#5120=ORIENTED_EDGE('',*,*,#7808,.F.);
#5121=ORIENTED_EDGE('',*,*,#7789,.F.);
#5122=ORIENTED_EDGE('',*,*,#7809,.T.);
#5123=ORIENTED_EDGE('',*,*,#7805,.F.);
#5124=CARTESIAN_POINT('',(4.7625,2.794,-1.651));
#5125=DIRECTION('',(-1.0,-5.27553618172919E-18,0.0));
#5126=DIRECTION('',(5.27553618172919E-18,-1.0,0.0));
#5127=SURFACE_STYLE_FILL_AREA(#7810);
#5128=ORIENTED_EDGE('',*,*,#7811,.T.);
#5129=ORIENTED_EDGE('',*,*,#7812,.T.);
#5130=ORIENTED_EDGE('',*,*,#7813,.T.);
#5131=ORIENTED_EDGE('',*,*,#7788,.T.);
#5132=CARTESIAN_POINT('',(4.699,-3.41583831114245,-1.42875));
#5133=DIRECTION('',(6.03905807163009E-17,-0.165047605860678,-0.986285601537231));
#5134=DIRECTION('',(1.01059173410079E-17,0.986285601537231,-0.165047605860678));
#5135=SURFACE_STYLE_FILL_AREA(#7814);
#5136=ORIENTED_EDGE('',*,*,#7815,.T.);
#5137=ORIENTED_EDGE('',*,*,#7816,.T.);
#5138=ORIENTED_EDGE('',*,*,#7817,.T.);
#5139=ORIENTED_EDGE('',*,*,#7806,.F.);
#5140=CARTESIAN_POINT('',(4.699,-3.41583831114245,-1.11125));
#5141=DIRECTION('',(-6.03905807163009E-17,-0.165047605860678,0.986285601537231));
#5142=DIRECTION('',(1.01059173410079E-17,-0.986285601537231,-0.165047605860678));
#5143=SURFACE_STYLE_FILL_AREA(#7818);
#5144=ORIENTED_EDGE('',*,*,#7813,.F.);
#5145=ORIENTED_EDGE('',*,*,#7819,.T.);
#5146=ORIENTED_EDGE('',*,*,#7815,.F.);
#5147=ORIENTED_EDGE('',*,*,#7809,.F.);
#5148=CARTESIAN_POINT('',(4.83235,-2.88459285914435,-1.651));
#5149=DIRECTION('',(-0.986285601537231,-0.165047605860678,0.0));
#5150=DIRECTION('',(0.165047605860678,-0.986285601537231,0.0));
#5151=SURFACE_STYLE_FILL_AREA(#7820);
#5152=ORIENTED_EDGE('',*,*,#7811,.F.);
#5153=ORIENTED_EDGE('',*,*,#7793,.T.);
#5154=ORIENTED_EDGE('',*,*,#7817,.F.);
#5155=ORIENTED_EDGE('',*,*,#7821,.F.);
#5156=CARTESIAN_POINT('',(5.32765,-2.88459285914435,-1.651));
#5157=DIRECTION('',(0.986285601537232,-0.165047605860678,0.0));
#5158=DIRECTION('',(0.165047605860678,0.986285601537232,0.0));
#5159=SURFACE_STYLE_FILL_AREA(#7822);
#5160=ORIENTED_EDGE('',*,*,#7812,.F.);
#5161=ORIENTED_EDGE('',*,*,#7821,.T.);
#5162=ORIENTED_EDGE('',*,*,#7816,.F.);
#5163=ORIENTED_EDGE('',*,*,#7819,.F.);
#5164=CARTESIAN_POINT('',(5.08,-3.302,-1.651));
#5165=DIRECTION('',(0.0,-1.0,0.0));
#5166=DIRECTION('',(1.0,0.0,0.0));
#5167=SURFACE_STYLE_FILL_AREA(#7823);
#5168=ORIENTED_EDGE('',*,*,#7824,.F.);
#5169=ORIENTED_EDGE('',*,*,#7825,.F.);
#5170=ORIENTED_EDGE('',*,*,#7826,.F.);
#5171=ORIENTED_EDGE('',*,*,#7801,.F.);
#5172=CARTESIAN_POINT('',(4.7625,2.794,-1.651));
#5173=DIRECTION('',(-1.0,-5.27553618172919E-18,0.0));
#5174=DIRECTION('',(5.27553618172919E-18,-1.0,0.0));
#5175=SURFACE_STYLE_FILL_AREA(#7827);
#5176=ORIENTED_EDGE('',*,*,#7828,.F.);
#5177=ORIENTED_EDGE('',*,*,#7798,.T.);
#5178=ORIENTED_EDGE('',*,*,#7829,.F.);
#5179=ORIENTED_EDGE('',*,*,#7825,.T.);
#5180=CARTESIAN_POINT('',(4.699,2.794,-0.9525));
#5181=DIRECTION('',(-6.12303176911189E-17,-5.27553618172919E-18,1.0));
#5182=DIRECTION('',(3.23022756398271E-34,-1.0,-5.27553618172919E-18));
#5183=SURFACE_STYLE_FILL_AREA(#7830);
#5184=ORIENTED_EDGE('',*,*,#7831,.T.);
#5185=ORIENTED_EDGE('',*,*,#7802,.F.);
#5186=ORIENTED_EDGE('',*,*,#7832,.T.);
#5187=ORIENTED_EDGE('',*,*,#7833,.T.);
#5188=CARTESIAN_POINT('',(4.699,9.00383831114245,-1.42875));
#5189=DIRECTION('',(6.03905807163009E-17,0.165047605860678,-0.986285601537231));
#5190=DIRECTION('',(-1.01059173410079E-17,0.986285601537231,0.165047605860678));
#5191=SURFACE_STYLE_FILL_AREA(#7834);
#5192=ORIENTED_EDGE('',*,*,#7835,.T.);
#5193=ORIENTED_EDGE('',*,*,#7829,.T.);
#5194=ORIENTED_EDGE('',*,*,#7836,.T.);
#5195=ORIENTED_EDGE('',*,*,#7837,.T.);
#5196=CARTESIAN_POINT('',(4.699,9.00383831114245,-1.11125));
#5197=DIRECTION('',(-6.03905807163009E-17,0.165047605860677,0.986285601537231));
#5198=DIRECTION('',(-1.01059173410079E-17,-0.986285601537231,0.165047605860677));
#5199=SURFACE_STYLE_FILL_AREA(#7838);
#5200=ORIENTED_EDGE('',*,*,#7833,.F.);
#5201=ORIENTED_EDGE('',*,*,#7839,.T.);
#5202=ORIENTED_EDGE('',*,*,#7837,.F.);
#5203=ORIENTED_EDGE('',*,*,#7840,.F.);
#5204=CARTESIAN_POINT('',(5.08,8.89,-1.651));
#5205=DIRECTION('',(0.0,1.0,0.0));
#5206=DIRECTION('',(-1.0,0.0,0.0));
#5207=SURFACE_STYLE_FILL_AREA(#7841);
#5208=ORIENTED_EDGE('',*,*,#7832,.F.);
#5209=ORIENTED_EDGE('',*,*,#7826,.T.);
#5210=ORIENTED_EDGE('',*,*,#7835,.F.);
#5211=ORIENTED_EDGE('',*,*,#7839,.F.);
#5212=CARTESIAN_POINT('',(4.83235,8.47259285914435,-1.651));
#5213=DIRECTION('',(-0.986285601537232,0.165047605860677,0.0));
#5214=DIRECTION('',(-0.165047605860677,-0.986285601537232,0.0));
#5215=SURFACE_STYLE_FILL_AREA(#7842);
#5216=ORIENTED_EDGE('',*,*,#7831,.F.);
#5217=ORIENTED_EDGE('',*,*,#7840,.T.);
#5218=ORIENTED_EDGE('',*,*,#7836,.F.);
#5219=ORIENTED_EDGE('',*,*,#7797,.F.);
#5220=CARTESIAN_POINT('',(5.32765,8.47259285914435,-1.651));
#5221=DIRECTION('',(0.986285601537231,0.165047605860677,0.0));
#5222=DIRECTION('',(-0.165047605860677,0.986285601537231,0.0));
#5223=SURFACE_STYLE_FILL_AREA(#7843);
#5224=ORIENTED_EDGE('',*,*,#7844,.F.);
#5225=ORIENTED_EDGE('',*,*,#7845,.T.);
#5226=ORIENTED_EDGE('',*,*,#7846,.F.);
#5227=ORIENTED_EDGE('',*,*,#7847,.T.);
#5228=CARTESIAN_POINT('',(27.559,2.794,0.9525));
#5229=DIRECTION('',(6.12303176911189E-17,0.0,-1.0));
#5230=DIRECTION('',(0.0,1.0,0.0));
#5231=SURFACE_STYLE_FILL_AREA(#7848);
#5232=ORIENTED_EDGE('',*,*,#7849,.F.);
#5233=ORIENTED_EDGE('',*,*,#7850,.F.);
#5234=ORIENTED_EDGE('',*,*,#7851,.F.);
#5235=ORIENTED_EDGE('',*,*,#7845,.F.);
#5236=CARTESIAN_POINT('',(28.2575,2.794,0.889));
#5237=DIRECTION('',(1.0,0.0,0.0));
#5238=DIRECTION('',(0.0,1.0,0.0));
#5239=SURFACE_STYLE_FILL_AREA(#7852);
#5240=ORIENTED_EDGE('',*,*,#7853,.F.);
#5241=ORIENTED_EDGE('',*,*,#7854,.F.);
#5242=ORIENTED_EDGE('',*,*,#7855,.T.);
#5243=ORIENTED_EDGE('',*,*,#7856,.F.);
#5244=CARTESIAN_POINT('',(28.2575,2.794,0.889));
#5245=DIRECTION('',(1.0,0.0,0.0));
#5246=DIRECTION('',(0.0,1.0,0.0));
#5247=SURFACE_STYLE_FILL_AREA(#7857);
#5248=ORIENTED_EDGE('',*,*,#7858,.F.);
#5249=ORIENTED_EDGE('',*,*,#7859,.T.);
#5250=ORIENTED_EDGE('',*,*,#7860,.T.);
#5251=ORIENTED_EDGE('',*,*,#7854,.T.);
#5252=CARTESIAN_POINT('',(27.559,2.794,0.9525));
#5253=DIRECTION('',(6.12303176911189E-17,0.0,-1.0));
#5254=DIRECTION('',(0.0,1.0,0.0));
#5255=SURFACE_STYLE_FILL_AREA(#7861);
#5256=ORIENTED_EDGE('',*,*,#7862,.F.);
#5257=ORIENTED_EDGE('',*,*,#7863,.T.);
#5258=ORIENTED_EDGE('',*,*,#7864,.T.);
#5259=ORIENTED_EDGE('',*,*,#7850,.T.);
#5260=CARTESIAN_POINT('',(27.559,2.794,1.5875));
#5261=DIRECTION('',(-6.12303176911189E-17,-5.27553618172919E-18,1.0));
#5262=DIRECTION('',(3.23022756398271E-34,-1.0,-5.27553618172919E-18));
#5263=SURFACE_STYLE_FILL_AREA(#7865);
#5264=ORIENTED_EDGE('',*,*,#7866,.F.);
#5265=ORIENTED_EDGE('',*,*,#7847,.F.);
#5266=ORIENTED_EDGE('',*,*,#7867,.T.);
#5267=ORIENTED_EDGE('',*,*,#7863,.F.);
#5268=CARTESIAN_POINT('',(27.6225,2.794,0.889));
#5269=DIRECTION('',(-1.0,-5.27553618172919E-18,0.0));
#5270=DIRECTION('',(5.27553618172919E-18,-1.0,0.0));
#5271=SURFACE_STYLE_FILL_AREA(#7868);
#5272=ORIENTED_EDGE('',*,*,#7869,.T.);
#5273=ORIENTED_EDGE('',*,*,#7870,.T.);
#5274=ORIENTED_EDGE('',*,*,#7871,.T.);
#5275=ORIENTED_EDGE('',*,*,#7846,.T.);
#5276=CARTESIAN_POINT('',(27.559,-3.41583831114245,1.11125));
#5277=DIRECTION('',(6.03905807163009E-17,-0.165047605860678,-0.986285601537231));
#5278=DIRECTION('',(1.01059173410079E-17,0.986285601537231,-0.165047605860678));
#5279=SURFACE_STYLE_FILL_AREA(#7872);
#5280=ORIENTED_EDGE('',*,*,#7873,.T.);
#5281=ORIENTED_EDGE('',*,*,#7874,.T.);
#5282=ORIENTED_EDGE('',*,*,#7875,.T.);
#5283=ORIENTED_EDGE('',*,*,#7864,.F.);
#5284=CARTESIAN_POINT('',(27.559,-3.41583831114245,1.42875));
#5285=DIRECTION('',(-6.03905807163009E-17,-0.165047605860678,0.986285601537231));
#5286=DIRECTION('',(1.01059173410079E-17,-0.986285601537231,-0.165047605860678));
#5287=SURFACE_STYLE_FILL_AREA(#7876);
#5288=ORIENTED_EDGE('',*,*,#7871,.F.);
#5289=ORIENTED_EDGE('',*,*,#7877,.T.);
#5290=ORIENTED_EDGE('',*,*,#7873,.F.);
#5291=ORIENTED_EDGE('',*,*,#7867,.F.);
#5292=CARTESIAN_POINT('',(27.69235,-2.88459285914435,0.889));
#5293=DIRECTION('',(-0.986285601537231,-0.165047605860678,0.0));
#5294=DIRECTION('',(0.165047605860678,-0.986285601537231,0.0));
#5295=SURFACE_STYLE_FILL_AREA(#7878);
#5296=ORIENTED_EDGE('',*,*,#7869,.F.);
#5297=ORIENTED_EDGE('',*,*,#7851,.T.);
#5298=ORIENTED_EDGE('',*,*,#7875,.F.);
#5299=ORIENTED_EDGE('',*,*,#7879,.F.);
#5300=CARTESIAN_POINT('',(28.18765,-2.88459285914435,0.889));
#5301=DIRECTION('',(0.986285601537232,-0.165047605860678,0.0));
#5302=DIRECTION('',(0.165047605860678,0.986285601537232,0.0));
#5303=SURFACE_STYLE_FILL_AREA(#7880);
#5304=ORIENTED_EDGE('',*,*,#7870,.F.);
#5305=ORIENTED_EDGE('',*,*,#7879,.T.);
#5306=ORIENTED_EDGE('',*,*,#7874,.F.);
#5307=ORIENTED_EDGE('',*,*,#7877,.F.);
#5308=CARTESIAN_POINT('',(27.94,-3.302,0.889));
#5309=DIRECTION('',(0.0,-1.0,0.0));
#5310=DIRECTION('',(1.0,0.0,0.0));
#5311=SURFACE_STYLE_FILL_AREA(#7881);
#5312=ORIENTED_EDGE('',*,*,#7882,.F.);
#5313=ORIENTED_EDGE('',*,*,#7883,.F.);
#5314=ORIENTED_EDGE('',*,*,#7884,.F.);
#5315=ORIENTED_EDGE('',*,*,#7859,.F.);
#5316=CARTESIAN_POINT('',(27.6225,2.794,0.889));
#5317=DIRECTION('',(-1.0,-5.27553618172919E-18,0.0));
#5318=DIRECTION('',(5.27553618172919E-18,-1.0,0.0));
#5319=SURFACE_STYLE_FILL_AREA(#7885);
#5320=ORIENTED_EDGE('',*,*,#7886,.F.);
#5321=ORIENTED_EDGE('',*,*,#7856,.T.);
#5322=ORIENTED_EDGE('',*,*,#7887,.F.);
#5323=ORIENTED_EDGE('',*,*,#7883,.T.);
#5324=CARTESIAN_POINT('',(27.559,2.794,1.5875));
#5325=DIRECTION('',(-6.12303176911189E-17,-5.27553618172919E-18,1.0));
#5326=DIRECTION('',(3.23022756398271E-34,-1.0,-5.27553618172919E-18));
#5327=SURFACE_STYLE_FILL_AREA(#7888);
#5328=ORIENTED_EDGE('',*,*,#7889,.T.);
#5329=ORIENTED_EDGE('',*,*,#7860,.F.);
#5330=ORIENTED_EDGE('',*,*,#7890,.T.);
#5331=ORIENTED_EDGE('',*,*,#7891,.T.);
#5332=CARTESIAN_POINT('',(27.559,9.00383831114245,1.11125));
#5333=DIRECTION('',(6.03905807163009E-17,0.165047605860678,-0.986285601537231));
#5334=DIRECTION('',(-1.01059173410079E-17,0.986285601537231,0.165047605860678));
#5335=SURFACE_STYLE_FILL_AREA(#7892);
#5336=ORIENTED_EDGE('',*,*,#7893,.T.);
#5337=ORIENTED_EDGE('',*,*,#7887,.T.);
#5338=ORIENTED_EDGE('',*,*,#7894,.T.);
#5339=ORIENTED_EDGE('',*,*,#7895,.T.);
#5340=CARTESIAN_POINT('',(27.559,9.00383831114245,1.42875));
#5341=DIRECTION('',(-6.03905807163009E-17,0.165047605860677,0.986285601537231));
#5342=DIRECTION('',(-1.01059173410079E-17,-0.986285601537231,0.165047605860677));
#5343=SURFACE_STYLE_FILL_AREA(#7896);
#5344=ORIENTED_EDGE('',*,*,#7891,.F.);
#5345=ORIENTED_EDGE('',*,*,#7897,.T.);
#5346=ORIENTED_EDGE('',*,*,#7895,.F.);
#5347=ORIENTED_EDGE('',*,*,#7898,.F.);
#5348=CARTESIAN_POINT('',(27.94,8.89,0.889));
#5349=DIRECTION('',(0.0,1.0,0.0));
#5350=DIRECTION('',(-1.0,0.0,0.0));
#5351=SURFACE_STYLE_FILL_AREA(#7899);
#5352=ORIENTED_EDGE('',*,*,#7890,.F.);
#5353=ORIENTED_EDGE('',*,*,#7884,.T.);
#5354=ORIENTED_EDGE('',*,*,#7893,.F.);
#5355=ORIENTED_EDGE('',*,*,#7897,.F.);
#5356=CARTESIAN_POINT('',(27.69235,8.47259285914435,0.889));
#5357=DIRECTION('',(-0.986285601537232,0.165047605860677,0.0));
#5358=DIRECTION('',(-0.165047605860677,-0.986285601537232,0.0));
#5359=SURFACE_STYLE_FILL_AREA(#7900);
#5360=ORIENTED_EDGE('',*,*,#7889,.F.);
#5361=ORIENTED_EDGE('',*,*,#7898,.T.);
#5362=ORIENTED_EDGE('',*,*,#7894,.F.);
#5363=ORIENTED_EDGE('',*,*,#7855,.F.);
#5364=CARTESIAN_POINT('',(28.18765,8.47259285914435,0.889));
#5365=DIRECTION('',(0.986285601537231,0.165047605860677,0.0));
#5366=DIRECTION('',(-0.165047605860677,0.986285601537231,0.0));
#5367=SURFACE_STYLE_FILL_AREA(#7901);
#5368=ORIENTED_EDGE('',*,*,#7902,.F.);
#5369=ORIENTED_EDGE('',*,*,#7903,.T.);
#5370=ORIENTED_EDGE('',*,*,#7904,.F.);
#5371=ORIENTED_EDGE('',*,*,#7905,.T.);
#5372=CARTESIAN_POINT('',(25.019,2.794,0.9525));
#5373=DIRECTION('',(6.12303176911189E-17,0.0,-1.0));
#5374=DIRECTION('',(0.0,1.0,0.0));
#5375=SURFACE_STYLE_FILL_AREA(#7906);
#5376=ORIENTED_EDGE('',*,*,#7907,.F.);
#5377=ORIENTED_EDGE('',*,*,#7908,.F.);
#5378=ORIENTED_EDGE('',*,*,#7909,.F.);
#5379=ORIENTED_EDGE('',*,*,#7903,.F.);
#5380=CARTESIAN_POINT('',(25.7175,2.794,0.889));
#5381=DIRECTION('',(1.0,0.0,0.0));
#5382=DIRECTION('',(0.0,1.0,0.0));
#5383=SURFACE_STYLE_FILL_AREA(#7910);
#5384=ORIENTED_EDGE('',*,*,#7911,.F.);
#5385=ORIENTED_EDGE('',*,*,#7912,.F.);
#5386=ORIENTED_EDGE('',*,*,#7913,.T.);
#5387=ORIENTED_EDGE('',*,*,#7914,.F.);
#5388=CARTESIAN_POINT('',(25.7175,2.794,0.889));
#5389=DIRECTION('',(1.0,0.0,0.0));
#5390=DIRECTION('',(0.0,1.0,0.0));
#5391=SURFACE_STYLE_FILL_AREA(#7915);
#5392=ORIENTED_EDGE('',*,*,#7916,.F.);
#5393=ORIENTED_EDGE('',*,*,#7917,.T.);
#5394=ORIENTED_EDGE('',*,*,#7918,.T.);
#5395=ORIENTED_EDGE('',*,*,#7912,.T.);
#5396=CARTESIAN_POINT('',(25.019,2.794,0.9525));
#5397=DIRECTION('',(6.12303176911189E-17,0.0,-1.0));
#5398=DIRECTION('',(0.0,1.0,0.0));
#5399=SURFACE_STYLE_FILL_AREA(#7919);
#5400=ORIENTED_EDGE('',*,*,#7920,.F.);
#5401=ORIENTED_EDGE('',*,*,#7921,.T.);
#5402=ORIENTED_EDGE('',*,*,#7922,.T.);
#5403=ORIENTED_EDGE('',*,*,#7908,.T.);
#5404=CARTESIAN_POINT('',(25.019,2.794,1.5875));
#5405=DIRECTION('',(-6.12303176911189E-17,-5.27553618172919E-18,1.0));
#5406=DIRECTION('',(3.23022756398271E-34,-1.0,-5.27553618172919E-18));
#5407=SURFACE_STYLE_FILL_AREA(#7923);
#5408=ORIENTED_EDGE('',*,*,#7924,.F.);
#5409=ORIENTED_EDGE('',*,*,#7905,.F.);
#5410=ORIENTED_EDGE('',*,*,#7925,.T.);
#5411=ORIENTED_EDGE('',*,*,#7921,.F.);
#5412=CARTESIAN_POINT('',(25.0825,2.794,0.889));
#5413=DIRECTION('',(-1.0,-5.27553618172919E-18,0.0));
#5414=DIRECTION('',(5.27553618172919E-18,-1.0,0.0));
#5415=SURFACE_STYLE_FILL_AREA(#7926);
#5416=ORIENTED_EDGE('',*,*,#7927,.T.);
#5417=ORIENTED_EDGE('',*,*,#7928,.T.);
#5418=ORIENTED_EDGE('',*,*,#7929,.T.);
#5419=ORIENTED_EDGE('',*,*,#7904,.T.);
#5420=CARTESIAN_POINT('',(25.019,-3.41583831114245,1.11125));
#5421=DIRECTION('',(6.03905807163009E-17,-0.165047605860678,-0.986285601537231));
#5422=DIRECTION('',(1.01059173410079E-17,0.986285601537231,-0.165047605860678));
#5423=SURFACE_STYLE_FILL_AREA(#7930);
#5424=ORIENTED_EDGE('',*,*,#7931,.T.);
#5425=ORIENTED_EDGE('',*,*,#7932,.T.);
#5426=ORIENTED_EDGE('',*,*,#7933,.T.);
#5427=ORIENTED_EDGE('',*,*,#7922,.F.);
#5428=CARTESIAN_POINT('',(25.019,-3.41583831114245,1.42875));
#5429=DIRECTION('',(-6.03905807163009E-17,-0.165047605860678,0.986285601537231));
#5430=DIRECTION('',(1.01059173410079E-17,-0.986285601537231,-0.165047605860678));
#5431=SURFACE_STYLE_FILL_AREA(#7934);
#5432=ORIENTED_EDGE('',*,*,#7929,.F.);
#5433=ORIENTED_EDGE('',*,*,#7935,.T.);
#5434=ORIENTED_EDGE('',*,*,#7931,.F.);
#5435=ORIENTED_EDGE('',*,*,#7925,.F.);
#5436=CARTESIAN_POINT('',(25.15235,-2.88459285914435,0.889));
#5437=DIRECTION('',(-0.986285601537231,-0.165047605860678,0.0));
#5438=DIRECTION('',(0.165047605860678,-0.986285601537231,0.0));
#5439=SURFACE_STYLE_FILL_AREA(#7936);
#5440=ORIENTED_EDGE('',*,*,#7927,.F.);
#5441=ORIENTED_EDGE('',*,*,#7909,.T.);
#5442=ORIENTED_EDGE('',*,*,#7933,.F.);
#5443=ORIENTED_EDGE('',*,*,#7937,.F.);
#5444=CARTESIAN_POINT('',(25.64765,-2.88459285914435,0.889));
#5445=DIRECTION('',(0.986285601537232,-0.165047605860678,0.0));
#5446=DIRECTION('',(0.165047605860678,0.986285601537232,0.0));
#5447=SURFACE_STYLE_FILL_AREA(#7938);
#5448=ORIENTED_EDGE('',*,*,#7928,.F.);
#5449=ORIENTED_EDGE('',*,*,#7937,.T.);
#5450=ORIENTED_EDGE('',*,*,#7932,.F.);
#5451=ORIENTED_EDGE('',*,*,#7935,.F.);
#5452=CARTESIAN_POINT('',(25.4,-3.302,0.889));
#5453=DIRECTION('',(0.0,-1.0,0.0));
#5454=DIRECTION('',(1.0,0.0,0.0));
#5455=SURFACE_STYLE_FILL_AREA(#7939);
#5456=ORIENTED_EDGE('',*,*,#7940,.F.);
#5457=ORIENTED_EDGE('',*,*,#7941,.F.);
#5458=ORIENTED_EDGE('',*,*,#7942,.F.);
#5459=ORIENTED_EDGE('',*,*,#7917,.F.);
#5460=CARTESIAN_POINT('',(25.0825,2.794,0.889));
#5461=DIRECTION('',(-1.0,-5.27553618172919E-18,0.0));
#5462=DIRECTION('',(5.27553618172919E-18,-1.0,0.0));
#5463=SURFACE_STYLE_FILL_AREA(#7943);
#5464=ORIENTED_EDGE('',*,*,#7944,.F.);
#5465=ORIENTED_EDGE('',*,*,#7914,.T.);
#5466=ORIENTED_EDGE('',*,*,#7945,.F.);
#5467=ORIENTED_EDGE('',*,*,#7941,.T.);
#5468=CARTESIAN_POINT('',(25.019,2.794,1.5875));
#5469=DIRECTION('',(-6.12303176911189E-17,-5.27553618172919E-18,1.0));
#5470=DIRECTION('',(3.23022756398271E-34,-1.0,-5.27553618172919E-18));
#5471=SURFACE_STYLE_FILL_AREA(#7946);
#5472=ORIENTED_EDGE('',*,*,#7947,.T.);
#5473=ORIENTED_EDGE('',*,*,#7918,.F.);
#5474=ORIENTED_EDGE('',*,*,#7948,.T.);
#5475=ORIENTED_EDGE('',*,*,#7949,.T.);
#5476=CARTESIAN_POINT('',(25.019,9.00383831114245,1.11125));
#5477=DIRECTION('',(6.03905807163009E-17,0.165047605860678,-0.986285601537231));
#5478=DIRECTION('',(-1.01059173410079E-17,0.986285601537231,0.165047605860678));
#5479=SURFACE_STYLE_FILL_AREA(#7950);
#5480=ORIENTED_EDGE('',*,*,#7951,.T.);
#5481=ORIENTED_EDGE('',*,*,#7945,.T.);
#5482=ORIENTED_EDGE('',*,*,#7952,.T.);
#5483=ORIENTED_EDGE('',*,*,#7953,.T.);
#5484=CARTESIAN_POINT('',(25.019,9.00383831114245,1.42875));
#5485=DIRECTION('',(-6.03905807163009E-17,0.165047605860677,0.986285601537231));
#5486=DIRECTION('',(-1.01059173410079E-17,-0.986285601537231,0.165047605860677));
#5487=SURFACE_STYLE_FILL_AREA(#7954);
#5488=ORIENTED_EDGE('',*,*,#7949,.F.);
#5489=ORIENTED_EDGE('',*,*,#7955,.T.);
#5490=ORIENTED_EDGE('',*,*,#7953,.F.);
#5491=ORIENTED_EDGE('',*,*,#7956,.F.);
#5492=CARTESIAN_POINT('',(25.4,8.89,0.889));
#5493=DIRECTION('',(0.0,1.0,0.0));
#5494=DIRECTION('',(-1.0,0.0,0.0));
#5495=SURFACE_STYLE_FILL_AREA(#7957);
#5496=ORIENTED_EDGE('',*,*,#7948,.F.);
#5497=ORIENTED_EDGE('',*,*,#7942,.T.);
#5498=ORIENTED_EDGE('',*,*,#7951,.F.);
#5499=ORIENTED_EDGE('',*,*,#7955,.F.);
#5500=CARTESIAN_POINT('',(25.15235,8.47259285914435,0.889));
#5501=DIRECTION('',(-0.986285601537232,0.165047605860677,0.0));
#5502=DIRECTION('',(-0.165047605860677,-0.986285601537232,0.0));
#5503=SURFACE_STYLE_FILL_AREA(#7958);
#5504=ORIENTED_EDGE('',*,*,#7947,.F.);
#5505=ORIENTED_EDGE('',*,*,#7956,.T.);
#5506=ORIENTED_EDGE('',*,*,#7952,.F.);
#5507=ORIENTED_EDGE('',*,*,#7913,.F.);
#5508=CARTESIAN_POINT('',(25.64765,8.47259285914435,0.889));
#5509=DIRECTION('',(0.986285601537231,0.165047605860677,0.0));
#5510=DIRECTION('',(-0.165047605860677,0.986285601537231,0.0));
#5511=SURFACE_STYLE_FILL_AREA(#7959);
#5512=ORIENTED_EDGE('',*,*,#7960,.F.);
#5513=ORIENTED_EDGE('',*,*,#7961,.T.);
#5514=ORIENTED_EDGE('',*,*,#7962,.F.);
#5515=ORIENTED_EDGE('',*,*,#7963,.T.);
#5516=CARTESIAN_POINT('',(22.479,2.794,0.9525));
#5517=DIRECTION('',(6.12303176911189E-17,0.0,-1.0));
#5518=DIRECTION('',(0.0,1.0,0.0));
#5519=SURFACE_STYLE_FILL_AREA(#7964);
#5520=ORIENTED_EDGE('',*,*,#7965,.F.);
#5521=ORIENTED_EDGE('',*,*,#7966,.F.);
#5522=ORIENTED_EDGE('',*,*,#7967,.F.);
#5523=ORIENTED_EDGE('',*,*,#7961,.F.);
#5524=CARTESIAN_POINT('',(23.1775,2.794,0.889));
#5525=DIRECTION('',(1.0,0.0,0.0));
#5526=DIRECTION('',(0.0,1.0,0.0));
#5527=SURFACE_STYLE_FILL_AREA(#7968);
#5528=ORIENTED_EDGE('',*,*,#7969,.F.);
#5529=ORIENTED_EDGE('',*,*,#7970,.F.);
#5530=ORIENTED_EDGE('',*,*,#7971,.T.);
#5531=ORIENTED_EDGE('',*,*,#7972,.F.);
#5532=CARTESIAN_POINT('',(23.1775,2.794,0.889));
#5533=DIRECTION('',(1.0,0.0,0.0));
#5534=DIRECTION('',(0.0,1.0,0.0));
#5535=SURFACE_STYLE_FILL_AREA(#7973);
#5536=ORIENTED_EDGE('',*,*,#7974,.F.);
#5537=ORIENTED_EDGE('',*,*,#7975,.T.);
#5538=ORIENTED_EDGE('',*,*,#7976,.T.);
#5539=ORIENTED_EDGE('',*,*,#7970,.T.);
#5540=CARTESIAN_POINT('',(22.479,2.794,0.9525));
#5541=DIRECTION('',(6.12303176911189E-17,0.0,-1.0));
#5542=DIRECTION('',(0.0,1.0,0.0));
#5543=SURFACE_STYLE_FILL_AREA(#7977);
#5544=ORIENTED_EDGE('',*,*,#7978,.F.);
#5545=ORIENTED_EDGE('',*,*,#7979,.T.);
#5546=ORIENTED_EDGE('',*,*,#7980,.T.);
#5547=ORIENTED_EDGE('',*,*,#7966,.T.);
#5548=CARTESIAN_POINT('',(22.479,2.794,1.5875));
#5549=DIRECTION('',(-6.12303176911189E-17,-5.27553618172919E-18,1.0));
#5550=DIRECTION('',(3.23022756398271E-34,-1.0,-5.27553618172919E-18));
#5551=SURFACE_STYLE_FILL_AREA(#7981);
#5552=ORIENTED_EDGE('',*,*,#7982,.F.);
#5553=ORIENTED_EDGE('',*,*,#7963,.F.);
#5554=ORIENTED_EDGE('',*,*,#7983,.T.);
#5555=ORIENTED_EDGE('',*,*,#7979,.F.);
#5556=CARTESIAN_POINT('',(22.5425,2.794,0.889));
#5557=DIRECTION('',(-1.0,-5.27553618172919E-18,0.0));
#5558=DIRECTION('',(5.27553618172919E-18,-1.0,0.0));
#5559=SURFACE_STYLE_FILL_AREA(#7984);
#5560=ORIENTED_EDGE('',*,*,#7985,.T.);
#5561=ORIENTED_EDGE('',*,*,#7986,.T.);
#5562=ORIENTED_EDGE('',*,*,#7987,.T.);
#5563=ORIENTED_EDGE('',*,*,#7962,.T.);
#5564=CARTESIAN_POINT('',(22.479,-3.41583831114245,1.11125));
#5565=DIRECTION('',(6.03905807163009E-17,-0.165047605860678,-0.986285601537231));
#5566=DIRECTION('',(1.01059173410079E-17,0.986285601537231,-0.165047605860678));
#5567=SURFACE_STYLE_FILL_AREA(#7988);
#5568=ORIENTED_EDGE('',*,*,#7989,.T.);
#5569=ORIENTED_EDGE('',*,*,#7990,.T.);
#5570=ORIENTED_EDGE('',*,*,#7991,.T.);
#5571=ORIENTED_EDGE('',*,*,#7980,.F.);
#5572=CARTESIAN_POINT('',(22.479,-3.41583831114245,1.42875));
#5573=DIRECTION('',(-6.03905807163009E-17,-0.165047605860678,0.986285601537231));
#5574=DIRECTION('',(1.01059173410079E-17,-0.986285601537231,-0.165047605860678));
#5575=SURFACE_STYLE_FILL_AREA(#7992);
#5576=ORIENTED_EDGE('',*,*,#7987,.F.);
#5577=ORIENTED_EDGE('',*,*,#7993,.T.);
#5578=ORIENTED_EDGE('',*,*,#7989,.F.);
#5579=ORIENTED_EDGE('',*,*,#7983,.F.);
#5580=CARTESIAN_POINT('',(22.61235,-2.88459285914435,0.889));
#5581=DIRECTION('',(-0.986285601537231,-0.165047605860678,0.0));
#5582=DIRECTION('',(0.165047605860678,-0.986285601537231,0.0));
#5583=SURFACE_STYLE_FILL_AREA(#7994);
#5584=ORIENTED_EDGE('',*,*,#7985,.F.);
#5585=ORIENTED_EDGE('',*,*,#7967,.T.);
#5586=ORIENTED_EDGE('',*,*,#7991,.F.);
#5587=ORIENTED_EDGE('',*,*,#7995,.F.);
#5588=CARTESIAN_POINT('',(23.10765,-2.88459285914435,0.889));
#5589=DIRECTION('',(0.986285601537232,-0.165047605860678,0.0));
#5590=DIRECTION('',(0.165047605860678,0.986285601537232,0.0));
#5591=SURFACE_STYLE_FILL_AREA(#7996);
#5592=ORIENTED_EDGE('',*,*,#7986,.F.);
#5593=ORIENTED_EDGE('',*,*,#7995,.T.);
#5594=ORIENTED_EDGE('',*,*,#7990,.F.);
#5595=ORIENTED_EDGE('',*,*,#7993,.F.);
#5596=CARTESIAN_POINT('',(22.86,-3.302,0.889));
#5597=DIRECTION('',(0.0,-1.0,0.0));
#5598=DIRECTION('',(1.0,0.0,0.0));
#5599=SURFACE_STYLE_FILL_AREA(#7997);
#5600=ORIENTED_EDGE('',*,*,#7998,.F.);
#5601=ORIENTED_EDGE('',*,*,#7999,.F.);
#5602=ORIENTED_EDGE('',*,*,#8000,.F.);
#5603=ORIENTED_EDGE('',*,*,#7975,.F.);
#5604=CARTESIAN_POINT('',(22.5425,2.794,0.889));
#5605=DIRECTION('',(-1.0,-5.27553618172919E-18,0.0));
#5606=DIRECTION('',(5.27553618172919E-18,-1.0,0.0));
#5607=SURFACE_STYLE_FILL_AREA(#8001);
#5608=ORIENTED_EDGE('',*,*,#8002,.F.);
#5609=ORIENTED_EDGE('',*,*,#7972,.T.);
#5610=ORIENTED_EDGE('',*,*,#8003,.F.);
#5611=ORIENTED_EDGE('',*,*,#7999,.T.);
#5612=CARTESIAN_POINT('',(22.479,2.794,1.5875));
#5613=DIRECTION('',(-6.12303176911189E-17,-5.27553618172919E-18,1.0));
#5614=DIRECTION('',(3.23022756398271E-34,-1.0,-5.27553618172919E-18));
#5615=SURFACE_STYLE_FILL_AREA(#8004);
#5616=ORIENTED_EDGE('',*,*,#8005,.T.);
#5617=ORIENTED_EDGE('',*,*,#7976,.F.);
#5618=ORIENTED_EDGE('',*,*,#8006,.T.);
#5619=ORIENTED_EDGE('',*,*,#8007,.T.);
#5620=CARTESIAN_POINT('',(22.479,9.00383831114245,1.11125));
#5621=DIRECTION('',(6.03905807163009E-17,0.165047605860678,-0.986285601537231));
#5622=DIRECTION('',(-1.01059173410079E-17,0.986285601537231,0.165047605860678));
#5623=SURFACE_STYLE_FILL_AREA(#8008);
#5624=ORIENTED_EDGE('',*,*,#8009,.T.);
#5625=ORIENTED_EDGE('',*,*,#8003,.T.);
#5626=ORIENTED_EDGE('',*,*,#8010,.T.);
#5627=ORIENTED_EDGE('',*,*,#8011,.T.);
#5628=CARTESIAN_POINT('',(22.479,9.00383831114245,1.42875));
#5629=DIRECTION('',(-6.03905807163009E-17,0.165047605860677,0.986285601537231));
#5630=DIRECTION('',(-1.01059173410079E-17,-0.986285601537231,0.165047605860677));
#5631=SURFACE_STYLE_FILL_AREA(#8012);
#5632=ORIENTED_EDGE('',*,*,#8007,.F.);
#5633=ORIENTED_EDGE('',*,*,#8013,.T.);
#5634=ORIENTED_EDGE('',*,*,#8011,.F.);
#5635=ORIENTED_EDGE('',*,*,#8014,.F.);
#5636=CARTESIAN_POINT('',(22.86,8.89,0.889));
#5637=DIRECTION('',(0.0,1.0,0.0));
#5638=DIRECTION('',(-1.0,0.0,0.0));
#5639=SURFACE_STYLE_FILL_AREA(#8015);
#5640=ORIENTED_EDGE('',*,*,#8006,.F.);
#5641=ORIENTED_EDGE('',*,*,#8000,.T.);
#5642=ORIENTED_EDGE('',*,*,#8009,.F.);
#5643=ORIENTED_EDGE('',*,*,#8013,.F.);
#5644=CARTESIAN_POINT('',(22.61235,8.47259285914435,0.889));
#5645=DIRECTION('',(-0.986285601537232,0.165047605860677,0.0));
#5646=DIRECTION('',(-0.165047605860677,-0.986285601537232,0.0));
#5647=SURFACE_STYLE_FILL_AREA(#8016);
#5648=ORIENTED_EDGE('',*,*,#8005,.F.);
#5649=ORIENTED_EDGE('',*,*,#8014,.T.);
#5650=ORIENTED_EDGE('',*,*,#8010,.F.);
#5651=ORIENTED_EDGE('',*,*,#7971,.F.);
#5652=CARTESIAN_POINT('',(23.10765,8.47259285914435,0.889));
#5653=DIRECTION('',(0.986285601537231,0.165047605860677,0.0));
#5654=DIRECTION('',(-0.165047605860677,0.986285601537231,0.0));
#5655=SURFACE_STYLE_FILL_AREA(#8017);
#5656=ORIENTED_EDGE('',*,*,#8018,.F.);
#5657=ORIENTED_EDGE('',*,*,#8019,.T.);
#5658=ORIENTED_EDGE('',*,*,#8020,.F.);
#5659=ORIENTED_EDGE('',*,*,#8021,.T.);
#5660=CARTESIAN_POINT('',(19.939,2.794,0.9525));
#5661=DIRECTION('',(6.12303176911189E-17,0.0,-1.0));
#5662=DIRECTION('',(0.0,1.0,0.0));
#5663=SURFACE_STYLE_FILL_AREA(#8022);
#5664=ORIENTED_EDGE('',*,*,#8023,.F.);
#5665=ORIENTED_EDGE('',*,*,#8024,.F.);
#5666=ORIENTED_EDGE('',*,*,#8025,.F.);
#5667=ORIENTED_EDGE('',*,*,#8019,.F.);
#5668=CARTESIAN_POINT('',(20.6375,2.794,0.889));
#5669=DIRECTION('',(1.0,0.0,0.0));
#5670=DIRECTION('',(0.0,1.0,0.0));
#5671=SURFACE_STYLE_FILL_AREA(#8026);
#5672=ORIENTED_EDGE('',*,*,#8027,.F.);
#5673=ORIENTED_EDGE('',*,*,#8028,.F.);
#5674=ORIENTED_EDGE('',*,*,#8029,.T.);
#5675=ORIENTED_EDGE('',*,*,#8030,.F.);
#5676=CARTESIAN_POINT('',(20.6375,2.794,0.889));
#5677=DIRECTION('',(1.0,0.0,0.0));
#5678=DIRECTION('',(0.0,1.0,0.0));
#5679=SURFACE_STYLE_FILL_AREA(#8031);
#5680=ORIENTED_EDGE('',*,*,#8032,.F.);
#5681=ORIENTED_EDGE('',*,*,#8033,.T.);
#5682=ORIENTED_EDGE('',*,*,#8034,.T.);
#5683=ORIENTED_EDGE('',*,*,#8028,.T.);
#5684=CARTESIAN_POINT('',(19.939,2.794,0.9525));
#5685=DIRECTION('',(6.12303176911189E-17,0.0,-1.0));
#5686=DIRECTION('',(0.0,1.0,0.0));
#5687=SURFACE_STYLE_FILL_AREA(#8035);
#5688=ORIENTED_EDGE('',*,*,#8036,.F.);
#5689=ORIENTED_EDGE('',*,*,#8037,.T.);
#5690=ORIENTED_EDGE('',*,*,#8038,.T.);
#5691=ORIENTED_EDGE('',*,*,#8024,.T.);
#5692=CARTESIAN_POINT('',(19.939,2.794,1.5875));
#5693=DIRECTION('',(-6.12303176911189E-17,-5.27553618172919E-18,1.0));
#5694=DIRECTION('',(3.23022756398271E-34,-1.0,-5.27553618172919E-18));
#5695=SURFACE_STYLE_FILL_AREA(#8039);
#5696=ORIENTED_EDGE('',*,*,#8040,.F.);
#5697=ORIENTED_EDGE('',*,*,#8021,.F.);
#5698=ORIENTED_EDGE('',*,*,#8041,.T.);
#5699=ORIENTED_EDGE('',*,*,#8037,.F.);
#5700=CARTESIAN_POINT('',(20.0025,2.794,0.889));
#5701=DIRECTION('',(-1.0,-5.27553618172919E-18,0.0));
#5702=DIRECTION('',(5.27553618172919E-18,-1.0,0.0));
#5703=SURFACE_STYLE_FILL_AREA(#8042);
#5704=ORIENTED_EDGE('',*,*,#8043,.T.);
#5705=ORIENTED_EDGE('',*,*,#8044,.T.);
#5706=ORIENTED_EDGE('',*,*,#8045,.T.);
#5707=ORIENTED_EDGE('',*,*,#8020,.T.);
#5708=CARTESIAN_POINT('',(19.939,-3.41583831114245,1.11125));
#5709=DIRECTION('',(6.03905807163009E-17,-0.165047605860678,-0.986285601537231));
#5710=DIRECTION('',(1.01059173410079E-17,0.986285601537231,-0.165047605860678));
#5711=SURFACE_STYLE_FILL_AREA(#8046);
#5712=ORIENTED_EDGE('',*,*,#8047,.T.);
#5713=ORIENTED_EDGE('',*,*,#8048,.T.);
#5714=ORIENTED_EDGE('',*,*,#8049,.T.);
#5715=ORIENTED_EDGE('',*,*,#8038,.F.);
#5716=CARTESIAN_POINT('',(19.939,-3.41583831114245,1.42875));
#5717=DIRECTION('',(-6.03905807163009E-17,-0.165047605860678,0.986285601537231));
#5718=DIRECTION('',(1.01059173410079E-17,-0.986285601537231,-0.165047605860678));
#5719=SURFACE_STYLE_FILL_AREA(#8050);
#5720=ORIENTED_EDGE('',*,*,#8045,.F.);
#5721=ORIENTED_EDGE('',*,*,#8051,.T.);
#5722=ORIENTED_EDGE('',*,*,#8047,.F.);
#5723=ORIENTED_EDGE('',*,*,#8041,.F.);
#5724=CARTESIAN_POINT('',(20.07235,-2.88459285914435,0.889));
#5725=DIRECTION('',(-0.986285601537231,-0.165047605860678,0.0));
#5726=DIRECTION('',(0.165047605860678,-0.986285601537231,0.0));
#5727=SURFACE_STYLE_FILL_AREA(#8052);
#5728=ORIENTED_EDGE('',*,*,#8043,.F.);
#5729=ORIENTED_EDGE('',*,*,#8025,.T.);
#5730=ORIENTED_EDGE('',*,*,#8049,.F.);
#5731=ORIENTED_EDGE('',*,*,#8053,.F.);
#5732=CARTESIAN_POINT('',(20.56765,-2.88459285914435,0.889));
#5733=DIRECTION('',(0.986285601537232,-0.165047605860678,0.0));
#5734=DIRECTION('',(0.165047605860678,0.986285601537232,0.0));
#5735=SURFACE_STYLE_FILL_AREA(#8054);
#5736=ORIENTED_EDGE('',*,*,#8044,.F.);
#5737=ORIENTED_EDGE('',*,*,#8053,.T.);
#5738=ORIENTED_EDGE('',*,*,#8048,.F.);
#5739=ORIENTED_EDGE('',*,*,#8051,.F.);
#5740=CARTESIAN_POINT('',(20.32,-3.302,0.889));
#5741=DIRECTION('',(0.0,-1.0,0.0));
#5742=DIRECTION('',(1.0,0.0,0.0));
#5743=SURFACE_STYLE_FILL_AREA(#8055);
#5744=ORIENTED_EDGE('',*,*,#8056,.F.);
#5745=ORIENTED_EDGE('',*,*,#8057,.F.);
#5746=ORIENTED_EDGE('',*,*,#8058,.F.);
#5747=ORIENTED_EDGE('',*,*,#8033,.F.);
#5748=CARTESIAN_POINT('',(20.0025,2.794,0.889));
#5749=DIRECTION('',(-1.0,-5.27553618172919E-18,0.0));
#5750=DIRECTION('',(5.27553618172919E-18,-1.0,0.0));
#5751=SURFACE_STYLE_FILL_AREA(#8059);
#5752=ORIENTED_EDGE('',*,*,#8060,.F.);
#5753=ORIENTED_EDGE('',*,*,#8030,.T.);
#5754=ORIENTED_EDGE('',*,*,#8061,.F.);
#5755=ORIENTED_EDGE('',*,*,#8057,.T.);
#5756=CARTESIAN_POINT('',(19.939,2.794,1.5875));
#5757=DIRECTION('',(-6.12303176911189E-17,-5.27553618172919E-18,1.0));
#5758=DIRECTION('',(3.23022756398271E-34,-1.0,-5.27553618172919E-18));
#5759=SURFACE_STYLE_FILL_AREA(#8062);
#5760=ORIENTED_EDGE('',*,*,#8063,.T.);
#5761=ORIENTED_EDGE('',*,*,#8034,.F.);
#5762=ORIENTED_EDGE('',*,*,#8064,.T.);
#5763=ORIENTED_EDGE('',*,*,#8065,.T.);
#5764=CARTESIAN_POINT('',(19.939,9.00383831114245,1.11125));
#5765=DIRECTION('',(6.03905807163009E-17,0.165047605860678,-0.986285601537231));
#5766=DIRECTION('',(-1.01059173410079E-17,0.986285601537231,0.165047605860678));
#5767=SURFACE_STYLE_FILL_AREA(#8066);
#5768=ORIENTED_EDGE('',*,*,#8067,.T.);
#5769=ORIENTED_EDGE('',*,*,#8061,.T.);
#5770=ORIENTED_EDGE('',*,*,#8068,.T.);
#5771=ORIENTED_EDGE('',*,*,#8069,.T.);
#5772=CARTESIAN_POINT('',(19.939,9.00383831114245,1.42875));
#5773=DIRECTION('',(-6.03905807163009E-17,0.165047605860677,0.986285601537231));
#5774=DIRECTION('',(-1.01059173410079E-17,-0.986285601537231,0.165047605860677));
#5775=SURFACE_STYLE_FILL_AREA(#8070);
#5776=ORIENTED_EDGE('',*,*,#8065,.F.);
#5777=ORIENTED_EDGE('',*,*,#8071,.T.);
#5778=ORIENTED_EDGE('',*,*,#8069,.F.);
#5779=ORIENTED_EDGE('',*,*,#8072,.F.);
#5780=CARTESIAN_POINT('',(20.32,8.89,0.889));
#5781=DIRECTION('',(0.0,1.0,0.0));
#5782=DIRECTION('',(-1.0,0.0,0.0));
#5783=SURFACE_STYLE_FILL_AREA(#8073);
#5784=ORIENTED_EDGE('',*,*,#8064,.F.);
#5785=ORIENTED_EDGE('',*,*,#8058,.T.);
#5786=ORIENTED_EDGE('',*,*,#8067,.F.);
#5787=ORIENTED_EDGE('',*,*,#8071,.F.);
#5788=CARTESIAN_POINT('',(20.07235,8.47259285914435,0.889));
#5789=DIRECTION('',(-0.986285601537232,0.165047605860677,0.0));
#5790=DIRECTION('',(-0.165047605860677,-0.986285601537232,0.0));
#5791=SURFACE_STYLE_FILL_AREA(#8074);
#5792=ORIENTED_EDGE('',*,*,#8063,.F.);
#5793=ORIENTED_EDGE('',*,*,#8072,.T.);
#5794=ORIENTED_EDGE('',*,*,#8068,.F.);
#5795=ORIENTED_EDGE('',*,*,#8029,.F.);
#5796=CARTESIAN_POINT('',(20.56765,8.47259285914435,0.889));
#5797=DIRECTION('',(0.986285601537231,0.165047605860677,0.0));
#5798=DIRECTION('',(-0.165047605860677,0.986285601537231,0.0));
#5799=SURFACE_STYLE_FILL_AREA(#8075);
#5800=ORIENTED_EDGE('',*,*,#8076,.F.);
#5801=ORIENTED_EDGE('',*,*,#8077,.T.);
#5802=ORIENTED_EDGE('',*,*,#8078,.F.);
#5803=ORIENTED_EDGE('',*,*,#8079,.T.);
#5804=CARTESIAN_POINT('',(17.399,2.794,0.9525));
#5805=DIRECTION('',(6.12303176911189E-17,0.0,-1.0));
#5806=DIRECTION('',(0.0,1.0,0.0));
#5807=SURFACE_STYLE_FILL_AREA(#8080);
#5808=ORIENTED_EDGE('',*,*,#8081,.F.);
#5809=ORIENTED_EDGE('',*,*,#8082,.F.);
#5810=ORIENTED_EDGE('',*,*,#8083,.F.);
#5811=ORIENTED_EDGE('',*,*,#8077,.F.);
#5812=CARTESIAN_POINT('',(18.0975,2.794,0.889));
#5813=DIRECTION('',(1.0,0.0,0.0));
#5814=DIRECTION('',(0.0,1.0,0.0));
#5815=SURFACE_STYLE_FILL_AREA(#8084);
#5816=ORIENTED_EDGE('',*,*,#8085,.F.);
#5817=ORIENTED_EDGE('',*,*,#8086,.F.);
#5818=ORIENTED_EDGE('',*,*,#8087,.T.);
#5819=ORIENTED_EDGE('',*,*,#8088,.F.);
#5820=CARTESIAN_POINT('',(18.0975,2.794,0.889));
#5821=DIRECTION('',(1.0,0.0,0.0));
#5822=DIRECTION('',(0.0,1.0,0.0));
#5823=SURFACE_STYLE_FILL_AREA(#8089);
#5824=ORIENTED_EDGE('',*,*,#8090,.F.);
#5825=ORIENTED_EDGE('',*,*,#8091,.T.);
#5826=ORIENTED_EDGE('',*,*,#8092,.T.);
#5827=ORIENTED_EDGE('',*,*,#8086,.T.);
#5828=CARTESIAN_POINT('',(17.399,2.794,0.9525));
#5829=DIRECTION('',(6.12303176911189E-17,0.0,-1.0));
#5830=DIRECTION('',(0.0,1.0,0.0));
#5831=SURFACE_STYLE_FILL_AREA(#8093);
#5832=ORIENTED_EDGE('',*,*,#8094,.F.);
#5833=ORIENTED_EDGE('',*,*,#8095,.T.);
#5834=ORIENTED_EDGE('',*,*,#8096,.T.);
#5835=ORIENTED_EDGE('',*,*,#8082,.T.);
#5836=CARTESIAN_POINT('',(17.399,2.794,1.5875));
#5837=DIRECTION('',(-6.12303176911189E-17,-5.27553618172919E-18,1.0));
#5838=DIRECTION('',(3.23022756398271E-34,-1.0,-5.27553618172919E-18));
#5839=SURFACE_STYLE_FILL_AREA(#8097);
#5840=ORIENTED_EDGE('',*,*,#8098,.F.);
#5841=ORIENTED_EDGE('',*,*,#8079,.F.);
#5842=ORIENTED_EDGE('',*,*,#8099,.T.);
#5843=ORIENTED_EDGE('',*,*,#8095,.F.);
#5844=CARTESIAN_POINT('',(17.4625,2.794,0.889));
#5845=DIRECTION('',(-1.0,-5.27553618172919E-18,0.0));
#5846=DIRECTION('',(5.27553618172919E-18,-1.0,0.0));
#5847=SURFACE_STYLE_FILL_AREA(#8100);
#5848=ORIENTED_EDGE('',*,*,#8101,.T.);
#5849=ORIENTED_EDGE('',*,*,#8102,.T.);
#5850=ORIENTED_EDGE('',*,*,#8103,.T.);
#5851=ORIENTED_EDGE('',*,*,#8078,.T.);
#5852=CARTESIAN_POINT('',(17.399,-3.41583831114245,1.11125));
#5853=DIRECTION('',(6.03905807163009E-17,-0.165047605860678,-0.986285601537231));
#5854=DIRECTION('',(1.01059173410079E-17,0.986285601537231,-0.165047605860678));
#5855=SURFACE_STYLE_FILL_AREA(#8104);
#5856=ORIENTED_EDGE('',*,*,#8105,.T.);
#5857=ORIENTED_EDGE('',*,*,#8106,.T.);
#5858=ORIENTED_EDGE('',*,*,#8107,.T.);
#5859=ORIENTED_EDGE('',*,*,#8096,.F.);
#5860=CARTESIAN_POINT('',(17.399,-3.41583831114245,1.42875));
#5861=DIRECTION('',(-6.03905807163009E-17,-0.165047605860678,0.986285601537231));
#5862=DIRECTION('',(1.01059173410079E-17,-0.986285601537231,-0.165047605860678));
#5863=SURFACE_STYLE_FILL_AREA(#8108);
#5864=ORIENTED_EDGE('',*,*,#8103,.F.);
#5865=ORIENTED_EDGE('',*,*,#8109,.T.);
#5866=ORIENTED_EDGE('',*,*,#8105,.F.);
#5867=ORIENTED_EDGE('',*,*,#8099,.F.);
#5868=CARTESIAN_POINT('',(17.53235,-2.88459285914435,0.889));
#5869=DIRECTION('',(-0.986285601537231,-0.165047605860678,0.0));
#5870=DIRECTION('',(0.165047605860678,-0.986285601537231,0.0));
#5871=SURFACE_STYLE_FILL_AREA(#8110);
#5872=ORIENTED_EDGE('',*,*,#8101,.F.);
#5873=ORIENTED_EDGE('',*,*,#8083,.T.);
#5874=ORIENTED_EDGE('',*,*,#8107,.F.);
#5875=ORIENTED_EDGE('',*,*,#8111,.F.);
#5876=CARTESIAN_POINT('',(18.02765,-2.88459285914435,0.889));
#5877=DIRECTION('',(0.986285601537232,-0.165047605860678,0.0));
#5878=DIRECTION('',(0.165047605860678,0.986285601537232,0.0));
#5879=SURFACE_STYLE_FILL_AREA(#8112);
#5880=ORIENTED_EDGE('',*,*,#8102,.F.);
#5881=ORIENTED_EDGE('',*,*,#8111,.T.);
#5882=ORIENTED_EDGE('',*,*,#8106,.F.);
#5883=ORIENTED_EDGE('',*,*,#8109,.F.);
#5884=CARTESIAN_POINT('',(17.78,-3.302,0.889));
#5885=DIRECTION('',(0.0,-1.0,0.0));
#5886=DIRECTION('',(1.0,0.0,0.0));
#5887=SURFACE_STYLE_FILL_AREA(#8113);
#5888=ORIENTED_EDGE('',*,*,#8114,.F.);
#5889=ORIENTED_EDGE('',*,*,#8115,.F.);
#5890=ORIENTED_EDGE('',*,*,#8116,.F.);
#5891=ORIENTED_EDGE('',*,*,#8091,.F.);
#5892=CARTESIAN_POINT('',(17.4625,2.794,0.889));
#5893=DIRECTION('',(-1.0,-5.27553618172919E-18,0.0));
#5894=DIRECTION('',(5.27553618172919E-18,-1.0,0.0));
#5895=SURFACE_STYLE_FILL_AREA(#8117);
#5896=ORIENTED_EDGE('',*,*,#8118,.F.);
#5897=ORIENTED_EDGE('',*,*,#8088,.T.);
#5898=ORIENTED_EDGE('',*,*,#8119,.F.);
#5899=ORIENTED_EDGE('',*,*,#8115,.T.);
#5900=CARTESIAN_POINT('',(17.399,2.794,1.5875));
#5901=DIRECTION('',(-6.12303176911189E-17,-5.27553618172919E-18,1.0));
#5902=DIRECTION('',(3.23022756398271E-34,-1.0,-5.27553618172919E-18));
#5903=SURFACE_STYLE_FILL_AREA(#8120);
#5904=ORIENTED_EDGE('',*,*,#8121,.T.);
#5905=ORIENTED_EDGE('',*,*,#8092,.F.);
#5906=ORIENTED_EDGE('',*,*,#8122,.T.);
#5907=ORIENTED_EDGE('',*,*,#8123,.T.);
#5908=CARTESIAN_POINT('',(17.399,9.00383831114245,1.11125));
#5909=DIRECTION('',(6.03905807163009E-17,0.165047605860678,-0.986285601537231));
#5910=DIRECTION('',(-1.01059173410079E-17,0.986285601537231,0.165047605860678));
#5911=SURFACE_STYLE_FILL_AREA(#8124);
#5912=ORIENTED_EDGE('',*,*,#8125,.T.);
#5913=ORIENTED_EDGE('',*,*,#8119,.T.);
#5914=ORIENTED_EDGE('',*,*,#8126,.T.);
#5915=ORIENTED_EDGE('',*,*,#8127,.T.);
#5916=CARTESIAN_POINT('',(17.399,9.00383831114245,1.42875));
#5917=DIRECTION('',(-6.03905807163009E-17,0.165047605860677,0.986285601537231));
#5918=DIRECTION('',(-1.01059173410079E-17,-0.986285601537231,0.165047605860677));
#5919=SURFACE_STYLE_FILL_AREA(#8128);
#5920=ORIENTED_EDGE('',*,*,#8123,.F.);
#5921=ORIENTED_EDGE('',*,*,#8129,.T.);
#5922=ORIENTED_EDGE('',*,*,#8127,.F.);
#5923=ORIENTED_EDGE('',*,*,#8130,.F.);
#5924=CARTESIAN_POINT('',(17.78,8.89,0.889));
#5925=DIRECTION('',(0.0,1.0,0.0));
#5926=DIRECTION('',(-1.0,0.0,0.0));
#5927=SURFACE_STYLE_FILL_AREA(#8131);
#5928=ORIENTED_EDGE('',*,*,#8122,.F.);
#5929=ORIENTED_EDGE('',*,*,#8116,.T.);
#5930=ORIENTED_EDGE('',*,*,#8125,.F.);
#5931=ORIENTED_EDGE('',*,*,#8129,.F.);
#5932=CARTESIAN_POINT('',(17.53235,8.47259285914435,0.889));
#5933=DIRECTION('',(-0.986285601537232,0.165047605860677,0.0));
#5934=DIRECTION('',(-0.165047605860677,-0.986285601537232,0.0));
#5935=SURFACE_STYLE_FILL_AREA(#8132);
#5936=ORIENTED_EDGE('',*,*,#8121,.F.);
#5937=ORIENTED_EDGE('',*,*,#8130,.T.);
#5938=ORIENTED_EDGE('',*,*,#8126,.F.);
#5939=ORIENTED_EDGE('',*,*,#8087,.F.);
#5940=CARTESIAN_POINT('',(18.02765,8.47259285914435,0.889));
#5941=DIRECTION('',(0.986285601537231,0.165047605860677,0.0));
#5942=DIRECTION('',(-0.165047605860677,0.986285601537231,0.0));
#5943=SURFACE_STYLE_FILL_AREA(#8133);
#5944=ORIENTED_EDGE('',*,*,#8134,.F.);
#5945=ORIENTED_EDGE('',*,*,#8135,.T.);
#5946=ORIENTED_EDGE('',*,*,#8136,.F.);
#5947=ORIENTED_EDGE('',*,*,#8137,.T.);
#5948=CARTESIAN_POINT('',(14.859,2.794,0.9525));
#5949=DIRECTION('',(6.12303176911189E-17,0.0,-1.0));
#5950=DIRECTION('',(0.0,1.0,0.0));
#5951=SURFACE_STYLE_FILL_AREA(#8138);
#5952=ORIENTED_EDGE('',*,*,#8139,.F.);
#5953=ORIENTED_EDGE('',*,*,#8140,.F.);
#5954=ORIENTED_EDGE('',*,*,#8141,.F.);
#5955=ORIENTED_EDGE('',*,*,#8135,.F.);
#5956=CARTESIAN_POINT('',(15.5575,2.794,0.889));
#5957=DIRECTION('',(1.0,0.0,0.0));
#5958=DIRECTION('',(0.0,1.0,0.0));
#5959=SURFACE_STYLE_FILL_AREA(#8142);
#5960=ORIENTED_EDGE('',*,*,#8143,.F.);
#5961=ORIENTED_EDGE('',*,*,#8144,.F.);
#5962=ORIENTED_EDGE('',*,*,#8145,.T.);
#5963=ORIENTED_EDGE('',*,*,#8146,.F.);
#5964=CARTESIAN_POINT('',(15.5575,2.794,0.889));
#5965=DIRECTION('',(1.0,0.0,0.0));
#5966=DIRECTION('',(0.0,1.0,0.0));
#5967=SURFACE_STYLE_FILL_AREA(#8147);
#5968=ORIENTED_EDGE('',*,*,#8148,.F.);
#5969=ORIENTED_EDGE('',*,*,#8149,.T.);
#5970=ORIENTED_EDGE('',*,*,#8150,.T.);
#5971=ORIENTED_EDGE('',*,*,#8144,.T.);
#5972=CARTESIAN_POINT('',(14.859,2.794,0.9525));
#5973=DIRECTION('',(6.12303176911189E-17,0.0,-1.0));
#5974=DIRECTION('',(0.0,1.0,0.0));
#5975=SURFACE_STYLE_FILL_AREA(#8151);
#5976=ORIENTED_EDGE('',*,*,#8152,.F.);
#5977=ORIENTED_EDGE('',*,*,#8153,.T.);
#5978=ORIENTED_EDGE('',*,*,#8154,.T.);
#5979=ORIENTED_EDGE('',*,*,#8140,.T.);
#5980=CARTESIAN_POINT('',(14.859,2.794,1.5875));
#5981=DIRECTION('',(-6.12303176911189E-17,-5.27553618172919E-18,1.0));
#5982=DIRECTION('',(3.23022756398271E-34,-1.0,-5.27553618172919E-18));
#5983=SURFACE_STYLE_FILL_AREA(#8155);
#5984=ORIENTED_EDGE('',*,*,#8156,.F.);
#5985=ORIENTED_EDGE('',*,*,#8137,.F.);
#5986=ORIENTED_EDGE('',*,*,#8157,.T.);
#5987=ORIENTED_EDGE('',*,*,#8153,.F.);
#5988=CARTESIAN_POINT('',(14.9225,2.794,0.889));
#5989=DIRECTION('',(-1.0,-5.27553618172919E-18,0.0));
#5990=DIRECTION('',(5.27553618172919E-18,-1.0,0.0));
#5991=SURFACE_STYLE_FILL_AREA(#8158);
#5992=ORIENTED_EDGE('',*,*,#8159,.T.);
#5993=ORIENTED_EDGE('',*,*,#8160,.T.);
#5994=ORIENTED_EDGE('',*,*,#8161,.T.);
#5995=ORIENTED_EDGE('',*,*,#8136,.T.);
#5996=CARTESIAN_POINT('',(14.859,-3.41583831114245,1.11125));
#5997=DIRECTION('',(6.03905807163009E-17,-0.165047605860678,-0.986285601537231));
#5998=DIRECTION('',(1.01059173410079E-17,0.986285601537231,-0.165047605860678));
#5999=SURFACE_STYLE_FILL_AREA(#8162);
#6000=ORIENTED_EDGE('',*,*,#8163,.T.);
#6001=ORIENTED_EDGE('',*,*,#8164,.T.);
#6002=ORIENTED_EDGE('',*,*,#8165,.T.);
#6003=ORIENTED_EDGE('',*,*,#8154,.F.);
#6004=CARTESIAN_POINT('',(14.859,-3.41583831114245,1.42875));
#6005=DIRECTION('',(-6.03905807163009E-17,-0.165047605860678,0.986285601537231));
#6006=DIRECTION('',(1.01059173410079E-17,-0.986285601537231,-0.165047605860678));
#6007=SURFACE_STYLE_FILL_AREA(#8166);
#6008=ORIENTED_EDGE('',*,*,#8161,.F.);
#6009=ORIENTED_EDGE('',*,*,#8167,.T.);
#6010=ORIENTED_EDGE('',*,*,#8163,.F.);
#6011=ORIENTED_EDGE('',*,*,#8157,.F.);
#6012=CARTESIAN_POINT('',(14.99235,-2.88459285914435,0.889));
#6013=DIRECTION('',(-0.986285601537231,-0.165047605860678,0.0));
#6014=DIRECTION('',(0.165047605860678,-0.986285601537231,0.0));
#6015=SURFACE_STYLE_FILL_AREA(#8168);
#6016=ORIENTED_EDGE('',*,*,#8159,.F.);
#6017=ORIENTED_EDGE('',*,*,#8141,.T.);
#6018=ORIENTED_EDGE('',*,*,#8165,.F.);
#6019=ORIENTED_EDGE('',*,*,#8169,.F.);
#6020=CARTESIAN_POINT('',(15.48765,-2.88459285914435,0.889));
#6021=DIRECTION('',(0.986285601537232,-0.165047605860678,0.0));
#6022=DIRECTION('',(0.165047605860678,0.986285601537232,0.0));
#6023=SURFACE_STYLE_FILL_AREA(#8170);
#6024=ORIENTED_EDGE('',*,*,#8160,.F.);
#6025=ORIENTED_EDGE('',*,*,#8169,.T.);
#6026=ORIENTED_EDGE('',*,*,#8164,.F.);
#6027=ORIENTED_EDGE('',*,*,#8167,.F.);
#6028=CARTESIAN_POINT('',(15.24,-3.302,0.889));
#6029=DIRECTION('',(0.0,-1.0,0.0));
#6030=DIRECTION('',(1.0,0.0,0.0));
#6031=SURFACE_STYLE_FILL_AREA(#8171);
#6032=ORIENTED_EDGE('',*,*,#8172,.F.);
#6033=ORIENTED_EDGE('',*,*,#8173,.F.);
#6034=ORIENTED_EDGE('',*,*,#8174,.F.);
#6035=ORIENTED_EDGE('',*,*,#8149,.F.);
#6036=CARTESIAN_POINT('',(14.9225,2.794,0.889));
#6037=DIRECTION('',(-1.0,-5.27553618172919E-18,0.0));
#6038=DIRECTION('',(5.27553618172919E-18,-1.0,0.0));
#6039=SURFACE_STYLE_FILL_AREA(#8175);
#6040=ORIENTED_EDGE('',*,*,#8176,.F.);
#6041=ORIENTED_EDGE('',*,*,#8146,.T.);
#6042=ORIENTED_EDGE('',*,*,#8177,.F.);
#6043=ORIENTED_EDGE('',*,*,#8173,.T.);
#6044=CARTESIAN_POINT('',(14.859,2.794,1.5875));
#6045=DIRECTION('',(-6.12303176911189E-17,-5.27553618172919E-18,1.0));
#6046=DIRECTION('',(3.23022756398271E-34,-1.0,-5.27553618172919E-18));
#6047=SURFACE_STYLE_FILL_AREA(#8178);
#6048=ORIENTED_EDGE('',*,*,#8179,.T.);
#6049=ORIENTED_EDGE('',*,*,#8150,.F.);
#6050=ORIENTED_EDGE('',*,*,#8180,.T.);
#6051=ORIENTED_EDGE('',*,*,#8181,.T.);
#6052=CARTESIAN_POINT('',(14.859,9.00383831114245,1.11125));
#6053=DIRECTION('',(6.03905807163009E-17,0.165047605860678,-0.986285601537231));
#6054=DIRECTION('',(-1.01059173410079E-17,0.986285601537231,0.165047605860678));
#6055=SURFACE_STYLE_FILL_AREA(#8182);
#6056=ORIENTED_EDGE('',*,*,#8183,.T.);
#6057=ORIENTED_EDGE('',*,*,#8177,.T.);
#6058=ORIENTED_EDGE('',*,*,#8184,.T.);
#6059=ORIENTED_EDGE('',*,*,#8185,.T.);
#6060=CARTESIAN_POINT('',(14.859,9.00383831114245,1.42875));
#6061=DIRECTION('',(-6.03905807163009E-17,0.165047605860677,0.986285601537231));
#6062=DIRECTION('',(-1.01059173410079E-17,-0.986285601537231,0.165047605860677));
#6063=SURFACE_STYLE_FILL_AREA(#8186);
#6064=ORIENTED_EDGE('',*,*,#8181,.F.);
#6065=ORIENTED_EDGE('',*,*,#8187,.T.);
#6066=ORIENTED_EDGE('',*,*,#8185,.F.);
#6067=ORIENTED_EDGE('',*,*,#8188,.F.);
#6068=CARTESIAN_POINT('',(15.24,8.89,0.889));
#6069=DIRECTION('',(0.0,1.0,0.0));
#6070=DIRECTION('',(-1.0,0.0,0.0));
#6071=SURFACE_STYLE_FILL_AREA(#8189);
#6072=ORIENTED_EDGE('',*,*,#8180,.F.);
#6073=ORIENTED_EDGE('',*,*,#8174,.T.);
#6074=ORIENTED_EDGE('',*,*,#8183,.F.);
#6075=ORIENTED_EDGE('',*,*,#8187,.F.);
#6076=CARTESIAN_POINT('',(14.99235,8.47259285914435,0.889));
#6077=DIRECTION('',(-0.986285601537232,0.165047605860677,0.0));
#6078=DIRECTION('',(-0.165047605860677,-0.986285601537232,0.0));
#6079=SURFACE_STYLE_FILL_AREA(#8190);
#6080=ORIENTED_EDGE('',*,*,#8179,.F.);
#6081=ORIENTED_EDGE('',*,*,#8188,.T.);
#6082=ORIENTED_EDGE('',*,*,#8184,.F.);
#6083=ORIENTED_EDGE('',*,*,#8145,.F.);
#6084=CARTESIAN_POINT('',(15.48765,8.47259285914435,0.889));
#6085=DIRECTION('',(0.986285601537231,0.165047605860677,0.0));
#6086=DIRECTION('',(-0.165047605860677,0.986285601537231,0.0));
#6087=SURFACE_STYLE_FILL_AREA(#8191);
#6088=ORIENTED_EDGE('',*,*,#8192,.F.);
#6089=ORIENTED_EDGE('',*,*,#8193,.T.);
#6090=ORIENTED_EDGE('',*,*,#8194,.F.);
#6091=ORIENTED_EDGE('',*,*,#8195,.T.);
#6092=CARTESIAN_POINT('',(12.319,2.794,0.9525));
#6093=DIRECTION('',(6.12303176911189E-17,0.0,-1.0));
#6094=DIRECTION('',(0.0,1.0,0.0));
#6095=SURFACE_STYLE_FILL_AREA(#8196);
#6096=ORIENTED_EDGE('',*,*,#8197,.F.);
#6097=ORIENTED_EDGE('',*,*,#8198,.F.);
#6098=ORIENTED_EDGE('',*,*,#8199,.F.);
#6099=ORIENTED_EDGE('',*,*,#8193,.F.);
#6100=CARTESIAN_POINT('',(13.0175,2.794,0.889));
#6101=DIRECTION('',(1.0,0.0,0.0));
#6102=DIRECTION('',(0.0,1.0,0.0));
#6103=SURFACE_STYLE_FILL_AREA(#8200);
#6104=ORIENTED_EDGE('',*,*,#8201,.F.);
#6105=ORIENTED_EDGE('',*,*,#8202,.F.);
#6106=ORIENTED_EDGE('',*,*,#8203,.T.);
#6107=ORIENTED_EDGE('',*,*,#8204,.F.);
#6108=CARTESIAN_POINT('',(13.0175,2.794,0.889));
#6109=DIRECTION('',(1.0,0.0,0.0));
#6110=DIRECTION('',(0.0,1.0,0.0));
#6111=SURFACE_STYLE_FILL_AREA(#8205);
#6112=ORIENTED_EDGE('',*,*,#8206,.F.);
#6113=ORIENTED_EDGE('',*,*,#8207,.T.);
#6114=ORIENTED_EDGE('',*,*,#8208,.T.);
#6115=ORIENTED_EDGE('',*,*,#8202,.T.);
#6116=CARTESIAN_POINT('',(12.319,2.794,0.9525));
#6117=DIRECTION('',(6.12303176911189E-17,0.0,-1.0));
#6118=DIRECTION('',(0.0,1.0,0.0));
#6119=SURFACE_STYLE_FILL_AREA(#8209);
#6120=ORIENTED_EDGE('',*,*,#8210,.F.);
#6121=ORIENTED_EDGE('',*,*,#8211,.T.);
#6122=ORIENTED_EDGE('',*,*,#8212,.T.);
#6123=ORIENTED_EDGE('',*,*,#8198,.T.);
#6124=CARTESIAN_POINT('',(12.319,2.794,1.5875));
#6125=DIRECTION('',(-6.12303176911189E-17,-5.27553618172919E-18,1.0));
#6126=DIRECTION('',(3.23022756398271E-34,-1.0,-5.27553618172919E-18));
#6127=SURFACE_STYLE_FILL_AREA(#8213);
#6128=ORIENTED_EDGE('',*,*,#8214,.F.);
#6129=ORIENTED_EDGE('',*,*,#8195,.F.);
#6130=ORIENTED_EDGE('',*,*,#8215,.T.);
#6131=ORIENTED_EDGE('',*,*,#8211,.F.);
#6132=CARTESIAN_POINT('',(12.3825,2.794,0.889));
#6133=DIRECTION('',(-1.0,-5.27553618172919E-18,0.0));
#6134=DIRECTION('',(5.27553618172919E-18,-1.0,0.0));
#6135=SURFACE_STYLE_FILL_AREA(#8216);
#6136=ORIENTED_EDGE('',*,*,#8217,.T.);
#6137=ORIENTED_EDGE('',*,*,#8218,.T.);
#6138=ORIENTED_EDGE('',*,*,#8219,.T.);
#6139=ORIENTED_EDGE('',*,*,#8194,.T.);
#6140=CARTESIAN_POINT('',(12.319,-3.41583831114245,1.11125));
#6141=DIRECTION('',(6.03905807163009E-17,-0.165047605860678,-0.986285601537231));
#6142=DIRECTION('',(1.01059173410079E-17,0.986285601537231,-0.165047605860678));
#6143=SURFACE_STYLE_FILL_AREA(#8220);
#6144=ORIENTED_EDGE('',*,*,#8221,.T.);
#6145=ORIENTED_EDGE('',*,*,#8222,.T.);
#6146=ORIENTED_EDGE('',*,*,#8223,.T.);
#6147=ORIENTED_EDGE('',*,*,#8212,.F.);
#6148=CARTESIAN_POINT('',(12.319,-3.41583831114245,1.42875));
#6149=DIRECTION('',(-6.03905807163009E-17,-0.165047605860678,0.986285601537231));
#6150=DIRECTION('',(1.01059173410079E-17,-0.986285601537231,-0.165047605860678));
#6151=SURFACE_STYLE_FILL_AREA(#8224);
#6152=ORIENTED_EDGE('',*,*,#8219,.F.);
#6153=ORIENTED_EDGE('',*,*,#8225,.T.);
#6154=ORIENTED_EDGE('',*,*,#8221,.F.);
#6155=ORIENTED_EDGE('',*,*,#8215,.F.);
#6156=CARTESIAN_POINT('',(12.45235,-2.88459285914435,0.889));
#6157=DIRECTION('',(-0.986285601537231,-0.165047605860678,0.0));
#6158=DIRECTION('',(0.165047605860678,-0.986285601537231,0.0));
#6159=SURFACE_STYLE_FILL_AREA(#8226);
#6160=ORIENTED_EDGE('',*,*,#8217,.F.);
#6161=ORIENTED_EDGE('',*,*,#8199,.T.);
#6162=ORIENTED_EDGE('',*,*,#8223,.F.);
#6163=ORIENTED_EDGE('',*,*,#8227,.F.);
#6164=CARTESIAN_POINT('',(12.94765,-2.88459285914435,0.889));
#6165=DIRECTION('',(0.986285601537232,-0.165047605860678,0.0));
#6166=DIRECTION('',(0.165047605860678,0.986285601537232,0.0));
#6167=SURFACE_STYLE_FILL_AREA(#8228);
#6168=ORIENTED_EDGE('',*,*,#8218,.F.);
#6169=ORIENTED_EDGE('',*,*,#8227,.T.);
#6170=ORIENTED_EDGE('',*,*,#8222,.F.);
#6171=ORIENTED_EDGE('',*,*,#8225,.F.);
#6172=CARTESIAN_POINT('',(12.7,-3.302,0.889));
#6173=DIRECTION('',(0.0,-1.0,0.0));
#6174=DIRECTION('',(1.0,0.0,0.0));
#6175=SURFACE_STYLE_FILL_AREA(#8229);
#6176=ORIENTED_EDGE('',*,*,#8230,.F.);
#6177=ORIENTED_EDGE('',*,*,#8231,.F.);
#6178=ORIENTED_EDGE('',*,*,#8232,.F.);
#6179=ORIENTED_EDGE('',*,*,#8207,.F.);
#6180=CARTESIAN_POINT('',(12.3825,2.794,0.889));
#6181=DIRECTION('',(-1.0,-5.27553618172919E-18,0.0));
#6182=DIRECTION('',(5.27553618172919E-18,-1.0,0.0));
#6183=SURFACE_STYLE_FILL_AREA(#8233);
#6184=ORIENTED_EDGE('',*,*,#8234,.F.);
#6185=ORIENTED_EDGE('',*,*,#8204,.T.);
#6186=ORIENTED_EDGE('',*,*,#8235,.F.);
#6187=ORIENTED_EDGE('',*,*,#8231,.T.);
#6188=CARTESIAN_POINT('',(12.319,2.794,1.5875));
#6189=DIRECTION('',(-6.12303176911189E-17,-5.27553618172919E-18,1.0));
#6190=DIRECTION('',(3.23022756398271E-34,-1.0,-5.27553618172919E-18));
#6191=SURFACE_STYLE_FILL_AREA(#8236);
#6192=ORIENTED_EDGE('',*,*,#8237,.T.);
#6193=ORIENTED_EDGE('',*,*,#8208,.F.);
#6194=ORIENTED_EDGE('',*,*,#8238,.T.);
#6195=ORIENTED_EDGE('',*,*,#8239,.T.);
#6196=CARTESIAN_POINT('',(12.319,9.00383831114245,1.11125));
#6197=DIRECTION('',(6.03905807163009E-17,0.165047605860678,-0.986285601537231));
#6198=DIRECTION('',(-1.01059173410079E-17,0.986285601537231,0.165047605860678));
#6199=SURFACE_STYLE_FILL_AREA(#8240);
#6200=ORIENTED_EDGE('',*,*,#8241,.T.);
#6201=ORIENTED_EDGE('',*,*,#8235,.T.);
#6202=ORIENTED_EDGE('',*,*,#8242,.T.);
#6203=ORIENTED_EDGE('',*,*,#8243,.T.);
#6204=CARTESIAN_POINT('',(12.319,9.00383831114245,1.42875));
#6205=DIRECTION('',(-6.03905807163009E-17,0.165047605860677,0.986285601537231));
#6206=DIRECTION('',(-1.01059173410079E-17,-0.986285601537231,0.165047605860677));
#6207=SURFACE_STYLE_FILL_AREA(#8244);
#6208=ORIENTED_EDGE('',*,*,#8239,.F.);
#6209=ORIENTED_EDGE('',*,*,#8245,.T.);
#6210=ORIENTED_EDGE('',*,*,#8243,.F.);
#6211=ORIENTED_EDGE('',*,*,#8246,.F.);
#6212=CARTESIAN_POINT('',(12.7,8.89,0.889));
#6213=DIRECTION('',(0.0,1.0,0.0));
#6214=DIRECTION('',(-1.0,0.0,0.0));
#6215=SURFACE_STYLE_FILL_AREA(#8247);
#6216=ORIENTED_EDGE('',*,*,#8238,.F.);
#6217=ORIENTED_EDGE('',*,*,#8232,.T.);
#6218=ORIENTED_EDGE('',*,*,#8241,.F.);
#6219=ORIENTED_EDGE('',*,*,#8245,.F.);
#6220=CARTESIAN_POINT('',(12.45235,8.47259285914435,0.889));
#6221=DIRECTION('',(-0.986285601537232,0.165047605860677,0.0));
#6222=DIRECTION('',(-0.165047605860677,-0.986285601537232,0.0));
#6223=SURFACE_STYLE_FILL_AREA(#8248);
#6224=ORIENTED_EDGE('',*,*,#8237,.F.);
#6225=ORIENTED_EDGE('',*,*,#8246,.T.);
#6226=ORIENTED_EDGE('',*,*,#8242,.F.);
#6227=ORIENTED_EDGE('',*,*,#8203,.F.);
#6228=CARTESIAN_POINT('',(12.94765,8.47259285914435,0.889));
#6229=DIRECTION('',(0.986285601537231,0.165047605860677,0.0));
#6230=DIRECTION('',(-0.165047605860677,0.986285601537231,0.0));
#6231=SURFACE_STYLE_FILL_AREA(#8249);
#6232=ORIENTED_EDGE('',*,*,#8250,.F.);
#6233=ORIENTED_EDGE('',*,*,#8251,.T.);
#6234=ORIENTED_EDGE('',*,*,#8252,.F.);
#6235=ORIENTED_EDGE('',*,*,#8253,.T.);
#6236=CARTESIAN_POINT('',(9.779,2.794,0.9525));
#6237=DIRECTION('',(6.12303176911189E-17,0.0,-1.0));
#6238=DIRECTION('',(0.0,1.0,0.0));
#6239=SURFACE_STYLE_FILL_AREA(#8254);
#6240=ORIENTED_EDGE('',*,*,#8255,.F.);
#6241=ORIENTED_EDGE('',*,*,#8256,.F.);
#6242=ORIENTED_EDGE('',*,*,#8257,.F.);
#6243=ORIENTED_EDGE('',*,*,#8251,.F.);
#6244=CARTESIAN_POINT('',(10.4775,2.794,0.889));
#6245=DIRECTION('',(1.0,0.0,0.0));
#6246=DIRECTION('',(0.0,1.0,0.0));
#6247=SURFACE_STYLE_FILL_AREA(#8258);
#6248=ORIENTED_EDGE('',*,*,#8259,.F.);
#6249=ORIENTED_EDGE('',*,*,#8260,.F.);
#6250=ORIENTED_EDGE('',*,*,#8261,.T.);
#6251=ORIENTED_EDGE('',*,*,#8262,.F.);
#6252=CARTESIAN_POINT('',(10.4775,2.794,0.889));
#6253=DIRECTION('',(1.0,0.0,0.0));
#6254=DIRECTION('',(0.0,1.0,0.0));
#6255=SURFACE_STYLE_FILL_AREA(#8263);
#6256=ORIENTED_EDGE('',*,*,#8264,.F.);
#6257=ORIENTED_EDGE('',*,*,#8265,.T.);
#6258=ORIENTED_EDGE('',*,*,#8266,.T.);
#6259=ORIENTED_EDGE('',*,*,#8260,.T.);
#6260=CARTESIAN_POINT('',(9.779,2.794,0.9525));
#6261=DIRECTION('',(6.12303176911189E-17,0.0,-1.0));
#6262=DIRECTION('',(0.0,1.0,0.0));
#6263=SURFACE_STYLE_FILL_AREA(#8267);
#6264=ORIENTED_EDGE('',*,*,#8268,.F.);
#6265=ORIENTED_EDGE('',*,*,#8269,.T.);
#6266=ORIENTED_EDGE('',*,*,#8270,.T.);
#6267=ORIENTED_EDGE('',*,*,#8256,.T.);
#6268=CARTESIAN_POINT('',(9.779,2.794,1.5875));
#6269=DIRECTION('',(-6.12303176911189E-17,-5.27553618172919E-18,1.0));
#6270=DIRECTION('',(3.23022756398271E-34,-1.0,-5.27553618172919E-18));
#6271=SURFACE_STYLE_FILL_AREA(#8271);
#6272=ORIENTED_EDGE('',*,*,#8272,.F.);
#6273=ORIENTED_EDGE('',*,*,#8253,.F.);
#6274=ORIENTED_EDGE('',*,*,#8273,.T.);
#6275=ORIENTED_EDGE('',*,*,#8269,.F.);
#6276=CARTESIAN_POINT('',(9.8425,2.794,0.889));
#6277=DIRECTION('',(-1.0,-5.27553618172919E-18,0.0));
#6278=DIRECTION('',(5.27553618172919E-18,-1.0,0.0));
#6279=SURFACE_STYLE_FILL_AREA(#8274);
#6280=ORIENTED_EDGE('',*,*,#8275,.T.);
#6281=ORIENTED_EDGE('',*,*,#8276,.T.);
#6282=ORIENTED_EDGE('',*,*,#8277,.T.);
#6283=ORIENTED_EDGE('',*,*,#8252,.T.);
#6284=CARTESIAN_POINT('',(9.779,-3.41583831114245,1.11125));
#6285=DIRECTION('',(6.03905807163009E-17,-0.165047605860678,-0.986285601537231));
#6286=DIRECTION('',(1.01059173410079E-17,0.986285601537231,-0.165047605860678));
#6287=SURFACE_STYLE_FILL_AREA(#8278);
#6288=ORIENTED_EDGE('',*,*,#8279,.T.);
#6289=ORIENTED_EDGE('',*,*,#8280,.T.);
#6290=ORIENTED_EDGE('',*,*,#8281,.T.);
#6291=ORIENTED_EDGE('',*,*,#8270,.F.);
#6292=CARTESIAN_POINT('',(9.779,-3.41583831114245,1.42875));
#6293=DIRECTION('',(-6.03905807163009E-17,-0.165047605860678,0.986285601537231));
#6294=DIRECTION('',(1.01059173410079E-17,-0.986285601537231,-0.165047605860678));
#6295=SURFACE_STYLE_FILL_AREA(#8282);
#6296=ORIENTED_EDGE('',*,*,#8277,.F.);
#6297=ORIENTED_EDGE('',*,*,#8283,.T.);
#6298=ORIENTED_EDGE('',*,*,#8279,.F.);
#6299=ORIENTED_EDGE('',*,*,#8273,.F.);
#6300=CARTESIAN_POINT('',(9.91235,-2.88459285914435,0.889));
#6301=DIRECTION('',(-0.986285601537231,-0.165047605860678,0.0));
#6302=DIRECTION('',(0.165047605860678,-0.986285601537231,0.0));
#6303=SURFACE_STYLE_FILL_AREA(#8284);
#6304=ORIENTED_EDGE('',*,*,#8275,.F.);
#6305=ORIENTED_EDGE('',*,*,#8257,.T.);
#6306=ORIENTED_EDGE('',*,*,#8281,.F.);
#6307=ORIENTED_EDGE('',*,*,#8285,.F.);
#6308=CARTESIAN_POINT('',(10.40765,-2.88459285914435,0.889));
#6309=DIRECTION('',(0.986285601537232,-0.165047605860678,0.0));
#6310=DIRECTION('',(0.165047605860678,0.986285601537232,0.0));
#6311=SURFACE_STYLE_FILL_AREA(#8286);
#6312=ORIENTED_EDGE('',*,*,#8276,.F.);
#6313=ORIENTED_EDGE('',*,*,#8285,.T.);
#6314=ORIENTED_EDGE('',*,*,#8280,.F.);
#6315=ORIENTED_EDGE('',*,*,#8283,.F.);
#6316=CARTESIAN_POINT('',(10.16,-3.302,0.889));
#6317=DIRECTION('',(0.0,-1.0,0.0));
#6318=DIRECTION('',(1.0,0.0,0.0));
#6319=SURFACE_STYLE_FILL_AREA(#8287);
#6320=ORIENTED_EDGE('',*,*,#8288,.F.);
#6321=ORIENTED_EDGE('',*,*,#8289,.F.);
#6322=ORIENTED_EDGE('',*,*,#8290,.F.);
#6323=ORIENTED_EDGE('',*,*,#8265,.F.);
#6324=CARTESIAN_POINT('',(9.8425,2.794,0.889));
#6325=DIRECTION('',(-1.0,-5.27553618172919E-18,0.0));
#6326=DIRECTION('',(5.27553618172919E-18,-1.0,0.0));
#6327=SURFACE_STYLE_FILL_AREA(#8291);
#6328=ORIENTED_EDGE('',*,*,#8292,.F.);
#6329=ORIENTED_EDGE('',*,*,#8262,.T.);
#6330=ORIENTED_EDGE('',*,*,#8293,.F.);
#6331=ORIENTED_EDGE('',*,*,#8289,.T.);
#6332=CARTESIAN_POINT('',(9.779,2.794,1.5875));
#6333=DIRECTION('',(-6.12303176911189E-17,-5.27553618172919E-18,1.0));
#6334=DIRECTION('',(3.23022756398271E-34,-1.0,-5.27553618172919E-18));
#6335=SURFACE_STYLE_FILL_AREA(#8294);
#6336=ORIENTED_EDGE('',*,*,#8295,.T.);
#6337=ORIENTED_EDGE('',*,*,#8266,.F.);
#6338=ORIENTED_EDGE('',*,*,#8296,.T.);
#6339=ORIENTED_EDGE('',*,*,#8297,.T.);
#6340=CARTESIAN_POINT('',(9.779,9.00383831114245,1.11125));
#6341=DIRECTION('',(6.03905807163009E-17,0.165047605860678,-0.986285601537231));
#6342=DIRECTION('',(-1.01059173410079E-17,0.986285601537231,0.165047605860678));
#6343=SURFACE_STYLE_FILL_AREA(#8298);
#6344=ORIENTED_EDGE('',*,*,#8299,.T.);
#6345=ORIENTED_EDGE('',*,*,#8293,.T.);
#6346=ORIENTED_EDGE('',*,*,#8300,.T.);
#6347=ORIENTED_EDGE('',*,*,#8301,.T.);
#6348=CARTESIAN_POINT('',(9.779,9.00383831114245,1.42875));
#6349=DIRECTION('',(-6.03905807163009E-17,0.165047605860677,0.986285601537231));
#6350=DIRECTION('',(-1.01059173410079E-17,-0.986285601537231,0.165047605860677));
#6351=SURFACE_STYLE_FILL_AREA(#8302);
#6352=ORIENTED_EDGE('',*,*,#8297,.F.);
#6353=ORIENTED_EDGE('',*,*,#8303,.T.);
#6354=ORIENTED_EDGE('',*,*,#8301,.F.);
#6355=ORIENTED_EDGE('',*,*,#8304,.F.);
#6356=CARTESIAN_POINT('',(10.16,8.89,0.889));
#6357=DIRECTION('',(0.0,1.0,0.0));
#6358=DIRECTION('',(-1.0,0.0,0.0));
#6359=SURFACE_STYLE_FILL_AREA(#8305);
#6360=ORIENTED_EDGE('',*,*,#8296,.F.);
#6361=ORIENTED_EDGE('',*,*,#8290,.T.);
#6362=ORIENTED_EDGE('',*,*,#8299,.F.);
#6363=ORIENTED_EDGE('',*,*,#8303,.F.);
#6364=CARTESIAN_POINT('',(9.91235,8.47259285914435,0.889));
#6365=DIRECTION('',(-0.986285601537232,0.165047605860677,0.0));
#6366=DIRECTION('',(-0.165047605860677,-0.986285601537232,0.0));
#6367=SURFACE_STYLE_FILL_AREA(#8306);
#6368=ORIENTED_EDGE('',*,*,#8295,.F.);
#6369=ORIENTED_EDGE('',*,*,#8304,.T.);
#6370=ORIENTED_EDGE('',*,*,#8300,.F.);
#6371=ORIENTED_EDGE('',*,*,#8261,.F.);
#6372=CARTESIAN_POINT('',(10.40765,8.47259285914435,0.889));
#6373=DIRECTION('',(0.986285601537231,0.165047605860677,0.0));
#6374=DIRECTION('',(-0.165047605860677,0.986285601537231,0.0));
#6375=SURFACE_STYLE_FILL_AREA(#8307);
#6376=ORIENTED_EDGE('',*,*,#8308,.F.);
#6377=ORIENTED_EDGE('',*,*,#8309,.T.);
#6378=ORIENTED_EDGE('',*,*,#8310,.F.);
#6379=ORIENTED_EDGE('',*,*,#8311,.T.);
#6380=CARTESIAN_POINT('',(7.239,2.794,0.9525));
#6381=DIRECTION('',(6.12303176911189E-17,0.0,-1.0));
#6382=DIRECTION('',(0.0,1.0,0.0));
#6383=SURFACE_STYLE_FILL_AREA(#8312);
#6384=ORIENTED_EDGE('',*,*,#8313,.F.);
#6385=ORIENTED_EDGE('',*,*,#8314,.F.);
#6386=ORIENTED_EDGE('',*,*,#8315,.F.);
#6387=ORIENTED_EDGE('',*,*,#8309,.F.);
#6388=CARTESIAN_POINT('',(7.9375,2.794,0.889));
#6389=DIRECTION('',(1.0,0.0,0.0));
#6390=DIRECTION('',(0.0,1.0,0.0));
#6391=SURFACE_STYLE_FILL_AREA(#8316);
#6392=ORIENTED_EDGE('',*,*,#8317,.F.);
#6393=ORIENTED_EDGE('',*,*,#8318,.F.);
#6394=ORIENTED_EDGE('',*,*,#8319,.T.);
#6395=ORIENTED_EDGE('',*,*,#8320,.F.);
#6396=CARTESIAN_POINT('',(7.9375,2.794,0.889));
#6397=DIRECTION('',(1.0,0.0,0.0));
#6398=DIRECTION('',(0.0,1.0,0.0));
#6399=SURFACE_STYLE_FILL_AREA(#8321);
#6400=ORIENTED_EDGE('',*,*,#8322,.F.);
#6401=ORIENTED_EDGE('',*,*,#8323,.T.);
#6402=ORIENTED_EDGE('',*,*,#8324,.T.);
#6403=ORIENTED_EDGE('',*,*,#8318,.T.);
#6404=CARTESIAN_POINT('',(7.239,2.794,0.9525));
#6405=DIRECTION('',(6.12303176911189E-17,0.0,-1.0));
#6406=DIRECTION('',(0.0,1.0,0.0));
#6407=SURFACE_STYLE_FILL_AREA(#8325);
#6408=ORIENTED_EDGE('',*,*,#8326,.F.);
#6409=ORIENTED_EDGE('',*,*,#8327,.T.);
#6410=ORIENTED_EDGE('',*,*,#8328,.T.);
#6411=ORIENTED_EDGE('',*,*,#8314,.T.);
#6412=CARTESIAN_POINT('',(7.239,2.794,1.5875));
#6413=DIRECTION('',(-6.12303176911189E-17,-5.27553618172919E-18,1.0));
#6414=DIRECTION('',(3.23022756398271E-34,-1.0,-5.27553618172919E-18));
#6415=SURFACE_STYLE_FILL_AREA(#8329);
#6416=ORIENTED_EDGE('',*,*,#8330,.F.);
#6417=ORIENTED_EDGE('',*,*,#8311,.F.);
#6418=ORIENTED_EDGE('',*,*,#8331,.T.);
#6419=ORIENTED_EDGE('',*,*,#8327,.F.);
#6420=CARTESIAN_POINT('',(7.3025,2.794,0.889));
#6421=DIRECTION('',(-1.0,-5.27553618172919E-18,0.0));
#6422=DIRECTION('',(5.27553618172919E-18,-1.0,0.0));
#6423=SURFACE_STYLE_FILL_AREA(#8332);
#6424=ORIENTED_EDGE('',*,*,#8333,.T.);
#6425=ORIENTED_EDGE('',*,*,#8334,.T.);
#6426=ORIENTED_EDGE('',*,*,#8335,.T.);
#6427=ORIENTED_EDGE('',*,*,#8310,.T.);
#6428=CARTESIAN_POINT('',(7.239,-3.41583831114245,1.11125));
#6429=DIRECTION('',(6.03905807163009E-17,-0.165047605860678,-0.986285601537231));
#6430=DIRECTION('',(1.01059173410079E-17,0.986285601537231,-0.165047605860678));
#6431=SURFACE_STYLE_FILL_AREA(#8336);
#6432=ORIENTED_EDGE('',*,*,#8337,.T.);
#6433=ORIENTED_EDGE('',*,*,#8338,.T.);
#6434=ORIENTED_EDGE('',*,*,#8339,.T.);
#6435=ORIENTED_EDGE('',*,*,#8328,.F.);
#6436=CARTESIAN_POINT('',(7.239,-3.41583831114245,1.42875));
#6437=DIRECTION('',(-6.03905807163009E-17,-0.165047605860678,0.986285601537231));
#6438=DIRECTION('',(1.01059173410079E-17,-0.986285601537231,-0.165047605860678));
#6439=SURFACE_STYLE_FILL_AREA(#8340);
#6440=ORIENTED_EDGE('',*,*,#8335,.F.);
#6441=ORIENTED_EDGE('',*,*,#8341,.T.);
#6442=ORIENTED_EDGE('',*,*,#8337,.F.);
#6443=ORIENTED_EDGE('',*,*,#8331,.F.);
#6444=CARTESIAN_POINT('',(7.37235,-2.88459285914435,0.889));
#6445=DIRECTION('',(-0.986285601537231,-0.165047605860678,0.0));
#6446=DIRECTION('',(0.165047605860678,-0.986285601537231,0.0));
#6447=SURFACE_STYLE_FILL_AREA(#8342);
#6448=ORIENTED_EDGE('',*,*,#8333,.F.);
#6449=ORIENTED_EDGE('',*,*,#8315,.T.);
#6450=ORIENTED_EDGE('',*,*,#8339,.F.);
#6451=ORIENTED_EDGE('',*,*,#8343,.F.);
#6452=CARTESIAN_POINT('',(7.86765,-2.88459285914435,0.889));
#6453=DIRECTION('',(0.986285601537232,-0.165047605860678,0.0));
#6454=DIRECTION('',(0.165047605860678,0.986285601537232,0.0));
#6455=SURFACE_STYLE_FILL_AREA(#8344);
#6456=ORIENTED_EDGE('',*,*,#8334,.F.);
#6457=ORIENTED_EDGE('',*,*,#8343,.T.);
#6458=ORIENTED_EDGE('',*,*,#8338,.F.);
#6459=ORIENTED_EDGE('',*,*,#8341,.F.);
#6460=CARTESIAN_POINT('',(7.62,-3.302,0.889));
#6461=DIRECTION('',(0.0,-1.0,0.0));
#6462=DIRECTION('',(1.0,0.0,0.0));
#6463=SURFACE_STYLE_FILL_AREA(#8345);
#6464=ORIENTED_EDGE('',*,*,#8346,.F.);
#6465=ORIENTED_EDGE('',*,*,#8347,.F.);
#6466=ORIENTED_EDGE('',*,*,#8348,.F.);
#6467=ORIENTED_EDGE('',*,*,#8323,.F.);
#6468=CARTESIAN_POINT('',(7.3025,2.794,0.889));
#6469=DIRECTION('',(-1.0,-5.27553618172919E-18,0.0));
#6470=DIRECTION('',(5.27553618172919E-18,-1.0,0.0));
#6471=SURFACE_STYLE_FILL_AREA(#8349);
#6472=ORIENTED_EDGE('',*,*,#8350,.F.);
#6473=ORIENTED_EDGE('',*,*,#8320,.T.);
#6474=ORIENTED_EDGE('',*,*,#8351,.F.);
#6475=ORIENTED_EDGE('',*,*,#8347,.T.);
#6476=CARTESIAN_POINT('',(7.239,2.794,1.5875));
#6477=DIRECTION('',(-6.12303176911189E-17,-5.27553618172919E-18,1.0));
#6478=DIRECTION('',(3.23022756398271E-34,-1.0,-5.27553618172919E-18));
#6479=SURFACE_STYLE_FILL_AREA(#8352);
#6480=ORIENTED_EDGE('',*,*,#8353,.T.);
#6481=ORIENTED_EDGE('',*,*,#8324,.F.);
#6482=ORIENTED_EDGE('',*,*,#8354,.T.);
#6483=ORIENTED_EDGE('',*,*,#8355,.T.);
#6484=CARTESIAN_POINT('',(7.239,9.00383831114245,1.11125));
#6485=DIRECTION('',(6.03905807163009E-17,0.165047605860678,-0.986285601537231));
#6486=DIRECTION('',(-1.01059173410079E-17,0.986285601537231,0.165047605860678));
#6487=SURFACE_STYLE_FILL_AREA(#8356);
#6488=ORIENTED_EDGE('',*,*,#8357,.T.);
#6489=ORIENTED_EDGE('',*,*,#8351,.T.);
#6490=ORIENTED_EDGE('',*,*,#8358,.T.);
#6491=ORIENTED_EDGE('',*,*,#8359,.T.);
#6492=CARTESIAN_POINT('',(7.239,9.00383831114245,1.42875));
#6493=DIRECTION('',(-6.03905807163009E-17,0.165047605860677,0.986285601537231));
#6494=DIRECTION('',(-1.01059173410079E-17,-0.986285601537231,0.165047605860677));
#6495=SURFACE_STYLE_FILL_AREA(#8360);
#6496=ORIENTED_EDGE('',*,*,#8355,.F.);
#6497=ORIENTED_EDGE('',*,*,#8361,.T.);
#6498=ORIENTED_EDGE('',*,*,#8359,.F.);
#6499=ORIENTED_EDGE('',*,*,#8362,.F.);
#6500=CARTESIAN_POINT('',(7.62,8.89,0.889));
#6501=DIRECTION('',(0.0,1.0,0.0));
#6502=DIRECTION('',(-1.0,0.0,0.0));
#6503=SURFACE_STYLE_FILL_AREA(#8363);
#6504=ORIENTED_EDGE('',*,*,#8354,.F.);
#6505=ORIENTED_EDGE('',*,*,#8348,.T.);
#6506=ORIENTED_EDGE('',*,*,#8357,.F.);
#6507=ORIENTED_EDGE('',*,*,#8361,.F.);
#6508=CARTESIAN_POINT('',(7.37235,8.47259285914435,0.889));
#6509=DIRECTION('',(-0.986285601537232,0.165047605860677,0.0));
#6510=DIRECTION('',(-0.165047605860677,-0.986285601537232,0.0));
#6511=SURFACE_STYLE_FILL_AREA(#8364);
#6512=ORIENTED_EDGE('',*,*,#8353,.F.);
#6513=ORIENTED_EDGE('',*,*,#8362,.T.);
#6514=ORIENTED_EDGE('',*,*,#8358,.F.);
#6515=ORIENTED_EDGE('',*,*,#8319,.F.);
#6516=CARTESIAN_POINT('',(7.86765,8.47259285914435,0.889));
#6517=DIRECTION('',(0.986285601537231,0.165047605860677,0.0));
#6518=DIRECTION('',(-0.165047605860677,0.986285601537231,0.0));
#6519=SURFACE_STYLE_FILL_AREA(#8365);
#6520=ORIENTED_EDGE('',*,*,#8366,.F.);
#6521=ORIENTED_EDGE('',*,*,#8367,.T.);
#6522=ORIENTED_EDGE('',*,*,#8368,.F.);
#6523=ORIENTED_EDGE('',*,*,#8369,.T.);
#6524=CARTESIAN_POINT('',(4.699,2.794,0.9525));
#6525=DIRECTION('',(6.12303176911189E-17,0.0,-1.0));
#6526=DIRECTION('',(0.0,1.0,0.0));
#6527=SURFACE_STYLE_FILL_AREA(#8370);
#6528=ORIENTED_EDGE('',*,*,#8371,.F.);
#6529=ORIENTED_EDGE('',*,*,#8372,.F.);
#6530=ORIENTED_EDGE('',*,*,#8373,.F.);
#6531=ORIENTED_EDGE('',*,*,#8367,.F.);
#6532=CARTESIAN_POINT('',(5.3975,2.794,0.889));
#6533=DIRECTION('',(1.0,0.0,0.0));
#6534=DIRECTION('',(0.0,1.0,0.0));
#6535=SURFACE_STYLE_FILL_AREA(#8374);
#6536=ORIENTED_EDGE('',*,*,#8375,.F.);
#6537=ORIENTED_EDGE('',*,*,#8376,.F.);
#6538=ORIENTED_EDGE('',*,*,#8377,.T.);
#6539=ORIENTED_EDGE('',*,*,#8378,.F.);
#6540=CARTESIAN_POINT('',(5.3975,2.794,0.889));
#6541=DIRECTION('',(1.0,0.0,0.0));
#6542=DIRECTION('',(0.0,1.0,0.0));
#6543=SURFACE_STYLE_FILL_AREA(#8379);
#6544=ORIENTED_EDGE('',*,*,#8380,.F.);
#6545=ORIENTED_EDGE('',*,*,#8381,.T.);
#6546=ORIENTED_EDGE('',*,*,#8382,.T.);
#6547=ORIENTED_EDGE('',*,*,#8376,.T.);
#6548=CARTESIAN_POINT('',(4.699,2.794,0.9525));
#6549=DIRECTION('',(6.12303176911189E-17,0.0,-1.0));
#6550=DIRECTION('',(0.0,1.0,0.0));
#6551=SURFACE_STYLE_FILL_AREA(#8383);
#6552=ORIENTED_EDGE('',*,*,#8384,.F.);
#6553=ORIENTED_EDGE('',*,*,#8385,.T.);
#6554=ORIENTED_EDGE('',*,*,#8386,.T.);
#6555=ORIENTED_EDGE('',*,*,#8372,.T.);
#6556=CARTESIAN_POINT('',(4.699,2.794,1.5875));
#6557=DIRECTION('',(-6.12303176911189E-17,-5.27553618172919E-18,1.0));
#6558=DIRECTION('',(3.23022756398271E-34,-1.0,-5.27553618172919E-18));
#6559=SURFACE_STYLE_FILL_AREA(#8387);
#6560=ORIENTED_EDGE('',*,*,#8388,.F.);
#6561=ORIENTED_EDGE('',*,*,#8369,.F.);
#6562=ORIENTED_EDGE('',*,*,#8389,.T.);
#6563=ORIENTED_EDGE('',*,*,#8385,.F.);
#6564=CARTESIAN_POINT('',(4.7625,2.794,0.889));
#6565=DIRECTION('',(-1.0,-5.27553618172919E-18,0.0));
#6566=DIRECTION('',(5.27553618172919E-18,-1.0,0.0));
#6567=SURFACE_STYLE_FILL_AREA(#8390);
#6568=ORIENTED_EDGE('',*,*,#8391,.T.);
#6569=ORIENTED_EDGE('',*,*,#8392,.T.);
#6570=ORIENTED_EDGE('',*,*,#8393,.T.);
#6571=ORIENTED_EDGE('',*,*,#8368,.T.);
#6572=CARTESIAN_POINT('',(4.699,-3.41583831114245,1.11125));
#6573=DIRECTION('',(6.03905807163009E-17,-0.165047605860678,-0.986285601537231));
#6574=DIRECTION('',(1.01059173410079E-17,0.986285601537231,-0.165047605860678));
#6575=SURFACE_STYLE_FILL_AREA(#8394);
#6576=ORIENTED_EDGE('',*,*,#8395,.T.);
#6577=ORIENTED_EDGE('',*,*,#8396,.T.);
#6578=ORIENTED_EDGE('',*,*,#8397,.T.);
#6579=ORIENTED_EDGE('',*,*,#8386,.F.);
#6580=CARTESIAN_POINT('',(4.699,-3.41583831114245,1.42875));
#6581=DIRECTION('',(-6.03905807163009E-17,-0.165047605860678,0.986285601537231));
#6582=DIRECTION('',(1.01059173410079E-17,-0.986285601537231,-0.165047605860678));
#6583=SURFACE_STYLE_FILL_AREA(#8398);
#6584=ORIENTED_EDGE('',*,*,#8393,.F.);
#6585=ORIENTED_EDGE('',*,*,#8399,.T.);
#6586=ORIENTED_EDGE('',*,*,#8395,.F.);
#6587=ORIENTED_EDGE('',*,*,#8389,.F.);
#6588=CARTESIAN_POINT('',(4.83235,-2.88459285914435,0.889));
#6589=DIRECTION('',(-0.986285601537231,-0.165047605860678,0.0));
#6590=DIRECTION('',(0.165047605860678,-0.986285601537231,0.0));
#6591=SURFACE_STYLE_FILL_AREA(#8400);
#6592=ORIENTED_EDGE('',*,*,#8391,.F.);
#6593=ORIENTED_EDGE('',*,*,#8373,.T.);
#6594=ORIENTED_EDGE('',*,*,#8397,.F.);
#6595=ORIENTED_EDGE('',*,*,#8401,.F.);
#6596=CARTESIAN_POINT('',(5.32765,-2.88459285914435,0.889));
#6597=DIRECTION('',(0.986285601537232,-0.165047605860678,0.0));
#6598=DIRECTION('',(0.165047605860678,0.986285601537232,0.0));
#6599=SURFACE_STYLE_FILL_AREA(#8402);
#6600=ORIENTED_EDGE('',*,*,#8392,.F.);
#6601=ORIENTED_EDGE('',*,*,#8401,.T.);
#6602=ORIENTED_EDGE('',*,*,#8396,.F.);
#6603=ORIENTED_EDGE('',*,*,#8399,.F.);
#6604=CARTESIAN_POINT('',(5.08,-3.302,0.889));
#6605=DIRECTION('',(0.0,-1.0,0.0));
#6606=DIRECTION('',(1.0,0.0,0.0));
#6607=SURFACE_STYLE_FILL_AREA(#8403);
#6608=ORIENTED_EDGE('',*,*,#8404,.F.);
#6609=ORIENTED_EDGE('',*,*,#8405,.F.);
#6610=ORIENTED_EDGE('',*,*,#8406,.F.);
#6611=ORIENTED_EDGE('',*,*,#8381,.F.);
#6612=CARTESIAN_POINT('',(4.7625,2.794,0.889));
#6613=DIRECTION('',(-1.0,-5.27553618172919E-18,0.0));
#6614=DIRECTION('',(5.27553618172919E-18,-1.0,0.0));
#6615=SURFACE_STYLE_FILL_AREA(#8407);
#6616=ORIENTED_EDGE('',*,*,#8408,.F.);
#6617=ORIENTED_EDGE('',*,*,#8378,.T.);
#6618=ORIENTED_EDGE('',*,*,#8409,.F.);
#6619=ORIENTED_EDGE('',*,*,#8405,.T.);
#6620=CARTESIAN_POINT('',(4.699,2.794,1.5875));
#6621=DIRECTION('',(-6.12303176911189E-17,-5.27553618172919E-18,1.0));
#6622=DIRECTION('',(3.23022756398271E-34,-1.0,-5.27553618172919E-18));
#6623=SURFACE_STYLE_FILL_AREA(#8410);
#6624=ORIENTED_EDGE('',*,*,#8411,.T.);
#6625=ORIENTED_EDGE('',*,*,#8382,.F.);
#6626=ORIENTED_EDGE('',*,*,#8412,.T.);
#6627=ORIENTED_EDGE('',*,*,#8413,.T.);
#6628=CARTESIAN_POINT('',(4.699,9.00383831114245,1.11125));
#6629=DIRECTION('',(6.03905807163009E-17,0.165047605860678,-0.986285601537231));
#6630=DIRECTION('',(-1.01059173410079E-17,0.986285601537231,0.165047605860678));
#6631=SURFACE_STYLE_FILL_AREA(#8414);
#6632=ORIENTED_EDGE('',*,*,#8415,.T.);
#6633=ORIENTED_EDGE('',*,*,#8409,.T.);
#6634=ORIENTED_EDGE('',*,*,#8416,.T.);
#6635=ORIENTED_EDGE('',*,*,#8417,.T.);
#6636=CARTESIAN_POINT('',(4.699,9.00383831114245,1.42875));
#6637=DIRECTION('',(-6.03905807163009E-17,0.165047605860677,0.986285601537231));
#6638=DIRECTION('',(-1.01059173410079E-17,-0.986285601537231,0.165047605860677));
#6639=SURFACE_STYLE_FILL_AREA(#8418);
#6640=ORIENTED_EDGE('',*,*,#8413,.F.);
#6641=ORIENTED_EDGE('',*,*,#8419,.T.);
#6642=ORIENTED_EDGE('',*,*,#8417,.F.);
#6643=ORIENTED_EDGE('',*,*,#8420,.F.);
#6644=CARTESIAN_POINT('',(5.08,8.89,0.889));
#6645=DIRECTION('',(0.0,1.0,0.0));
#6646=DIRECTION('',(-1.0,0.0,0.0));
#6647=SURFACE_STYLE_FILL_AREA(#8421);
#6648=ORIENTED_EDGE('',*,*,#8412,.F.);
#6649=ORIENTED_EDGE('',*,*,#8406,.T.);
#6650=ORIENTED_EDGE('',*,*,#8415,.F.);
#6651=ORIENTED_EDGE('',*,*,#8419,.F.);
#6652=CARTESIAN_POINT('',(4.83235,8.47259285914435,0.889));
#6653=DIRECTION('',(-0.986285601537232,0.165047605860677,0.0));
#6654=DIRECTION('',(-0.165047605860677,-0.986285601537232,0.0));
#6655=SURFACE_STYLE_FILL_AREA(#8422);
#6656=ORIENTED_EDGE('',*,*,#8411,.F.);
#6657=ORIENTED_EDGE('',*,*,#8420,.T.);
#6658=ORIENTED_EDGE('',*,*,#8416,.F.);
#6659=ORIENTED_EDGE('',*,*,#8377,.F.);
#6660=CARTESIAN_POINT('',(5.32765,8.47259285914435,0.889));
#6661=DIRECTION('',(0.986285601537231,0.165047605860677,0.0));
#6662=DIRECTION('',(-0.165047605860677,0.986285601537231,0.0));
#6663=SURFACE_STYLE_FILL_AREA(#8423);
#6664=ORIENTED_EDGE('',*,*,#8424,.F.);
#6665=ORIENTED_EDGE('',*,*,#8425,.T.);
#6666=ORIENTED_EDGE('',*,*,#8426,.T.);
#6667=ORIENTED_EDGE('',*,*,#8427,.F.);
#6668=CARTESIAN_POINT('',(5.58666666666667,6.98,4.4323));
#6669=DIRECTION('',(0.966234939601246,-0.257662650560332,0.0));
#6670=DIRECTION('',(0.257662650560332,0.966234939601246,0.0));
#6671=SURFACE_STYLE_FILL_AREA(#8428);
#6672=ORIENTED_EDGE('',*,*,#8429,.F.);
#6673=ORIENTED_EDGE('',*,*,#8430,.T.);
#6674=ORIENTED_EDGE('',*,*,#8431,.T.);
#6675=ORIENTED_EDGE('',*,*,#8425,.F.);
#6676=CARTESIAN_POINT('',(5.08,8.88,4.4323));
#6677=DIRECTION('',(0.0,1.0,0.0));
#6678=DIRECTION('',(-1.0,0.0,0.0));
#6679=SURFACE_STYLE_FILL_AREA(#8432);
#6680=ORIENTED_EDGE('',*,*,#8433,.F.);
#6681=ORIENTED_EDGE('',*,*,#8427,.T.);
#6682=ORIENTED_EDGE('',*,*,#8434,.T.);
#6683=ORIENTED_EDGE('',*,*,#8430,.F.);
#6684=CARTESIAN_POINT('',(4.57333333333333,6.98,4.4323));
#6685=DIRECTION('',(-0.966234939601246,-0.257662650560332,0.0));
#6686=DIRECTION('',(0.257662650560332,-0.966234939601246,0.0));
#6687=SURFACE_STYLE_FILL_AREA(#8435);
#6688=ORIENTED_EDGE('',*,*,#8431,.F.);
#6689=ORIENTED_EDGE('',*,*,#8434,.F.);
#6690=ORIENTED_EDGE('',*,*,#8426,.F.);
#6691=CARTESIAN_POINT('',(5.08,7.36926101196256,4.8387));
#6692=DIRECTION('',(0.0,0.0,1.0));
#6693=DIRECTION('',(1.0,0.0,0.0));
#6694=SURFACE_STYLE_FILL_AREA(#8436);
#6695=ORIENTED_EDGE('',*,*,#8437,.F.);
#6696=ORIENTED_EDGE('',*,*,#8438,.F.);
#6697=ORIENTED_EDGE('',*,*,#8439,.F.);
#6698=ORIENTED_EDGE('',*,*,#8440,.F.);
#6699=ORIENTED_EDGE('',*,*,#8441,.F.);
#6700=ORIENTED_EDGE('',*,*,#8442,.F.);
#6701=CARTESIAN_POINT('',(32.749,2.54,-1.651));
#6702=DIRECTION('',(1.22460635382238E-16,0.0,-1.0));
#6703=DIRECTION('',(-1.0,0.0,-1.22460635382238E-16));
#6704=SURFACE_STYLE_FILL_AREA(#8443);
#6705=ORIENTED_EDGE('',*,*,#8444,.F.);
#6706=ORIENTED_EDGE('',*,*,#8441,.T.);
#6707=ORIENTED_EDGE('',*,*,#8445,.F.);
#6708=ORIENTED_EDGE('',*,*,#8446,.T.);
#6709=CARTESIAN_POINT('',(31.749,2.54,1.86617762258992E-15));
#6710=DIRECTION('',(1.0,0.0,1.22460635382238E-16));
#6711=DIRECTION('',(1.22460635382238E-16,0.0,-1.0));
#6712=SURFACE_STYLE_FILL_AREA(#8447);
#6713=ORIENTED_EDGE('',*,*,#8448,.F.);
#6714=ORIENTED_EDGE('',*,*,#8449,.F.);
#6715=ORIENTED_EDGE('',*,*,#8446,.F.);
#6716=ORIENTED_EDGE('',*,*,#8450,.F.);
#6717=ORIENTED_EDGE('',*,*,#8451,.F.);
#6718=ORIENTED_EDGE('',*,*,#8452,.F.);
#6719=CARTESIAN_POINT('',(32.749,2.54,1.651));
#6720=DIRECTION('',(1.22460635382238E-16,0.0,-1.0));
#6721=DIRECTION('',(-1.0,0.0,-1.22460635382238E-16));
#6722=SURFACE_STYLE_FILL_AREA(#8453);
#6723=ORIENTED_EDGE('',*,*,#8454,.F.);
#6724=ORIENTED_EDGE('',*,*,#8452,.T.);
#6725=ORIENTED_EDGE('',*,*,#8455,.F.);
#6726=ORIENTED_EDGE('',*,*,#8438,.T.);
#6727=CARTESIAN_POINT('',(32.749,6.35,1.98863825797216E-15));
#6728=DIRECTION('',(-0.0,-1.0,0.0));
#6729=DIRECTION('',(-1.22460635382238E-16,0.0,1.0));
#6730=SURFACE_STYLE_FILL_AREA(#8456);
#6731=ORIENTED_EDGE('',*,*,#7269,.T.);
#6732=ORIENTED_EDGE('',*,*,#7264,.T.);
#6733=ORIENTED_EDGE('',*,*,#7286,.T.);
#6734=ORIENTED_EDGE('',*,*,#7282,.T.);
#6735=ORIENTED_EDGE('',*,*,#7327,.T.);
#6736=ORIENTED_EDGE('',*,*,#7322,.T.);
#6737=ORIENTED_EDGE('',*,*,#7344,.T.);
#6738=ORIENTED_EDGE('',*,*,#7340,.T.);
#6739=ORIENTED_EDGE('',*,*,#7385,.T.);
#6740=ORIENTED_EDGE('',*,*,#7380,.T.);
#6741=ORIENTED_EDGE('',*,*,#7402,.T.);
#6742=ORIENTED_EDGE('',*,*,#7398,.T.);
#6743=ORIENTED_EDGE('',*,*,#7443,.T.);
#6744=ORIENTED_EDGE('',*,*,#7438,.T.);
#6745=ORIENTED_EDGE('',*,*,#7460,.T.);
#6746=ORIENTED_EDGE('',*,*,#7456,.T.);
#6747=ORIENTED_EDGE('',*,*,#7501,.T.);
#6748=ORIENTED_EDGE('',*,*,#7496,.T.);
#6749=ORIENTED_EDGE('',*,*,#7518,.T.);
#6750=ORIENTED_EDGE('',*,*,#7514,.T.);
#6751=ORIENTED_EDGE('',*,*,#7559,.T.);
#6752=ORIENTED_EDGE('',*,*,#7554,.T.);
#6753=ORIENTED_EDGE('',*,*,#7576,.T.);
#6754=ORIENTED_EDGE('',*,*,#7572,.T.);
#6755=ORIENTED_EDGE('',*,*,#7617,.T.);
#6756=ORIENTED_EDGE('',*,*,#7612,.T.);
#6757=ORIENTED_EDGE('',*,*,#7634,.T.);
#6758=ORIENTED_EDGE('',*,*,#7630,.T.);
#6759=ORIENTED_EDGE('',*,*,#7675,.T.);
#6760=ORIENTED_EDGE('',*,*,#7670,.T.);
#6761=ORIENTED_EDGE('',*,*,#7692,.T.);
#6762=ORIENTED_EDGE('',*,*,#7688,.T.);
#6763=ORIENTED_EDGE('',*,*,#7733,.T.);
#6764=ORIENTED_EDGE('',*,*,#7728,.T.);
#6765=ORIENTED_EDGE('',*,*,#7750,.T.);
#6766=ORIENTED_EDGE('',*,*,#7746,.T.);
#6767=ORIENTED_EDGE('',*,*,#7791,.T.);
#6768=ORIENTED_EDGE('',*,*,#7786,.T.);
#6769=ORIENTED_EDGE('',*,*,#7808,.T.);
#6770=ORIENTED_EDGE('',*,*,#7804,.T.);
#6771=ORIENTED_EDGE('',*,*,#7849,.T.);
#6772=ORIENTED_EDGE('',*,*,#7844,.T.);
#6773=ORIENTED_EDGE('',*,*,#7866,.T.);
#6774=ORIENTED_EDGE('',*,*,#7862,.T.);
#6775=ORIENTED_EDGE('',*,*,#7907,.T.);
#6776=ORIENTED_EDGE('',*,*,#7902,.T.);
#6777=ORIENTED_EDGE('',*,*,#7924,.T.);
#6778=ORIENTED_EDGE('',*,*,#7920,.T.);
#6779=ORIENTED_EDGE('',*,*,#7965,.T.);
#6780=ORIENTED_EDGE('',*,*,#7960,.T.);
#6781=ORIENTED_EDGE('',*,*,#7982,.T.);
#6782=ORIENTED_EDGE('',*,*,#7978,.T.);
#6783=ORIENTED_EDGE('',*,*,#8023,.T.);
#6784=ORIENTED_EDGE('',*,*,#8018,.T.);
#6785=ORIENTED_EDGE('',*,*,#8040,.T.);
#6786=ORIENTED_EDGE('',*,*,#8036,.T.);
#6787=ORIENTED_EDGE('',*,*,#8081,.T.);
#6788=ORIENTED_EDGE('',*,*,#8076,.T.);
#6789=ORIENTED_EDGE('',*,*,#8098,.T.);
#6790=ORIENTED_EDGE('',*,*,#8094,.T.);
#6791=ORIENTED_EDGE('',*,*,#8139,.T.);
#6792=ORIENTED_EDGE('',*,*,#8134,.T.);
#6793=ORIENTED_EDGE('',*,*,#8156,.T.);
#6794=ORIENTED_EDGE('',*,*,#8152,.T.);
#6795=ORIENTED_EDGE('',*,*,#8197,.T.);
#6796=ORIENTED_EDGE('',*,*,#8192,.T.);
#6797=ORIENTED_EDGE('',*,*,#8214,.T.);
#6798=ORIENTED_EDGE('',*,*,#8210,.T.);
#6799=ORIENTED_EDGE('',*,*,#8255,.T.);
#6800=ORIENTED_EDGE('',*,*,#8250,.T.);
#6801=ORIENTED_EDGE('',*,*,#8272,.T.);
#6802=ORIENTED_EDGE('',*,*,#8268,.T.);
#6803=ORIENTED_EDGE('',*,*,#8313,.T.);
#6804=ORIENTED_EDGE('',*,*,#8308,.T.);
#6805=ORIENTED_EDGE('',*,*,#8330,.T.);
#6806=ORIENTED_EDGE('',*,*,#8326,.T.);
#6807=ORIENTED_EDGE('',*,*,#8371,.T.);
#6808=ORIENTED_EDGE('',*,*,#8366,.T.);
#6809=ORIENTED_EDGE('',*,*,#8388,.T.);
#6810=ORIENTED_EDGE('',*,*,#8384,.T.);
#6811=ORIENTED_EDGE('',*,*,#8457,.T.);
#6812=ORIENTED_EDGE('',*,*,#8458,.T.);
#6813=ORIENTED_EDGE('',*,*,#8459,.T.);
#6814=ORIENTED_EDGE('',*,*,#8460,.T.);
#6815=ORIENTED_EDGE('',*,*,#8461,.T.);
#6816=ORIENTED_EDGE('',*,*,#8462,.T.);
#6817=ORIENTED_EDGE('',*,*,#8463,.T.);
#6818=ORIENTED_EDGE('',*,*,#8464,.T.);
#6819=ORIENTED_EDGE('',*,*,#8442,.T.);
#6820=ORIENTED_EDGE('',*,*,#8444,.T.);
#6821=ORIENTED_EDGE('',*,*,#8449,.T.);
#6822=ORIENTED_EDGE('',*,*,#8465,.F.);
#6823=ORIENTED_EDGE('',*,*,#8466,.F.);
#6824=ORIENTED_EDGE('',*,*,#8467,.F.);
#6825=ORIENTED_EDGE('',*,*,#8468,.T.);
#6826=ORIENTED_EDGE('',*,*,#8469,.T.);
#6827=ORIENTED_EDGE('',*,*,#8470,.T.);
#6828=ORIENTED_EDGE('',*,*,#8471,.F.);
#6829=ORIENTED_EDGE('',*,*,#8472,.F.);
#6830=ORIENTED_EDGE('',*,*,#8473,.F.);
#6831=ORIENTED_EDGE('',*,*,#8474,.F.);
#6832=ORIENTED_EDGE('',*,*,#8475,.F.);
#6833=ORIENTED_EDGE('',*,*,#8476,.F.);
#6834=ORIENTED_EDGE('',*,*,#8477,.F.);
#6835=ORIENTED_EDGE('',*,*,#8478,.F.);
#6836=ORIENTED_EDGE('',*,*,#8479,.F.);
#6837=ORIENTED_EDGE('',*,*,#8480,.F.);
#6838=ORIENTED_EDGE('',*,*,#8481,.F.);
#6839=CARTESIAN_POINT('',(16.51,2.81080482667174E-16,0.04495575221239));
#6840=DIRECTION('',(-0.0,1.0,6.12303176911189E-17));
#6841=DIRECTION('',(1.0,0.0,0.0));
#6842=SURFACE_STYLE_FILL_AREA(#8482);
#6843=ORIENTED_EDGE('',*,*,#8439,.T.);
#6844=ORIENTED_EDGE('',*,*,#8455,.T.);
#6845=ORIENTED_EDGE('',*,*,#8451,.T.);
#6846=ORIENTED_EDGE('',*,*,#8483,.T.);
#6847=ORIENTED_EDGE('',*,*,#8484,.T.);
#6848=ORIENTED_EDGE('',*,*,#8485,.F.);
#6849=ORIENTED_EDGE('',*,*,#8486,.T.);
#6850=ORIENTED_EDGE('',*,*,#8487,.T.);
#6851=CARTESIAN_POINT('',(31.75,5.461,-5.5626));
#6852=DIRECTION('',(1.0,0.0,0.0));
#6853=DIRECTION('',(0.0,1.0,0.0));
#6854=SURFACE_STYLE_FILL_AREA(#8488);
#6855=ORIENTED_EDGE('',*,*,#8489,.F.);
#6856=ORIENTED_EDGE('',*,*,#8490,.T.);
#6857=ORIENTED_EDGE('',*,*,#8491,.F.);
#6858=ORIENTED_EDGE('',*,*,#8492,.T.);
#6859=CARTESIAN_POINT('',(0.270999999999999,6.35,0.0));
#6860=DIRECTION('',(0.0,-1.0,0.0));
#6861=DIRECTION('',(0.0,0.0,-1.0));
#6862=SURFACE_STYLE_FILL_AREA(#8493);
#6863=ORIENTED_EDGE('',*,*,#8494,.F.);
#6864=ORIENTED_EDGE('',*,*,#8492,.F.);
#6865=ORIENTED_EDGE('',*,*,#8495,.F.);
#6866=ORIENTED_EDGE('',*,*,#8470,.F.);
#6867=ORIENTED_EDGE('',*,*,#8496,.F.);
#6868=ORIENTED_EDGE('',*,*,#8497,.F.);
#6869=CARTESIAN_POINT('',(0.270999999999999,2.54,-1.651));
#6870=DIRECTION('',(0.0,0.0,1.0));
#6871=DIRECTION('',(1.0,0.0,0.0));
#6872=SURFACE_STYLE_FILL_AREA(#8498);
#6873=ORIENTED_EDGE('',*,*,#8499,.F.);
#6874=ORIENTED_EDGE('',*,*,#8500,.F.);
#6875=ORIENTED_EDGE('',*,*,#8501,.F.);
#6876=ORIENTED_EDGE('',*,*,#8468,.F.);
#6877=ORIENTED_EDGE('',*,*,#8502,.F.);
#6878=ORIENTED_EDGE('',*,*,#8490,.F.);
#6879=CARTESIAN_POINT('',(0.270999999999999,2.54,1.651));
#6880=DIRECTION('',(0.0,0.0,1.0));
#6881=DIRECTION('',(1.0,0.0,0.0));
#6882=SURFACE_STYLE_FILL_AREA(#8503);
#6883=ORIENTED_EDGE('',*,*,#8504,.F.);
#6884=ORIENTED_EDGE('',*,*,#8496,.T.);
#6885=ORIENTED_EDGE('',*,*,#8469,.F.);
#6886=ORIENTED_EDGE('',*,*,#8501,.T.);
#6887=CARTESIAN_POINT('',(1.271,2.54,0.0));
#6888=DIRECTION('',(-1.0,0.0,0.0));
#6889=DIRECTION('',(0.0,0.0,1.0));
#6890=SURFACE_STYLE_FILL_AREA(#8505);
#6891=ORIENTED_EDGE('',*,*,#8499,.T.);
#6892=ORIENTED_EDGE('',*,*,#8489,.T.);
#6893=ORIENTED_EDGE('',*,*,#8494,.T.);
#6894=ORIENTED_EDGE('',*,*,#8506,.F.);
#6895=ORIENTED_EDGE('',*,*,#8507,.T.);
#6896=ORIENTED_EDGE('',*,*,#8508,.T.);
#6897=ORIENTED_EDGE('',*,*,#8509,.T.);
#6898=ORIENTED_EDGE('',*,*,#8510,.F.);
#6899=CARTESIAN_POINT('',(1.27,5.461,-5.5626));
#6900=DIRECTION('',(-1.0,0.0,0.0));
#6901=DIRECTION('',(0.0,-1.0,0.0));
#6902=SURFACE_STYLE_FILL_AREA(#8511);
#6903=ORIENTED_EDGE('',*,*,#8512,.F.);
#6904=ORIENTED_EDGE('',*,*,#8513,.T.);
#6905=ORIENTED_EDGE('',*,*,#8514,.T.);
#6906=ORIENTED_EDGE('',*,*,#8515,.F.);
#6907=ORIENTED_EDGE('',*,*,#8516,.F.);
#6908=ORIENTED_EDGE('',*,*,#8517,.F.);
#6909=ORIENTED_EDGE('',*,*,#8518,.F.);
#6910=CARTESIAN_POINT('',(13.97,5.715,4.7615));
#6911=DIRECTION('',(1.0,0.0,0.0));
#6912=DIRECTION('',(0.0,0.0,-1.0));
#6913=SURFACE_STYLE_FILL_AREA(#8519);
#6914=ORIENTED_EDGE('',*,*,#8520,.F.);
#6915=ORIENTED_EDGE('',*,*,#8514,.F.);
#6916=ORIENTED_EDGE('',*,*,#8521,.F.);
#6917=ORIENTED_EDGE('',*,*,#8522,.F.);
#6918=CARTESIAN_POINT('',(16.51,5.715,3.174));
#6919=DIRECTION('',(0.0,0.0,1.0));
#6920=DIRECTION('',(1.0,0.0,0.0));
#6921=SURFACE_STYLE_FILL_AREA(#8523);
#6922=ORIENTED_EDGE('',*,*,#8524,.F.);
#6923=ORIENTED_EDGE('',*,*,#8525,.T.);
#6924=ORIENTED_EDGE('',*,*,#8521,.T.);
#6925=ORIENTED_EDGE('',*,*,#8513,.F.);
#6926=CARTESIAN_POINT('',(16.51,1.27,4.7615));
#6927=DIRECTION('',(0.0,1.0,0.0));
#6928=DIRECTION('',(0.0,0.0,1.0));
#6929=SURFACE_STYLE_FILL_AREA(#8526);
#6930=ORIENTED_EDGE('',*,*,#8527,.F.);
#6931=ORIENTED_EDGE('',*,*,#8528,.F.);
#6932=ORIENTED_EDGE('',*,*,#8529,.F.);
#6933=ORIENTED_EDGE('',*,*,#8530,.F.);
#6934=ORIENTED_EDGE('',*,*,#8531,.F.);
#6935=ORIENTED_EDGE('',*,*,#8522,.T.);
#6936=ORIENTED_EDGE('',*,*,#8525,.F.);
#6937=CARTESIAN_POINT('',(19.05,5.715,4.7615));
#6938=DIRECTION('',(-1.0,0.0,0.0));
#6939=DIRECTION('',(0.0,0.0,1.0));
#6940=SURFACE_STYLE_FILL_AREA(#8532);
#6941=ORIENTED_EDGE('',*,*,#7278,.T.);
#6942=ORIENTED_EDGE('',*,*,#7273,.T.);
#6943=ORIENTED_EDGE('',*,*,#7306,.T.);
#6944=ORIENTED_EDGE('',*,*,#7302,.T.);
#6945=ORIENTED_EDGE('',*,*,#7336,.T.);
#6946=ORIENTED_EDGE('',*,*,#7331,.T.);
#6947=ORIENTED_EDGE('',*,*,#7364,.T.);
#6948=ORIENTED_EDGE('',*,*,#7360,.T.);
#6949=ORIENTED_EDGE('',*,*,#7394,.T.);
#6950=ORIENTED_EDGE('',*,*,#7389,.T.);
#6951=ORIENTED_EDGE('',*,*,#7422,.T.);
#6952=ORIENTED_EDGE('',*,*,#7418,.T.);
#6953=ORIENTED_EDGE('',*,*,#7452,.T.);
#6954=ORIENTED_EDGE('',*,*,#7447,.T.);
#6955=ORIENTED_EDGE('',*,*,#7480,.T.);
#6956=ORIENTED_EDGE('',*,*,#7476,.T.);
#6957=ORIENTED_EDGE('',*,*,#7510,.T.);
#6958=ORIENTED_EDGE('',*,*,#7505,.T.);
#6959=ORIENTED_EDGE('',*,*,#7538,.T.);
#6960=ORIENTED_EDGE('',*,*,#7534,.T.);
#6961=ORIENTED_EDGE('',*,*,#7568,.T.);
#6962=ORIENTED_EDGE('',*,*,#7563,.T.);
#6963=ORIENTED_EDGE('',*,*,#7596,.T.);
#6964=ORIENTED_EDGE('',*,*,#7592,.T.);
#6965=ORIENTED_EDGE('',*,*,#7626,.T.);
#6966=ORIENTED_EDGE('',*,*,#7621,.T.);
#6967=ORIENTED_EDGE('',*,*,#7654,.T.);
#6968=ORIENTED_EDGE('',*,*,#7650,.T.);
#6969=ORIENTED_EDGE('',*,*,#7684,.T.);
#6970=ORIENTED_EDGE('',*,*,#7679,.T.);
#6971=ORIENTED_EDGE('',*,*,#7712,.T.);
#6972=ORIENTED_EDGE('',*,*,#7708,.T.);
#6973=ORIENTED_EDGE('',*,*,#7742,.T.);
#6974=ORIENTED_EDGE('',*,*,#7737,.T.);
#6975=ORIENTED_EDGE('',*,*,#7770,.T.);
#6976=ORIENTED_EDGE('',*,*,#7766,.T.);
#6977=ORIENTED_EDGE('',*,*,#7800,.T.);
#6978=ORIENTED_EDGE('',*,*,#7795,.T.);
#6979=ORIENTED_EDGE('',*,*,#7828,.T.);
#6980=ORIENTED_EDGE('',*,*,#7824,.T.);
#6981=ORIENTED_EDGE('',*,*,#7858,.T.);
#6982=ORIENTED_EDGE('',*,*,#7853,.T.);
#6983=ORIENTED_EDGE('',*,*,#7886,.T.);
#6984=ORIENTED_EDGE('',*,*,#7882,.T.);
#6985=ORIENTED_EDGE('',*,*,#7916,.T.);
#6986=ORIENTED_EDGE('',*,*,#7911,.T.);
#6987=ORIENTED_EDGE('',*,*,#7944,.T.);
#6988=ORIENTED_EDGE('',*,*,#7940,.T.);
#6989=ORIENTED_EDGE('',*,*,#7974,.T.);
#6990=ORIENTED_EDGE('',*,*,#7969,.T.);
#6991=ORIENTED_EDGE('',*,*,#8002,.T.);
#6992=ORIENTED_EDGE('',*,*,#7998,.T.);
#6993=ORIENTED_EDGE('',*,*,#8032,.T.);
#6994=ORIENTED_EDGE('',*,*,#8027,.T.);
#6995=ORIENTED_EDGE('',*,*,#8060,.T.);
#6996=ORIENTED_EDGE('',*,*,#8056,.T.);
#6997=ORIENTED_EDGE('',*,*,#8090,.T.);
#6998=ORIENTED_EDGE('',*,*,#8085,.T.);
#6999=ORIENTED_EDGE('',*,*,#8118,.T.);
#7000=ORIENTED_EDGE('',*,*,#8114,.T.);
#7001=ORIENTED_EDGE('',*,*,#8148,.T.);
#7002=ORIENTED_EDGE('',*,*,#8143,.T.);
#7003=ORIENTED_EDGE('',*,*,#8176,.T.);
#7004=ORIENTED_EDGE('',*,*,#8172,.T.);
#7005=ORIENTED_EDGE('',*,*,#8206,.T.);
#7006=ORIENTED_EDGE('',*,*,#8201,.T.);
#7007=ORIENTED_EDGE('',*,*,#8234,.T.);
#7008=ORIENTED_EDGE('',*,*,#8230,.T.);
#7009=ORIENTED_EDGE('',*,*,#8264,.T.);
#7010=ORIENTED_EDGE('',*,*,#8259,.T.);
#7011=ORIENTED_EDGE('',*,*,#8292,.T.);
#7012=ORIENTED_EDGE('',*,*,#8288,.T.);
#7013=ORIENTED_EDGE('',*,*,#8322,.T.);
#7014=ORIENTED_EDGE('',*,*,#8317,.T.);
#7015=ORIENTED_EDGE('',*,*,#8350,.T.);
#7016=ORIENTED_EDGE('',*,*,#8346,.T.);
#7017=ORIENTED_EDGE('',*,*,#8380,.T.);
#7018=ORIENTED_EDGE('',*,*,#8375,.T.);
#7019=ORIENTED_EDGE('',*,*,#8408,.T.);
#7020=ORIENTED_EDGE('',*,*,#8404,.T.);
#7021=ORIENTED_EDGE('',*,*,#8440,.T.);
#7022=ORIENTED_EDGE('',*,*,#8487,.F.);
#7023=ORIENTED_EDGE('',*,*,#8533,.T.);
#7024=ORIENTED_EDGE('',*,*,#8506,.T.);
#7025=ORIENTED_EDGE('',*,*,#8497,.T.);
#7026=ORIENTED_EDGE('',*,*,#8504,.T.);
#7027=ORIENTED_EDGE('',*,*,#8500,.T.);
#7028=ORIENTED_EDGE('',*,*,#8510,.T.);
#7029=ORIENTED_EDGE('',*,*,#8534,.T.);
#7030=ORIENTED_EDGE('',*,*,#8515,.T.);
#7031=ORIENTED_EDGE('',*,*,#8520,.T.);
#7032=ORIENTED_EDGE('',*,*,#8531,.T.);
#7033=ORIENTED_EDGE('',*,*,#8535,.T.);
#7034=ORIENTED_EDGE('',*,*,#8483,.F.);
#7035=ORIENTED_EDGE('',*,*,#8450,.T.);
#7036=ORIENTED_EDGE('',*,*,#8445,.T.);
#7037=CARTESIAN_POINT('',(16.51,2.54,-5.5626));
#7038=DIRECTION('',(0.0,-1.0,0.0));
#7039=DIRECTION('',(1.0,0.0,0.0));
#7040=SURFACE_STYLE_FILL_AREA(#8536);
#7041=ORIENTED_EDGE('',*,*,#8530,.T.);
#7042=ORIENTED_EDGE('',*,*,#8537,.T.);
#7043=ORIENTED_EDGE('',*,*,#8484,.F.);
#7044=ORIENTED_EDGE('',*,*,#8535,.F.);
#7045=CARTESIAN_POINT('',(-3.302,5.461,3.175));
#7046=DIRECTION('',(-6.12303176911189E-17,-7.60166398237012E-17,1.0));
#7047=DIRECTION('',(4.65452300621658E-33,-1.0,-7.60166398237012E-17));
#7048=SURFACE_STYLE_FILL_AREA(#8538);
#7049=ORIENTED_EDGE('',*,*,#8516,.T.);
#7050=ORIENTED_EDGE('',*,*,#8534,.F.);
#7051=ORIENTED_EDGE('',*,*,#8509,.F.);
#7052=ORIENTED_EDGE('',*,*,#8539,.T.);
#7053=CARTESIAN_POINT('',(-3.302,5.461,3.175));
#7054=DIRECTION('',(-6.12303176911189E-17,-7.60166398237012E-17,1.0));
#7055=DIRECTION('',(4.65452300621658E-33,-1.0,-7.60166398237012E-17));
#7056=SURFACE_STYLE_FILL_AREA(#8540);
#7057=ORIENTED_EDGE('',*,*,#8529,.T.);
#7058=ORIENTED_EDGE('',*,*,#8541,.F.);
#7059=ORIENTED_EDGE('',*,*,#8542,.F.);
#7060=ORIENTED_EDGE('',*,*,#8537,.F.);
#7061=CARTESIAN_POINT('',(-3.302,10.406,4.87333765350281));
#7062=DIRECTION('',(-4.69051446176913E-17,-0.642787609686539,0.766044443118978));
#7063=DIRECTION('',(3.93580895490217E-17,-0.766044443118978,-0.642787609686539));
#7064=SURFACE_STYLE_FILL_AREA(#8543);
#7065=ORIENTED_EDGE('',*,*,#8517,.T.);
#7066=ORIENTED_EDGE('',*,*,#8539,.F.);
#7067=ORIENTED_EDGE('',*,*,#8544,.F.);
#7068=ORIENTED_EDGE('',*,*,#8545,.F.);
#7069=CARTESIAN_POINT('',(-3.302,10.406,4.87333765350281));
#7070=DIRECTION('',(-4.69051446176913E-17,-0.642787609686539,0.766044443118978));
#7071=DIRECTION('',(3.93580895490217E-17,-0.766044443118978,-0.642787609686539));
#7072=SURFACE_STYLE_FILL_AREA(#8546);
#7073=ORIENTED_EDGE('',*,*,#8457,.F.);
#7074=ORIENTED_EDGE('',*,*,#8458,.F.);
#7075=CARTESIAN_POINT('',(30.48,0.0,2.7305));
#7076=DIRECTION('',(0.0,0.0,1.0));
#7077=DIRECTION('',(1.0,0.0,0.0));
#7078=SURFACE_STYLE_FILL_AREA(#8547);
#7079=ORIENTED_EDGE('',*,*,#8459,.F.);
#7080=ORIENTED_EDGE('',*,*,#8460,.F.);
#7081=CARTESIAN_POINT('',(30.48,0.0,-2.7305));
#7082=DIRECTION('',(0.0,0.0,1.0));
#7083=DIRECTION('',(1.0,0.0,0.0));
#7084=SURFACE_STYLE_FILL_AREA(#8548);
#7085=ORIENTED_EDGE('',*,*,#8461,.F.);
#7086=ORIENTED_EDGE('',*,*,#8462,.F.);
#7087=CARTESIAN_POINT('',(2.54,0.0,2.7305));
#7088=DIRECTION('',(0.0,0.0,1.0));
#7089=DIRECTION('',(1.0,0.0,0.0));
#7090=SURFACE_STYLE_FILL_AREA(#8549);
#7091=ORIENTED_EDGE('',*,*,#8463,.F.);
#7092=ORIENTED_EDGE('',*,*,#8464,.F.);
#7093=CARTESIAN_POINT('',(2.54,0.0,-2.7305));
#7094=DIRECTION('',(0.0,0.0,1.0));
#7095=DIRECTION('',(1.0,0.0,0.0));
#7096=SURFACE_STYLE_FILL_AREA(#8550);
#7097=ORIENTED_EDGE('',*,*,#8551,.F.);
#7098=ORIENTED_EDGE('',*,*,#8544,.T.);
#7099=ORIENTED_EDGE('',*,*,#8508,.F.);
#7100=ORIENTED_EDGE('',*,*,#8552,.T.);
#7101=CARTESIAN_POINT('',(-0.00878783791417703,9.906,-5.5626));
#7102=DIRECTION('',(-0.766044443118978,-0.64278760968654,0.0));
#7103=DIRECTION('',(0.64278760968654,-0.766044443118978,0.0));
#7104=SURFACE_STYLE_FILL_AREA(#8553);
#7105=ORIENTED_EDGE('',*,*,#8486,.F.);
#7106=ORIENTED_EDGE('',*,*,#8554,.F.);
#7107=ORIENTED_EDGE('',*,*,#8507,.F.);
#7108=ORIENTED_EDGE('',*,*,#8533,.F.);
#7109=CARTESIAN_POINT('',(-3.302,5.461,-3.175));
#7110=DIRECTION('',(6.12303176911189E-17,-7.60166398237012E-17,-1.0));
#7111=DIRECTION('',(4.65452300621658E-33,1.0,-7.60166398237012E-17));
#7112=SURFACE_STYLE_FILL_AREA(#8555);
#7113=ORIENTED_EDGE('',*,*,#8556,.F.);
#7114=ORIENTED_EDGE('',*,*,#8552,.F.);
#7115=ORIENTED_EDGE('',*,*,#8554,.T.);
#7116=ORIENTED_EDGE('',*,*,#8557,.F.);
#7117=CARTESIAN_POINT('',(-3.302,10.406,-4.87333765350281));
#7118=DIRECTION('',(4.69051446176913E-17,-0.642787609686539,-0.766044443118978));
#7119=DIRECTION('',(3.93580895490217E-17,0.766044443118978,-0.642787609686539));
#7120=SURFACE_STYLE_FILL_AREA(#8558);
#7121=ORIENTED_EDGE('',*,*,#8559,.F.);
#7122=ORIENTED_EDGE('',*,*,#8557,.T.);
#7123=ORIENTED_EDGE('',*,*,#8485,.T.);
#7124=ORIENTED_EDGE('',*,*,#8542,.T.);
#7125=CARTESIAN_POINT('',(33.0287878379142,9.906,-5.5626));
#7126=DIRECTION('',(0.766044443118978,-0.64278760968654,0.0));
#7127=DIRECTION('',(0.64278760968654,0.766044443118978,0.0));
#7128=SURFACE_STYLE_FILL_AREA(#8560);
#7129=ORIENTED_EDGE('',*,*,#8502,.T.);
#7130=ORIENTED_EDGE('',*,*,#8467,.T.);
#7131=ORIENTED_EDGE('',*,*,#8561,.T.);
#7132=ORIENTED_EDGE('',*,*,#8562,.T.);
#7133=ORIENTED_EDGE('',*,*,#8563,.F.);
#7134=ORIENTED_EDGE('',*,*,#8471,.T.);
#7135=ORIENTED_EDGE('',*,*,#8495,.T.);
#7136=ORIENTED_EDGE('',*,*,#8491,.T.);
#7137=CARTESIAN_POINT('',(8.51499412971544E-16,2.83833137657181E-16,0.0));
#7138=DIRECTION('',(-1.0,1.1247455413666E-32,-1.83690953073357E-16));
#7139=DIRECTION('',(-1.83690953073357E-16,-6.12303176911189E-17,1.0));
#7140=SURFACE_STYLE_FILL_AREA(#8564);
#7141=ORIENTED_EDGE('',*,*,#8565,.T.);
#7142=ORIENTED_EDGE('',*,*,#8566,.F.);
#7143=ORIENTED_EDGE('',*,*,#8472,.T.);
#7144=ORIENTED_EDGE('',*,*,#8563,.T.);
#7145=CARTESIAN_POINT('',(0.635000000000002,5.67666275314363E-16,-4.6355));
#7146=DIRECTION('',(0.0,6.12303176911189E-17,-1.0));
#7147=DIRECTION('',(-1.0,0.0,0.0));
#7148=SURFACE_STYLE_FILL_AREA(#8567);
#7149=ORIENTED_EDGE('',*,*,#8568,.T.);
#7150=ORIENTED_EDGE('',*,*,#8569,.F.);
#7151=ORIENTED_EDGE('',*,*,#8473,.T.);
#7152=ORIENTED_EDGE('',*,*,#8566,.T.);
#7153=CARTESIAN_POINT('',(1.27,5.56001899794205E-16,-4.445));
#7154=DIRECTION('',(1.0,0.0,0.0));
#7155=DIRECTION('',(0.0,6.12303176911189E-17,-1.0));
#7156=SURFACE_STYLE_FILL_AREA(#8570);
#7157=ORIENTED_EDGE('',*,*,#8571,.T.);
#7158=ORIENTED_EDGE('',*,*,#8572,.F.);
#7159=ORIENTED_EDGE('',*,*,#8474,.T.);
#7160=ORIENTED_EDGE('',*,*,#8569,.T.);
#7161=CARTESIAN_POINT('',(8.255,5.44337524274047E-16,-4.2545));
#7162=DIRECTION('',(0.0,6.12303176911189E-17,-1.0));
#7163=DIRECTION('',(-1.0,0.0,0.0));
#7164=SURFACE_STYLE_FILL_AREA(#8573);
#7165=ORIENTED_EDGE('',*,*,#8574,.T.);
#7166=ORIENTED_EDGE('',*,*,#8575,.F.);
#7167=ORIENTED_EDGE('',*,*,#8475,.T.);
#7168=ORIENTED_EDGE('',*,*,#8572,.T.);
#7169=CARTESIAN_POINT('',(15.24,5.56001899794205E-16,-4.445));
#7170=DIRECTION('',(-1.0,0.0,0.0));
#7171=DIRECTION('',(0.0,-6.12303176911189E-17,1.0));
#7172=SURFACE_STYLE_FILL_AREA(#8576);
#7173=ORIENTED_EDGE('',*,*,#8577,.T.);
#7174=ORIENTED_EDGE('',*,*,#8578,.F.);
#7175=ORIENTED_EDGE('',*,*,#8476,.T.);
#7176=ORIENTED_EDGE('',*,*,#8575,.T.);
#7177=CARTESIAN_POINT('',(16.51,5.67666275314363E-16,-4.6355));
#7178=DIRECTION('',(0.0,6.12303176911189E-17,-1.0));
#7179=DIRECTION('',(-1.0,0.0,0.0));
#7180=SURFACE_STYLE_FILL_AREA(#8579);
#7181=ORIENTED_EDGE('',*,*,#8580,.T.);
#7182=ORIENTED_EDGE('',*,*,#8581,.F.);
#7183=ORIENTED_EDGE('',*,*,#8477,.T.);
#7184=ORIENTED_EDGE('',*,*,#8578,.T.);
#7185=CARTESIAN_POINT('',(17.78,5.56001899794205E-16,-4.445));
#7186=DIRECTION('',(1.0,0.0,0.0));
#7187=DIRECTION('',(0.0,6.12303176911189E-17,-1.0));
#7188=SURFACE_STYLE_FILL_AREA(#8582);
#7189=ORIENTED_EDGE('',*,*,#8583,.T.);
#7190=ORIENTED_EDGE('',*,*,#8584,.F.);
#7191=ORIENTED_EDGE('',*,*,#8478,.T.);
#7192=ORIENTED_EDGE('',*,*,#8581,.T.);
#7193=CARTESIAN_POINT('',(24.765,5.44337524274047E-16,-4.2545));
#7194=DIRECTION('',(0.0,6.12303176911189E-17,-1.0));
#7195=DIRECTION('',(-1.0,0.0,0.0));
#7196=SURFACE_STYLE_FILL_AREA(#8585);
#7197=ORIENTED_EDGE('',*,*,#8586,.T.);
#7198=ORIENTED_EDGE('',*,*,#8587,.F.);
#7199=ORIENTED_EDGE('',*,*,#8479,.T.);
#7200=ORIENTED_EDGE('',*,*,#8584,.T.);
#7201=CARTESIAN_POINT('',(31.75,5.56001899794205E-16,-4.445));
#7202=DIRECTION('',(-1.0,0.0,0.0));
#7203=DIRECTION('',(0.0,-6.12303176911189E-17,1.0));
#7204=SURFACE_STYLE_FILL_AREA(#8588);
#7205=ORIENTED_EDGE('',*,*,#8589,.T.);
#7206=ORIENTED_EDGE('',*,*,#8590,.F.);
#7207=ORIENTED_EDGE('',*,*,#8480,.T.);
#7208=ORIENTED_EDGE('',*,*,#8587,.T.);
#7209=CARTESIAN_POINT('',(32.385,5.67666275314363E-16,-4.6355));
#7210=DIRECTION('',(0.0,6.12303176911189E-17,-1.0));
#7211=DIRECTION('',(-1.0,0.0,0.0));
#7212=SURFACE_STYLE_FILL_AREA(#8591);
#7213=ORIENTED_EDGE('',*,*,#8437,.T.);
#7214=ORIENTED_EDGE('',*,*,#8481,.T.);
#7215=ORIENTED_EDGE('',*,*,#8590,.T.);
#7216=ORIENTED_EDGE('',*,*,#8592,.T.);
#7217=ORIENTED_EDGE('',*,*,#8593,.F.);
#7218=ORIENTED_EDGE('',*,*,#8465,.T.);
#7219=ORIENTED_EDGE('',*,*,#8448,.T.);
#7220=ORIENTED_EDGE('',*,*,#8454,.T.);
#7221=CARTESIAN_POINT('',(33.02,2.83833137657181E-16,0.0));
#7222=DIRECTION('',(1.0,0.0,0.0));
#7223=DIRECTION('',(0.0,6.12303176911189E-17,-1.0));
#7224=SURFACE_STYLE_FILL_AREA(#8594);
#7225=ORIENTED_EDGE('',*,*,#8429,.T.);
#7226=ORIENTED_EDGE('',*,*,#8424,.T.);
#7227=ORIENTED_EDGE('',*,*,#8433,.T.);
#7228=ORIENTED_EDGE('',*,*,#8512,.T.);
#7229=ORIENTED_EDGE('',*,*,#8595,.T.);
#7230=ORIENTED_EDGE('',*,*,#8561,.F.);
#7231=ORIENTED_EDGE('',*,*,#8466,.T.);
#7232=ORIENTED_EDGE('',*,*,#8593,.T.);
#7233=ORIENTED_EDGE('',*,*,#8596,.T.);
#7234=ORIENTED_EDGE('',*,*,#8527,.T.);
#7235=ORIENTED_EDGE('',*,*,#8524,.T.);
#7236=CARTESIAN_POINT('',(16.51,0.0,4.6355));
#7237=DIRECTION('',(0.0,-6.12303176911189E-17,1.0));
#7238=DIRECTION('',(1.0,0.0,0.0));
#7239=SURFACE_STYLE_FILL_AREA(#8597);
#7240=ORIENTED_EDGE('',*,*,#8518,.T.);
#7241=ORIENTED_EDGE('',*,*,#8545,.T.);
#7242=ORIENTED_EDGE('',*,*,#8551,.T.);
#7243=ORIENTED_EDGE('',*,*,#8556,.T.);
#7244=ORIENTED_EDGE('',*,*,#8559,.T.);
#7245=ORIENTED_EDGE('',*,*,#8541,.T.);
#7246=ORIENTED_EDGE('',*,*,#8528,.T.);
#7247=ORIENTED_EDGE('',*,*,#8596,.F.);
#7248=ORIENTED_EDGE('',*,*,#8592,.F.);
#7249=ORIENTED_EDGE('',*,*,#8589,.F.);
#7250=ORIENTED_EDGE('',*,*,#8586,.F.);
#7251=ORIENTED_EDGE('',*,*,#8583,.F.);
#7252=ORIENTED_EDGE('',*,*,#8580,.F.);
#7253=ORIENTED_EDGE('',*,*,#8577,.F.);
#7254=ORIENTED_EDGE('',*,*,#8574,.F.);
#7255=ORIENTED_EDGE('',*,*,#8571,.F.);
#7256=ORIENTED_EDGE('',*,*,#8568,.F.);
#7257=ORIENTED_EDGE('',*,*,#8565,.F.);
#7258=ORIENTED_EDGE('',*,*,#8562,.F.);
#7259=ORIENTED_EDGE('',*,*,#8595,.F.);
#7260=CARTESIAN_POINT('',(16.51,8.89,0.0449557522123909));
#7261=DIRECTION('',(-0.0,1.0,6.12303176911189E-17));
#7262=DIRECTION('',(1.0,0.0,0.0));
#7263=FILL_AREA_STYLE('',(#8598));
#7264=EDGE_CURVE('',#8599,#8600,#8601,.T.);
#7265=EDGE_CURVE('',#8599,#8602,#8603,.T.);
#7266=EDGE_CURVE('',#8604,#8602,#8605,.T.);
#7267=EDGE_CURVE('',#8604,#8600,#8606,.T.);
#7268=FILL_AREA_STYLE('',(#8607));
#7269=EDGE_CURVE('',#8608,#8599,#8609,.T.);
#7270=EDGE_CURVE('',#8610,#8608,#8611,.T.);
#7271=EDGE_CURVE('',#8602,#8610,#8612,.T.);
#7272=FILL_AREA_STYLE('',(#8613));
#7273=EDGE_CURVE('',#8614,#8615,#8616,.T.);
#7274=EDGE_CURVE('',#8617,#8614,#8618,.T.);
#7275=EDGE_CURVE('',#8617,#8619,#8620,.T.);
#7276=EDGE_CURVE('',#8615,#8619,#8621,.T.);
#7277=FILL_AREA_STYLE('',(#8622));
#7278=EDGE_CURVE('',#8623,#8614,#8624,.T.);
#7279=EDGE_CURVE('',#8623,#8625,#8626,.T.);
#7280=EDGE_CURVE('',#8625,#8617,#8627,.T.);
#7281=FILL_AREA_STYLE('',(#8628));
#7282=EDGE_CURVE('',#8629,#8608,#8630,.T.);
#7283=EDGE_CURVE('',#8629,#8631,#8632,.T.);
#7284=EDGE_CURVE('',#8631,#8610,#8633,.T.);
#7285=FILL_AREA_STYLE('',(#8634));
#7286=EDGE_CURVE('',#8600,#8629,#8635,.T.);
#7287=EDGE_CURVE('',#8604,#8631,#8636,.T.);
#7288=FILL_AREA_STYLE('',(#8637));
#7289=EDGE_CURVE('',#8602,#8638,#8639,.T.);
#7290=EDGE_CURVE('',#8638,#8640,#8641,.T.);
#7291=EDGE_CURVE('',#8640,#8604,#8642,.T.);
#7292=FILL_AREA_STYLE('',(#8643));
#7293=EDGE_CURVE('',#8631,#8644,#8645,.T.);
#7294=EDGE_CURVE('',#8644,#8646,#8647,.T.);
#7295=EDGE_CURVE('',#8646,#8610,#8648,.T.);
#7296=FILL_AREA_STYLE('',(#8649));
#7297=EDGE_CURVE('',#8640,#8644,#8650,.T.);
#7298=FILL_AREA_STYLE('',(#8651));
#7299=EDGE_CURVE('',#8638,#8646,#8652,.T.);
#7300=FILL_AREA_STYLE('',(#8653));
#7301=FILL_AREA_STYLE('',(#8654));
#7302=EDGE_CURVE('',#8655,#8623,#8656,.T.);
#7303=EDGE_CURVE('',#8657,#8655,#8658,.T.);
#7304=EDGE_CURVE('',#8625,#8657,#8659,.T.);
#7305=FILL_AREA_STYLE('',(#8660));
#7306=EDGE_CURVE('',#8615,#8655,#8661,.T.);
#7307=EDGE_CURVE('',#8657,#8619,#8662,.T.);
#7308=FILL_AREA_STYLE('',(#8663));
#7309=EDGE_CURVE('',#8664,#8617,#8665,.T.);
#7310=EDGE_CURVE('',#8625,#8666,#8667,.T.);
#7311=EDGE_CURVE('',#8666,#8664,#8668,.T.);
#7312=FILL_AREA_STYLE('',(#8669));
#7313=EDGE_CURVE('',#8670,#8657,#8671,.T.);
#7314=EDGE_CURVE('',#8619,#8672,#8673,.T.);
#7315=EDGE_CURVE('',#8672,#8670,#8674,.T.);
#7316=FILL_AREA_STYLE('',(#8675));
#7317=EDGE_CURVE('',#8666,#8670,#8676,.T.);
#7318=EDGE_CURVE('',#8664,#8672,#8677,.T.);
#7319=FILL_AREA_STYLE('',(#8678));
#7320=FILL_AREA_STYLE('',(#8679));
#7321=FILL_AREA_STYLE('',(#8680));
#7322=EDGE_CURVE('',#8681,#8682,#8683,.T.);
#7323=EDGE_CURVE('',#8681,#8684,#8685,.T.);
#7324=EDGE_CURVE('',#8686,#8684,#8687,.T.);
#7325=EDGE_CURVE('',#8686,#8682,#8688,.T.);
#7326=FILL_AREA_STYLE('',(#8689));
#7327=EDGE_CURVE('',#8690,#8681,#8691,.T.);
#7328=EDGE_CURVE('',#8692,#8690,#8693,.T.);
#7329=EDGE_CURVE('',#8684,#8692,#8694,.T.);
#7330=FILL_AREA_STYLE('',(#8695));
#7331=EDGE_CURVE('',#8696,#8697,#8698,.T.);
#7332=EDGE_CURVE('',#8699,#8696,#8700,.T.);
#7333=EDGE_CURVE('',#8699,#8701,#8702,.T.);
#7334=EDGE_CURVE('',#8697,#8701,#8703,.T.);
#7335=FILL_AREA_STYLE('',(#8704));
#7336=EDGE_CURVE('',#8705,#8696,#8706,.T.);
#7337=EDGE_CURVE('',#8705,#8707,#8708,.T.);
#7338=EDGE_CURVE('',#8707,#8699,#8709,.T.);
#7339=FILL_AREA_STYLE('',(#8710));
#7340=EDGE_CURVE('',#8711,#8690,#8712,.T.);
#7341=EDGE_CURVE('',#8711,#8713,#8714,.T.);
#7342=EDGE_CURVE('',#8713,#8692,#8715,.T.);
#7343=FILL_AREA_STYLE('',(#8716));
#7344=EDGE_CURVE('',#8682,#8711,#8717,.T.);
#7345=EDGE_CURVE('',#8686,#8713,#8718,.T.);
#7346=FILL_AREA_STYLE('',(#8719));
#7347=EDGE_CURVE('',#8684,#8720,#8721,.T.);
#7348=EDGE_CURVE('',#8720,#8722,#8723,.T.);
#7349=EDGE_CURVE('',#8722,#8686,#8724,.T.);
#7350=FILL_AREA_STYLE('',(#8725));
#7351=EDGE_CURVE('',#8713,#8726,#8727,.T.);
#7352=EDGE_CURVE('',#8726,#8728,#8729,.T.);
#7353=EDGE_CURVE('',#8728,#8692,#8730,.T.);
#7354=FILL_AREA_STYLE('',(#8731));
#7355=EDGE_CURVE('',#8722,#8726,#8732,.T.);
#7356=FILL_AREA_STYLE('',(#8733));
#7357=EDGE_CURVE('',#8720,#8728,#8734,.T.);
#7358=FILL_AREA_STYLE('',(#8735));
#7359=FILL_AREA_STYLE('',(#8736));
#7360=EDGE_CURVE('',#8737,#8705,#8738,.T.);
#7361=EDGE_CURVE('',#8739,#8737,#8740,.T.);
#7362=EDGE_CURVE('',#8707,#8739,#8741,.T.);
#7363=FILL_AREA_STYLE('',(#8742));
#7364=EDGE_CURVE('',#8697,#8737,#8743,.T.);
#7365=EDGE_CURVE('',#8739,#8701,#8744,.T.);
#7366=FILL_AREA_STYLE('',(#8745));
#7367=EDGE_CURVE('',#8746,#8699,#8747,.T.);
#7368=EDGE_CURVE('',#8707,#8748,#8749,.T.);
#7369=EDGE_CURVE('',#8748,#8746,#8750,.T.);
#7370=FILL_AREA_STYLE('',(#8751));
#7371=EDGE_CURVE('',#8752,#8739,#8753,.T.);
#7372=EDGE_CURVE('',#8701,#8754,#8755,.T.);
#7373=EDGE_CURVE('',#8754,#8752,#8756,.T.);
#7374=FILL_AREA_STYLE('',(#8757));
#7375=EDGE_CURVE('',#8748,#8752,#8758,.T.);
#7376=EDGE_CURVE('',#8746,#8754,#8759,.T.);
#7377=FILL_AREA_STYLE('',(#8760));
#7378=FILL_AREA_STYLE('',(#8761));
#7379=FILL_AREA_STYLE('',(#8762));
#7380=EDGE_CURVE('',#8763,#8764,#8765,.T.);
#7381=EDGE_CURVE('',#8763,#8766,#8767,.T.);
#7382=EDGE_CURVE('',#8768,#8766,#8769,.T.);
#7383=EDGE_CURVE('',#8768,#8764,#8770,.T.);
#7384=FILL_AREA_STYLE('',(#8771));
#7385=EDGE_CURVE('',#8772,#8763,#8773,.T.);
#7386=EDGE_CURVE('',#8774,#8772,#8775,.T.);
#7387=EDGE_CURVE('',#8766,#8774,#8776,.T.);
#7388=FILL_AREA_STYLE('',(#8777));
#7389=EDGE_CURVE('',#8778,#8779,#8780,.T.);
#7390=EDGE_CURVE('',#8781,#8778,#8782,.T.);
#7391=EDGE_CURVE('',#8781,#8783,#8784,.T.);
#7392=EDGE_CURVE('',#8779,#8783,#8785,.T.);
#7393=FILL_AREA_STYLE('',(#8786));
#7394=EDGE_CURVE('',#8787,#8778,#8788,.T.);
#7395=EDGE_CURVE('',#8787,#8789,#8790,.T.);
#7396=EDGE_CURVE('',#8789,#8781,#8791,.T.);
#7397=FILL_AREA_STYLE('',(#8792));
#7398=EDGE_CURVE('',#8793,#8772,#8794,.T.);
#7399=EDGE_CURVE('',#8793,#8795,#8796,.T.);
#7400=EDGE_CURVE('',#8795,#8774,#8797,.T.);
#7401=FILL_AREA_STYLE('',(#8798));
#7402=EDGE_CURVE('',#8764,#8793,#8799,.T.);
#7403=EDGE_CURVE('',#8768,#8795,#8800,.T.);
#7404=FILL_AREA_STYLE('',(#8801));
#7405=EDGE_CURVE('',#8766,#8802,#8803,.T.);
#7406=EDGE_CURVE('',#8802,#8804,#8805,.T.);
#7407=EDGE_CURVE('',#8804,#8768,#8806,.T.);
#7408=FILL_AREA_STYLE('',(#8807));
#7409=EDGE_CURVE('',#8795,#8808,#8809,.T.);
#7410=EDGE_CURVE('',#8808,#8810,#8811,.T.);
#7411=EDGE_CURVE('',#8810,#8774,#8812,.T.);
#7412=FILL_AREA_STYLE('',(#8813));
#7413=EDGE_CURVE('',#8804,#8808,#8814,.T.);
#7414=FILL_AREA_STYLE('',(#8815));
#7415=EDGE_CURVE('',#8802,#8810,#8816,.T.);
#7416=FILL_AREA_STYLE('',(#8817));
#7417=FILL_AREA_STYLE('',(#8818));
#7418=EDGE_CURVE('',#8819,#8787,#8820,.T.);
#7419=EDGE_CURVE('',#8821,#8819,#8822,.T.);
#7420=EDGE_CURVE('',#8789,#8821,#8823,.T.);
#7421=FILL_AREA_STYLE('',(#8824));
#7422=EDGE_CURVE('',#8779,#8819,#8825,.T.);
#7423=EDGE_CURVE('',#8821,#8783,#8826,.T.);
#7424=FILL_AREA_STYLE('',(#8827));
#7425=EDGE_CURVE('',#8828,#8781,#8829,.T.);
#7426=EDGE_CURVE('',#8789,#8830,#8831,.T.);
#7427=EDGE_CURVE('',#8830,#8828,#8832,.T.);
#7428=FILL_AREA_STYLE('',(#8833));
#7429=EDGE_CURVE('',#8834,#8821,#8835,.T.);
#7430=EDGE_CURVE('',#8783,#8836,#8837,.T.);
#7431=EDGE_CURVE('',#8836,#8834,#8838,.T.);
#7432=FILL_AREA_STYLE('',(#8839));
#7433=EDGE_CURVE('',#8830,#8834,#8840,.T.);
#7434=EDGE_CURVE('',#8828,#8836,#8841,.T.);
#7435=FILL_AREA_STYLE('',(#8842));
#7436=FILL_AREA_STYLE('',(#8843));
#7437=FILL_AREA_STYLE('',(#8844));
#7438=EDGE_CURVE('',#8845,#8846,#8847,.T.);
#7439=EDGE_CURVE('',#8845,#8848,#8849,.T.);
#7440=EDGE_CURVE('',#8850,#8848,#8851,.T.);
#7441=EDGE_CURVE('',#8850,#8846,#8852,.T.);
#7442=FILL_AREA_STYLE('',(#8853));
#7443=EDGE_CURVE('',#8854,#8845,#8855,.T.);
#7444=EDGE_CURVE('',#8856,#8854,#8857,.T.);
#7445=EDGE_CURVE('',#8848,#8856,#8858,.T.);
#7446=FILL_AREA_STYLE('',(#8859));
#7447=EDGE_CURVE('',#8860,#8861,#8862,.T.);
#7448=EDGE_CURVE('',#8863,#8860,#8864,.T.);
#7449=EDGE_CURVE('',#8863,#8865,#8866,.T.);
#7450=EDGE_CURVE('',#8861,#8865,#8867,.T.);
#7451=FILL_AREA_STYLE('',(#8868));
#7452=EDGE_CURVE('',#8869,#8860,#8870,.T.);
#7453=EDGE_CURVE('',#8869,#8871,#8872,.T.);
#7454=EDGE_CURVE('',#8871,#8863,#8873,.T.);
#7455=FILL_AREA_STYLE('',(#8874));
#7456=EDGE_CURVE('',#8875,#8854,#8876,.T.);
#7457=EDGE_CURVE('',#8875,#8877,#8878,.T.);
#7458=EDGE_CURVE('',#8877,#8856,#8879,.T.);
#7459=FILL_AREA_STYLE('',(#8880));
#7460=EDGE_CURVE('',#8846,#8875,#8881,.T.);
#7461=EDGE_CURVE('',#8850,#8877,#8882,.T.);
#7462=FILL_AREA_STYLE('',(#8883));
#7463=EDGE_CURVE('',#8848,#8884,#8885,.T.);
#7464=EDGE_CURVE('',#8884,#8886,#8887,.T.);
#7465=EDGE_CURVE('',#8886,#8850,#8888,.T.);
#7466=FILL_AREA_STYLE('',(#8889));
#7467=EDGE_CURVE('',#8877,#8890,#8891,.T.);
#7468=EDGE_CURVE('',#8890,#8892,#8893,.T.);
#7469=EDGE_CURVE('',#8892,#8856,#8894,.T.);
#7470=FILL_AREA_STYLE('',(#8895));
#7471=EDGE_CURVE('',#8886,#8890,#8896,.T.);
#7472=FILL_AREA_STYLE('',(#8897));
#7473=EDGE_CURVE('',#8884,#8892,#8898,.T.);
#7474=FILL_AREA_STYLE('',(#8899));
#7475=FILL_AREA_STYLE('',(#8900));
#7476=EDGE_CURVE('',#8901,#8869,#8902,.T.);
#7477=EDGE_CURVE('',#8903,#8901,#8904,.T.);
#7478=EDGE_CURVE('',#8871,#8903,#8905,.T.);
#7479=FILL_AREA_STYLE('',(#8906));
#7480=EDGE_CURVE('',#8861,#8901,#8907,.T.);
#7481=EDGE_CURVE('',#8903,#8865,#8908,.T.);
#7482=FILL_AREA_STYLE('',(#8909));
#7483=EDGE_CURVE('',#8910,#8863,#8911,.T.);
#7484=EDGE_CURVE('',#8871,#8912,#8913,.T.);
#7485=EDGE_CURVE('',#8912,#8910,#8914,.T.);
#7486=FILL_AREA_STYLE('',(#8915));
#7487=EDGE_CURVE('',#8916,#8903,#8917,.T.);
#7488=EDGE_CURVE('',#8865,#8918,#8919,.T.);
#7489=EDGE_CURVE('',#8918,#8916,#8920,.T.);
#7490=FILL_AREA_STYLE('',(#8921));
#7491=EDGE_CURVE('',#8912,#8916,#8922,.T.);
#7492=EDGE_CURVE('',#8910,#8918,#8923,.T.);
#7493=FILL_AREA_STYLE('',(#8924));
#7494=FILL_AREA_STYLE('',(#8925));
#7495=FILL_AREA_STYLE('',(#8926));
#7496=EDGE_CURVE('',#8927,#8928,#8929,.T.);
#7497=EDGE_CURVE('',#8927,#8930,#8931,.T.);
#7498=EDGE_CURVE('',#8932,#8930,#8933,.T.);
#7499=EDGE_CURVE('',#8932,#8928,#8934,.T.);
#7500=FILL_AREA_STYLE('',(#8935));
#7501=EDGE_CURVE('',#8936,#8927,#8937,.T.);
#7502=EDGE_CURVE('',#8938,#8936,#8939,.T.);
#7503=EDGE_CURVE('',#8930,#8938,#8940,.T.);
#7504=FILL_AREA_STYLE('',(#8941));
#7505=EDGE_CURVE('',#8942,#8943,#8944,.T.);
#7506=EDGE_CURVE('',#8945,#8942,#8946,.T.);
#7507=EDGE_CURVE('',#8945,#8947,#8948,.T.);
#7508=EDGE_CURVE('',#8943,#8947,#8949,.T.);
#7509=FILL_AREA_STYLE('',(#8950));
#7510=EDGE_CURVE('',#8951,#8942,#8952,.T.);
#7511=EDGE_CURVE('',#8951,#8953,#8954,.T.);
#7512=EDGE_CURVE('',#8953,#8945,#8955,.T.);
#7513=FILL_AREA_STYLE('',(#8956));
#7514=EDGE_CURVE('',#8957,#8936,#8958,.T.);
#7515=EDGE_CURVE('',#8957,#8959,#8960,.T.);
#7516=EDGE_CURVE('',#8959,#8938,#8961,.T.);
#7517=FILL_AREA_STYLE('',(#8962));
#7518=EDGE_CURVE('',#8928,#8957,#8963,.T.);
#7519=EDGE_CURVE('',#8932,#8959,#8964,.T.);
#7520=FILL_AREA_STYLE('',(#8965));
#7521=EDGE_CURVE('',#8930,#8966,#8967,.T.);
#7522=EDGE_CURVE('',#8966,#8968,#8969,.T.);
#7523=EDGE_CURVE('',#8968,#8932,#8970,.T.);
#7524=FILL_AREA_STYLE('',(#8971));
#7525=EDGE_CURVE('',#8959,#8972,#8973,.T.);
#7526=EDGE_CURVE('',#8972,#8974,#8975,.T.);
#7527=EDGE_CURVE('',#8974,#8938,#8976,.T.);
#7528=FILL_AREA_STYLE('',(#8977));
#7529=EDGE_CURVE('',#8968,#8972,#8978,.T.);
#7530=FILL_AREA_STYLE('',(#8979));
#7531=EDGE_CURVE('',#8966,#8974,#8980,.T.);
#7532=FILL_AREA_STYLE('',(#8981));
#7533=FILL_AREA_STYLE('',(#8982));
#7534=EDGE_CURVE('',#8983,#8951,#8984,.T.);
#7535=EDGE_CURVE('',#8985,#8983,#8986,.T.);
#7536=EDGE_CURVE('',#8953,#8985,#8987,.T.);
#7537=FILL_AREA_STYLE('',(#8988));
#7538=EDGE_CURVE('',#8943,#8983,#8989,.T.);
#7539=EDGE_CURVE('',#8985,#8947,#8990,.T.);
#7540=FILL_AREA_STYLE('',(#8991));
#7541=EDGE_CURVE('',#8992,#8945,#8993,.T.);
#7542=EDGE_CURVE('',#8953,#8994,#8995,.T.);
#7543=EDGE_CURVE('',#8994,#8992,#8996,.T.);
#7544=FILL_AREA_STYLE('',(#8997));
#7545=EDGE_CURVE('',#8998,#8985,#8999,.T.);
#7546=EDGE_CURVE('',#8947,#9000,#9001,.T.);
#7547=EDGE_CURVE('',#9000,#8998,#9002,.T.);
#7548=FILL_AREA_STYLE('',(#9003));
#7549=EDGE_CURVE('',#8994,#8998,#9004,.T.);
#7550=EDGE_CURVE('',#8992,#9000,#9005,.T.);
#7551=FILL_AREA_STYLE('',(#9006));
#7552=FILL_AREA_STYLE('',(#9007));
#7553=FILL_AREA_STYLE('',(#9008));
#7554=EDGE_CURVE('',#9009,#9010,#9011,.T.);
#7555=EDGE_CURVE('',#9009,#9012,#9013,.T.);
#7556=EDGE_CURVE('',#9014,#9012,#9015,.T.);
#7557=EDGE_CURVE('',#9014,#9010,#9016,.T.);
#7558=FILL_AREA_STYLE('',(#9017));
#7559=EDGE_CURVE('',#9018,#9009,#9019,.T.);
#7560=EDGE_CURVE('',#9020,#9018,#9021,.T.);
#7561=EDGE_CURVE('',#9012,#9020,#9022,.T.);
#7562=FILL_AREA_STYLE('',(#9023));
#7563=EDGE_CURVE('',#9024,#9025,#9026,.T.);
#7564=EDGE_CURVE('',#9027,#9024,#9028,.T.);
#7565=EDGE_CURVE('',#9027,#9029,#9030,.T.);
#7566=EDGE_CURVE('',#9025,#9029,#9031,.T.);
#7567=FILL_AREA_STYLE('',(#9032));
#7568=EDGE_CURVE('',#9033,#9024,#9034,.T.);
#7569=EDGE_CURVE('',#9033,#9035,#9036,.T.);
#7570=EDGE_CURVE('',#9035,#9027,#9037,.T.);
#7571=FILL_AREA_STYLE('',(#9038));
#7572=EDGE_CURVE('',#9039,#9018,#9040,.T.);
#7573=EDGE_CURVE('',#9039,#9041,#9042,.T.);
#7574=EDGE_CURVE('',#9041,#9020,#9043,.T.);
#7575=FILL_AREA_STYLE('',(#9044));
#7576=EDGE_CURVE('',#9010,#9039,#9045,.T.);
#7577=EDGE_CURVE('',#9014,#9041,#9046,.T.);
#7578=FILL_AREA_STYLE('',(#9047));
#7579=EDGE_CURVE('',#9012,#9048,#9049,.T.);
#7580=EDGE_CURVE('',#9048,#9050,#9051,.T.);
#7581=EDGE_CURVE('',#9050,#9014,#9052,.T.);
#7582=FILL_AREA_STYLE('',(#9053));
#7583=EDGE_CURVE('',#9041,#9054,#9055,.T.);
#7584=EDGE_CURVE('',#9054,#9056,#9057,.T.);
#7585=EDGE_CURVE('',#9056,#9020,#9058,.T.);
#7586=FILL_AREA_STYLE('',(#9059));
#7587=EDGE_CURVE('',#9050,#9054,#9060,.T.);
#7588=FILL_AREA_STYLE('',(#9061));
#7589=EDGE_CURVE('',#9048,#9056,#9062,.T.);
#7590=FILL_AREA_STYLE('',(#9063));
#7591=FILL_AREA_STYLE('',(#9064));
#7592=EDGE_CURVE('',#9065,#9033,#9066,.T.);
#7593=EDGE_CURVE('',#9067,#9065,#9068,.T.);
#7594=EDGE_CURVE('',#9035,#9067,#9069,.T.);
#7595=FILL_AREA_STYLE('',(#9070));
#7596=EDGE_CURVE('',#9025,#9065,#9071,.T.);
#7597=EDGE_CURVE('',#9067,#9029,#9072,.T.);
#7598=FILL_AREA_STYLE('',(#9073));
#7599=EDGE_CURVE('',#9074,#9027,#9075,.T.);
#7600=EDGE_CURVE('',#9035,#9076,#9077,.T.);
#7601=EDGE_CURVE('',#9076,#9074,#9078,.T.);
#7602=FILL_AREA_STYLE('',(#9079));
#7603=EDGE_CURVE('',#9080,#9067,#9081,.T.);
#7604=EDGE_CURVE('',#9029,#9082,#9083,.T.);
#7605=EDGE_CURVE('',#9082,#9080,#9084,.T.);
#7606=FILL_AREA_STYLE('',(#9085));
#7607=EDGE_CURVE('',#9076,#9080,#9086,.T.);
#7608=EDGE_CURVE('',#9074,#9082,#9087,.T.);
#7609=FILL_AREA_STYLE('',(#9088));
#7610=FILL_AREA_STYLE('',(#9089));
#7611=FILL_AREA_STYLE('',(#9090));
#7612=EDGE_CURVE('',#9091,#9092,#9093,.T.);
#7613=EDGE_CURVE('',#9091,#9094,#9095,.T.);
#7614=EDGE_CURVE('',#9096,#9094,#9097,.T.);
#7615=EDGE_CURVE('',#9096,#9092,#9098,.T.);
#7616=FILL_AREA_STYLE('',(#9099));
#7617=EDGE_CURVE('',#9100,#9091,#9101,.T.);
#7618=EDGE_CURVE('',#9102,#9100,#9103,.T.);
#7619=EDGE_CURVE('',#9094,#9102,#9104,.T.);
#7620=FILL_AREA_STYLE('',(#9105));
#7621=EDGE_CURVE('',#9106,#9107,#9108,.T.);
#7622=EDGE_CURVE('',#9109,#9106,#9110,.T.);
#7623=EDGE_CURVE('',#9109,#9111,#9112,.T.);
#7624=EDGE_CURVE('',#9107,#9111,#9113,.T.);
#7625=FILL_AREA_STYLE('',(#9114));
#7626=EDGE_CURVE('',#9115,#9106,#9116,.T.);
#7627=EDGE_CURVE('',#9115,#9117,#9118,.T.);
#7628=EDGE_CURVE('',#9117,#9109,#9119,.T.);
#7629=FILL_AREA_STYLE('',(#9120));
#7630=EDGE_CURVE('',#9121,#9100,#9122,.T.);
#7631=EDGE_CURVE('',#9121,#9123,#9124,.T.);
#7632=EDGE_CURVE('',#9123,#9102,#9125,.T.);
#7633=FILL_AREA_STYLE('',(#9126));
#7634=EDGE_CURVE('',#9092,#9121,#9127,.T.);
#7635=EDGE_CURVE('',#9096,#9123,#9128,.T.);
#7636=FILL_AREA_STYLE('',(#9129));
#7637=EDGE_CURVE('',#9094,#9130,#9131,.T.);
#7638=EDGE_CURVE('',#9130,#9132,#9133,.T.);
#7639=EDGE_CURVE('',#9132,#9096,#9134,.T.);
#7640=FILL_AREA_STYLE('',(#9135));
#7641=EDGE_CURVE('',#9123,#9136,#9137,.T.);
#7642=EDGE_CURVE('',#9136,#9138,#9139,.T.);
#7643=EDGE_CURVE('',#9138,#9102,#9140,.T.);
#7644=FILL_AREA_STYLE('',(#9141));
#7645=EDGE_CURVE('',#9132,#9136,#9142,.T.);
#7646=FILL_AREA_STYLE('',(#9143));
#7647=EDGE_CURVE('',#9130,#9138,#9144,.T.);
#7648=FILL_AREA_STYLE('',(#9145));
#7649=FILL_AREA_STYLE('',(#9146));
#7650=EDGE_CURVE('',#9147,#9115,#9148,.T.);
#7651=EDGE_CURVE('',#9149,#9147,#9150,.T.);
#7652=EDGE_CURVE('',#9117,#9149,#9151,.T.);
#7653=FILL_AREA_STYLE('',(#9152));
#7654=EDGE_CURVE('',#9107,#9147,#9153,.T.);
#7655=EDGE_CURVE('',#9149,#9111,#9154,.T.);
#7656=FILL_AREA_STYLE('',(#9155));
#7657=EDGE_CURVE('',#9156,#9109,#9157,.T.);
#7658=EDGE_CURVE('',#9117,#9158,#9159,.T.);
#7659=EDGE_CURVE('',#9158,#9156,#9160,.T.);
#7660=FILL_AREA_STYLE('',(#9161));
#7661=EDGE_CURVE('',#9162,#9149,#9163,.T.);
#7662=EDGE_CURVE('',#9111,#9164,#9165,.T.);
#7663=EDGE_CURVE('',#9164,#9162,#9166,.T.);
#7664=FILL_AREA_STYLE('',(#9167));
#7665=EDGE_CURVE('',#9158,#9162,#9168,.T.);
#7666=EDGE_CURVE('',#9156,#9164,#9169,.T.);
#7667=FILL_AREA_STYLE('',(#9170));
#7668=FILL_AREA_STYLE('',(#9171));
#7669=FILL_AREA_STYLE('',(#9172));
#7670=EDGE_CURVE('',#9173,#9174,#9175,.T.);
#7671=EDGE_CURVE('',#9173,#9176,#9177,.T.);
#7672=EDGE_CURVE('',#9178,#9176,#9179,.T.);
#7673=EDGE_CURVE('',#9178,#9174,#9180,.T.);
#7674=FILL_AREA_STYLE('',(#9181));
#7675=EDGE_CURVE('',#9182,#9173,#9183,.T.);
#7676=EDGE_CURVE('',#9184,#9182,#9185,.T.);
#7677=EDGE_CURVE('',#9176,#9184,#9186,.T.);
#7678=FILL_AREA_STYLE('',(#9187));
#7679=EDGE_CURVE('',#9188,#9189,#9190,.T.);
#7680=EDGE_CURVE('',#9191,#9188,#9192,.T.);
#7681=EDGE_CURVE('',#9191,#9193,#9194,.T.);
#7682=EDGE_CURVE('',#9189,#9193,#9195,.T.);
#7683=FILL_AREA_STYLE('',(#9196));
#7684=EDGE_CURVE('',#9197,#9188,#9198,.T.);
#7685=EDGE_CURVE('',#9197,#9199,#9200,.T.);
#7686=EDGE_CURVE('',#9199,#9191,#9201,.T.);
#7687=FILL_AREA_STYLE('',(#9202));
#7688=EDGE_CURVE('',#9203,#9182,#9204,.T.);
#7689=EDGE_CURVE('',#9203,#9205,#9206,.T.);
#7690=EDGE_CURVE('',#9205,#9184,#9207,.T.);
#7691=FILL_AREA_STYLE('',(#9208));
#7692=EDGE_CURVE('',#9174,#9203,#9209,.T.);
#7693=EDGE_CURVE('',#9178,#9205,#9210,.T.);
#7694=FILL_AREA_STYLE('',(#9211));
#7695=EDGE_CURVE('',#9176,#9212,#9213,.T.);
#7696=EDGE_CURVE('',#9212,#9214,#9215,.T.);
#7697=EDGE_CURVE('',#9214,#9178,#9216,.T.);
#7698=FILL_AREA_STYLE('',(#9217));
#7699=EDGE_CURVE('',#9205,#9218,#9219,.T.);
#7700=EDGE_CURVE('',#9218,#9220,#9221,.T.);
#7701=EDGE_CURVE('',#9220,#9184,#9222,.T.);
#7702=FILL_AREA_STYLE('',(#9223));
#7703=EDGE_CURVE('',#9214,#9218,#9224,.T.);
#7704=FILL_AREA_STYLE('',(#9225));
#7705=EDGE_CURVE('',#9212,#9220,#9226,.T.);
#7706=FILL_AREA_STYLE('',(#9227));
#7707=FILL_AREA_STYLE('',(#9228));
#7708=EDGE_CURVE('',#9229,#9197,#9230,.T.);
#7709=EDGE_CURVE('',#9231,#9229,#9232,.T.);
#7710=EDGE_CURVE('',#9199,#9231,#9233,.T.);
#7711=FILL_AREA_STYLE('',(#9234));
#7712=EDGE_CURVE('',#9189,#9229,#9235,.T.);
#7713=EDGE_CURVE('',#9231,#9193,#9236,.T.);
#7714=FILL_AREA_STYLE('',(#9237));
#7715=EDGE_CURVE('',#9238,#9191,#9239,.T.);
#7716=EDGE_CURVE('',#9199,#9240,#9241,.T.);
#7717=EDGE_CURVE('',#9240,#9238,#9242,.T.);
#7718=FILL_AREA_STYLE('',(#9243));
#7719=EDGE_CURVE('',#9244,#9231,#9245,.T.);
#7720=EDGE_CURVE('',#9193,#9246,#9247,.T.);
#7721=EDGE_CURVE('',#9246,#9244,#9248,.T.);
#7722=FILL_AREA_STYLE('',(#9249));
#7723=EDGE_CURVE('',#9240,#9244,#9250,.T.);
#7724=EDGE_CURVE('',#9238,#9246,#9251,.T.);
#7725=FILL_AREA_STYLE('',(#9252));
#7726=FILL_AREA_STYLE('',(#9253));
#7727=FILL_AREA_STYLE('',(#9254));
#7728=EDGE_CURVE('',#9255,#9256,#9257,.T.);
#7729=EDGE_CURVE('',#9255,#9258,#9259,.T.);
#7730=EDGE_CURVE('',#9260,#9258,#9261,.T.);
#7731=EDGE_CURVE('',#9260,#9256,#9262,.T.);
#7732=FILL_AREA_STYLE('',(#9263));
#7733=EDGE_CURVE('',#9264,#9255,#9265,.T.);
#7734=EDGE_CURVE('',#9266,#9264,#9267,.T.);
#7735=EDGE_CURVE('',#9258,#9266,#9268,.T.);
#7736=FILL_AREA_STYLE('',(#9269));
#7737=EDGE_CURVE('',#9270,#9271,#9272,.T.);
#7738=EDGE_CURVE('',#9273,#9270,#9274,.T.);
#7739=EDGE_CURVE('',#9273,#9275,#9276,.T.);
#7740=EDGE_CURVE('',#9271,#9275,#9277,.T.);
#7741=FILL_AREA_STYLE('',(#9278));
#7742=EDGE_CURVE('',#9279,#9270,#9280,.T.);
#7743=EDGE_CURVE('',#9279,#9281,#9282,.T.);
#7744=EDGE_CURVE('',#9281,#9273,#9283,.T.);
#7745=FILL_AREA_STYLE('',(#9284));
#7746=EDGE_CURVE('',#9285,#9264,#9286,.T.);
#7747=EDGE_CURVE('',#9285,#9287,#9288,.T.);
#7748=EDGE_CURVE('',#9287,#9266,#9289,.T.);
#7749=FILL_AREA_STYLE('',(#9290));
#7750=EDGE_CURVE('',#9256,#9285,#9291,.T.);
#7751=EDGE_CURVE('',#9260,#9287,#9292,.T.);
#7752=FILL_AREA_STYLE('',(#9293));
#7753=EDGE_CURVE('',#9258,#9294,#9295,.T.);
#7754=EDGE_CURVE('',#9294,#9296,#9297,.T.);
#7755=EDGE_CURVE('',#9296,#9260,#9298,.T.);
#7756=FILL_AREA_STYLE('',(#9299));
#7757=EDGE_CURVE('',#9287,#9300,#9301,.T.);
#7758=EDGE_CURVE('',#9300,#9302,#9303,.T.);
#7759=EDGE_CURVE('',#9302,#9266,#9304,.T.);
#7760=FILL_AREA_STYLE('',(#9305));
#7761=EDGE_CURVE('',#9296,#9300,#9306,.T.);
#7762=FILL_AREA_STYLE('',(#9307));
#7763=EDGE_CURVE('',#9294,#9302,#9308,.T.);
#7764=FILL_AREA_STYLE('',(#9309));
#7765=FILL_AREA_STYLE('',(#9310));
#7766=EDGE_CURVE('',#9311,#9279,#9312,.T.);
#7767=EDGE_CURVE('',#9313,#9311,#9314,.T.);
#7768=EDGE_CURVE('',#9281,#9313,#9315,.T.);
#7769=FILL_AREA_STYLE('',(#9316));
#7770=EDGE_CURVE('',#9271,#9311,#9317,.T.);
#7771=EDGE_CURVE('',#9313,#9275,#9318,.T.);
#7772=FILL_AREA_STYLE('',(#9319));
#7773=EDGE_CURVE('',#9320,#9273,#9321,.T.);
#7774=EDGE_CURVE('',#9281,#9322,#9323,.T.);
#7775=EDGE_CURVE('',#9322,#9320,#9324,.T.);
#7776=FILL_AREA_STYLE('',(#9325));
#7777=EDGE_CURVE('',#9326,#9313,#9327,.T.);
#7778=EDGE_CURVE('',#9275,#9328,#9329,.T.);
#7779=EDGE_CURVE('',#9328,#9326,#9330,.T.);
#7780=FILL_AREA_STYLE('',(#9331));
#7781=EDGE_CURVE('',#9322,#9326,#9332,.T.);
#7782=EDGE_CURVE('',#9320,#9328,#9333,.T.);
#7783=FILL_AREA_STYLE('',(#9334));
#7784=FILL_AREA_STYLE('',(#9335));
#7785=FILL_AREA_STYLE('',(#9336));
#7786=EDGE_CURVE('',#9337,#9338,#9339,.T.);
#7787=EDGE_CURVE('',#9337,#9340,#9341,.T.);
#7788=EDGE_CURVE('',#9342,#9340,#9343,.T.);
#7789=EDGE_CURVE('',#9342,#9338,#9344,.T.);
#7790=FILL_AREA_STYLE('',(#9345));
#7791=EDGE_CURVE('',#9346,#9337,#9347,.T.);
#7792=EDGE_CURVE('',#9348,#9346,#9349,.T.);
#7793=EDGE_CURVE('',#9340,#9348,#9350,.T.);
#7794=FILL_AREA_STYLE('',(#9351));
#7795=EDGE_CURVE('',#9352,#9353,#9354,.T.);
#7796=EDGE_CURVE('',#9355,#9352,#9356,.T.);
#7797=EDGE_CURVE('',#9355,#9357,#9358,.T.);
#7798=EDGE_CURVE('',#9353,#9357,#9359,.T.);
#7799=FILL_AREA_STYLE('',(#9360));
#7800=EDGE_CURVE('',#9361,#9352,#9362,.T.);
#7801=EDGE_CURVE('',#9361,#9363,#9364,.T.);
#7802=EDGE_CURVE('',#9363,#9355,#9365,.T.);
#7803=FILL_AREA_STYLE('',(#9366));
#7804=EDGE_CURVE('',#9367,#9346,#9368,.T.);
#7805=EDGE_CURVE('',#9367,#9369,#9370,.T.);
#7806=EDGE_CURVE('',#9369,#9348,#9371,.T.);
#7807=FILL_AREA_STYLE('',(#9372));
#7808=EDGE_CURVE('',#9338,#9367,#9373,.T.);
#7809=EDGE_CURVE('',#9342,#9369,#9374,.T.);
#7810=FILL_AREA_STYLE('',(#9375));
#7811=EDGE_CURVE('',#9340,#9376,#9377,.T.);
#7812=EDGE_CURVE('',#9376,#9378,#9379,.T.);
#7813=EDGE_CURVE('',#9378,#9342,#9380,.T.);
#7814=FILL_AREA_STYLE('',(#9381));
#7815=EDGE_CURVE('',#9369,#9382,#9383,.T.);
#7816=EDGE_CURVE('',#9382,#9384,#9385,.T.);
#7817=EDGE_CURVE('',#9384,#9348,#9386,.T.);
#7818=FILL_AREA_STYLE('',(#9387));
#7819=EDGE_CURVE('',#9378,#9382,#9388,.T.);
#7820=FILL_AREA_STYLE('',(#9389));
#7821=EDGE_CURVE('',#9376,#9384,#9390,.T.);
#7822=FILL_AREA_STYLE('',(#9391));
#7823=FILL_AREA_STYLE('',(#9392));
#7824=EDGE_CURVE('',#9393,#9361,#9394,.T.);
#7825=EDGE_CURVE('',#9395,#9393,#9396,.T.);
#7826=EDGE_CURVE('',#9363,#9395,#9397,.T.);
#7827=FILL_AREA_STYLE('',(#9398));
#7828=EDGE_CURVE('',#9353,#9393,#9399,.T.);
#7829=EDGE_CURVE('',#9395,#9357,#9400,.T.);
#7830=FILL_AREA_STYLE('',(#9401));
#7831=EDGE_CURVE('',#9402,#9355,#9403,.T.);
#7832=EDGE_CURVE('',#9363,#9404,#9405,.T.);
#7833=EDGE_CURVE('',#9404,#9402,#9406,.T.);
#7834=FILL_AREA_STYLE('',(#9407));
#7835=EDGE_CURVE('',#9408,#9395,#9409,.T.);
#7836=EDGE_CURVE('',#9357,#9410,#9411,.T.);
#7837=EDGE_CURVE('',#9410,#9408,#9412,.T.);
#7838=FILL_AREA_STYLE('',(#9413));
#7839=EDGE_CURVE('',#9404,#9408,#9414,.T.);
#7840=EDGE_CURVE('',#9402,#9410,#9415,.T.);
#7841=FILL_AREA_STYLE('',(#9416));
#7842=FILL_AREA_STYLE('',(#9417));
#7843=FILL_AREA_STYLE('',(#9418));
#7844=EDGE_CURVE('',#9419,#9420,#9421,.T.);
#7845=EDGE_CURVE('',#9419,#9422,#9423,.T.);
#7846=EDGE_CURVE('',#9424,#9422,#9425,.T.);
#7847=EDGE_CURVE('',#9424,#9420,#9426,.T.);
#7848=FILL_AREA_STYLE('',(#9427));
#7849=EDGE_CURVE('',#9428,#9419,#9429,.T.);
#7850=EDGE_CURVE('',#9430,#9428,#9431,.T.);
#7851=EDGE_CURVE('',#9422,#9430,#9432,.T.);
#7852=FILL_AREA_STYLE('',(#9433));
#7853=EDGE_CURVE('',#9434,#9435,#9436,.T.);
#7854=EDGE_CURVE('',#9437,#9434,#9438,.T.);
#7855=EDGE_CURVE('',#9437,#9439,#9440,.T.);
#7856=EDGE_CURVE('',#9435,#9439,#9441,.T.);
#7857=FILL_AREA_STYLE('',(#9442));
#7858=EDGE_CURVE('',#9443,#9434,#9444,.T.);
#7859=EDGE_CURVE('',#9443,#9445,#9446,.T.);
#7860=EDGE_CURVE('',#9445,#9437,#9447,.T.);
#7861=FILL_AREA_STYLE('',(#9448));
#7862=EDGE_CURVE('',#9449,#9428,#9450,.T.);
#7863=EDGE_CURVE('',#9449,#9451,#9452,.T.);
#7864=EDGE_CURVE('',#9451,#9430,#9453,.T.);
#7865=FILL_AREA_STYLE('',(#9454));
#7866=EDGE_CURVE('',#9420,#9449,#9455,.T.);
#7867=EDGE_CURVE('',#9424,#9451,#9456,.T.);
#7868=FILL_AREA_STYLE('',(#9457));
#7869=EDGE_CURVE('',#9422,#9458,#9459,.T.);
#7870=EDGE_CURVE('',#9458,#9460,#9461,.T.);
#7871=EDGE_CURVE('',#9460,#9424,#9462,.T.);
#7872=FILL_AREA_STYLE('',(#9463));
#7873=EDGE_CURVE('',#9451,#9464,#9465,.T.);
#7874=EDGE_CURVE('',#9464,#9466,#9467,.T.);
#7875=EDGE_CURVE('',#9466,#9430,#9468,.T.);
#7876=FILL_AREA_STYLE('',(#9469));
#7877=EDGE_CURVE('',#9460,#9464,#9470,.T.);
#7878=FILL_AREA_STYLE('',(#9471));
#7879=EDGE_CURVE('',#9458,#9466,#9472,.T.);
#7880=FILL_AREA_STYLE('',(#9473));
#7881=FILL_AREA_STYLE('',(#9474));
#7882=EDGE_CURVE('',#9475,#9443,#9476,.T.);
#7883=EDGE_CURVE('',#9477,#9475,#9478,.T.);
#7884=EDGE_CURVE('',#9445,#9477,#9479,.T.);
#7885=FILL_AREA_STYLE('',(#9480));
#7886=EDGE_CURVE('',#9435,#9475,#9481,.T.);
#7887=EDGE_CURVE('',#9477,#9439,#9482,.T.);
#7888=FILL_AREA_STYLE('',(#9483));
#7889=EDGE_CURVE('',#9484,#9437,#9485,.T.);
#7890=EDGE_CURVE('',#9445,#9486,#9487,.T.);
#7891=EDGE_CURVE('',#9486,#9484,#9488,.T.);
#7892=FILL_AREA_STYLE('',(#9489));
#7893=EDGE_CURVE('',#9490,#9477,#9491,.T.);
#7894=EDGE_CURVE('',#9439,#9492,#9493,.T.);
#7895=EDGE_CURVE('',#9492,#9490,#9494,.T.);
#7896=FILL_AREA_STYLE('',(#9495));
#7897=EDGE_CURVE('',#9486,#9490,#9496,.T.);
#7898=EDGE_CURVE('',#9484,#9492,#9497,.T.);
#7899=FILL_AREA_STYLE('',(#9498));
#7900=FILL_AREA_STYLE('',(#9499));
#7901=FILL_AREA_STYLE('',(#9500));
#7902=EDGE_CURVE('',#9501,#9502,#9503,.T.);
#7903=EDGE_CURVE('',#9501,#9504,#9505,.T.);
#7904=EDGE_CURVE('',#9506,#9504,#9507,.T.);
#7905=EDGE_CURVE('',#9506,#9502,#9508,.T.);
#7906=FILL_AREA_STYLE('',(#9509));
#7907=EDGE_CURVE('',#9510,#9501,#9511,.T.);
#7908=EDGE_CURVE('',#9512,#9510,#9513,.T.);
#7909=EDGE_CURVE('',#9504,#9512,#9514,.T.);
#7910=FILL_AREA_STYLE('',(#9515));
#7911=EDGE_CURVE('',#9516,#9517,#9518,.T.);
#7912=EDGE_CURVE('',#9519,#9516,#9520,.T.);
#7913=EDGE_CURVE('',#9519,#9521,#9522,.T.);
#7914=EDGE_CURVE('',#9517,#9521,#9523,.T.);
#7915=FILL_AREA_STYLE('',(#9524));
#7916=EDGE_CURVE('',#9525,#9516,#9526,.T.);
#7917=EDGE_CURVE('',#9525,#9527,#9528,.T.);
#7918=EDGE_CURVE('',#9527,#9519,#9529,.T.);
#7919=FILL_AREA_STYLE('',(#9530));
#7920=EDGE_CURVE('',#9531,#9510,#9532,.T.);
#7921=EDGE_CURVE('',#9531,#9533,#9534,.T.);
#7922=EDGE_CURVE('',#9533,#9512,#9535,.T.);
#7923=FILL_AREA_STYLE('',(#9536));
#7924=EDGE_CURVE('',#9502,#9531,#9537,.T.);
#7925=EDGE_CURVE('',#9506,#9533,#9538,.T.);
#7926=FILL_AREA_STYLE('',(#9539));
#7927=EDGE_CURVE('',#9504,#9540,#9541,.T.);
#7928=EDGE_CURVE('',#9540,#9542,#9543,.T.);
#7929=EDGE_CURVE('',#9542,#9506,#9544,.T.);
#7930=FILL_AREA_STYLE('',(#9545));
#7931=EDGE_CURVE('',#9533,#9546,#9547,.T.);
#7932=EDGE_CURVE('',#9546,#9548,#9549,.T.);
#7933=EDGE_CURVE('',#9548,#9512,#9550,.T.);
#7934=FILL_AREA_STYLE('',(#9551));
#7935=EDGE_CURVE('',#9542,#9546,#9552,.T.);
#7936=FILL_AREA_STYLE('',(#9553));
#7937=EDGE_CURVE('',#9540,#9548,#9554,.T.);
#7938=FILL_AREA_STYLE('',(#9555));
#7939=FILL_AREA_STYLE('',(#9556));
#7940=EDGE_CURVE('',#9557,#9525,#9558,.T.);
#7941=EDGE_CURVE('',#9559,#9557,#9560,.T.);
#7942=EDGE_CURVE('',#9527,#9559,#9561,.T.);
#7943=FILL_AREA_STYLE('',(#9562));
#7944=EDGE_CURVE('',#9517,#9557,#9563,.T.);
#7945=EDGE_CURVE('',#9559,#9521,#9564,.T.);
#7946=FILL_AREA_STYLE('',(#9565));
#7947=EDGE_CURVE('',#9566,#9519,#9567,.T.);
#7948=EDGE_CURVE('',#9527,#9568,#9569,.T.);
#7949=EDGE_CURVE('',#9568,#9566,#9570,.T.);
#7950=FILL_AREA_STYLE('',(#9571));
#7951=EDGE_CURVE('',#9572,#9559,#9573,.T.);
#7952=EDGE_CURVE('',#9521,#9574,#9575,.T.);
#7953=EDGE_CURVE('',#9574,#9572,#9576,.T.);
#7954=FILL_AREA_STYLE('',(#9577));
#7955=EDGE_CURVE('',#9568,#9572,#9578,.T.);
#7956=EDGE_CURVE('',#9566,#9574,#9579,.T.);
#7957=FILL_AREA_STYLE('',(#9580));
#7958=FILL_AREA_STYLE('',(#9581));
#7959=FILL_AREA_STYLE('',(#9582));
#7960=EDGE_CURVE('',#9583,#9584,#9585,.T.);
#7961=EDGE_CURVE('',#9583,#9586,#9587,.T.);
#7962=EDGE_CURVE('',#9588,#9586,#9589,.T.);
#7963=EDGE_CURVE('',#9588,#9584,#9590,.T.);
#7964=FILL_AREA_STYLE('',(#9591));
#7965=EDGE_CURVE('',#9592,#9583,#9593,.T.);
#7966=EDGE_CURVE('',#9594,#9592,#9595,.T.);
#7967=EDGE_CURVE('',#9586,#9594,#9596,.T.);
#7968=FILL_AREA_STYLE('',(#9597));
#7969=EDGE_CURVE('',#9598,#9599,#9600,.T.);
#7970=EDGE_CURVE('',#9601,#9598,#9602,.T.);
#7971=EDGE_CURVE('',#9601,#9603,#9604,.T.);
#7972=EDGE_CURVE('',#9599,#9603,#9605,.T.);
#7973=FILL_AREA_STYLE('',(#9606));
#7974=EDGE_CURVE('',#9607,#9598,#9608,.T.);
#7975=EDGE_CURVE('',#9607,#9609,#9610,.T.);
#7976=EDGE_CURVE('',#9609,#9601,#9611,.T.);
#7977=FILL_AREA_STYLE('',(#9612));
#7978=EDGE_CURVE('',#9613,#9592,#9614,.T.);
#7979=EDGE_CURVE('',#9613,#9615,#9616,.T.);
#7980=EDGE_CURVE('',#9615,#9594,#9617,.T.);
#7981=FILL_AREA_STYLE('',(#9618));
#7982=EDGE_CURVE('',#9584,#9613,#9619,.T.);
#7983=EDGE_CURVE('',#9588,#9615,#9620,.T.);
#7984=FILL_AREA_STYLE('',(#9621));
#7985=EDGE_CURVE('',#9586,#9622,#9623,.T.);
#7986=EDGE_CURVE('',#9622,#9624,#9625,.T.);
#7987=EDGE_CURVE('',#9624,#9588,#9626,.T.);
#7988=FILL_AREA_STYLE('',(#9627));
#7989=EDGE_CURVE('',#9615,#9628,#9629,.T.);
#7990=EDGE_CURVE('',#9628,#9630,#9631,.T.);
#7991=EDGE_CURVE('',#9630,#9594,#9632,.T.);
#7992=FILL_AREA_STYLE('',(#9633));
#7993=EDGE_CURVE('',#9624,#9628,#9634,.T.);
#7994=FILL_AREA_STYLE('',(#9635));
#7995=EDGE_CURVE('',#9622,#9630,#9636,.T.);
#7996=FILL_AREA_STYLE('',(#9637));
#7997=FILL_AREA_STYLE('',(#9638));
#7998=EDGE_CURVE('',#9639,#9607,#9640,.T.);
#7999=EDGE_CURVE('',#9641,#9639,#9642,.T.);
#8000=EDGE_CURVE('',#9609,#9641,#9643,.T.);
#8001=FILL_AREA_STYLE('',(#9644));
#8002=EDGE_CURVE('',#9599,#9639,#9645,.T.);
#8003=EDGE_CURVE('',#9641,#9603,#9646,.T.);
#8004=FILL_AREA_STYLE('',(#9647));
#8005=EDGE_CURVE('',#9648,#9601,#9649,.T.);
#8006=EDGE_CURVE('',#9609,#9650,#9651,.T.);
#8007=EDGE_CURVE('',#9650,#9648,#9652,.T.);
#8008=FILL_AREA_STYLE('',(#9653));
#8009=EDGE_CURVE('',#9654,#9641,#9655,.T.);
#8010=EDGE_CURVE('',#9603,#9656,#9657,.T.);
#8011=EDGE_CURVE('',#9656,#9654,#9658,.T.);
#8012=FILL_AREA_STYLE('',(#9659));
#8013=EDGE_CURVE('',#9650,#9654,#9660,.T.);
#8014=EDGE_CURVE('',#9648,#9656,#9661,.T.);
#8015=FILL_AREA_STYLE('',(#9662));
#8016=FILL_AREA_STYLE('',(#9663));
#8017=FILL_AREA_STYLE('',(#9664));
#8018=EDGE_CURVE('',#9665,#9666,#9667,.T.);
#8019=EDGE_CURVE('',#9665,#9668,#9669,.T.);
#8020=EDGE_CURVE('',#9670,#9668,#9671,.T.);
#8021=EDGE_CURVE('',#9670,#9666,#9672,.T.);
#8022=FILL_AREA_STYLE('',(#9673));
#8023=EDGE_CURVE('',#9674,#9665,#9675,.T.);
#8024=EDGE_CURVE('',#9676,#9674,#9677,.T.);
#8025=EDGE_CURVE('',#9668,#9676,#9678,.T.);
#8026=FILL_AREA_STYLE('',(#9679));
#8027=EDGE_CURVE('',#9680,#9681,#9682,.T.);
#8028=EDGE_CURVE('',#9683,#9680,#9684,.T.);
#8029=EDGE_CURVE('',#9683,#9685,#9686,.T.);
#8030=EDGE_CURVE('',#9681,#9685,#9687,.T.);
#8031=FILL_AREA_STYLE('',(#9688));
#8032=EDGE_CURVE('',#9689,#9680,#9690,.T.);
#8033=EDGE_CURVE('',#9689,#9691,#9692,.T.);
#8034=EDGE_CURVE('',#9691,#9683,#9693,.T.);
#8035=FILL_AREA_STYLE('',(#9694));
#8036=EDGE_CURVE('',#9695,#9674,#9696,.T.);
#8037=EDGE_CURVE('',#9695,#9697,#9698,.T.);
#8038=EDGE_CURVE('',#9697,#9676,#9699,.T.);
#8039=FILL_AREA_STYLE('',(#9700));
#8040=EDGE_CURVE('',#9666,#9695,#9701,.T.);
#8041=EDGE_CURVE('',#9670,#9697,#9702,.T.);
#8042=FILL_AREA_STYLE('',(#9703));
#8043=EDGE_CURVE('',#9668,#9704,#9705,.T.);
#8044=EDGE_CURVE('',#9704,#9706,#9707,.T.);
#8045=EDGE_CURVE('',#9706,#9670,#9708,.T.);
#8046=FILL_AREA_STYLE('',(#9709));
#8047=EDGE_CURVE('',#9697,#9710,#9711,.T.);
#8048=EDGE_CURVE('',#9710,#9712,#9713,.T.);
#8049=EDGE_CURVE('',#9712,#9676,#9714,.T.);
#8050=FILL_AREA_STYLE('',(#9715));
#8051=EDGE_CURVE('',#9706,#9710,#9716,.T.);
#8052=FILL_AREA_STYLE('',(#9717));
#8053=EDGE_CURVE('',#9704,#9712,#9718,.T.);
#8054=FILL_AREA_STYLE('',(#9719));
#8055=FILL_AREA_STYLE('',(#9720));
#8056=EDGE_CURVE('',#9721,#9689,#9722,.T.);
#8057=EDGE_CURVE('',#9723,#9721,#9724,.T.);
#8058=EDGE_CURVE('',#9691,#9723,#9725,.T.);
#8059=FILL_AREA_STYLE('',(#9726));
#8060=EDGE_CURVE('',#9681,#9721,#9727,.T.);
#8061=EDGE_CURVE('',#9723,#9685,#9728,.T.);
#8062=FILL_AREA_STYLE('',(#9729));
#8063=EDGE_CURVE('',#9730,#9683,#9731,.T.);
#8064=EDGE_CURVE('',#9691,#9732,#9733,.T.);
#8065=EDGE_CURVE('',#9732,#9730,#9734,.T.);
#8066=FILL_AREA_STYLE('',(#9735));
#8067=EDGE_CURVE('',#9736,#9723,#9737,.T.);
#8068=EDGE_CURVE('',#9685,#9738,#9739,.T.);
#8069=EDGE_CURVE('',#9738,#9736,#9740,.T.);
#8070=FILL_AREA_STYLE('',(#9741));
#8071=EDGE_CURVE('',#9732,#9736,#9742,.T.);
#8072=EDGE_CURVE('',#9730,#9738,#9743,.T.);
#8073=FILL_AREA_STYLE('',(#9744));
#8074=FILL_AREA_STYLE('',(#9745));
#8075=FILL_AREA_STYLE('',(#9746));
#8076=EDGE_CURVE('',#9747,#9748,#9749,.T.);
#8077=EDGE_CURVE('',#9747,#9750,#9751,.T.);
#8078=EDGE_CURVE('',#9752,#9750,#9753,.T.);
#8079=EDGE_CURVE('',#9752,#9748,#9754,.T.);
#8080=FILL_AREA_STYLE('',(#9755));
#8081=EDGE_CURVE('',#9756,#9747,#9757,.T.);
#8082=EDGE_CURVE('',#9758,#9756,#9759,.T.);
#8083=EDGE_CURVE('',#9750,#9758,#9760,.T.);
#8084=FILL_AREA_STYLE('',(#9761));
#8085=EDGE_CURVE('',#9762,#9763,#9764,.T.);
#8086=EDGE_CURVE('',#9765,#9762,#9766,.T.);
#8087=EDGE_CURVE('',#9765,#9767,#9768,.T.);
#8088=EDGE_CURVE('',#9763,#9767,#9769,.T.);
#8089=FILL_AREA_STYLE('',(#9770));
#8090=EDGE_CURVE('',#9771,#9762,#9772,.T.);
#8091=EDGE_CURVE('',#9771,#9773,#9774,.T.);
#8092=EDGE_CURVE('',#9773,#9765,#9775,.T.);
#8093=FILL_AREA_STYLE('',(#9776));
#8094=EDGE_CURVE('',#9777,#9756,#9778,.T.);
#8095=EDGE_CURVE('',#9777,#9779,#9780,.T.);
#8096=EDGE_CURVE('',#9779,#9758,#9781,.T.);
#8097=FILL_AREA_STYLE('',(#9782));
#8098=EDGE_CURVE('',#9748,#9777,#9783,.T.);
#8099=EDGE_CURVE('',#9752,#9779,#9784,.T.);
#8100=FILL_AREA_STYLE('',(#9785));
#8101=EDGE_CURVE('',#9750,#9786,#9787,.T.);
#8102=EDGE_CURVE('',#9786,#9788,#9789,.T.);
#8103=EDGE_CURVE('',#9788,#9752,#9790,.T.);
#8104=FILL_AREA_STYLE('',(#9791));
#8105=EDGE_CURVE('',#9779,#9792,#9793,.T.);
#8106=EDGE_CURVE('',#9792,#9794,#9795,.T.);
#8107=EDGE_CURVE('',#9794,#9758,#9796,.T.);
#8108=FILL_AREA_STYLE('',(#9797));
#8109=EDGE_CURVE('',#9788,#9792,#9798,.T.);
#8110=FILL_AREA_STYLE('',(#9799));
#8111=EDGE_CURVE('',#9786,#9794,#9800,.T.);
#8112=FILL_AREA_STYLE('',(#9801));
#8113=FILL_AREA_STYLE('',(#9802));
#8114=EDGE_CURVE('',#9803,#9771,#9804,.T.);
#8115=EDGE_CURVE('',#9805,#9803,#9806,.T.);
#8116=EDGE_CURVE('',#9773,#9805,#9807,.T.);
#8117=FILL_AREA_STYLE('',(#9808));
#8118=EDGE_CURVE('',#9763,#9803,#9809,.T.);
#8119=EDGE_CURVE('',#9805,#9767,#9810,.T.);
#8120=FILL_AREA_STYLE('',(#9811));
#8121=EDGE_CURVE('',#9812,#9765,#9813,.T.);
#8122=EDGE_CURVE('',#9773,#9814,#9815,.T.);
#8123=EDGE_CURVE('',#9814,#9812,#9816,.T.);
#8124=FILL_AREA_STYLE('',(#9817));
#8125=EDGE_CURVE('',#9818,#9805,#9819,.T.);
#8126=EDGE_CURVE('',#9767,#9820,#9821,.T.);
#8127=EDGE_CURVE('',#9820,#9818,#9822,.T.);
#8128=FILL_AREA_STYLE('',(#9823));
#8129=EDGE_CURVE('',#9814,#9818,#9824,.T.);
#8130=EDGE_CURVE('',#9812,#9820,#9825,.T.);
#8131=FILL_AREA_STYLE('',(#9826));
#8132=FILL_AREA_STYLE('',(#9827));
#8133=FILL_AREA_STYLE('',(#9828));
#8134=EDGE_CURVE('',#9829,#9830,#9831,.T.);
#8135=EDGE_CURVE('',#9829,#9832,#9833,.T.);
#8136=EDGE_CURVE('',#9834,#9832,#9835,.T.);
#8137=EDGE_CURVE('',#9834,#9830,#9836,.T.);
#8138=FILL_AREA_STYLE('',(#9837));
#8139=EDGE_CURVE('',#9838,#9829,#9839,.T.);
#8140=EDGE_CURVE('',#9840,#9838,#9841,.T.);
#8141=EDGE_CURVE('',#9832,#9840,#9842,.T.);
#8142=FILL_AREA_STYLE('',(#9843));
#8143=EDGE_CURVE('',#9844,#9845,#9846,.T.);
#8144=EDGE_CURVE('',#9847,#9844,#9848,.T.);
#8145=EDGE_CURVE('',#9847,#9849,#9850,.T.);
#8146=EDGE_CURVE('',#9845,#9849,#9851,.T.);
#8147=FILL_AREA_STYLE('',(#9852));
#8148=EDGE_CURVE('',#9853,#9844,#9854,.T.);
#8149=EDGE_CURVE('',#9853,#9855,#9856,.T.);
#8150=EDGE_CURVE('',#9855,#9847,#9857,.T.);
#8151=FILL_AREA_STYLE('',(#9858));
#8152=EDGE_CURVE('',#9859,#9838,#9860,.T.);
#8153=EDGE_CURVE('',#9859,#9861,#9862,.T.);
#8154=EDGE_CURVE('',#9861,#9840,#9863,.T.);
#8155=FILL_AREA_STYLE('',(#9864));
#8156=EDGE_CURVE('',#9830,#9859,#9865,.T.);
#8157=EDGE_CURVE('',#9834,#9861,#9866,.T.);
#8158=FILL_AREA_STYLE('',(#9867));
#8159=EDGE_CURVE('',#9832,#9868,#9869,.T.);
#8160=EDGE_CURVE('',#9868,#9870,#9871,.T.);
#8161=EDGE_CURVE('',#9870,#9834,#9872,.T.);
#8162=FILL_AREA_STYLE('',(#9873));
#8163=EDGE_CURVE('',#9861,#9874,#9875,.T.);
#8164=EDGE_CURVE('',#9874,#9876,#9877,.T.);
#8165=EDGE_CURVE('',#9876,#9840,#9878,.T.);
#8166=FILL_AREA_STYLE('',(#9879));
#8167=EDGE_CURVE('',#9870,#9874,#9880,.T.);
#8168=FILL_AREA_STYLE('',(#9881));
#8169=EDGE_CURVE('',#9868,#9876,#9882,.T.);
#8170=FILL_AREA_STYLE('',(#9883));
#8171=FILL_AREA_STYLE('',(#9884));
#8172=EDGE_CURVE('',#9885,#9853,#9886,.T.);
#8173=EDGE_CURVE('',#9887,#9885,#9888,.T.);
#8174=EDGE_CURVE('',#9855,#9887,#9889,.T.);
#8175=FILL_AREA_STYLE('',(#9890));
#8176=EDGE_CURVE('',#9845,#9885,#9891,.T.);
#8177=EDGE_CURVE('',#9887,#9849,#9892,.T.);
#8178=FILL_AREA_STYLE('',(#9893));
#8179=EDGE_CURVE('',#9894,#9847,#9895,.T.);
#8180=EDGE_CURVE('',#9855,#9896,#9897,.T.);
#8181=EDGE_CURVE('',#9896,#9894,#9898,.T.);
#8182=FILL_AREA_STYLE('',(#9899));
#8183=EDGE_CURVE('',#9900,#9887,#9901,.T.);
#8184=EDGE_CURVE('',#9849,#9902,#9903,.T.);
#8185=EDGE_CURVE('',#9902,#9900,#9904,.T.);
#8186=FILL_AREA_STYLE('',(#9905));
#8187=EDGE_CURVE('',#9896,#9900,#9906,.T.);
#8188=EDGE_CURVE('',#9894,#9902,#9907,.T.);
#8189=FILL_AREA_STYLE('',(#9908));
#8190=FILL_AREA_STYLE('',(#9909));
#8191=FILL_AREA_STYLE('',(#9910));
#8192=EDGE_CURVE('',#9911,#9912,#9913,.T.);
#8193=EDGE_CURVE('',#9911,#9914,#9915,.T.);
#8194=EDGE_CURVE('',#9916,#9914,#9917,.T.);
#8195=EDGE_CURVE('',#9916,#9912,#9918,.T.);
#8196=FILL_AREA_STYLE('',(#9919));
#8197=EDGE_CURVE('',#9920,#9911,#9921,.T.);
#8198=EDGE_CURVE('',#9922,#9920,#9923,.T.);
#8199=EDGE_CURVE('',#9914,#9922,#9924,.T.);
#8200=FILL_AREA_STYLE('',(#9925));
#8201=EDGE_CURVE('',#9926,#9927,#9928,.T.);
#8202=EDGE_CURVE('',#9929,#9926,#9930,.T.);
#8203=EDGE_CURVE('',#9929,#9931,#9932,.T.);
#8204=EDGE_CURVE('',#9927,#9931,#9933,.T.);
#8205=FILL_AREA_STYLE('',(#9934));
#8206=EDGE_CURVE('',#9935,#9926,#9936,.T.);
#8207=EDGE_CURVE('',#9935,#9937,#9938,.T.);
#8208=EDGE_CURVE('',#9937,#9929,#9939,.T.);
#8209=FILL_AREA_STYLE('',(#9940));
#8210=EDGE_CURVE('',#9941,#9920,#9942,.T.);
#8211=EDGE_CURVE('',#9941,#9943,#9944,.T.);
#8212=EDGE_CURVE('',#9943,#9922,#9945,.T.);
#8213=FILL_AREA_STYLE('',(#9946));
#8214=EDGE_CURVE('',#9912,#9941,#9947,.T.);
#8215=EDGE_CURVE('',#9916,#9943,#9948,.T.);
#8216=FILL_AREA_STYLE('',(#9949));
#8217=EDGE_CURVE('',#9914,#9950,#9951,.T.);
#8218=EDGE_CURVE('',#9950,#9952,#9953,.T.);
#8219=EDGE_CURVE('',#9952,#9916,#9954,.T.);
#8220=FILL_AREA_STYLE('',(#9955));
#8221=EDGE_CURVE('',#9943,#9956,#9957,.T.);
#8222=EDGE_CURVE('',#9956,#9958,#9959,.T.);
#8223=EDGE_CURVE('',#9958,#9922,#9960,.T.);
#8224=FILL_AREA_STYLE('',(#9961));
#8225=EDGE_CURVE('',#9952,#9956,#9962,.T.);
#8226=FILL_AREA_STYLE('',(#9963));
#8227=EDGE_CURVE('',#9950,#9958,#9964,.T.);
#8228=FILL_AREA_STYLE('',(#9965));
#8229=FILL_AREA_STYLE('',(#9966));
#8230=EDGE_CURVE('',#9967,#9935,#9968,.T.);
#8231=EDGE_CURVE('',#9969,#9967,#9970,.T.);
#8232=EDGE_CURVE('',#9937,#9969,#9971,.T.);
#8233=FILL_AREA_STYLE('',(#9972));
#8234=EDGE_CURVE('',#9927,#9967,#9973,.T.);
#8235=EDGE_CURVE('',#9969,#9931,#9974,.T.);
#8236=FILL_AREA_STYLE('',(#9975));
#8237=EDGE_CURVE('',#9976,#9929,#9977,.T.);
#8238=EDGE_CURVE('',#9937,#9978,#9979,.T.);
#8239=EDGE_CURVE('',#9978,#9976,#9980,.T.);
#8240=FILL_AREA_STYLE('',(#9981));
#8241=EDGE_CURVE('',#9982,#9969,#9983,.T.);
#8242=EDGE_CURVE('',#9931,#9984,#9985,.T.);
#8243=EDGE_CURVE('',#9984,#9982,#9986,.T.);
#8244=FILL_AREA_STYLE('',(#9987));
#8245=EDGE_CURVE('',#9978,#9982,#9988,.T.);
#8246=EDGE_CURVE('',#9976,#9984,#9989,.T.);
#8247=FILL_AREA_STYLE('',(#9990));
#8248=FILL_AREA_STYLE('',(#9991));
#8249=FILL_AREA_STYLE('',(#9992));
#8250=EDGE_CURVE('',#9993,#9994,#9995,.T.);
#8251=EDGE_CURVE('',#9993,#9996,#9997,.T.);
#8252=EDGE_CURVE('',#9998,#9996,#9999,.T.);
#8253=EDGE_CURVE('',#9998,#9994,#10000,.T.);
#8254=FILL_AREA_STYLE('',(#10001));
#8255=EDGE_CURVE('',#10002,#9993,#10003,.T.);
#8256=EDGE_CURVE('',#10004,#10002,#10005,.T.);
#8257=EDGE_CURVE('',#9996,#10004,#10006,.T.);
#8258=FILL_AREA_STYLE('',(#10007));
#8259=EDGE_CURVE('',#10008,#10009,#10010,.T.);
#8260=EDGE_CURVE('',#10011,#10008,#10012,.T.);
#8261=EDGE_CURVE('',#10011,#10013,#10014,.T.);
#8262=EDGE_CURVE('',#10009,#10013,#10015,.T.);
#8263=FILL_AREA_STYLE('',(#10016));
#8264=EDGE_CURVE('',#10017,#10008,#10018,.T.);
#8265=EDGE_CURVE('',#10017,#10019,#10020,.T.);
#8266=EDGE_CURVE('',#10019,#10011,#10021,.T.);
#8267=FILL_AREA_STYLE('',(#10022));
#8268=EDGE_CURVE('',#10023,#10002,#10024,.T.);
#8269=EDGE_CURVE('',#10023,#10025,#10026,.T.);
#8270=EDGE_CURVE('',#10025,#10004,#10027,.T.);
#8271=FILL_AREA_STYLE('',(#10028));
#8272=EDGE_CURVE('',#9994,#10023,#10029,.T.);
#8273=EDGE_CURVE('',#9998,#10025,#10030,.T.);
#8274=FILL_AREA_STYLE('',(#10031));
#8275=EDGE_CURVE('',#9996,#10032,#10033,.T.);
#8276=EDGE_CURVE('',#10032,#10034,#10035,.T.);
#8277=EDGE_CURVE('',#10034,#9998,#10036,.T.);
#8278=FILL_AREA_STYLE('',(#10037));
#8279=EDGE_CURVE('',#10025,#10038,#10039,.T.);
#8280=EDGE_CURVE('',#10038,#10040,#10041,.T.);
#8281=EDGE_CURVE('',#10040,#10004,#10042,.T.);
#8282=FILL_AREA_STYLE('',(#10043));
#8283=EDGE_CURVE('',#10034,#10038,#10044,.T.);
#8284=FILL_AREA_STYLE('',(#10045));
#8285=EDGE_CURVE('',#10032,#10040,#10046,.T.);
#8286=FILL_AREA_STYLE('',(#10047));
#8287=FILL_AREA_STYLE('',(#10048));
#8288=EDGE_CURVE('',#10049,#10017,#10050,.T.);
#8289=EDGE_CURVE('',#10051,#10049,#10052,.T.);
#8290=EDGE_CURVE('',#10019,#10051,#10053,.T.);
#8291=FILL_AREA_STYLE('',(#10054));
#8292=EDGE_CURVE('',#10009,#10049,#10055,.T.);
#8293=EDGE_CURVE('',#10051,#10013,#10056,.T.);
#8294=FILL_AREA_STYLE('',(#10057));
#8295=EDGE_CURVE('',#10058,#10011,#10059,.T.);
#8296=EDGE_CURVE('',#10019,#10060,#10061,.T.);
#8297=EDGE_CURVE('',#10060,#10058,#10062,.T.);
#8298=FILL_AREA_STYLE('',(#10063));
#8299=EDGE_CURVE('',#10064,#10051,#10065,.T.);
#8300=EDGE_CURVE('',#10013,#10066,#10067,.T.);
#8301=EDGE_CURVE('',#10066,#10064,#10068,.T.);
#8302=FILL_AREA_STYLE('',(#10069));
#8303=EDGE_CURVE('',#10060,#10064,#10070,.T.);
#8304=EDGE_CURVE('',#10058,#10066,#10071,.T.);
#8305=FILL_AREA_STYLE('',(#10072));
#8306=FILL_AREA_STYLE('',(#10073));
#8307=FILL_AREA_STYLE('',(#10074));
#8308=EDGE_CURVE('',#10075,#10076,#10077,.T.);
#8309=EDGE_CURVE('',#10075,#10078,#10079,.T.);
#8310=EDGE_CURVE('',#10080,#10078,#10081,.T.);
#8311=EDGE_CURVE('',#10080,#10076,#10082,.T.);
#8312=FILL_AREA_STYLE('',(#10083));
#8313=EDGE_CURVE('',#10084,#10075,#10085,.T.);
#8314=EDGE_CURVE('',#10086,#10084,#10087,.T.);
#8315=EDGE_CURVE('',#10078,#10086,#10088,.T.);
#8316=FILL_AREA_STYLE('',(#10089));
#8317=EDGE_CURVE('',#10090,#10091,#10092,.T.);
#8318=EDGE_CURVE('',#10093,#10090,#10094,.T.);
#8319=EDGE_CURVE('',#10093,#10095,#10096,.T.);
#8320=EDGE_CURVE('',#10091,#10095,#10097,.T.);
#8321=FILL_AREA_STYLE('',(#10098));
#8322=EDGE_CURVE('',#10099,#10090,#10100,.T.);
#8323=EDGE_CURVE('',#10099,#10101,#10102,.T.);
#8324=EDGE_CURVE('',#10101,#10093,#10103,.T.);
#8325=FILL_AREA_STYLE('',(#10104));
#8326=EDGE_CURVE('',#10105,#10084,#10106,.T.);
#8327=EDGE_CURVE('',#10105,#10107,#10108,.T.);
#8328=EDGE_CURVE('',#10107,#10086,#10109,.T.);
#8329=FILL_AREA_STYLE('',(#10110));
#8330=EDGE_CURVE('',#10076,#10105,#10111,.T.);
#8331=EDGE_CURVE('',#10080,#10107,#10112,.T.);
#8332=FILL_AREA_STYLE('',(#10113));
#8333=EDGE_CURVE('',#10078,#10114,#10115,.T.);
#8334=EDGE_CURVE('',#10114,#10116,#10117,.T.);
#8335=EDGE_CURVE('',#10116,#10080,#10118,.T.);
#8336=FILL_AREA_STYLE('',(#10119));
#8337=EDGE_CURVE('',#10107,#10120,#10121,.T.);
#8338=EDGE_CURVE('',#10120,#10122,#10123,.T.);
#8339=EDGE_CURVE('',#10122,#10086,#10124,.T.);
#8340=FILL_AREA_STYLE('',(#10125));
#8341=EDGE_CURVE('',#10116,#10120,#10126,.T.);
#8342=FILL_AREA_STYLE('',(#10127));
#8343=EDGE_CURVE('',#10114,#10122,#10128,.T.);
#8344=FILL_AREA_STYLE('',(#10129));
#8345=FILL_AREA_STYLE('',(#10130));
#8346=EDGE_CURVE('',#10131,#10099,#10132,.T.);
#8347=EDGE_CURVE('',#10133,#10131,#10134,.T.);
#8348=EDGE_CURVE('',#10101,#10133,#10135,.T.);
#8349=FILL_AREA_STYLE('',(#10136));
#8350=EDGE_CURVE('',#10091,#10131,#10137,.T.);
#8351=EDGE_CURVE('',#10133,#10095,#10138,.T.);
#8352=FILL_AREA_STYLE('',(#10139));
#8353=EDGE_CURVE('',#10140,#10093,#10141,.T.);
#8354=EDGE_CURVE('',#10101,#10142,#10143,.T.);
#8355=EDGE_CURVE('',#10142,#10140,#10144,.T.);
#8356=FILL_AREA_STYLE('',(#10145));
#8357=EDGE_CURVE('',#10146,#10133,#10147,.T.);
#8358=EDGE_CURVE('',#10095,#10148,#10149,.T.);
#8359=EDGE_CURVE('',#10148,#10146,#10150,.T.);
#8360=FILL_AREA_STYLE('',(#10151));
#8361=EDGE_CURVE('',#10142,#10146,#10152,.T.);
#8362=EDGE_CURVE('',#10140,#10148,#10153,.T.);
#8363=FILL_AREA_STYLE('',(#10154));
#8364=FILL_AREA_STYLE('',(#10155));
#8365=FILL_AREA_STYLE('',(#10156));
#8366=EDGE_CURVE('',#10157,#10158,#10159,.T.);
#8367=EDGE_CURVE('',#10157,#10160,#10161,.T.);
#8368=EDGE_CURVE('',#10162,#10160,#10163,.T.);
#8369=EDGE_CURVE('',#10162,#10158,#10164,.T.);
#8370=FILL_AREA_STYLE('',(#10165));
#8371=EDGE_CURVE('',#10166,#10157,#10167,.T.);
#8372=EDGE_CURVE('',#10168,#10166,#10169,.T.);
#8373=EDGE_CURVE('',#10160,#10168,#10170,.T.);
#8374=FILL_AREA_STYLE('',(#10171));
#8375=EDGE_CURVE('',#10172,#10173,#10174,.T.);
#8376=EDGE_CURVE('',#10175,#10172,#10176,.T.);
#8377=EDGE_CURVE('',#10175,#10177,#10178,.T.);
#8378=EDGE_CURVE('',#10173,#10177,#10179,.T.);
#8379=FILL_AREA_STYLE('',(#10180));
#8380=EDGE_CURVE('',#10181,#10172,#10182,.T.);
#8381=EDGE_CURVE('',#10181,#10183,#10184,.T.);
#8382=EDGE_CURVE('',#10183,#10175,#10185,.T.);
#8383=FILL_AREA_STYLE('',(#10186));
#8384=EDGE_CURVE('',#10187,#10166,#10188,.T.);
#8385=EDGE_CURVE('',#10187,#10189,#10190,.T.);
#8386=EDGE_CURVE('',#10189,#10168,#10191,.T.);
#8387=FILL_AREA_STYLE('',(#10192));
#8388=EDGE_CURVE('',#10158,#10187,#10193,.T.);
#8389=EDGE_CURVE('',#10162,#10189,#10194,.T.);
#8390=FILL_AREA_STYLE('',(#10195));
#8391=EDGE_CURVE('',#10160,#10196,#10197,.T.);
#8392=EDGE_CURVE('',#10196,#10198,#10199,.T.);
#8393=EDGE_CURVE('',#10198,#10162,#10200,.T.);
#8394=FILL_AREA_STYLE('',(#10201));
#8395=EDGE_CURVE('',#10189,#10202,#10203,.T.);
#8396=EDGE_CURVE('',#10202,#10204,#10205,.T.);
#8397=EDGE_CURVE('',#10204,#10168,#10206,.T.);
#8398=FILL_AREA_STYLE('',(#10207));
#8399=EDGE_CURVE('',#10198,#10202,#10208,.T.);
#8400=FILL_AREA_STYLE('',(#10209));
#8401=EDGE_CURVE('',#10196,#10204,#10210,.T.);
#8402=FILL_AREA_STYLE('',(#10211));
#8403=FILL_AREA_STYLE('',(#10212));
#8404=EDGE_CURVE('',#10213,#10181,#10214,.T.);
#8405=EDGE_CURVE('',#10215,#10213,#10216,.T.);
#8406=EDGE_CURVE('',#10183,#10215,#10217,.T.);
#8407=FILL_AREA_STYLE('',(#10218));
#8408=EDGE_CURVE('',#10173,#10213,#10219,.T.);
#8409=EDGE_CURVE('',#10215,#10177,#10220,.T.);
#8410=FILL_AREA_STYLE('',(#10221));
#8411=EDGE_CURVE('',#10222,#10175,#10223,.T.);
#8412=EDGE_CURVE('',#10183,#10224,#10225,.T.);
#8413=EDGE_CURVE('',#10224,#10222,#10226,.T.);
#8414=FILL_AREA_STYLE('',(#10227));
#8415=EDGE_CURVE('',#10228,#10215,#10229,.T.);
#8416=EDGE_CURVE('',#10177,#10230,#10231,.T.);
#8417=EDGE_CURVE('',#10230,#10228,#10232,.T.);
#8418=FILL_AREA_STYLE('',(#10233));
#8419=EDGE_CURVE('',#10224,#10228,#10234,.T.);
#8420=EDGE_CURVE('',#10222,#10230,#10235,.T.);
#8421=FILL_AREA_STYLE('',(#10236));
#8422=FILL_AREA_STYLE('',(#10237));
#8423=FILL_AREA_STYLE('',(#10238));
#8424=EDGE_CURVE('',#10239,#10240,#10241,.T.);
#8425=EDGE_CURVE('',#10239,#10242,#10243,.T.);
#8426=EDGE_CURVE('',#10242,#10244,#10245,.T.);
#8427=EDGE_CURVE('',#10240,#10244,#10246,.T.);
#8428=FILL_AREA_STYLE('',(#10247));
#8429=EDGE_CURVE('',#10248,#10239,#10249,.T.);
#8430=EDGE_CURVE('',#10248,#10250,#10251,.T.);
#8431=EDGE_CURVE('',#10250,#10242,#10252,.T.);
#8432=FILL_AREA_STYLE('',(#10253));
#8433=EDGE_CURVE('',#10240,#10248,#10254,.T.);
#8434=EDGE_CURVE('',#10244,#10250,#10255,.T.);
#8435=FILL_AREA_STYLE('',(#10256));
#8436=FILL_AREA_STYLE('',(#10257));
#8437=EDGE_CURVE('',#10258,#10259,#10260,.T.);
#8438=EDGE_CURVE('',#10261,#10258,#10262,.T.);
#8439=EDGE_CURVE('',#10263,#10261,#10264,.T.);
#8440=EDGE_CURVE('',#10265,#10263,#10266,.T.);
#8441=EDGE_CURVE('',#10267,#10265,#10268,.T.);
#8442=EDGE_CURVE('',#10259,#10267,#10269,.T.);
#8443=FILL_AREA_STYLE('',(#10270));
#8444=EDGE_CURVE('',#10267,#10271,#10272,.T.);
#8445=EDGE_CURVE('',#10273,#10265,#10274,.T.);
#8446=EDGE_CURVE('',#10273,#10271,#10275,.T.);
#8447=FILL_AREA_STYLE('',(#10276));
#8448=EDGE_CURVE('',#10277,#10278,#10279,.T.);
#8449=EDGE_CURVE('',#10271,#10277,#10280,.T.);
#8450=EDGE_CURVE('',#10281,#10273,#10282,.T.);
#8451=EDGE_CURVE('',#10283,#10281,#10284,.T.);
#8452=EDGE_CURVE('',#10278,#10283,#10285,.T.);
#8453=FILL_AREA_STYLE('',(#10286));
#8454=EDGE_CURVE('',#10278,#10258,#10287,.T.);
#8455=EDGE_CURVE('',#10261,#10283,#10288,.T.);
#8456=FILL_AREA_STYLE('',(#10289));
#8457=EDGE_CURVE('',#10290,#10291,#10292,.T.);
#8458=EDGE_CURVE('',#10291,#10290,#10293,.T.);
#8459=EDGE_CURVE('',#10294,#10295,#10296,.T.);
#8460=EDGE_CURVE('',#10295,#10294,#10297,.T.);
#8461=EDGE_CURVE('',#10298,#10299,#10300,.T.);
#8462=EDGE_CURVE('',#10299,#10298,#10301,.T.);
#8463=EDGE_CURVE('',#10302,#10303,#10304,.T.);
#8464=EDGE_CURVE('',#10303,#10302,#10305,.T.);
#8465=EDGE_CURVE('',#10306,#10277,#10307,.T.);
#8466=EDGE_CURVE('',#10308,#10306,#10309,.T.);
#8467=EDGE_CURVE('',#10310,#10308,#10311,.T.);
#8468=EDGE_CURVE('',#10310,#10312,#10313,.T.);
#8469=EDGE_CURVE('',#10312,#10314,#10315,.T.);
#8470=EDGE_CURVE('',#10314,#10316,#10317,.T.);
#8471=EDGE_CURVE('',#10318,#10316,#10319,.T.);
#8472=EDGE_CURVE('',#10320,#10318,#10321,.T.);
#8473=EDGE_CURVE('',#10322,#10320,#10323,.T.);
#8474=EDGE_CURVE('',#10324,#10322,#10325,.T.);
#8475=EDGE_CURVE('',#10326,#10324,#10327,.T.);
#8476=EDGE_CURVE('',#10328,#10326,#10329,.T.);
#8477=EDGE_CURVE('',#10330,#10328,#10331,.T.);
#8478=EDGE_CURVE('',#10332,#10330,#10333,.T.);
#8479=EDGE_CURVE('',#10334,#10332,#10335,.T.);
#8480=EDGE_CURVE('',#10336,#10334,#10337,.T.);
#8481=EDGE_CURVE('',#10259,#10336,#10338,.T.);
#8482=FILL_AREA_STYLE('',(#10339));
#8483=EDGE_CURVE('',#10281,#10340,#10341,.T.);
#8484=EDGE_CURVE('',#10340,#10342,#10343,.T.);
#8485=EDGE_CURVE('',#10344,#10342,#10345,.T.);
#8486=EDGE_CURVE('',#10344,#10346,#10347,.T.);
#8487=EDGE_CURVE('',#10346,#10263,#10348,.T.);
#8488=FILL_AREA_STYLE('',(#10349));
#8489=EDGE_CURVE('',#10350,#10351,#10352,.T.);
#8490=EDGE_CURVE('',#10350,#10353,#10354,.T.);
#8491=EDGE_CURVE('',#10355,#10353,#10356,.T.);
#8492=EDGE_CURVE('',#10355,#10351,#10357,.T.);
#8493=FILL_AREA_STYLE('',(#10358));
#8494=EDGE_CURVE('',#10351,#10359,#10360,.T.);
#8495=EDGE_CURVE('',#10316,#10355,#10361,.T.);
#8496=EDGE_CURVE('',#10362,#10314,#10363,.T.);
#8497=EDGE_CURVE('',#10359,#10362,#10364,.T.);
#8498=FILL_AREA_STYLE('',(#10365));
#8499=EDGE_CURVE('',#10366,#10350,#10367,.T.);
#8500=EDGE_CURVE('',#10368,#10366,#10369,.T.);
#8501=EDGE_CURVE('',#10312,#10368,#10370,.T.);
#8502=EDGE_CURVE('',#10353,#10310,#10371,.T.);
#8503=FILL_AREA_STYLE('',(#10372));
#8504=EDGE_CURVE('',#10362,#10368,#10373,.T.);
#8505=FILL_AREA_STYLE('',(#10374));
#8506=EDGE_CURVE('',#10375,#10359,#10376,.T.);
#8507=EDGE_CURVE('',#10375,#10377,#10378,.T.);
#8508=EDGE_CURVE('',#10377,#10379,#10380,.T.);
#8509=EDGE_CURVE('',#10379,#10381,#10382,.T.);
#8510=EDGE_CURVE('',#10366,#10381,#10383,.T.);
#8511=FILL_AREA_STYLE('',(#10384));
#8512=EDGE_CURVE('',#10385,#10386,#10387,.T.);
#8513=EDGE_CURVE('',#10385,#10388,#10389,.T.);
#8514=EDGE_CURVE('',#10388,#10390,#10391,.T.);
#8515=EDGE_CURVE('',#10392,#10390,#10393,.T.);
#8516=EDGE_CURVE('',#10394,#10392,#10395,.T.);
#8517=EDGE_CURVE('',#10396,#10394,#10397,.T.);
#8518=EDGE_CURVE('',#10386,#10396,#10398,.T.);
#8519=FILL_AREA_STYLE('',(#10399));
#8520=EDGE_CURVE('',#10390,#10400,#10401,.T.);
#8521=EDGE_CURVE('',#10402,#10388,#10403,.T.);
#8522=EDGE_CURVE('',#10400,#10402,#10404,.T.);
#8523=FILL_AREA_STYLE('',(#10405));
#8524=EDGE_CURVE('',#10406,#10385,#10407,.T.);
#8525=EDGE_CURVE('',#10406,#10402,#10408,.T.);
#8526=FILL_AREA_STYLE('',(#10409));
#8527=EDGE_CURVE('',#10410,#10406,#10411,.T.);
#8528=EDGE_CURVE('',#10412,#10410,#10413,.T.);
#8529=EDGE_CURVE('',#10414,#10412,#10415,.T.);
#8530=EDGE_CURVE('',#10416,#10414,#10417,.T.);
#8531=EDGE_CURVE('',#10400,#10416,#10418,.T.);
#8532=FILL_AREA_STYLE('',(#10419));
#8533=EDGE_CURVE('',#10346,#10375,#10420,.T.);
#8534=EDGE_CURVE('',#10381,#10392,#10421,.T.);
#8535=EDGE_CURVE('',#10416,#10340,#10422,.T.);
#8536=FILL_AREA_STYLE('',(#10423));
#8537=EDGE_CURVE('',#10414,#10342,#10424,.T.);
#8538=FILL_AREA_STYLE('',(#10425));
#8539=EDGE_CURVE('',#10379,#10394,#10426,.T.);
#8540=FILL_AREA_STYLE('',(#10427));
#8541=EDGE_CURVE('',#10428,#10412,#10429,.T.);
#8542=EDGE_CURVE('',#10342,#10428,#10430,.T.);
#8543=FILL_AREA_STYLE('',(#10431));
#8544=EDGE_CURVE('',#10432,#10379,#10433,.T.);
#8545=EDGE_CURVE('',#10396,#10432,#10434,.T.);
#8546=FILL_AREA_STYLE('',(#10435));
#8547=FILL_AREA_STYLE('',(#10436));
#8548=FILL_AREA_STYLE('',(#10437));
#8549=FILL_AREA_STYLE('',(#10438));
#8550=FILL_AREA_STYLE('',(#10439));
#8551=EDGE_CURVE('',#10432,#10440,#10441,.T.);
#8552=EDGE_CURVE('',#10377,#10440,#10442,.T.);
#8553=FILL_AREA_STYLE('',(#10443));
#8554=EDGE_CURVE('',#10377,#10344,#10444,.T.);
#8555=FILL_AREA_STYLE('',(#10445));
#8556=EDGE_CURVE('',#10440,#10446,#10447,.T.);
#8557=EDGE_CURVE('',#10446,#10344,#10448,.T.);
#8558=FILL_AREA_STYLE('',(#10449));
#8559=EDGE_CURVE('',#10446,#10428,#10450,.T.);
#8560=FILL_AREA_STYLE('',(#10451));
#8561=EDGE_CURVE('',#10308,#10452,#10453,.T.);
#8562=EDGE_CURVE('',#10452,#10454,#10455,.T.);
#8563=EDGE_CURVE('',#10318,#10454,#10456,.T.);
#8564=FILL_AREA_STYLE('',(#10457));
#8565=EDGE_CURVE('',#10454,#10458,#10459,.T.);
#8566=EDGE_CURVE('',#10320,#10458,#10460,.T.);
#8567=FILL_AREA_STYLE('',(#10461));
#8568=EDGE_CURVE('',#10458,#10462,#10463,.T.);
#8569=EDGE_CURVE('',#10322,#10462,#10464,.T.);
#8570=FILL_AREA_STYLE('',(#10465));
#8571=EDGE_CURVE('',#10462,#10466,#10467,.T.);
#8572=EDGE_CURVE('',#10324,#10466,#10468,.T.);
#8573=FILL_AREA_STYLE('',(#10469));
#8574=EDGE_CURVE('',#10466,#10470,#10471,.T.);
#8575=EDGE_CURVE('',#10326,#10470,#10472,.T.);
#8576=FILL_AREA_STYLE('',(#10473));
#8577=EDGE_CURVE('',#10470,#10474,#10475,.T.);
#8578=EDGE_CURVE('',#10328,#10474,#10476,.T.);
#8579=FILL_AREA_STYLE('',(#10477));
#8580=EDGE_CURVE('',#10474,#10478,#10479,.T.);
#8581=EDGE_CURVE('',#10330,#10478,#10480,.T.);
#8582=FILL_AREA_STYLE('',(#10481));
#8583=EDGE_CURVE('',#10478,#10482,#10483,.T.);
#8584=EDGE_CURVE('',#10332,#10482,#10484,.T.);
#8585=FILL_AREA_STYLE('',(#10485));
#8586=EDGE_CURVE('',#10482,#10486,#10487,.T.);
#8587=EDGE_CURVE('',#10334,#10486,#10488,.T.);
#8588=FILL_AREA_STYLE('',(#10489));
#8589=EDGE_CURVE('',#10486,#10490,#10491,.T.);
#8590=EDGE_CURVE('',#10336,#10490,#10492,.T.);
#8591=FILL_AREA_STYLE('',(#10493));
#8592=EDGE_CURVE('',#10490,#10494,#10495,.T.);
#8593=EDGE_CURVE('',#10306,#10494,#10496,.T.);
#8594=FILL_AREA_STYLE('',(#10497));
#8595=EDGE_CURVE('',#10386,#10452,#10498,.T.);
#8596=EDGE_CURVE('',#10494,#10410,#10499,.T.);
#8597=FILL_AREA_STYLE('',(#10500));
#8598=FILL_AREA_STYLE_COLOUR('',#10501);
#8599=VERTEX_POINT('',#10502);
#8600=VERTEX_POINT('',#10503);
#8601=LINE('',#10504,#10505);
#8602=VERTEX_POINT('',#10506);
#8603=LINE('',#10507,#10508);
#8604=VERTEX_POINT('',#10509);
#8605=LINE('',#10510,#10511);
#8606=LINE('',#10512,#10513);
#8607=FILL_AREA_STYLE_COLOUR('',#10514);
#8608=VERTEX_POINT('',#10515);
#8609=LINE('',#10516,#10517);
#8610=VERTEX_POINT('',#10518);
#8611=LINE('',#10519,#10520);
#8612=LINE('',#10521,#10522);
#8613=FILL_AREA_STYLE_COLOUR('',#10523);
#8614=VERTEX_POINT('',#10524);
#8615=VERTEX_POINT('',#10525);
#8616=LINE('',#10526,#10527);
#8617=VERTEX_POINT('',#10528);
#8618=LINE('',#10529,#10530);
#8619=VERTEX_POINT('',#10531);
#8620=LINE('',#10532,#10533);
#8621=LINE('',#10534,#10535);
#8622=FILL_AREA_STYLE_COLOUR('',#10536);
#8623=VERTEX_POINT('',#10537);
#8624=LINE('',#10538,#10539);
#8625=VERTEX_POINT('',#10540);
#8626=LINE('',#10541,#10542);
#8627=LINE('',#10543,#10544);
#8628=FILL_AREA_STYLE_COLOUR('',#10545);
#8629=VERTEX_POINT('',#10546);
#8630=LINE('',#10547,#10548);
#8631=VERTEX_POINT('',#10549);
#8632=LINE('',#10550,#10551);
#8633=LINE('',#10552,#10553);
#8634=FILL_AREA_STYLE_COLOUR('',#10554);
#8635=LINE('',#10555,#10556);
#8636=LINE('',#10557,#10558);
#8637=FILL_AREA_STYLE_COLOUR('',#10559);
#8638=VERTEX_POINT('',#10560);
#8639=LINE('',#10561,#10562);
#8640=VERTEX_POINT('',#10563);
#8641=LINE('',#10564,#10565);
#8642=LINE('',#10566,#10567);
#8643=FILL_AREA_STYLE_COLOUR('',#10568);
#8644=VERTEX_POINT('',#10569);
#8645=LINE('',#10570,#10571);
#8646=VERTEX_POINT('',#10572);
#8647=LINE('',#10573,#10574);
#8648=LINE('',#10575,#10576);
#8649=FILL_AREA_STYLE_COLOUR('',#10577);
#8650=LINE('',#10578,#10579);
#8651=FILL_AREA_STYLE_COLOUR('',#10580);
#8652=LINE('',#10581,#10582);
#8653=FILL_AREA_STYLE_COLOUR('',#10583);
#8654=FILL_AREA_STYLE_COLOUR('',#10584);
#8655=VERTEX_POINT('',#10585);
#8656=LINE('',#10586,#10587);
#8657=VERTEX_POINT('',#10588);
#8658=LINE('',#10589,#10590);
#8659=LINE('',#10591,#10592);
#8660=FILL_AREA_STYLE_COLOUR('',#10593);
#8661=LINE('',#10594,#10595);
#8662=LINE('',#10596,#10597);
#8663=FILL_AREA_STYLE_COLOUR('',#10598);
#8664=VERTEX_POINT('',#10599);
#8665=LINE('',#10600,#10601);
#8666=VERTEX_POINT('',#10602);
#8667=LINE('',#10603,#10604);
#8668=LINE('',#10605,#10606);
#8669=FILL_AREA_STYLE_COLOUR('',#10607);
#8670=VERTEX_POINT('',#10608);
#8671=LINE('',#10609,#10610);
#8672=VERTEX_POINT('',#10611);
#8673=LINE('',#10612,#10613);
#8674=LINE('',#10614,#10615);
#8675=FILL_AREA_STYLE_COLOUR('',#10616);
#8676=LINE('',#10617,#10618);
#8677=LINE('',#10619,#10620);
#8678=FILL_AREA_STYLE_COLOUR('',#10621);
#8679=FILL_AREA_STYLE_COLOUR('',#10622);
#8680=FILL_AREA_STYLE_COLOUR('',#10623);
#8681=VERTEX_POINT('',#10624);
#8682=VERTEX_POINT('',#10625);
#8683=LINE('',#10626,#10627);
#8684=VERTEX_POINT('',#10628);
#8685=LINE('',#10629,#10630);
#8686=VERTEX_POINT('',#10631);
#8687=LINE('',#10632,#10633);
#8688=LINE('',#10634,#10635);
#8689=FILL_AREA_STYLE_COLOUR('',#10636);
#8690=VERTEX_POINT('',#10637);
#8691=LINE('',#10638,#10639);
#8692=VERTEX_POINT('',#10640);
#8693=LINE('',#10641,#10642);
#8694=LINE('',#10643,#10644);
#8695=FILL_AREA_STYLE_COLOUR('',#10645);
#8696=VERTEX_POINT('',#10646);
#8697=VERTEX_POINT('',#10647);
#8698=LINE('',#10648,#10649);
#8699=VERTEX_POINT('',#10650);
#8700=LINE('',#10651,#10652);
#8701=VERTEX_POINT('',#10653);
#8702=LINE('',#10654,#10655);
#8703=LINE('',#10656,#10657);
#8704=FILL_AREA_STYLE_COLOUR('',#10658);
#8705=VERTEX_POINT('',#10659);
#8706=LINE('',#10660,#10661);
#8707=VERTEX_POINT('',#10662);
#8708=LINE('',#10663,#10664);
#8709=LINE('',#10665,#10666);
#8710=FILL_AREA_STYLE_COLOUR('',#10667);
#8711=VERTEX_POINT('',#10668);
#8712=LINE('',#10669,#10670);
#8713=VERTEX_POINT('',#10671);
#8714=LINE('',#10672,#10673);
#8715=LINE('',#10674,#10675);
#8716=FILL_AREA_STYLE_COLOUR('',#10676);
#8717=LINE('',#10677,#10678);
#8718=LINE('',#10679,#10680);
#8719=FILL_AREA_STYLE_COLOUR('',#10681);
#8720=VERTEX_POINT('',#10682);
#8721=LINE('',#10683,#10684);
#8722=VERTEX_POINT('',#10685);
#8723=LINE('',#10686,#10687);
#8724=LINE('',#10688,#10689);
#8725=FILL_AREA_STYLE_COLOUR('',#10690);
#8726=VERTEX_POINT('',#10691);
#8727=LINE('',#10692,#10693);
#8728=VERTEX_POINT('',#10694);
#8729=LINE('',#10695,#10696);
#8730=LINE('',#10697,#10698);
#8731=FILL_AREA_STYLE_COLOUR('',#10699);
#8732=LINE('',#10700,#10701);
#8733=FILL_AREA_STYLE_COLOUR('',#10702);
#8734=LINE('',#10703,#10704);
#8735=FILL_AREA_STYLE_COLOUR('',#10705);
#8736=FILL_AREA_STYLE_COLOUR('',#10706);
#8737=VERTEX_POINT('',#10707);
#8738=LINE('',#10708,#10709);
#8739=VERTEX_POINT('',#10710);
#8740=LINE('',#10711,#10712);
#8741=LINE('',#10713,#10714);
#8742=FILL_AREA_STYLE_COLOUR('',#10715);
#8743=LINE('',#10716,#10717);
#8744=LINE('',#10718,#10719);
#8745=FILL_AREA_STYLE_COLOUR('',#10720);
#8746=VERTEX_POINT('',#10721);
#8747=LINE('',#10722,#10723);
#8748=VERTEX_POINT('',#10724);
#8749=LINE('',#10725,#10726);
#8750=LINE('',#10727,#10728);
#8751=FILL_AREA_STYLE_COLOUR('',#10729);
#8752=VERTEX_POINT('',#10730);
#8753=LINE('',#10731,#10732);
#8754=VERTEX_POINT('',#10733);
#8755=LINE('',#10734,#10735);
#8756=LINE('',#10736,#10737);
#8757=FILL_AREA_STYLE_COLOUR('',#10738);
#8758=LINE('',#10739,#10740);
#8759=LINE('',#10741,#10742);
#8760=FILL_AREA_STYLE_COLOUR('',#10743);
#8761=FILL_AREA_STYLE_COLOUR('',#10744);
#8762=FILL_AREA_STYLE_COLOUR('',#10745);
#8763=VERTEX_POINT('',#10746);
#8764=VERTEX_POINT('',#10747);
#8765=LINE('',#10748,#10749);
#8766=VERTEX_POINT('',#10750);
#8767=LINE('',#10751,#10752);
#8768=VERTEX_POINT('',#10753);
#8769=LINE('',#10754,#10755);
#8770=LINE('',#10756,#10757);
#8771=FILL_AREA_STYLE_COLOUR('',#10758);
#8772=VERTEX_POINT('',#10759);
#8773=LINE('',#10760,#10761);
#8774=VERTEX_POINT('',#10762);
#8775=LINE('',#10763,#10764);
#8776=LINE('',#10765,#10766);
#8777=FILL_AREA_STYLE_COLOUR('',#10767);
#8778=VERTEX_POINT('',#10768);
#8779=VERTEX_POINT('',#10769);
#8780=LINE('',#10770,#10771);
#8781=VERTEX_POINT('',#10772);
#8782=LINE('',#10773,#10774);
#8783=VERTEX_POINT('',#10775);
#8784=LINE('',#10776,#10777);
#8785=LINE('',#10778,#10779);
#8786=FILL_AREA_STYLE_COLOUR('',#10780);
#8787=VERTEX_POINT('',#10781);
#8788=LINE('',#10782,#10783);
#8789=VERTEX_POINT('',#10784);
#8790=LINE('',#10785,#10786);
#8791=LINE('',#10787,#10788);
#8792=FILL_AREA_STYLE_COLOUR('',#10789);
#8793=VERTEX_POINT('',#10790);
#8794=LINE('',#10791,#10792);
#8795=VERTEX_POINT('',#10793);
#8796=LINE('',#10794,#10795);
#8797=LINE('',#10796,#10797);
#8798=FILL_AREA_STYLE_COLOUR('',#10798);
#8799=LINE('',#10799,#10800);
#8800=LINE('',#10801,#10802);
#8801=FILL_AREA_STYLE_COLOUR('',#10803);
#8802=VERTEX_POINT('',#10804);
#8803=LINE('',#10805,#10806);
#8804=VERTEX_POINT('',#10807);
#8805=LINE('',#10808,#10809);
#8806=LINE('',#10810,#10811);
#8807=FILL_AREA_STYLE_COLOUR('',#10812);
#8808=VERTEX_POINT('',#10813);
#8809=LINE('',#10814,#10815);
#8810=VERTEX_POINT('',#10816);
#8811=LINE('',#10817,#10818);
#8812=LINE('',#10819,#10820);
#8813=FILL_AREA_STYLE_COLOUR('',#10821);
#8814=LINE('',#10822,#10823);
#8815=FILL_AREA_STYLE_COLOUR('',#10824);
#8816=LINE('',#10825,#10826);
#8817=FILL_AREA_STYLE_COLOUR('',#10827);
#8818=FILL_AREA_STYLE_COLOUR('',#10828);
#8819=VERTEX_POINT('',#10829);
#8820=LINE('',#10830,#10831);
#8821=VERTEX_POINT('',#10832);
#8822=LINE('',#10833,#10834);
#8823=LINE('',#10835,#10836);
#8824=FILL_AREA_STYLE_COLOUR('',#10837);
#8825=LINE('',#10838,#10839);
#8826=LINE('',#10840,#10841);
#8827=FILL_AREA_STYLE_COLOUR('',#10842);
#8828=VERTEX_POINT('',#10843);
#8829=LINE('',#10844,#10845);
#8830=VERTEX_POINT('',#10846);
#8831=LINE('',#10847,#10848);
#8832=LINE('',#10849,#10850);
#8833=FILL_AREA_STYLE_COLOUR('',#10851);
#8834=VERTEX_POINT('',#10852);
#8835=LINE('',#10853,#10854);
#8836=VERTEX_POINT('',#10855);
#8837=LINE('',#10856,#10857);
#8838=LINE('',#10858,#10859);
#8839=FILL_AREA_STYLE_COLOUR('',#10860);
#8840=LINE('',#10861,#10862);
#8841=LINE('',#10863,#10864);
#8842=FILL_AREA_STYLE_COLOUR('',#10865);
#8843=FILL_AREA_STYLE_COLOUR('',#10866);
#8844=FILL_AREA_STYLE_COLOUR('',#10867);
#8845=VERTEX_POINT('',#10868);
#8846=VERTEX_POINT('',#10869);
#8847=LINE('',#10870,#10871);
#8848=VERTEX_POINT('',#10872);
#8849=LINE('',#10873,#10874);
#8850=VERTEX_POINT('',#10875);
#8851=LINE('',#10876,#10877);
#8852=LINE('',#10878,#10879);
#8853=FILL_AREA_STYLE_COLOUR('',#10880);
#8854=VERTEX_POINT('',#10881);
#8855=LINE('',#10882,#10883);
#8856=VERTEX_POINT('',#10884);
#8857=LINE('',#10885,#10886);
#8858=LINE('',#10887,#10888);
#8859=FILL_AREA_STYLE_COLOUR('',#10889);
#8860=VERTEX_POINT('',#10890);
#8861=VERTEX_POINT('',#10891);
#8862=LINE('',#10892,#10893);
#8863=VERTEX_POINT('',#10894);
#8864=LINE('',#10895,#10896);
#8865=VERTEX_POINT('',#10897);
#8866=LINE('',#10898,#10899);
#8867=LINE('',#10900,#10901);
#8868=FILL_AREA_STYLE_COLOUR('',#10902);
#8869=VERTEX_POINT('',#10903);
#8870=LINE('',#10904,#10905);
#8871=VERTEX_POINT('',#10906);
#8872=LINE('',#10907,#10908);
#8873=LINE('',#10909,#10910);
#8874=FILL_AREA_STYLE_COLOUR('',#10911);
#8875=VERTEX_POINT('',#10912);
#8876=LINE('',#10913,#10914);
#8877=VERTEX_POINT('',#10915);
#8878=LINE('',#10916,#10917);
#8879=LINE('',#10918,#10919);
#8880=FILL_AREA_STYLE_COLOUR('',#10920);
#8881=LINE('',#10921,#10922);
#8882=LINE('',#10923,#10924);
#8883=FILL_AREA_STYLE_COLOUR('',#10925);
#8884=VERTEX_POINT('',#10926);
#8885=LINE('',#10927,#10928);
#8886=VERTEX_POINT('',#10929);
#8887=LINE('',#10930,#10931);
#8888=LINE('',#10932,#10933);
#8889=FILL_AREA_STYLE_COLOUR('',#10934);
#8890=VERTEX_POINT('',#10935);
#8891=LINE('',#10936,#10937);
#8892=VERTEX_POINT('',#10938);
#8893=LINE('',#10939,#10940);
#8894=LINE('',#10941,#10942);
#8895=FILL_AREA_STYLE_COLOUR('',#10943);
#8896=LINE('',#10944,#10945);
#8897=FILL_AREA_STYLE_COLOUR('',#10946);
#8898=LINE('',#10947,#10948);
#8899=FILL_AREA_STYLE_COLOUR('',#10949);
#8900=FILL_AREA_STYLE_COLOUR('',#10950);
#8901=VERTEX_POINT('',#10951);
#8902=LINE('',#10952,#10953);
#8903=VERTEX_POINT('',#10954);
#8904=LINE('',#10955,#10956);
#8905=LINE('',#10957,#10958);
#8906=FILL_AREA_STYLE_COLOUR('',#10959);
#8907=LINE('',#10960,#10961);
#8908=LINE('',#10962,#10963);
#8909=FILL_AREA_STYLE_COLOUR('',#10964);
#8910=VERTEX_POINT('',#10965);
#8911=LINE('',#10966,#10967);
#8912=VERTEX_POINT('',#10968);
#8913=LINE('',#10969,#10970);
#8914=LINE('',#10971,#10972);
#8915=FILL_AREA_STYLE_COLOUR('',#10973);
#8916=VERTEX_POINT('',#10974);
#8917=LINE('',#10975,#10976);
#8918=VERTEX_POINT('',#10977);
#8919=LINE('',#10978,#10979);
#8920=LINE('',#10980,#10981);
#8921=FILL_AREA_STYLE_COLOUR('',#10982);
#8922=LINE('',#10983,#10984);
#8923=LINE('',#10985,#10986);
#8924=FILL_AREA_STYLE_COLOUR('',#10987);
#8925=FILL_AREA_STYLE_COLOUR('',#10988);
#8926=FILL_AREA_STYLE_COLOUR('',#10989);
#8927=VERTEX_POINT('',#10990);
#8928=VERTEX_POINT('',#10991);
#8929=LINE('',#10992,#10993);
#8930=VERTEX_POINT('',#10994);
#8931=LINE('',#10995,#10996);
#8932=VERTEX_POINT('',#10997);
#8933=LINE('',#10998,#10999);
#8934=LINE('',#11000,#11001);
#8935=FILL_AREA_STYLE_COLOUR('',#11002);
#8936=VERTEX_POINT('',#11003);
#8937=LINE('',#11004,#11005);
#8938=VERTEX_POINT('',#11006);
#8939=LINE('',#11007,#11008);
#8940=LINE('',#11009,#11010);
#8941=FILL_AREA_STYLE_COLOUR('',#11011);
#8942=VERTEX_POINT('',#11012);
#8943=VERTEX_POINT('',#11013);
#8944=LINE('',#11014,#11015);
#8945=VERTEX_POINT('',#11016);
#8946=LINE('',#11017,#11018);
#8947=VERTEX_POINT('',#11019);
#8948=LINE('',#11020,#11021);
#8949=LINE('',#11022,#11023);
#8950=FILL_AREA_STYLE_COLOUR('',#11024);
#8951=VERTEX_POINT('',#11025);
#8952=LINE('',#11026,#11027);
#8953=VERTEX_POINT('',#11028);
#8954=LINE('',#11029,#11030);
#8955=LINE('',#11031,#11032);
#8956=FILL_AREA_STYLE_COLOUR('',#11033);
#8957=VERTEX_POINT('',#11034);
#8958=LINE('',#11035,#11036);
#8959=VERTEX_POINT('',#11037);
#8960=LINE('',#11038,#11039);
#8961=LINE('',#11040,#11041);
#8962=FILL_AREA_STYLE_COLOUR('',#11042);
#8963=LINE('',#11043,#11044);
#8964=LINE('',#11045,#11046);
#8965=FILL_AREA_STYLE_COLOUR('',#11047);
#8966=VERTEX_POINT('',#11048);
#8967=LINE('',#11049,#11050);
#8968=VERTEX_POINT('',#11051);
#8969=LINE('',#11052,#11053);
#8970=LINE('',#11054,#11055);
#8971=FILL_AREA_STYLE_COLOUR('',#11056);
#8972=VERTEX_POINT('',#11057);
#8973=LINE('',#11058,#11059);
#8974=VERTEX_POINT('',#11060);
#8975=LINE('',#11061,#11062);
#8976=LINE('',#11063,#11064);
#8977=FILL_AREA_STYLE_COLOUR('',#11065);
#8978=LINE('',#11066,#11067);
#8979=FILL_AREA_STYLE_COLOUR('',#11068);
#8980=LINE('',#11069,#11070);
#8981=FILL_AREA_STYLE_COLOUR('',#11071);
#8982=FILL_AREA_STYLE_COLOUR('',#11072);
#8983=VERTEX_POINT('',#11073);
#8984=LINE('',#11074,#11075);
#8985=VERTEX_POINT('',#11076);
#8986=LINE('',#11077,#11078);
#8987=LINE('',#11079,#11080);
#8988=FILL_AREA_STYLE_COLOUR('',#11081);
#8989=LINE('',#11082,#11083);
#8990=LINE('',#11084,#11085);
#8991=FILL_AREA_STYLE_COLOUR('',#11086);
#8992=VERTEX_POINT('',#11087);
#8993=LINE('',#11088,#11089);
#8994=VERTEX_POINT('',#11090);
#8995=LINE('',#11091,#11092);
#8996=LINE('',#11093,#11094);
#8997=FILL_AREA_STYLE_COLOUR('',#11095);
#8998=VERTEX_POINT('',#11096);
#8999=LINE('',#11097,#11098);
#9000=VERTEX_POINT('',#11099);
#9001=LINE('',#11100,#11101);
#9002=LINE('',#11102,#11103);
#9003=FILL_AREA_STYLE_COLOUR('',#11104);
#9004=LINE('',#11105,#11106);
#9005=LINE('',#11107,#11108);
#9006=FILL_AREA_STYLE_COLOUR('',#11109);
#9007=FILL_AREA_STYLE_COLOUR('',#11110);
#9008=FILL_AREA_STYLE_COLOUR('',#11111);
#9009=VERTEX_POINT('',#11112);
#9010=VERTEX_POINT('',#11113);
#9011=LINE('',#11114,#11115);
#9012=VERTEX_POINT('',#11116);
#9013=LINE('',#11117,#11118);
#9014=VERTEX_POINT('',#11119);
#9015=LINE('',#11120,#11121);
#9016=LINE('',#11122,#11123);
#9017=FILL_AREA_STYLE_COLOUR('',#11124);
#9018=VERTEX_POINT('',#11125);
#9019=LINE('',#11126,#11127);
#9020=VERTEX_POINT('',#11128);
#9021=LINE('',#11129,#11130);
#9022=LINE('',#11131,#11132);
#9023=FILL_AREA_STYLE_COLOUR('',#11133);
#9024=VERTEX_POINT('',#11134);
#9025=VERTEX_POINT('',#11135);
#9026=LINE('',#11136,#11137);
#9027=VERTEX_POINT('',#11138);
#9028=LINE('',#11139,#11140);
#9029=VERTEX_POINT('',#11141);
#9030=LINE('',#11142,#11143);
#9031=LINE('',#11144,#11145);
#9032=FILL_AREA_STYLE_COLOUR('',#11146);
#9033=VERTEX_POINT('',#11147);
#9034=LINE('',#11148,#11149);
#9035=VERTEX_POINT('',#11150);
#9036=LINE('',#11151,#11152);
#9037=LINE('',#11153,#11154);
#9038=FILL_AREA_STYLE_COLOUR('',#11155);
#9039=VERTEX_POINT('',#11156);
#9040=LINE('',#11157,#11158);
#9041=VERTEX_POINT('',#11159);
#9042=LINE('',#11160,#11161);
#9043=LINE('',#11162,#11163);
#9044=FILL_AREA_STYLE_COLOUR('',#11164);
#9045=LINE('',#11165,#11166);
#9046=LINE('',#11167,#11168);
#9047=FILL_AREA_STYLE_COLOUR('',#11169);
#9048=VERTEX_POINT('',#11170);
#9049=LINE('',#11171,#11172);
#9050=VERTEX_POINT('',#11173);
#9051=LINE('',#11174,#11175);
#9052=LINE('',#11176,#11177);
#9053=FILL_AREA_STYLE_COLOUR('',#11178);
#9054=VERTEX_POINT('',#11179);
#9055=LINE('',#11180,#11181);
#9056=VERTEX_POINT('',#11182);
#9057=LINE('',#11183,#11184);
#9058=LINE('',#11185,#11186);
#9059=FILL_AREA_STYLE_COLOUR('',#11187);
#9060=LINE('',#11188,#11189);
#9061=FILL_AREA_STYLE_COLOUR('',#11190);
#9062=LINE('',#11191,#11192);
#9063=FILL_AREA_STYLE_COLOUR('',#11193);
#9064=FILL_AREA_STYLE_COLOUR('',#11194);
#9065=VERTEX_POINT('',#11195);
#9066=LINE('',#11196,#11197);
#9067=VERTEX_POINT('',#11198);
#9068=LINE('',#11199,#11200);
#9069=LINE('',#11201,#11202);
#9070=FILL_AREA_STYLE_COLOUR('',#11203);
#9071=LINE('',#11204,#11205);
#9072=LINE('',#11206,#11207);
#9073=FILL_AREA_STYLE_COLOUR('',#11208);
#9074=VERTEX_POINT('',#11209);
#9075=LINE('',#11210,#11211);
#9076=VERTEX_POINT('',#11212);
#9077=LINE('',#11213,#11214);
#9078=LINE('',#11215,#11216);
#9079=FILL_AREA_STYLE_COLOUR('',#11217);
#9080=VERTEX_POINT('',#11218);
#9081=LINE('',#11219,#11220);
#9082=VERTEX_POINT('',#11221);
#9083=LINE('',#11222,#11223);
#9084=LINE('',#11224,#11225);
#9085=FILL_AREA_STYLE_COLOUR('',#11226);
#9086=LINE('',#11227,#11228);
#9087=LINE('',#11229,#11230);
#9088=FILL_AREA_STYLE_COLOUR('',#11231);
#9089=FILL_AREA_STYLE_COLOUR('',#11232);
#9090=FILL_AREA_STYLE_COLOUR('',#11233);
#9091=VERTEX_POINT('',#11234);
#9092=VERTEX_POINT('',#11235);
#9093=LINE('',#11236,#11237);
#9094=VERTEX_POINT('',#11238);
#9095=LINE('',#11239,#11240);
#9096=VERTEX_POINT('',#11241);
#9097=LINE('',#11242,#11243);
#9098=LINE('',#11244,#11245);
#9099=FILL_AREA_STYLE_COLOUR('',#11246);
#9100=VERTEX_POINT('',#11247);
#9101=LINE('',#11248,#11249);
#9102=VERTEX_POINT('',#11250);
#9103=LINE('',#11251,#11252);
#9104=LINE('',#11253,#11254);
#9105=FILL_AREA_STYLE_COLOUR('',#11255);
#9106=VERTEX_POINT('',#11256);
#9107=VERTEX_POINT('',#11257);
#9108=LINE('',#11258,#11259);
#9109=VERTEX_POINT('',#11260);
#9110=LINE('',#11261,#11262);
#9111=VERTEX_POINT('',#11263);
#9112=LINE('',#11264,#11265);
#9113=LINE('',#11266,#11267);
#9114=FILL_AREA_STYLE_COLOUR('',#11268);
#9115=VERTEX_POINT('',#11269);
#9116=LINE('',#11270,#11271);
#9117=VERTEX_POINT('',#11272);
#9118=LINE('',#11273,#11274);
#9119=LINE('',#11275,#11276);
#9120=FILL_AREA_STYLE_COLOUR('',#11277);
#9121=VERTEX_POINT('',#11278);
#9122=LINE('',#11279,#11280);
#9123=VERTEX_POINT('',#11281);
#9124=LINE('',#11282,#11283);
#9125=LINE('',#11284,#11285);
#9126=FILL_AREA_STYLE_COLOUR('',#11286);
#9127=LINE('',#11287,#11288);
#9128=LINE('',#11289,#11290);
#9129=FILL_AREA_STYLE_COLOUR('',#11291);
#9130=VERTEX_POINT('',#11292);
#9131=LINE('',#11293,#11294);
#9132=VERTEX_POINT('',#11295);
#9133=LINE('',#11296,#11297);
#9134=LINE('',#11298,#11299);
#9135=FILL_AREA_STYLE_COLOUR('',#11300);
#9136=VERTEX_POINT('',#11301);
#9137=LINE('',#11302,#11303);
#9138=VERTEX_POINT('',#11304);
#9139=LINE('',#11305,#11306);
#9140=LINE('',#11307,#11308);
#9141=FILL_AREA_STYLE_COLOUR('',#11309);
#9142=LINE('',#11310,#11311);
#9143=FILL_AREA_STYLE_COLOUR('',#11312);
#9144=LINE('',#11313,#11314);
#9145=FILL_AREA_STYLE_COLOUR('',#11315);
#9146=FILL_AREA_STYLE_COLOUR('',#11316);
#9147=VERTEX_POINT('',#11317);
#9148=LINE('',#11318,#11319);
#9149=VERTEX_POINT('',#11320);
#9150=LINE('',#11321,#11322);
#9151=LINE('',#11323,#11324);
#9152=FILL_AREA_STYLE_COLOUR('',#11325);
#9153=LINE('',#11326,#11327);
#9154=LINE('',#11328,#11329);
#9155=FILL_AREA_STYLE_COLOUR('',#11330);
#9156=VERTEX_POINT('',#11331);
#9157=LINE('',#11332,#11333);
#9158=VERTEX_POINT('',#11334);
#9159=LINE('',#11335,#11336);
#9160=LINE('',#11337,#11338);
#9161=FILL_AREA_STYLE_COLOUR('',#11339);
#9162=VERTEX_POINT('',#11340);
#9163=LINE('',#11341,#11342);
#9164=VERTEX_POINT('',#11343);
#9165=LINE('',#11344,#11345);
#9166=LINE('',#11346,#11347);
#9167=FILL_AREA_STYLE_COLOUR('',#11348);
#9168=LINE('',#11349,#11350);
#9169=LINE('',#11351,#11352);
#9170=FILL_AREA_STYLE_COLOUR('',#11353);
#9171=FILL_AREA_STYLE_COLOUR('',#11354);
#9172=FILL_AREA_STYLE_COLOUR('',#11355);
#9173=VERTEX_POINT('',#11356);
#9174=VERTEX_POINT('',#11357);
#9175=LINE('',#11358,#11359);
#9176=VERTEX_POINT('',#11360);
#9177=LINE('',#11361,#11362);
#9178=VERTEX_POINT('',#11363);
#9179=LINE('',#11364,#11365);
#9180=LINE('',#11366,#11367);
#9181=FILL_AREA_STYLE_COLOUR('',#11368);
#9182=VERTEX_POINT('',#11369);
#9183=LINE('',#11370,#11371);
#9184=VERTEX_POINT('',#11372);
#9185=LINE('',#11373,#11374);
#9186=LINE('',#11375,#11376);
#9187=FILL_AREA_STYLE_COLOUR('',#11377);
#9188=VERTEX_POINT('',#11378);
#9189=VERTEX_POINT('',#11379);
#9190=LINE('',#11380,#11381);
#9191=VERTEX_POINT('',#11382);
#9192=LINE('',#11383,#11384);
#9193=VERTEX_POINT('',#11385);
#9194=LINE('',#11386,#11387);
#9195=LINE('',#11388,#11389);
#9196=FILL_AREA_STYLE_COLOUR('',#11390);
#9197=VERTEX_POINT('',#11391);
#9198=LINE('',#11392,#11393);
#9199=VERTEX_POINT('',#11394);
#9200=LINE('',#11395,#11396);
#9201=LINE('',#11397,#11398);
#9202=FILL_AREA_STYLE_COLOUR('',#11399);
#9203=VERTEX_POINT('',#11400);
#9204=LINE('',#11401,#11402);
#9205=VERTEX_POINT('',#11403);
#9206=LINE('',#11404,#11405);
#9207=LINE('',#11406,#11407);
#9208=FILL_AREA_STYLE_COLOUR('',#11408);
#9209=LINE('',#11409,#11410);
#9210=LINE('',#11411,#11412);
#9211=FILL_AREA_STYLE_COLOUR('',#11413);
#9212=VERTEX_POINT('',#11414);
#9213=LINE('',#11415,#11416);
#9214=VERTEX_POINT('',#11417);
#9215=LINE('',#11418,#11419);
#9216=LINE('',#11420,#11421);
#9217=FILL_AREA_STYLE_COLOUR('',#11422);
#9218=VERTEX_POINT('',#11423);
#9219=LINE('',#11424,#11425);
#9220=VERTEX_POINT('',#11426);
#9221=LINE('',#11427,#11428);
#9222=LINE('',#11429,#11430);
#9223=FILL_AREA_STYLE_COLOUR('',#11431);
#9224=LINE('',#11432,#11433);
#9225=FILL_AREA_STYLE_COLOUR('',#11434);
#9226=LINE('',#11435,#11436);
#9227=FILL_AREA_STYLE_COLOUR('',#11437);
#9228=FILL_AREA_STYLE_COLOUR('',#11438);
#9229=VERTEX_POINT('',#11439);
#9230=LINE('',#11440,#11441);
#9231=VERTEX_POINT('',#11442);
#9232=LINE('',#11443,#11444);
#9233=LINE('',#11445,#11446);
#9234=FILL_AREA_STYLE_COLOUR('',#11447);
#9235=LINE('',#11448,#11449);
#9236=LINE('',#11450,#11451);
#9237=FILL_AREA_STYLE_COLOUR('',#11452);
#9238=VERTEX_POINT('',#11453);
#9239=LINE('',#11454,#11455);
#9240=VERTEX_POINT('',#11456);
#9241=LINE('',#11457,#11458);
#9242=LINE('',#11459,#11460);
#9243=FILL_AREA_STYLE_COLOUR('',#11461);
#9244=VERTEX_POINT('',#11462);
#9245=LINE('',#11463,#11464);
#9246=VERTEX_POINT('',#11465);
#9247=LINE('',#11466,#11467);
#9248=LINE('',#11468,#11469);
#9249=FILL_AREA_STYLE_COLOUR('',#11470);
#9250=LINE('',#11471,#11472);
#9251=LINE('',#11473,#11474);
#9252=FILL_AREA_STYLE_COLOUR('',#11475);
#9253=FILL_AREA_STYLE_COLOUR('',#11476);
#9254=FILL_AREA_STYLE_COLOUR('',#11477);
#9255=VERTEX_POINT('',#11478);
#9256=VERTEX_POINT('',#11479);
#9257=LINE('',#11480,#11481);
#9258=VERTEX_POINT('',#11482);
#9259=LINE('',#11483,#11484);
#9260=VERTEX_POINT('',#11485);
#9261=LINE('',#11486,#11487);
#9262=LINE('',#11488,#11489);
#9263=FILL_AREA_STYLE_COLOUR('',#11490);
#9264=VERTEX_POINT('',#11491);
#9265=LINE('',#11492,#11493);
#9266=VERTEX_POINT('',#11494);
#9267=LINE('',#11495,#11496);
#9268=LINE('',#11497,#11498);
#9269=FILL_AREA_STYLE_COLOUR('',#11499);
#9270=VERTEX_POINT('',#11500);
#9271=VERTEX_POINT('',#11501);
#9272=LINE('',#11502,#11503);
#9273=VERTEX_POINT('',#11504);
#9274=LINE('',#11505,#11506);
#9275=VERTEX_POINT('',#11507);
#9276=LINE('',#11508,#11509);
#9277=LINE('',#11510,#11511);
#9278=FILL_AREA_STYLE_COLOUR('',#11512);
#9279=VERTEX_POINT('',#11513);
#9280=LINE('',#11514,#11515);
#9281=VERTEX_POINT('',#11516);
#9282=LINE('',#11517,#11518);
#9283=LINE('',#11519,#11520);
#9284=FILL_AREA_STYLE_COLOUR('',#11521);
#9285=VERTEX_POINT('',#11522);
#9286=LINE('',#11523,#11524);
#9287=VERTEX_POINT('',#11525);
#9288=LINE('',#11526,#11527);
#9289=LINE('',#11528,#11529);
#9290=FILL_AREA_STYLE_COLOUR('',#11530);
#9291=LINE('',#11531,#11532);
#9292=LINE('',#11533,#11534);
#9293=FILL_AREA_STYLE_COLOUR('',#11535);
#9294=VERTEX_POINT('',#11536);
#9295=LINE('',#11537,#11538);
#9296=VERTEX_POINT('',#11539);
#9297=LINE('',#11540,#11541);
#9298=LINE('',#11542,#11543);
#9299=FILL_AREA_STYLE_COLOUR('',#11544);
#9300=VERTEX_POINT('',#11545);
#9301=LINE('',#11546,#11547);
#9302=VERTEX_POINT('',#11548);
#9303=LINE('',#11549,#11550);
#9304=LINE('',#11551,#11552);
#9305=FILL_AREA_STYLE_COLOUR('',#11553);
#9306=LINE('',#11554,#11555);
#9307=FILL_AREA_STYLE_COLOUR('',#11556);
#9308=LINE('',#11557,#11558);
#9309=FILL_AREA_STYLE_COLOUR('',#11559);
#9310=FILL_AREA_STYLE_COLOUR('',#11560);
#9311=VERTEX_POINT('',#11561);
#9312=LINE('',#11562,#11563);
#9313=VERTEX_POINT('',#11564);
#9314=LINE('',#11565,#11566);
#9315=LINE('',#11567,#11568);
#9316=FILL_AREA_STYLE_COLOUR('',#11569);
#9317=LINE('',#11570,#11571);
#9318=LINE('',#11572,#11573);
#9319=FILL_AREA_STYLE_COLOUR('',#11574);
#9320=VERTEX_POINT('',#11575);
#9321=LINE('',#11576,#11577);
#9322=VERTEX_POINT('',#11578);
#9323=LINE('',#11579,#11580);
#9324=LINE('',#11581,#11582);
#9325=FILL_AREA_STYLE_COLOUR('',#11583);
#9326=VERTEX_POINT('',#11584);
#9327=LINE('',#11585,#11586);
#9328=VERTEX_POINT('',#11587);
#9329=LINE('',#11588,#11589);
#9330=LINE('',#11590,#11591);
#9331=FILL_AREA_STYLE_COLOUR('',#11592);
#9332=LINE('',#11593,#11594);
#9333=LINE('',#11595,#11596);
#9334=FILL_AREA_STYLE_COLOUR('',#11597);
#9335=FILL_AREA_STYLE_COLOUR('',#11598);
#9336=FILL_AREA_STYLE_COLOUR('',#11599);
#9337=VERTEX_POINT('',#11600);
#9338=VERTEX_POINT('',#11601);
#9339=LINE('',#11602,#11603);
#9340=VERTEX_POINT('',#11604);
#9341=LINE('',#11605,#11606);
#9342=VERTEX_POINT('',#11607);
#9343=LINE('',#11608,#11609);
#9344=LINE('',#11610,#11611);
#9345=FILL_AREA_STYLE_COLOUR('',#11612);
#9346=VERTEX_POINT('',#11613);
#9347=LINE('',#11614,#11615);
#9348=VERTEX_POINT('',#11616);
#9349=LINE('',#11617,#11618);
#9350=LINE('',#11619,#11620);
#9351=FILL_AREA_STYLE_COLOUR('',#11621);
#9352=VERTEX_POINT('',#11622);
#9353=VERTEX_POINT('',#11623);
#9354=LINE('',#11624,#11625);
#9355=VERTEX_POINT('',#11626);
#9356=LINE('',#11627,#11628);
#9357=VERTEX_POINT('',#11629);
#9358=LINE('',#11630,#11631);
#9359=LINE('',#11632,#11633);
#9360=FILL_AREA_STYLE_COLOUR('',#11634);
#9361=VERTEX_POINT('',#11635);
#9362=LINE('',#11636,#11637);
#9363=VERTEX_POINT('',#11638);
#9364=LINE('',#11639,#11640);
#9365=LINE('',#11641,#11642);
#9366=FILL_AREA_STYLE_COLOUR('',#11643);
#9367=VERTEX_POINT('',#11644);
#9368=LINE('',#11645,#11646);
#9369=VERTEX_POINT('',#11647);
#9370=LINE('',#11648,#11649);
#9371=LINE('',#11650,#11651);
#9372=FILL_AREA_STYLE_COLOUR('',#11652);
#9373=LINE('',#11653,#11654);
#9374=LINE('',#11655,#11656);
#9375=FILL_AREA_STYLE_COLOUR('',#11657);
#9376=VERTEX_POINT('',#11658);
#9377=LINE('',#11659,#11660);
#9378=VERTEX_POINT('',#11661);
#9379=LINE('',#11662,#11663);
#9380=LINE('',#11664,#11665);
#9381=FILL_AREA_STYLE_COLOUR('',#11666);
#9382=VERTEX_POINT('',#11667);
#9383=LINE('',#11668,#11669);
#9384=VERTEX_POINT('',#11670);
#9385=LINE('',#11671,#11672);
#9386=LINE('',#11673,#11674);
#9387=FILL_AREA_STYLE_COLOUR('',#11675);
#9388=LINE('',#11676,#11677);
#9389=FILL_AREA_STYLE_COLOUR('',#11678);
#9390=LINE('',#11679,#11680);
#9391=FILL_AREA_STYLE_COLOUR('',#11681);
#9392=FILL_AREA_STYLE_COLOUR('',#11682);
#9393=VERTEX_POINT('',#11683);
#9394=LINE('',#11684,#11685);
#9395=VERTEX_POINT('',#11686);
#9396=LINE('',#11687,#11688);
#9397=LINE('',#11689,#11690);
#9398=FILL_AREA_STYLE_COLOUR('',#11691);
#9399=LINE('',#11692,#11693);
#9400=LINE('',#11694,#11695);
#9401=FILL_AREA_STYLE_COLOUR('',#11696);
#9402=VERTEX_POINT('',#11697);
#9403=LINE('',#11698,#11699);
#9404=VERTEX_POINT('',#11700);
#9405=LINE('',#11701,#11702);
#9406=LINE('',#11703,#11704);
#9407=FILL_AREA_STYLE_COLOUR('',#11705);
#9408=VERTEX_POINT('',#11706);
#9409=LINE('',#11707,#11708);
#9410=VERTEX_POINT('',#11709);
#9411=LINE('',#11710,#11711);
#9412=LINE('',#11712,#11713);
#9413=FILL_AREA_STYLE_COLOUR('',#11714);
#9414=LINE('',#11715,#11716);
#9415=LINE('',#11717,#11718);
#9416=FILL_AREA_STYLE_COLOUR('',#11719);
#9417=FILL_AREA_STYLE_COLOUR('',#11720);
#9418=FILL_AREA_STYLE_COLOUR('',#11721);
#9419=VERTEX_POINT('',#11722);
#9420=VERTEX_POINT('',#11723);
#9421=LINE('',#11724,#11725);
#9422=VERTEX_POINT('',#11726);
#9423=LINE('',#11727,#11728);
#9424=VERTEX_POINT('',#11729);
#9425=LINE('',#11730,#11731);
#9426=LINE('',#11732,#11733);
#9427=FILL_AREA_STYLE_COLOUR('',#11734);
#9428=VERTEX_POINT('',#11735);
#9429=LINE('',#11736,#11737);
#9430=VERTEX_POINT('',#11738);
#9431=LINE('',#11739,#11740);
#9432=LINE('',#11741,#11742);
#9433=FILL_AREA_STYLE_COLOUR('',#11743);
#9434=VERTEX_POINT('',#11744);
#9435=VERTEX_POINT('',#11745);
#9436=LINE('',#11746,#11747);
#9437=VERTEX_POINT('',#11748);
#9438=LINE('',#11749,#11750);
#9439=VERTEX_POINT('',#11751);
#9440=LINE('',#11752,#11753);
#9441=LINE('',#11754,#11755);
#9442=FILL_AREA_STYLE_COLOUR('',#11756);
#9443=VERTEX_POINT('',#11757);
#9444=LINE('',#11758,#11759);
#9445=VERTEX_POINT('',#11760);
#9446=LINE('',#11761,#11762);
#9447=LINE('',#11763,#11764);
#9448=FILL_AREA_STYLE_COLOUR('',#11765);
#9449=VERTEX_POINT('',#11766);
#9450=LINE('',#11767,#11768);
#9451=VERTEX_POINT('',#11769);
#9452=LINE('',#11770,#11771);
#9453=LINE('',#11772,#11773);
#9454=FILL_AREA_STYLE_COLOUR('',#11774);
#9455=LINE('',#11775,#11776);
#9456=LINE('',#11777,#11778);
#9457=FILL_AREA_STYLE_COLOUR('',#11779);
#9458=VERTEX_POINT('',#11780);
#9459=LINE('',#11781,#11782);
#9460=VERTEX_POINT('',#11783);
#9461=LINE('',#11784,#11785);
#9462=LINE('',#11786,#11787);
#9463=FILL_AREA_STYLE_COLOUR('',#11788);
#9464=VERTEX_POINT('',#11789);
#9465=LINE('',#11790,#11791);
#9466=VERTEX_POINT('',#11792);
#9467=LINE('',#11793,#11794);
#9468=LINE('',#11795,#11796);
#9469=FILL_AREA_STYLE_COLOUR('',#11797);
#9470=LINE('',#11798,#11799);
#9471=FILL_AREA_STYLE_COLOUR('',#11800);
#9472=LINE('',#11801,#11802);
#9473=FILL_AREA_STYLE_COLOUR('',#11803);
#9474=FILL_AREA_STYLE_COLOUR('',#11804);
#9475=VERTEX_POINT('',#11805);
#9476=LINE('',#11806,#11807);
#9477=VERTEX_POINT('',#11808);
#9478=LINE('',#11809,#11810);
#9479=LINE('',#11811,#11812);
#9480=FILL_AREA_STYLE_COLOUR('',#11813);
#9481=LINE('',#11814,#11815);
#9482=LINE('',#11816,#11817);
#9483=FILL_AREA_STYLE_COLOUR('',#11818);
#9484=VERTEX_POINT('',#11819);
#9485=LINE('',#11820,#11821);
#9486=VERTEX_POINT('',#11822);
#9487=LINE('',#11823,#11824);
#9488=LINE('',#11825,#11826);
#9489=FILL_AREA_STYLE_COLOUR('',#11827);
#9490=VERTEX_POINT('',#11828);
#9491=LINE('',#11829,#11830);
#9492=VERTEX_POINT('',#11831);
#9493=LINE('',#11832,#11833);
#9494=LINE('',#11834,#11835);
#9495=FILL_AREA_STYLE_COLOUR('',#11836);
#9496=LINE('',#11837,#11838);
#9497=LINE('',#11839,#11840);
#9498=FILL_AREA_STYLE_COLOUR('',#11841);
#9499=FILL_AREA_STYLE_COLOUR('',#11842);
#9500=FILL_AREA_STYLE_COLOUR('',#11843);
#9501=VERTEX_POINT('',#11844);
#9502=VERTEX_POINT('',#11845);
#9503=LINE('',#11846,#11847);
#9504=VERTEX_POINT('',#11848);
#9505=LINE('',#11849,#11850);
#9506=VERTEX_POINT('',#11851);
#9507=LINE('',#11852,#11853);
#9508=LINE('',#11854,#11855);
#9509=FILL_AREA_STYLE_COLOUR('',#11856);
#9510=VERTEX_POINT('',#11857);
#9511=LINE('',#11858,#11859);
#9512=VERTEX_POINT('',#11860);
#9513=LINE('',#11861,#11862);
#9514=LINE('',#11863,#11864);
#9515=FILL_AREA_STYLE_COLOUR('',#11865);
#9516=VERTEX_POINT('',#11866);
#9517=VERTEX_POINT('',#11867);
#9518=LINE('',#11868,#11869);
#9519=VERTEX_POINT('',#11870);
#9520=LINE('',#11871,#11872);
#9521=VERTEX_POINT('',#11873);
#9522=LINE('',#11874,#11875);
#9523=LINE('',#11876,#11877);
#9524=FILL_AREA_STYLE_COLOUR('',#11878);
#9525=VERTEX_POINT('',#11879);
#9526=LINE('',#11880,#11881);
#9527=VERTEX_POINT('',#11882);
#9528=LINE('',#11883,#11884);
#9529=LINE('',#11885,#11886);
#9530=FILL_AREA_STYLE_COLOUR('',#11887);
#9531=VERTEX_POINT('',#11888);
#9532=LINE('',#11889,#11890);
#9533=VERTEX_POINT('',#11891);
#9534=LINE('',#11892,#11893);
#9535=LINE('',#11894,#11895);
#9536=FILL_AREA_STYLE_COLOUR('',#11896);
#9537=LINE('',#11897,#11898);
#9538=LINE('',#11899,#11900);
#9539=FILL_AREA_STYLE_COLOUR('',#11901);
#9540=VERTEX_POINT('',#11902);
#9541=LINE('',#11903,#11904);
#9542=VERTEX_POINT('',#11905);
#9543=LINE('',#11906,#11907);
#9544=LINE('',#11908,#11909);
#9545=FILL_AREA_STYLE_COLOUR('',#11910);
#9546=VERTEX_POINT('',#11911);
#9547=LINE('',#11912,#11913);
#9548=VERTEX_POINT('',#11914);
#9549=LINE('',#11915,#11916);
#9550=LINE('',#11917,#11918);
#9551=FILL_AREA_STYLE_COLOUR('',#11919);
#9552=LINE('',#11920,#11921);
#9553=FILL_AREA_STYLE_COLOUR('',#11922);
#9554=LINE('',#11923,#11924);
#9555=FILL_AREA_STYLE_COLOUR('',#11925);
#9556=FILL_AREA_STYLE_COLOUR('',#11926);
#9557=VERTEX_POINT('',#11927);
#9558=LINE('',#11928,#11929);
#9559=VERTEX_POINT('',#11930);
#9560=LINE('',#11931,#11932);
#9561=LINE('',#11933,#11934);
#9562=FILL_AREA_STYLE_COLOUR('',#11935);
#9563=LINE('',#11936,#11937);
#9564=LINE('',#11938,#11939);
#9565=FILL_AREA_STYLE_COLOUR('',#11940);
#9566=VERTEX_POINT('',#11941);
#9567=LINE('',#11942,#11943);
#9568=VERTEX_POINT('',#11944);
#9569=LINE('',#11945,#11946);
#9570=LINE('',#11947,#11948);
#9571=FILL_AREA_STYLE_COLOUR('',#11949);
#9572=VERTEX_POINT('',#11950);
#9573=LINE('',#11951,#11952);
#9574=VERTEX_POINT('',#11953);
#9575=LINE('',#11954,#11955);
#9576=LINE('',#11956,#11957);
#9577=FILL_AREA_STYLE_COLOUR('',#11958);
#9578=LINE('',#11959,#11960);
#9579=LINE('',#11961,#11962);
#9580=FILL_AREA_STYLE_COLOUR('',#11963);
#9581=FILL_AREA_STYLE_COLOUR('',#11964);
#9582=FILL_AREA_STYLE_COLOUR('',#11965);
#9583=VERTEX_POINT('',#11966);
#9584=VERTEX_POINT('',#11967);
#9585=LINE('',#11968,#11969);
#9586=VERTEX_POINT('',#11970);
#9587=LINE('',#11971,#11972);
#9588=VERTEX_POINT('',#11973);
#9589=LINE('',#11974,#11975);
#9590=LINE('',#11976,#11977);
#9591=FILL_AREA_STYLE_COLOUR('',#11978);
#9592=VERTEX_POINT('',#11979);
#9593=LINE('',#11980,#11981);
#9594=VERTEX_POINT('',#11982);
#9595=LINE('',#11983,#11984);
#9596=LINE('',#11985,#11986);
#9597=FILL_AREA_STYLE_COLOUR('',#11987);
#9598=VERTEX_POINT('',#11988);
#9599=VERTEX_POINT('',#11989);
#9600=LINE('',#11990,#11991);
#9601=VERTEX_POINT('',#11992);
#9602=LINE('',#11993,#11994);
#9603=VERTEX_POINT('',#11995);
#9604=LINE('',#11996,#11997);
#9605=LINE('',#11998,#11999);
#9606=FILL_AREA_STYLE_COLOUR('',#12000);
#9607=VERTEX_POINT('',#12001);
#9608=LINE('',#12002,#12003);
#9609=VERTEX_POINT('',#12004);
#9610=LINE('',#12005,#12006);
#9611=LINE('',#12007,#12008);
#9612=FILL_AREA_STYLE_COLOUR('',#12009);
#9613=VERTEX_POINT('',#12010);
#9614=LINE('',#12011,#12012);
#9615=VERTEX_POINT('',#12013);
#9616=LINE('',#12014,#12015);
#9617=LINE('',#12016,#12017);
#9618=FILL_AREA_STYLE_COLOUR('',#12018);
#9619=LINE('',#12019,#12020);
#9620=LINE('',#12021,#12022);
#9621=FILL_AREA_STYLE_COLOUR('',#12023);
#9622=VERTEX_POINT('',#12024);
#9623=LINE('',#12025,#12026);
#9624=VERTEX_POINT('',#12027);
#9625=LINE('',#12028,#12029);
#9626=LINE('',#12030,#12031);
#9627=FILL_AREA_STYLE_COLOUR('',#12032);
#9628=VERTEX_POINT('',#12033);
#9629=LINE('',#12034,#12035);
#9630=VERTEX_POINT('',#12036);
#9631=LINE('',#12037,#12038);
#9632=LINE('',#12039,#12040);
#9633=FILL_AREA_STYLE_COLOUR('',#12041);
#9634=LINE('',#12042,#12043);
#9635=FILL_AREA_STYLE_COLOUR('',#12044);
#9636=LINE('',#12045,#12046);
#9637=FILL_AREA_STYLE_COLOUR('',#12047);
#9638=FILL_AREA_STYLE_COLOUR('',#12048);
#9639=VERTEX_POINT('',#12049);
#9640=LINE('',#12050,#12051);
#9641=VERTEX_POINT('',#12052);
#9642=LINE('',#12053,#12054);
#9643=LINE('',#12055,#12056);
#9644=FILL_AREA_STYLE_COLOUR('',#12057);
#9645=LINE('',#12058,#12059);
#9646=LINE('',#12060,#12061);
#9647=FILL_AREA_STYLE_COLOUR('',#12062);
#9648=VERTEX_POINT('',#12063);
#9649=LINE('',#12064,#12065);
#9650=VERTEX_POINT('',#12066);
#9651=LINE('',#12067,#12068);
#9652=LINE('',#12069,#12070);
#9653=FILL_AREA_STYLE_COLOUR('',#12071);
#9654=VERTEX_POINT('',#12072);
#9655=LINE('',#12073,#12074);
#9656=VERTEX_POINT('',#12075);
#9657=LINE('',#12076,#12077);
#9658=LINE('',#12078,#12079);
#9659=FILL_AREA_STYLE_COLOUR('',#12080);
#9660=LINE('',#12081,#12082);
#9661=LINE('',#12083,#12084);
#9662=FILL_AREA_STYLE_COLOUR('',#12085);
#9663=FILL_AREA_STYLE_COLOUR('',#12086);
#9664=FILL_AREA_STYLE_COLOUR('',#12087);
#9665=VERTEX_POINT('',#12088);
#9666=VERTEX_POINT('',#12089);
#9667=LINE('',#12090,#12091);
#9668=VERTEX_POINT('',#12092);
#9669=LINE('',#12093,#12094);
#9670=VERTEX_POINT('',#12095);
#9671=LINE('',#12096,#12097);
#9672=LINE('',#12098,#12099);
#9673=FILL_AREA_STYLE_COLOUR('',#12100);
#9674=VERTEX_POINT('',#12101);
#9675=LINE('',#12102,#12103);
#9676=VERTEX_POINT('',#12104);
#9677=LINE('',#12105,#12106);
#9678=LINE('',#12107,#12108);
#9679=FILL_AREA_STYLE_COLOUR('',#12109);
#9680=VERTEX_POINT('',#12110);
#9681=VERTEX_POINT('',#12111);
#9682=LINE('',#12112,#12113);
#9683=VERTEX_POINT('',#12114);
#9684=LINE('',#12115,#12116);
#9685=VERTEX_POINT('',#12117);
#9686=LINE('',#12118,#12119);
#9687=LINE('',#12120,#12121);
#9688=FILL_AREA_STYLE_COLOUR('',#12122);
#9689=VERTEX_POINT('',#12123);
#9690=LINE('',#12124,#12125);
#9691=VERTEX_POINT('',#12126);
#9692=LINE('',#12127,#12128);
#9693=LINE('',#12129,#12130);
#9694=FILL_AREA_STYLE_COLOUR('',#12131);
#9695=VERTEX_POINT('',#12132);
#9696=LINE('',#12133,#12134);
#9697=VERTEX_POINT('',#12135);
#9698=LINE('',#12136,#12137);
#9699=LINE('',#12138,#12139);
#9700=FILL_AREA_STYLE_COLOUR('',#12140);
#9701=LINE('',#12141,#12142);
#9702=LINE('',#12143,#12144);
#9703=FILL_AREA_STYLE_COLOUR('',#12145);
#9704=VERTEX_POINT('',#12146);
#9705=LINE('',#12147,#12148);
#9706=VERTEX_POINT('',#12149);
#9707=LINE('',#12150,#12151);
#9708=LINE('',#12152,#12153);
#9709=FILL_AREA_STYLE_COLOUR('',#12154);
#9710=VERTEX_POINT('',#12155);
#9711=LINE('',#12156,#12157);
#9712=VERTEX_POINT('',#12158);
#9713=LINE('',#12159,#12160);
#9714=LINE('',#12161,#12162);
#9715=FILL_AREA_STYLE_COLOUR('',#12163);
#9716=LINE('',#12164,#12165);
#9717=FILL_AREA_STYLE_COLOUR('',#12166);
#9718=LINE('',#12167,#12168);
#9719=FILL_AREA_STYLE_COLOUR('',#12169);
#9720=FILL_AREA_STYLE_COLOUR('',#12170);
#9721=VERTEX_POINT('',#12171);
#9722=LINE('',#12172,#12173);
#9723=VERTEX_POINT('',#12174);
#9724=LINE('',#12175,#12176);
#9725=LINE('',#12177,#12178);
#9726=FILL_AREA_STYLE_COLOUR('',#12179);
#9727=LINE('',#12180,#12181);
#9728=LINE('',#12182,#12183);
#9729=FILL_AREA_STYLE_COLOUR('',#12184);
#9730=VERTEX_POINT('',#12185);
#9731=LINE('',#12186,#12187);
#9732=VERTEX_POINT('',#12188);
#9733=LINE('',#12189,#12190);
#9734=LINE('',#12191,#12192);
#9735=FILL_AREA_STYLE_COLOUR('',#12193);
#9736=VERTEX_POINT('',#12194);
#9737=LINE('',#12195,#12196);
#9738=VERTEX_POINT('',#12197);
#9739=LINE('',#12198,#12199);
#9740=LINE('',#12200,#12201);
#9741=FILL_AREA_STYLE_COLOUR('',#12202);
#9742=LINE('',#12203,#12204);
#9743=LINE('',#12205,#12206);
#9744=FILL_AREA_STYLE_COLOUR('',#12207);
#9745=FILL_AREA_STYLE_COLOUR('',#12208);
#9746=FILL_AREA_STYLE_COLOUR('',#12209);
#9747=VERTEX_POINT('',#12210);
#9748=VERTEX_POINT('',#12211);
#9749=LINE('',#12212,#12213);
#9750=VERTEX_POINT('',#12214);
#9751=LINE('',#12215,#12216);
#9752=VERTEX_POINT('',#12217);
#9753=LINE('',#12218,#12219);
#9754=LINE('',#12220,#12221);
#9755=FILL_AREA_STYLE_COLOUR('',#12222);
#9756=VERTEX_POINT('',#12223);
#9757=LINE('',#12224,#12225);
#9758=VERTEX_POINT('',#12226);
#9759=LINE('',#12227,#12228);
#9760=LINE('',#12229,#12230);
#9761=FILL_AREA_STYLE_COLOUR('',#12231);
#9762=VERTEX_POINT('',#12232);
#9763=VERTEX_POINT('',#12233);
#9764=LINE('',#12234,#12235);
#9765=VERTEX_POINT('',#12236);
#9766=LINE('',#12237,#12238);
#9767=VERTEX_POINT('',#12239);
#9768=LINE('',#12240,#12241);
#9769=LINE('',#12242,#12243);
#9770=FILL_AREA_STYLE_COLOUR('',#12244);
#9771=VERTEX_POINT('',#12245);
#9772=LINE('',#12246,#12247);
#9773=VERTEX_POINT('',#12248);
#9774=LINE('',#12249,#12250);
#9775=LINE('',#12251,#12252);
#9776=FILL_AREA_STYLE_COLOUR('',#12253);
#9777=VERTEX_POINT('',#12254);
#9778=LINE('',#12255,#12256);
#9779=VERTEX_POINT('',#12257);
#9780=LINE('',#12258,#12259);
#9781=LINE('',#12260,#12261);
#9782=FILL_AREA_STYLE_COLOUR('',#12262);
#9783=LINE('',#12263,#12264);
#9784=LINE('',#12265,#12266);
#9785=FILL_AREA_STYLE_COLOUR('',#12267);
#9786=VERTEX_POINT('',#12268);
#9787=LINE('',#12269,#12270);
#9788=VERTEX_POINT('',#12271);
#9789=LINE('',#12272,#12273);
#9790=LINE('',#12274,#12275);
#9791=FILL_AREA_STYLE_COLOUR('',#12276);
#9792=VERTEX_POINT('',#12277);
#9793=LINE('',#12278,#12279);
#9794=VERTEX_POINT('',#12280);
#9795=LINE('',#12281,#12282);
#9796=LINE('',#12283,#12284);
#9797=FILL_AREA_STYLE_COLOUR('',#12285);
#9798=LINE('',#12286,#12287);
#9799=FILL_AREA_STYLE_COLOUR('',#12288);
#9800=LINE('',#12289,#12290);
#9801=FILL_AREA_STYLE_COLOUR('',#12291);
#9802=FILL_AREA_STYLE_COLOUR('',#12292);
#9803=VERTEX_POINT('',#12293);
#9804=LINE('',#12294,#12295);
#9805=VERTEX_POINT('',#12296);
#9806=LINE('',#12297,#12298);
#9807=LINE('',#12299,#12300);
#9808=FILL_AREA_STYLE_COLOUR('',#12301);
#9809=LINE('',#12302,#12303);
#9810=LINE('',#12304,#12305);
#9811=FILL_AREA_STYLE_COLOUR('',#12306);
#9812=VERTEX_POINT('',#12307);
#9813=LINE('',#12308,#12309);
#9814=VERTEX_POINT('',#12310);
#9815=LINE('',#12311,#12312);
#9816=LINE('',#12313,#12314);
#9817=FILL_AREA_STYLE_COLOUR('',#12315);
#9818=VERTEX_POINT('',#12316);
#9819=LINE('',#12317,#12318);
#9820=VERTEX_POINT('',#12319);
#9821=LINE('',#12320,#12321);
#9822=LINE('',#12322,#12323);
#9823=FILL_AREA_STYLE_COLOUR('',#12324);
#9824=LINE('',#12325,#12326);
#9825=LINE('',#12327,#12328);
#9826=FILL_AREA_STYLE_COLOUR('',#12329);
#9827=FILL_AREA_STYLE_COLOUR('',#12330);
#9828=FILL_AREA_STYLE_COLOUR('',#12331);
#9829=VERTEX_POINT('',#12332);
#9830=VERTEX_POINT('',#12333);
#9831=LINE('',#12334,#12335);
#9832=VERTEX_POINT('',#12336);
#9833=LINE('',#12337,#12338);
#9834=VERTEX_POINT('',#12339);
#9835=LINE('',#12340,#12341);
#9836=LINE('',#12342,#12343);
#9837=FILL_AREA_STYLE_COLOUR('',#12344);
#9838=VERTEX_POINT('',#12345);
#9839=LINE('',#12346,#12347);
#9840=VERTEX_POINT('',#12348);
#9841=LINE('',#12349,#12350);
#9842=LINE('',#12351,#12352);
#9843=FILL_AREA_STYLE_COLOUR('',#12353);
#9844=VERTEX_POINT('',#12354);
#9845=VERTEX_POINT('',#12355);
#9846=LINE('',#12356,#12357);
#9847=VERTEX_POINT('',#12358);
#9848=LINE('',#12359,#12360);
#9849=VERTEX_POINT('',#12361);
#9850=LINE('',#12362,#12363);
#9851=LINE('',#12364,#12365);
#9852=FILL_AREA_STYLE_COLOUR('',#12366);
#9853=VERTEX_POINT('',#12367);
#9854=LINE('',#12368,#12369);
#9855=VERTEX_POINT('',#12370);
#9856=LINE('',#12371,#12372);
#9857=LINE('',#12373,#12374);
#9858=FILL_AREA_STYLE_COLOUR('',#12375);
#9859=VERTEX_POINT('',#12376);
#9860=LINE('',#12377,#12378);
#9861=VERTEX_POINT('',#12379);
#9862=LINE('',#12380,#12381);
#9863=LINE('',#12382,#12383);
#9864=FILL_AREA_STYLE_COLOUR('',#12384);
#9865=LINE('',#12385,#12386);
#9866=LINE('',#12387,#12388);
#9867=FILL_AREA_STYLE_COLOUR('',#12389);
#9868=VERTEX_POINT('',#12390);
#9869=LINE('',#12391,#12392);
#9870=VERTEX_POINT('',#12393);
#9871=LINE('',#12394,#12395);
#9872=LINE('',#12396,#12397);
#9873=FILL_AREA_STYLE_COLOUR('',#12398);
#9874=VERTEX_POINT('',#12399);
#9875=LINE('',#12400,#12401);
#9876=VERTEX_POINT('',#12402);
#9877=LINE('',#12403,#12404);
#9878=LINE('',#12405,#12406);
#9879=FILL_AREA_STYLE_COLOUR('',#12407);
#9880=LINE('',#12408,#12409);
#9881=FILL_AREA_STYLE_COLOUR('',#12410);
#9882=LINE('',#12411,#12412);
#9883=FILL_AREA_STYLE_COLOUR('',#12413);
#9884=FILL_AREA_STYLE_COLOUR('',#12414);
#9885=VERTEX_POINT('',#12415);
#9886=LINE('',#12416,#12417);
#9887=VERTEX_POINT('',#12418);
#9888=LINE('',#12419,#12420);
#9889=LINE('',#12421,#12422);
#9890=FILL_AREA_STYLE_COLOUR('',#12423);
#9891=LINE('',#12424,#12425);
#9892=LINE('',#12426,#12427);
#9893=FILL_AREA_STYLE_COLOUR('',#12428);
#9894=VERTEX_POINT('',#12429);
#9895=LINE('',#12430,#12431);
#9896=VERTEX_POINT('',#12432);
#9897=LINE('',#12433,#12434);
#9898=LINE('',#12435,#12436);
#9899=FILL_AREA_STYLE_COLOUR('',#12437);
#9900=VERTEX_POINT('',#12438);
#9901=LINE('',#12439,#12440);
#9902=VERTEX_POINT('',#12441);
#9903=LINE('',#12442,#12443);
#9904=LINE('',#12444,#12445);
#9905=FILL_AREA_STYLE_COLOUR('',#12446);
#9906=LINE('',#12447,#12448);
#9907=LINE('',#12449,#12450);
#9908=FILL_AREA_STYLE_COLOUR('',#12451);
#9909=FILL_AREA_STYLE_COLOUR('',#12452);
#9910=FILL_AREA_STYLE_COLOUR('',#12453);
#9911=VERTEX_POINT('',#12454);
#9912=VERTEX_POINT('',#12455);
#9913=LINE('',#12456,#12457);
#9914=VERTEX_POINT('',#12458);
#9915=LINE('',#12459,#12460);
#9916=VERTEX_POINT('',#12461);
#9917=LINE('',#12462,#12463);
#9918=LINE('',#12464,#12465);
#9919=FILL_AREA_STYLE_COLOUR('',#12466);
#9920=VERTEX_POINT('',#12467);
#9921=LINE('',#12468,#12469);
#9922=VERTEX_POINT('',#12470);
#9923=LINE('',#12471,#12472);
#9924=LINE('',#12473,#12474);
#9925=FILL_AREA_STYLE_COLOUR('',#12475);
#9926=VERTEX_POINT('',#12476);
#9927=VERTEX_POINT('',#12477);
#9928=LINE('',#12478,#12479);
#9929=VERTEX_POINT('',#12480);
#9930=LINE('',#12481,#12482);
#9931=VERTEX_POINT('',#12483);
#9932=LINE('',#12484,#12485);
#9933=LINE('',#12486,#12487);
#9934=FILL_AREA_STYLE_COLOUR('',#12488);
#9935=VERTEX_POINT('',#12489);
#9936=LINE('',#12490,#12491);
#9937=VERTEX_POINT('',#12492);
#9938=LINE('',#12493,#12494);
#9939=LINE('',#12495,#12496);
#9940=FILL_AREA_STYLE_COLOUR('',#12497);
#9941=VERTEX_POINT('',#12498);
#9942=LINE('',#12499,#12500);
#9943=VERTEX_POINT('',#12501);
#9944=LINE('',#12502,#12503);
#9945=LINE('',#12504,#12505);
#9946=FILL_AREA_STYLE_COLOUR('',#12506);
#9947=LINE('',#12507,#12508);
#9948=LINE('',#12509,#12510);
#9949=FILL_AREA_STYLE_COLOUR('',#12511);
#9950=VERTEX_POINT('',#12512);
#9951=LINE('',#12513,#12514);
#9952=VERTEX_POINT('',#12515);
#9953=LINE('',#12516,#12517);
#9954=LINE('',#12518,#12519);
#9955=FILL_AREA_STYLE_COLOUR('',#12520);
#9956=VERTEX_POINT('',#12521);
#9957=LINE('',#12522,#12523);
#9958=VERTEX_POINT('',#12524);
#9959=LINE('',#12525,#12526);
#9960=LINE('',#12527,#12528);
#9961=FILL_AREA_STYLE_COLOUR('',#12529);
#9962=LINE('',#12530,#12531);
#9963=FILL_AREA_STYLE_COLOUR('',#12532);
#9964=LINE('',#12533,#12534);
#9965=FILL_AREA_STYLE_COLOUR('',#12535);
#9966=FILL_AREA_STYLE_COLOUR('',#12536);
#9967=VERTEX_POINT('',#12537);
#9968=LINE('',#12538,#12539);
#9969=VERTEX_POINT('',#12540);
#9970=LINE('',#12541,#12542);
#9971=LINE('',#12543,#12544);
#9972=FILL_AREA_STYLE_COLOUR('',#12545);
#9973=LINE('',#12546,#12547);
#9974=LINE('',#12548,#12549);
#9975=FILL_AREA_STYLE_COLOUR('',#12550);
#9976=VERTEX_POINT('',#12551);
#9977=LINE('',#12552,#12553);
#9978=VERTEX_POINT('',#12554);
#9979=LINE('',#12555,#12556);
#9980=LINE('',#12557,#12558);
#9981=FILL_AREA_STYLE_COLOUR('',#12559);
#9982=VERTEX_POINT('',#12560);
#9983=LINE('',#12561,#12562);
#9984=VERTEX_POINT('',#12563);
#9985=LINE('',#12564,#12565);
#9986=LINE('',#12566,#12567);
#9987=FILL_AREA_STYLE_COLOUR('',#12568);
#9988=LINE('',#12569,#12570);
#9989=LINE('',#12571,#12572);
#9990=FILL_AREA_STYLE_COLOUR('',#12573);
#9991=FILL_AREA_STYLE_COLOUR('',#12574);
#9992=FILL_AREA_STYLE_COLOUR('',#12575);
#9993=VERTEX_POINT('',#12576);
#9994=VERTEX_POINT('',#12577);
#9995=LINE('',#12578,#12579);
#9996=VERTEX_POINT('',#12580);
#9997=LINE('',#12581,#12582);
#9998=VERTEX_POINT('',#12583);
#9999=LINE('',#12584,#12585);
#10000=LINE('',#12586,#12587);
#10001=FILL_AREA_STYLE_COLOUR('',#12588);
#10002=VERTEX_POINT('',#12589);
#10003=LINE('',#12590,#12591);
#10004=VERTEX_POINT('',#12592);
#10005=LINE('',#12593,#12594);
#10006=LINE('',#12595,#12596);
#10007=FILL_AREA_STYLE_COLOUR('',#12597);
#10008=VERTEX_POINT('',#12598);
#10009=VERTEX_POINT('',#12599);
#10010=LINE('',#12600,#12601);
#10011=VERTEX_POINT('',#12602);
#10012=LINE('',#12603,#12604);
#10013=VERTEX_POINT('',#12605);
#10014=LINE('',#12606,#12607);
#10015=LINE('',#12608,#12609);
#10016=FILL_AREA_STYLE_COLOUR('',#12610);
#10017=VERTEX_POINT('',#12611);
#10018=LINE('',#12612,#12613);
#10019=VERTEX_POINT('',#12614);
#10020=LINE('',#12615,#12616);
#10021=LINE('',#12617,#12618);
#10022=FILL_AREA_STYLE_COLOUR('',#12619);
#10023=VERTEX_POINT('',#12620);
#10024=LINE('',#12621,#12622);
#10025=VERTEX_POINT('',#12623);
#10026=LINE('',#12624,#12625);
#10027=LINE('',#12626,#12627);
#10028=FILL_AREA_STYLE_COLOUR('',#12628);
#10029=LINE('',#12629,#12630);
#10030=LINE('',#12631,#12632);
#10031=FILL_AREA_STYLE_COLOUR('',#12633);
#10032=VERTEX_POINT('',#12634);
#10033=LINE('',#12635,#12636);
#10034=VERTEX_POINT('',#12637);
#10035=LINE('',#12638,#12639);
#10036=LINE('',#12640,#12641);
#10037=FILL_AREA_STYLE_COLOUR('',#12642);
#10038=VERTEX_POINT('',#12643);
#10039=LINE('',#12644,#12645);
#10040=VERTEX_POINT('',#12646);
#10041=LINE('',#12647,#12648);
#10042=LINE('',#12649,#12650);
#10043=FILL_AREA_STYLE_COLOUR('',#12651);
#10044=LINE('',#12652,#12653);
#10045=FILL_AREA_STYLE_COLOUR('',#12654);
#10046=LINE('',#12655,#12656);
#10047=FILL_AREA_STYLE_COLOUR('',#12657);
#10048=FILL_AREA_STYLE_COLOUR('',#12658);
#10049=VERTEX_POINT('',#12659);
#10050=LINE('',#12660,#12661);
#10051=VERTEX_POINT('',#12662);
#10052=LINE('',#12663,#12664);
#10053=LINE('',#12665,#12666);
#10054=FILL_AREA_STYLE_COLOUR('',#12667);
#10055=LINE('',#12668,#12669);
#10056=LINE('',#12670,#12671);
#10057=FILL_AREA_STYLE_COLOUR('',#12672);
#10058=VERTEX_POINT('',#12673);
#10059=LINE('',#12674,#12675);
#10060=VERTEX_POINT('',#12676);
#10061=LINE('',#12677,#12678);
#10062=LINE('',#12679,#12680);
#10063=FILL_AREA_STYLE_COLOUR('',#12681);
#10064=VERTEX_POINT('',#12682);
#10065=LINE('',#12683,#12684);
#10066=VERTEX_POINT('',#12685);
#10067=LINE('',#12686,#12687);
#10068=LINE('',#12688,#12689);
#10069=FILL_AREA_STYLE_COLOUR('',#12690);
#10070=LINE('',#12691,#12692);
#10071=LINE('',#12693,#12694);
#10072=FILL_AREA_STYLE_COLOUR('',#12695);
#10073=FILL_AREA_STYLE_COLOUR('',#12696);
#10074=FILL_AREA_STYLE_COLOUR('',#12697);
#10075=VERTEX_POINT('',#12698);
#10076=VERTEX_POINT('',#12699);
#10077=LINE('',#12700,#12701);
#10078=VERTEX_POINT('',#12702);
#10079=LINE('',#12703,#12704);
#10080=VERTEX_POINT('',#12705);
#10081=LINE('',#12706,#12707);
#10082=LINE('',#12708,#12709);
#10083=FILL_AREA_STYLE_COLOUR('',#12710);
#10084=VERTEX_POINT('',#12711);
#10085=LINE('',#12712,#12713);
#10086=VERTEX_POINT('',#12714);
#10087=LINE('',#12715,#12716);
#10088=LINE('',#12717,#12718);
#10089=FILL_AREA_STYLE_COLOUR('',#12719);
#10090=VERTEX_POINT('',#12720);
#10091=VERTEX_POINT('',#12721);
#10092=LINE('',#12722,#12723);
#10093=VERTEX_POINT('',#12724);
#10094=LINE('',#12725,#12726);
#10095=VERTEX_POINT('',#12727);
#10096=LINE('',#12728,#12729);
#10097=LINE('',#12730,#12731);
#10098=FILL_AREA_STYLE_COLOUR('',#12732);
#10099=VERTEX_POINT('',#12733);
#10100=LINE('',#12734,#12735);
#10101=VERTEX_POINT('',#12736);
#10102=LINE('',#12737,#12738);
#10103=LINE('',#12739,#12740);
#10104=FILL_AREA_STYLE_COLOUR('',#12741);
#10105=VERTEX_POINT('',#12742);
#10106=LINE('',#12743,#12744);
#10107=VERTEX_POINT('',#12745);
#10108=LINE('',#12746,#12747);
#10109=LINE('',#12748,#12749);
#10110=FILL_AREA_STYLE_COLOUR('',#12750);
#10111=LINE('',#12751,#12752);
#10112=LINE('',#12753,#12754);
#10113=FILL_AREA_STYLE_COLOUR('',#12755);
#10114=VERTEX_POINT('',#12756);
#10115=LINE('',#12757,#12758);
#10116=VERTEX_POINT('',#12759);
#10117=LINE('',#12760,#12761);
#10118=LINE('',#12762,#12763);
#10119=FILL_AREA_STYLE_COLOUR('',#12764);
#10120=VERTEX_POINT('',#12765);
#10121=LINE('',#12766,#12767);
#10122=VERTEX_POINT('',#12768);
#10123=LINE('',#12769,#12770);
#10124=LINE('',#12771,#12772);
#10125=FILL_AREA_STYLE_COLOUR('',#12773);
#10126=LINE('',#12774,#12775);
#10127=FILL_AREA_STYLE_COLOUR('',#12776);
#10128=LINE('',#12777,#12778);
#10129=FILL_AREA_STYLE_COLOUR('',#12779);
#10130=FILL_AREA_STYLE_COLOUR('',#12780);
#10131=VERTEX_POINT('',#12781);
#10132=LINE('',#12782,#12783);
#10133=VERTEX_POINT('',#12784);
#10134=LINE('',#12785,#12786);
#10135=LINE('',#12787,#12788);
#10136=FILL_AREA_STYLE_COLOUR('',#12789);
#10137=LINE('',#12790,#12791);
#10138=LINE('',#12792,#12793);
#10139=FILL_AREA_STYLE_COLOUR('',#12794);
#10140=VERTEX_POINT('',#12795);
#10141=LINE('',#12796,#12797);
#10142=VERTEX_POINT('',#12798);
#10143=LINE('',#12799,#12800);
#10144=LINE('',#12801,#12802);
#10145=FILL_AREA_STYLE_COLOUR('',#12803);
#10146=VERTEX_POINT('',#12804);
#10147=LINE('',#12805,#12806);
#10148=VERTEX_POINT('',#12807);
#10149=LINE('',#12808,#12809);
#10150=LINE('',#12810,#12811);
#10151=FILL_AREA_STYLE_COLOUR('',#12812);
#10152=LINE('',#12813,#12814);
#10153=LINE('',#12815,#12816);
#10154=FILL_AREA_STYLE_COLOUR('',#12817);
#10155=FILL_AREA_STYLE_COLOUR('',#12818);
#10156=FILL_AREA_STYLE_COLOUR('',#12819);
#10157=VERTEX_POINT('',#12820);
#10158=VERTEX_POINT('',#12821);
#10159=LINE('',#12822,#12823);
#10160=VERTEX_POINT('',#12824);
#10161=LINE('',#12825,#12826);
#10162=VERTEX_POINT('',#12827);
#10163=LINE('',#12828,#12829);
#10164=LINE('',#12830,#12831);
#10165=FILL_AREA_STYLE_COLOUR('',#12832);
#10166=VERTEX_POINT('',#12833);
#10167=LINE('',#12834,#12835);
#10168=VERTEX_POINT('',#12836);
#10169=LINE('',#12837,#12838);
#10170=LINE('',#12839,#12840);
#10171=FILL_AREA_STYLE_COLOUR('',#12841);
#10172=VERTEX_POINT('',#12842);
#10173=VERTEX_POINT('',#12843);
#10174=LINE('',#12844,#12845);
#10175=VERTEX_POINT('',#12846);
#10176=LINE('',#12847,#12848);
#10177=VERTEX_POINT('',#12849);
#10178=LINE('',#12850,#12851);
#10179=LINE('',#12852,#12853);
#10180=FILL_AREA_STYLE_COLOUR('',#12854);
#10181=VERTEX_POINT('',#12855);
#10182=LINE('',#12856,#12857);
#10183=VERTEX_POINT('',#12858);
#10184=LINE('',#12859,#12860);
#10185=LINE('',#12861,#12862);
#10186=FILL_AREA_STYLE_COLOUR('',#12863);
#10187=VERTEX_POINT('',#12864);
#10188=LINE('',#12865,#12866);
#10189=VERTEX_POINT('',#12867);
#10190=LINE('',#12868,#12869);
#10191=LINE('',#12870,#12871);
#10192=FILL_AREA_STYLE_COLOUR('',#12872);
#10193=LINE('',#12873,#12874);
#10194=LINE('',#12875,#12876);
#10195=FILL_AREA_STYLE_COLOUR('',#12877);
#10196=VERTEX_POINT('',#12878);
#10197=LINE('',#12879,#12880);
#10198=VERTEX_POINT('',#12881);
#10199=LINE('',#12882,#12883);
#10200=LINE('',#12884,#12885);
#10201=FILL_AREA_STYLE_COLOUR('',#12886);
#10202=VERTEX_POINT('',#12887);
#10203=LINE('',#12888,#12889);
#10204=VERTEX_POINT('',#12890);
#10205=LINE('',#12891,#12892);
#10206=LINE('',#12893,#12894);
#10207=FILL_AREA_STYLE_COLOUR('',#12895);
#10208=LINE('',#12896,#12897);
#10209=FILL_AREA_STYLE_COLOUR('',#12898);
#10210=LINE('',#12899,#12900);
#10211=FILL_AREA_STYLE_COLOUR('',#12901);
#10212=FILL_AREA_STYLE_COLOUR('',#12902);
#10213=VERTEX_POINT('',#12903);
#10214=LINE('',#12904,#12905);
#10215=VERTEX_POINT('',#12906);
#10216=LINE('',#12907,#12908);
#10217=LINE('',#12909,#12910);
#10218=FILL_AREA_STYLE_COLOUR('',#12911);
#10219=LINE('',#12912,#12913);
#10220=LINE('',#12914,#12915);
#10221=FILL_AREA_STYLE_COLOUR('',#12916);
#10222=VERTEX_POINT('',#12917);
#10223=LINE('',#12918,#12919);
#10224=VERTEX_POINT('',#12920);
#10225=LINE('',#12921,#12922);
#10226=LINE('',#12923,#12924);
#10227=FILL_AREA_STYLE_COLOUR('',#12925);
#10228=VERTEX_POINT('',#12926);
#10229=LINE('',#12927,#12928);
#10230=VERTEX_POINT('',#12929);
#10231=LINE('',#12930,#12931);
#10232=LINE('',#12932,#12933);
#10233=FILL_AREA_STYLE_COLOUR('',#12934);
#10234=LINE('',#12935,#12936);
#10235=LINE('',#12937,#12938);
#10236=FILL_AREA_STYLE_COLOUR('',#12939);
#10237=FILL_AREA_STYLE_COLOUR('',#12940);
#10238=FILL_AREA_STYLE_COLOUR('',#12941);
#10239=VERTEX_POINT('',#12942);
#10240=VERTEX_POINT('',#12943);
#10241=LINE('',#12944,#12945);
#10242=VERTEX_POINT('',#12946);
#10243=LINE('',#12947,#12948);
#10244=VERTEX_POINT('',#12949);
#10245=LINE('',#12950,#12951);
#10246=LINE('',#12952,#12953);
#10247=FILL_AREA_STYLE_COLOUR('',#12954);
#10248=VERTEX_POINT('',#12955);
#10249=LINE('',#12956,#12957);
#10250=VERTEX_POINT('',#12958);
#10251=LINE('',#12959,#12960);
#10252=LINE('',#12961,#12962);
#10253=FILL_AREA_STYLE_COLOUR('',#12963);
#10254=LINE('',#12964,#12965);
#10255=LINE('',#12966,#12967);
#10256=FILL_AREA_STYLE_COLOUR('',#12968);
#10257=FILL_AREA_STYLE_COLOUR('',#12969);
#10258=VERTEX_POINT('',#12970);
#10259=VERTEX_POINT('',#12971);
#10260=LINE('',#12972,#12973);
#10261=VERTEX_POINT('',#12974);
#10262=LINE('',#12975,#12976);
#10263=VERTEX_POINT('',#12977);
#10264=LINE('',#12978,#12979);
#10265=VERTEX_POINT('',#12980);
#10266=LINE('',#12981,#12982);
#10267=VERTEX_POINT('',#12983);
#10268=LINE('',#12984,#12985);
#10269=LINE('',#12986,#12987);
#10270=FILL_AREA_STYLE_COLOUR('',#12988);
#10271=VERTEX_POINT('',#12989);
#10272=LINE('',#12990,#12991);
#10273=VERTEX_POINT('',#12992);
#10274=LINE('',#12993,#12994);
#10275=LINE('',#12995,#12996);
#10276=FILL_AREA_STYLE_COLOUR('',#12997);
#10277=VERTEX_POINT('',#12998);
#10278=VERTEX_POINT('',#12999);
#10279=LINE('',#13000,#13001);
#10280=LINE('',#13002,#13003);
#10281=VERTEX_POINT('',#13004);
#10282=LINE('',#13005,#13006);
#10283=VERTEX_POINT('',#13007);
#10284=LINE('',#13008,#13009);
#10285=LINE('',#13010,#13011);
#10286=FILL_AREA_STYLE_COLOUR('',#13012);
#10287=LINE('',#13013,#13014);
#10288=LINE('',#13015,#13016);
#10289=FILL_AREA_STYLE_COLOUR('',#13017);
#10290=VERTEX_POINT('',#13018);
#10291=VERTEX_POINT('',#13019);
#10292=CIRCLE('',#13020,0.381);
#10293=CIRCLE('',#13021,0.381);
#10294=VERTEX_POINT('',#13022);
#10295=VERTEX_POINT('',#13023);
#10296=CIRCLE('',#13024,0.381);
#10297=CIRCLE('',#13025,0.381);
#10298=VERTEX_POINT('',#13026);
#10299=VERTEX_POINT('',#13027);
#10300=CIRCLE('',#13028,0.381);
#10301=CIRCLE('',#13029,0.381);
#10302=VERTEX_POINT('',#13030);
#10303=VERTEX_POINT('',#13031);
#10304=CIRCLE('',#13032,0.381);
#10305=CIRCLE('',#13033,0.381);
#10306=VERTEX_POINT('',#13034);
#10307=LINE('',#13035,#13036);
#10308=VERTEX_POINT('',#13037);
#10309=LINE('',#13038,#13039);
#10310=VERTEX_POINT('',#13040);
#10311=LINE('',#13041,#13042);
#10312=VERTEX_POINT('',#13043);
#10313=LINE('',#13044,#13045);
#10314=VERTEX_POINT('',#13046);
#10315=LINE('',#13047,#13048);
#10316=VERTEX_POINT('',#13049);
#10317=LINE('',#13050,#13051);
#10318=VERTEX_POINT('',#13052);
#10319=LINE('',#13053,#13054);
#10320=VERTEX_POINT('',#13055);
#10321=LINE('',#13056,#13057);
#10322=VERTEX_POINT('',#13058);
#10323=LINE('',#13059,#13060);
#10324=VERTEX_POINT('',#13061);
#10325=LINE('',#13062,#13063);
#10326=VERTEX_POINT('',#13064);
#10327=LINE('',#13065,#13066);
#10328=VERTEX_POINT('',#13067);
#10329=LINE('',#13068,#13069);
#10330=VERTEX_POINT('',#13070);
#10331=LINE('',#13071,#13072);
#10332=VERTEX_POINT('',#13073);
#10333=LINE('',#13074,#13075);
#10334=VERTEX_POINT('',#13076);
#10335=LINE('',#13077,#13078);
#10336=VERTEX_POINT('',#13079);
#10337=LINE('',#13080,#13081);
#10338=LINE('',#13082,#13083);
#10339=FILL_AREA_STYLE_COLOUR('',#13084);
#10340=VERTEX_POINT('',#13085);
#10341=LINE('',#13086,#13087);
#10342=VERTEX_POINT('',#13088);
#10343=LINE('',#13089,#13090);
#10344=VERTEX_POINT('',#13091);
#10345=LINE('',#13092,#13093);
#10346=VERTEX_POINT('',#13094);
#10347=LINE('',#13095,#13096);
#10348=LINE('',#13097,#13098);
#10349=FILL_AREA_STYLE_COLOUR('',#13099);
#10350=VERTEX_POINT('',#13100);
#10351=VERTEX_POINT('',#13101);
#10352=LINE('',#13102,#13103);
#10353=VERTEX_POINT('',#13104);
#10354=LINE('',#13105,#13106);
#10355=VERTEX_POINT('',#13107);
#10356=LINE('',#13108,#13109);
#10357=LINE('',#13110,#13111);
#10358=FILL_AREA_STYLE_COLOUR('',#13112);
#10359=VERTEX_POINT('',#13113);
#10360=LINE('',#13114,#13115);
#10361=LINE('',#13116,#13117);
#10362=VERTEX_POINT('',#13118);
#10363=LINE('',#13119,#13120);
#10364=LINE('',#13121,#13122);
#10365=FILL_AREA_STYLE_COLOUR('',#13123);
#10366=VERTEX_POINT('',#13124);
#10367=LINE('',#13125,#13126);
#10368=VERTEX_POINT('',#13127);
#10369=LINE('',#13128,#13129);
#10370=LINE('',#13130,#13131);
#10371=LINE('',#13132,#13133);
#10372=FILL_AREA_STYLE_COLOUR('',#13134);
#10373=LINE('',#13135,#13136);
#10374=FILL_AREA_STYLE_COLOUR('',#13137);
#10375=VERTEX_POINT('',#13138);
#10376=LINE('',#13139,#13140);
#10377=VERTEX_POINT('',#13141);
#10378=LINE('',#13142,#13143);
#10379=VERTEX_POINT('',#13144);
#10380=LINE('',#13145,#13146);
#10381=VERTEX_POINT('',#13147);
#10382=LINE('',#13148,#13149);
#10383=LINE('',#13150,#13151);
#10384=FILL_AREA_STYLE_COLOUR('',#13152);
#10385=VERTEX_POINT('',#13153);
#10386=VERTEX_POINT('',#13154);
#10387=LINE('',#13155,#13156);
#10388=VERTEX_POINT('',#13157);
#10389=LINE('',#13158,#13159);
#10390=VERTEX_POINT('',#13160);
#10391=LINE('',#13161,#13162);
#10392=VERTEX_POINT('',#13163);
#10393=LINE('',#13164,#13165);
#10394=VERTEX_POINT('',#13166);
#10395=LINE('',#13167,#13168);
#10396=VERTEX_POINT('',#13169);
#10397=LINE('',#13170,#13171);
#10398=LINE('',#13172,#13173);
#10399=FILL_AREA_STYLE_COLOUR('',#13174);
#10400=VERTEX_POINT('',#13175);
#10401=LINE('',#13176,#13177);
#10402=VERTEX_POINT('',#13178);
#10403=LINE('',#13179,#13180);
#10404=LINE('',#13181,#13182);
#10405=FILL_AREA_STYLE_COLOUR('',#13183);
#10406=VERTEX_POINT('',#13184);
#10407=LINE('',#13185,#13186);
#10408=LINE('',#13187,#13188);
#10409=FILL_AREA_STYLE_COLOUR('',#13189);
#10410=VERTEX_POINT('',#13190);
#10411=LINE('',#13191,#13192);
#10412=VERTEX_POINT('',#13193);
#10413=LINE('',#13194,#13195);
#10414=VERTEX_POINT('',#13196);
#10415=LINE('',#13197,#13198);
#10416=VERTEX_POINT('',#13199);
#10417=LINE('',#13200,#13201);
#10418=LINE('',#13202,#13203);
#10419=FILL_AREA_STYLE_COLOUR('',#13204);
#10420=LINE('',#13205,#13206);
#10421=LINE('',#13207,#13208);
#10422=LINE('',#13209,#13210);
#10423=FILL_AREA_STYLE_COLOUR('',#13211);
#10424=LINE('',#13212,#13213);
#10425=FILL_AREA_STYLE_COLOUR('',#13214);
#10426=LINE('',#13215,#13216);
#10427=FILL_AREA_STYLE_COLOUR('',#13217);
#10428=VERTEX_POINT('',#13218);
#10429=LINE('',#13219,#13220);
#10430=LINE('',#13221,#13222);
#10431=FILL_AREA_STYLE_COLOUR('',#13223);
#10432=VERTEX_POINT('',#13224);
#10433=LINE('',#13225,#13226);
#10434=LINE('',#13227,#13228);
#10435=FILL_AREA_STYLE_COLOUR('',#13229);
#10436=FILL_AREA_STYLE_COLOUR('',#13230);
#10437=FILL_AREA_STYLE_COLOUR('',#13231);
#10438=FILL_AREA_STYLE_COLOUR('',#13232);
#10439=FILL_AREA_STYLE_COLOUR('',#13233);
#10440=VERTEX_POINT('',#13234);
#10441=LINE('',#13235,#13236);
#10442=LINE('',#13237,#13238);
#10443=FILL_AREA_STYLE_COLOUR('',#13239);
#10444=LINE('',#13240,#13241);
#10445=FILL_AREA_STYLE_COLOUR('',#13242);
#10446=VERTEX_POINT('',#13243);
#10447=LINE('',#13244,#13245);
#10448=LINE('',#13246,#13247);
#10449=FILL_AREA_STYLE_COLOUR('',#13248);
#10450=LINE('',#13249,#13250);
#10451=FILL_AREA_STYLE_COLOUR('',#13251);
#10452=VERTEX_POINT('',#13252);
#10453=LINE('',#13253,#13254);
#10454=VERTEX_POINT('',#13255);
#10455=LINE('',#13256,#13257);
#10456=LINE('',#13258,#13259);
#10457=FILL_AREA_STYLE_COLOUR('',#13260);
#10458=VERTEX_POINT('',#13261);
#10459=LINE('',#13262,#13263);
#10460=LINE('',#13264,#13265);
#10461=FILL_AREA_STYLE_COLOUR('',#13266);
#10462=VERTEX_POINT('',#13267);
#10463=LINE('',#13268,#13269);
#10464=LINE('',#13270,#13271);
#10465=FILL_AREA_STYLE_COLOUR('',#13272);
#10466=VERTEX_POINT('',#13273);
#10467=LINE('',#13274,#13275);
#10468=LINE('',#13276,#13277);
#10469=FILL_AREA_STYLE_COLOUR('',#13278);
#10470=VERTEX_POINT('',#13279);
#10471=LINE('',#13280,#13281);
#10472=LINE('',#13282,#13283);
#10473=FILL_AREA_STYLE_COLOUR('',#13284);
#10474=VERTEX_POINT('',#13285);
#10475=LINE('',#13286,#13287);
#10476=LINE('',#13288,#13289);
#10477=FILL_AREA_STYLE_COLOUR('',#13290);
#10478=VERTEX_POINT('',#13291);
#10479=LINE('',#13292,#13293);
#10480=LINE('',#13294,#13295);
#10481=FILL_AREA_STYLE_COLOUR('',#13296);
#10482=VERTEX_POINT('',#13297);
#10483=LINE('',#13298,#13299);
#10484=LINE('',#13300,#13301);
#10485=FILL_AREA_STYLE_COLOUR('',#13302);
#10486=VERTEX_POINT('',#13303);
#10487=LINE('',#13304,#13305);
#10488=LINE('',#13306,#13307);
#10489=FILL_AREA_STYLE_COLOUR('',#13308);
#10490=VERTEX_POINT('',#13309);
#10491=LINE('',#13310,#13311);
#10492=LINE('',#13312,#13313);
#10493=FILL_AREA_STYLE_COLOUR('',#13314);
#10494=VERTEX_POINT('',#13315);
#10495=LINE('',#13316,#13317);
#10496=LINE('',#13318,#13319);
#10497=FILL_AREA_STYLE_COLOUR('',#13320);
#10498=LINE('',#13321,#13322);
#10499=LINE('',#13323,#13324);
#10500=FILL_AREA_STYLE_COLOUR('',#13325);
#10501=COLOUR_RGB('',0.705882370471954,0.705882370471954,0.705882370471954);
#10502=CARTESIAN_POINT('',(28.2575,4.44089209850063E-16,-1.5875));
#10503=CARTESIAN_POINT('',(27.6225,4.44089209850063E-16,-1.5875));
#10504=CARTESIAN_POINT('',(22.0345,2.22044604925031E-16,-1.5875));
#10505=VECTOR('',#13326,1.0);
#10506=CARTESIAN_POINT('',(28.2575,-2.4671857182887,-1.5875));
#10507=CARTESIAN_POINT('',(28.2575,2.794,-1.5875));
#10508=VECTOR('',#13327,1.0);
#10509=CARTESIAN_POINT('',(27.6225,-2.4671857182887,-1.5875));
#10510=CARTESIAN_POINT('',(27.559,-2.4671857182887,-1.5875));
#10511=VECTOR('',#13328,1.0);
#10512=CARTESIAN_POINT('',(27.6225,2.794,-1.5875));
#10513=VECTOR('',#13329,1.0);
#10514=COLOUR_RGB('',0.705882370471954,0.705882370471954,0.705882370471954);
#10515=CARTESIAN_POINT('',(28.2575,4.44089209850063E-16,-0.9525));
#10516=CARTESIAN_POINT('',(28.2575,2.22044604925031E-16,-0.803022123893805));
#10517=VECTOR('',#13330,1.0);
#10518=CARTESIAN_POINT('',(28.2575,-2.4671857182887,-0.9525));
#10519=CARTESIAN_POINT('',(28.2575,2.794,-0.9525));
#10520=VECTOR('',#13331,1.0);
#10521=CARTESIAN_POINT('',(28.2575,-2.4671857182887,-1.651));
#10522=VECTOR('',#13332,1.0);
#10523=COLOUR_RGB('',1.0,1.0,0.0);
#10524=CARTESIAN_POINT('',(28.2575,2.54,-1.5875));
#10525=CARTESIAN_POINT('',(28.2575,2.54,-0.9525));
#10526=CARTESIAN_POINT('',(28.2575,2.54,-3.6068));
#10527=VECTOR('',#13333,1.0);
#10528=CARTESIAN_POINT('',(28.2575,8.0551857182887,-1.5875));
#10529=CARTESIAN_POINT('',(28.2575,2.794,-1.5875));
#10530=VECTOR('',#13334,1.0);
#10531=CARTESIAN_POINT('',(28.2575,8.05518571828869,-0.9525));
#10532=CARTESIAN_POINT('',(28.2575,8.0551857182887,-1.651));
#10533=VECTOR('',#13335,1.0);
#10534=CARTESIAN_POINT('',(28.2575,2.794,-0.9525));
#10535=VECTOR('',#13336,1.0);
#10536=COLOUR_RGB('',1.0,1.0,0.0);
#10537=CARTESIAN_POINT('',(27.6225,2.54,-1.5875));
#10538=CARTESIAN_POINT('',(22.0345,2.54,-1.5875));
#10539=VECTOR('',#13337,1.0);
#10540=CARTESIAN_POINT('',(27.6225,8.0551857182887,-1.5875));
#10541=CARTESIAN_POINT('',(27.6225,2.794,-1.5875));
#10542=VECTOR('',#13338,1.0);
#10543=CARTESIAN_POINT('',(27.559,8.0551857182887,-1.5875));
#10544=VECTOR('',#13339,1.0);
#10545=COLOUR_RGB('',0.705882370471954,0.705882370471954,0.705882370471954);
#10546=CARTESIAN_POINT('',(27.6225,4.44089209850063E-16,-0.9525));
#10547=CARTESIAN_POINT('',(22.0345,2.22044604925031E-16,-0.9525));
#10548=VECTOR('',#13340,1.0);
#10549=CARTESIAN_POINT('',(27.6225,-2.4671857182887,-0.9525));
#10550=CARTESIAN_POINT('',(27.6225,2.794,-0.9525));
#10551=VECTOR('',#13341,1.0);
#10552=CARTESIAN_POINT('',(27.559,-2.4671857182887,-0.9525));
#10553=VECTOR('',#13342,1.0);
#10554=COLOUR_RGB('',0.705882370471954,0.705882370471954,0.705882370471954);
#10555=CARTESIAN_POINT('',(27.6225,2.22044604925031E-16,-0.803022123893805));
#10556=VECTOR('',#13343,1.0);
#10557=CARTESIAN_POINT('',(27.6225,-2.4671857182887,-1.651));
#10558=VECTOR('',#13344,1.0);
#10559=COLOUR_RGB('',0.705882370471954,0.705882370471954,0.705882370471954);
#10560=CARTESIAN_POINT('',(28.1178,-3.302,-1.4478));
#10561=CARTESIAN_POINT('',(28.1378114745518,-3.18241614349354,-1.46781147455181));
#10562=VECTOR('',#13345,0.999999999999999);
#10563=CARTESIAN_POINT('',(27.7622,-3.302,-1.4478));
#10564=CARTESIAN_POINT('',(27.7495,-3.302,-1.4478));
#10565=VECTOR('',#13346,1.0);
#10566=CARTESIAN_POINT('',(27.7320850402328,-3.12204009658703,-1.47791495976717));
#10567=VECTOR('',#13347,0.999999999999999);
#10568=COLOUR_RGB('',0.705882370471954,0.705882370471954,0.705882370471954);
#10569=CARTESIAN_POINT('',(27.7622,-3.302,-1.0922));
#10570=CARTESIAN_POINT('',(27.7421885254482,-3.18241614349354,-1.07218852544819));
#10571=VECTOR('',#13348,0.999999999999999);
#10572=CARTESIAN_POINT('',(28.1178,-3.302,-1.0922));
#10573=CARTESIAN_POINT('',(27.7495,-3.302,-1.0922));
#10574=VECTOR('',#13349,1.0);
#10575=CARTESIAN_POINT('',(28.1277079893365,-3.24279219040005,-1.08229201066355));
#10576=VECTOR('',#13350,0.999999999999999);
#10577=COLOUR_RGB('',0.705882370471954,0.705882370471954,0.705882370471954);
#10578=CARTESIAN_POINT('',(27.7622,-3.302,-1.651));
#10579=VECTOR('',#13351,1.0);
#10580=COLOUR_RGB('',0.705882370471954,0.705882370471954,0.705882370471954);
#10581=CARTESIAN_POINT('',(28.1178,-3.302,-1.651));
#10582=VECTOR('',#13352,1.0);
#10583=COLOUR_RGB('',0.705882370471954,0.705882370471954,0.705882370471954);
#10584=COLOUR_RGB('',1.0,1.0,0.0);
#10585=CARTESIAN_POINT('',(27.6225,2.54,-0.9525));
#10586=CARTESIAN_POINT('',(27.6225,2.54,-3.6068));
#10587=VECTOR('',#13353,1.0);
#10588=CARTESIAN_POINT('',(27.6225,8.05518571828869,-0.9525));
#10589=CARTESIAN_POINT('',(27.6225,2.794,-0.9525));
#10590=VECTOR('',#13354,1.0);
#10591=CARTESIAN_POINT('',(27.6225,8.05518571828869,-1.651));
#10592=VECTOR('',#13355,1.0);
#10593=COLOUR_RGB('',1.0,1.0,0.0);
#10594=CARTESIAN_POINT('',(22.0345,2.54,-0.9525));
#10595=VECTOR('',#13356,1.0);
#10596=CARTESIAN_POINT('',(27.559,8.05518571828869,-0.9525));
#10597=VECTOR('',#13357,1.0);
#10598=COLOUR_RGB('',1.0,1.0,0.0);
#10599=CARTESIAN_POINT('',(28.1178,8.89,-1.4478));
#10600=CARTESIAN_POINT('',(28.1378114745518,8.77041614349354,-1.46781147455181));
#10601=VECTOR('',#13358,0.999999999999999);
#10602=CARTESIAN_POINT('',(27.7622,8.89,-1.4478));
#10603=CARTESIAN_POINT('',(27.7320850402328,8.71004009658702,-1.47791495976717));
#10604=VECTOR('',#13359,0.999999999999999);
#10605=CARTESIAN_POINT('',(27.7495,8.89,-1.4478));
#10606=VECTOR('',#13360,1.0);
#10607=COLOUR_RGB('',1.0,1.0,0.0);
#10608=CARTESIAN_POINT('',(27.7622,8.89,-1.0922));
#10609=CARTESIAN_POINT('',(27.7421885254482,8.77041614349354,-1.07218852544819));
#10610=VECTOR('',#13361,0.999999999999999);
#10611=CARTESIAN_POINT('',(28.1178,8.89,-1.0922));
#10612=CARTESIAN_POINT('',(28.1277079893365,8.83079219040005,-1.08229201066355));
#10613=VECTOR('',#13362,0.999999999999999);
#10614=CARTESIAN_POINT('',(27.7495,8.89,-1.0922));
#10615=VECTOR('',#13363,1.0);
#10616=COLOUR_RGB('',1.0,1.0,0.0);
#10617=CARTESIAN_POINT('',(27.7622,8.89,-1.651));
#10618=VECTOR('',#13364,1.0);
#10619=CARTESIAN_POINT('',(28.1178,8.89,-1.651));
#10620=VECTOR('',#13365,1.0);
#10621=COLOUR_RGB('',1.0,1.0,0.0);
#10622=COLOUR_RGB('',1.0,1.0,0.0);
#10623=COLOUR_RGB('',0.705882370471954,0.705882370471954,0.705882370471954);
#10624=CARTESIAN_POINT('',(25.7175,4.44089209850063E-16,-1.5875));
#10625=CARTESIAN_POINT('',(25.0825,4.44089209850063E-16,-1.5875));
#10626=CARTESIAN_POINT('',(20.7645,2.22044604925031E-16,-1.5875));
#10627=VECTOR('',#13366,1.0);
#10628=CARTESIAN_POINT('',(25.7175,-2.4671857182887,-1.5875));
#10629=CARTESIAN_POINT('',(25.7175,2.794,-1.5875));
#10630=VECTOR('',#13367,1.0);
#10631=CARTESIAN_POINT('',(25.0825,-2.4671857182887,-1.5875));
#10632=CARTESIAN_POINT('',(25.019,-2.4671857182887,-1.5875));
#10633=VECTOR('',#13368,1.0);
#10634=CARTESIAN_POINT('',(25.0825,2.794,-1.5875));
#10635=VECTOR('',#13369,1.0);
#10636=COLOUR_RGB('',0.705882370471954,0.705882370471954,0.705882370471954);
#10637=CARTESIAN_POINT('',(25.7175,4.44089209850063E-16,-0.9525));
#10638=CARTESIAN_POINT('',(25.7175,2.22044604925031E-16,-0.803022123893805));
#10639=VECTOR('',#13370,1.0);
#10640=CARTESIAN_POINT('',(25.7175,-2.4671857182887,-0.9525));
#10641=CARTESIAN_POINT('',(25.7175,2.794,-0.9525));
#10642=VECTOR('',#13371,1.0);
#10643=CARTESIAN_POINT('',(25.7175,-2.4671857182887,-1.651));
#10644=VECTOR('',#13372,1.0);
#10645=COLOUR_RGB('',1.0,1.0,0.0);
#10646=CARTESIAN_POINT('',(25.7175,2.54,-1.5875));
#10647=CARTESIAN_POINT('',(25.7175,2.54,-0.9525));
#10648=CARTESIAN_POINT('',(25.7175,2.54,-3.6068));
#10649=VECTOR('',#13373,1.0);
#10650=CARTESIAN_POINT('',(25.7175,8.0551857182887,-1.5875));
#10651=CARTESIAN_POINT('',(25.7175,2.794,-1.5875));
#10652=VECTOR('',#13374,1.0);
#10653=CARTESIAN_POINT('',(25.7175,8.05518571828869,-0.9525));
#10654=CARTESIAN_POINT('',(25.7175,8.0551857182887,-1.651));
#10655=VECTOR('',#13375,1.0);
#10656=CARTESIAN_POINT('',(25.7175,2.794,-0.9525));
#10657=VECTOR('',#13376,1.0);
#10658=COLOUR_RGB('',1.0,1.0,0.0);
#10659=CARTESIAN_POINT('',(25.0825,2.54,-1.5875));
#10660=CARTESIAN_POINT('',(20.7645,2.54,-1.5875));
#10661=VECTOR('',#13377,1.0);
#10662=CARTESIAN_POINT('',(25.0825,8.0551857182887,-1.5875));
#10663=CARTESIAN_POINT('',(25.0825,2.794,-1.5875));
#10664=VECTOR('',#13378,1.0);
#10665=CARTESIAN_POINT('',(25.019,8.0551857182887,-1.5875));
#10666=VECTOR('',#13379,1.0);
#10667=COLOUR_RGB('',0.705882370471954,0.705882370471954,0.705882370471954);
#10668=CARTESIAN_POINT('',(25.0825,4.44089209850063E-16,-0.9525));
#10669=CARTESIAN_POINT('',(20.7645,2.22044604925031E-16,-0.9525));
#10670=VECTOR('',#13380,1.0);
#10671=CARTESIAN_POINT('',(25.0825,-2.4671857182887,-0.9525));
#10672=CARTESIAN_POINT('',(25.0825,2.794,-0.9525));
#10673=VECTOR('',#13381,1.0);
#10674=CARTESIAN_POINT('',(25.019,-2.4671857182887,-0.9525));
#10675=VECTOR('',#13382,1.0);
#10676=COLOUR_RGB('',0.705882370471954,0.705882370471954,0.705882370471954);
#10677=CARTESIAN_POINT('',(25.0825,2.22044604925031E-16,-0.803022123893805));
#10678=VECTOR('',#13383,1.0);
#10679=CARTESIAN_POINT('',(25.0825,-2.4671857182887,-1.651));
#10680=VECTOR('',#13384,1.0);
#10681=COLOUR_RGB('',0.705882370471954,0.705882370471954,0.705882370471954);
#10682=CARTESIAN_POINT('',(25.5778,-3.302,-1.4478));
#10683=CARTESIAN_POINT('',(25.5978114745518,-3.18241614349354,-1.46781147455181));
#10684=VECTOR('',#13385,0.999999999999999);
#10685=CARTESIAN_POINT('',(25.2222,-3.302,-1.4478));
#10686=CARTESIAN_POINT('',(25.2095,-3.302,-1.4478));
#10687=VECTOR('',#13386,1.0);
#10688=CARTESIAN_POINT('',(25.1920850402328,-3.12204009658703,-1.47791495976717));
#10689=VECTOR('',#13387,0.999999999999999);
#10690=COLOUR_RGB('',0.705882370471954,0.705882370471954,0.705882370471954);
#10691=CARTESIAN_POINT('',(25.2222,-3.302,-1.0922));
#10692=CARTESIAN_POINT('',(25.2021885254482,-3.18241614349354,-1.07218852544819));
#10693=VECTOR('',#13388,0.999999999999999);
#10694=CARTESIAN_POINT('',(25.5778,-3.302,-1.0922));
#10695=CARTESIAN_POINT('',(25.2095,-3.302,-1.0922));
#10696=VECTOR('',#13389,1.0);
#10697=CARTESIAN_POINT('',(25.5877079893365,-3.24279219040005,-1.08229201066355));
#10698=VECTOR('',#13390,0.999999999999999);
#10699=COLOUR_RGB('',0.705882370471954,0.705882370471954,0.705882370471954);
#10700=CARTESIAN_POINT('',(25.2222,-3.302,-1.651));
#10701=VECTOR('',#13391,1.0);
#10702=COLOUR_RGB('',0.705882370471954,0.705882370471954,0.705882370471954);
#10703=CARTESIAN_POINT('',(25.5778,-3.302,-1.651));
#10704=VECTOR('',#13392,1.0);
#10705=COLOUR_RGB('',0.705882370471954,0.705882370471954,0.705882370471954);
#10706=COLOUR_RGB('',1.0,1.0,0.0);
#10707=CARTESIAN_POINT('',(25.0825,2.54,-0.9525));
#10708=CARTESIAN_POINT('',(25.0825,2.54,-3.6068));
#10709=VECTOR('',#13393,1.0);
#10710=CARTESIAN_POINT('',(25.0825,8.05518571828869,-0.9525));
#10711=CARTESIAN_POINT('',(25.0825,2.794,-0.9525));
#10712=VECTOR('',#13394,1.0);
#10713=CARTESIAN_POINT('',(25.0825,8.05518571828869,-1.651));
#10714=VECTOR('',#13395,1.0);
#10715=COLOUR_RGB('',1.0,1.0,0.0);
#10716=CARTESIAN_POINT('',(20.7645,2.54,-0.9525));
#10717=VECTOR('',#13396,1.0);
#10718=CARTESIAN_POINT('',(25.019,8.05518571828869,-0.9525));
#10719=VECTOR('',#13397,1.0);
#10720=COLOUR_RGB('',1.0,1.0,0.0);
#10721=CARTESIAN_POINT('',(25.5778,8.89,-1.4478));
#10722=CARTESIAN_POINT('',(25.5978114745518,8.77041614349354,-1.46781147455181));
#10723=VECTOR('',#13398,0.999999999999999);
#10724=CARTESIAN_POINT('',(25.2222,8.89,-1.4478));
#10725=CARTESIAN_POINT('',(25.1920850402328,8.71004009658702,-1.47791495976717));
#10726=VECTOR('',#13399,0.999999999999999);
#10727=CARTESIAN_POINT('',(25.2095,8.89,-1.4478));
#10728=VECTOR('',#13400,1.0);
#10729=COLOUR_RGB('',1.0,1.0,0.0);
#10730=CARTESIAN_POINT('',(25.2222,8.89,-1.0922));
#10731=CARTESIAN_POINT('',(25.2021885254482,8.77041614349354,-1.07218852544819));
#10732=VECTOR('',#13401,0.999999999999999);
#10733=CARTESIAN_POINT('',(25.5778,8.89,-1.0922));
#10734=CARTESIAN_POINT('',(25.5877079893365,8.83079219040005,-1.08229201066355));
#10735=VECTOR('',#13402,0.999999999999999);
#10736=CARTESIAN_POINT('',(25.2095,8.89,-1.0922));
#10737=VECTOR('',#13403,1.0);
#10738=COLOUR_RGB('',1.0,1.0,0.0);
#10739=CARTESIAN_POINT('',(25.2222,8.89,-1.651));
#10740=VECTOR('',#13404,1.0);
#10741=CARTESIAN_POINT('',(25.5778,8.89,-1.651));
#10742=VECTOR('',#13405,1.0);
#10743=COLOUR_RGB('',1.0,1.0,0.0);
#10744=COLOUR_RGB('',1.0,1.0,0.0);
#10745=COLOUR_RGB('',0.705882370471954,0.705882370471954,0.705882370471954);
#10746=CARTESIAN_POINT('',(23.1775,4.44089209850063E-16,-1.5875));
#10747=CARTESIAN_POINT('',(22.5425,4.44089209850063E-16,-1.5875));
#10748=CARTESIAN_POINT('',(19.4945,2.22044604925031E-16,-1.5875));
#10749=VECTOR('',#13406,1.0);
#10750=CARTESIAN_POINT('',(23.1775,-2.4671857182887,-1.5875));
#10751=CARTESIAN_POINT('',(23.1775,2.794,-1.5875));
#10752=VECTOR('',#13407,1.0);
#10753=CARTESIAN_POINT('',(22.5425,-2.4671857182887,-1.5875));
#10754=CARTESIAN_POINT('',(22.479,-2.4671857182887,-1.5875));
#10755=VECTOR('',#13408,1.0);
#10756=CARTESIAN_POINT('',(22.5425,2.794,-1.5875));
#10757=VECTOR('',#13409,1.0);
#10758=COLOUR_RGB('',0.705882370471954,0.705882370471954,0.705882370471954);
#10759=CARTESIAN_POINT('',(23.1775,4.44089209850063E-16,-0.9525));
#10760=CARTESIAN_POINT('',(23.1775,2.22044604925031E-16,-0.803022123893805));
#10761=VECTOR('',#13410,1.0);
#10762=CARTESIAN_POINT('',(23.1775,-2.4671857182887,-0.9525));
#10763=CARTESIAN_POINT('',(23.1775,2.794,-0.9525));
#10764=VECTOR('',#13411,1.0);
#10765=CARTESIAN_POINT('',(23.1775,-2.4671857182887,-1.651));
#10766=VECTOR('',#13412,1.0);
#10767=COLOUR_RGB('',1.0,1.0,0.0);
#10768=CARTESIAN_POINT('',(23.1775,2.54,-1.5875));
#10769=CARTESIAN_POINT('',(23.1775,2.54,-0.9525));
#10770=CARTESIAN_POINT('',(23.1775,2.54,-3.6068));
#10771=VECTOR('',#13413,1.0);
#10772=CARTESIAN_POINT('',(23.1775,8.0551857182887,-1.5875));
#10773=CARTESIAN_POINT('',(23.1775,2.794,-1.5875));
#10774=VECTOR('',#13414,1.0);
#10775=CARTESIAN_POINT('',(23.1775,8.05518571828869,-0.9525));
#10776=CARTESIAN_POINT('',(23.1775,8.0551857182887,-1.651));
#10777=VECTOR('',#13415,1.0);
#10778=CARTESIAN_POINT('',(23.1775,2.794,-0.9525));
#10779=VECTOR('',#13416,1.0);
#10780=COLOUR_RGB('',1.0,1.0,0.0);
#10781=CARTESIAN_POINT('',(22.5425,2.54,-1.5875));
#10782=CARTESIAN_POINT('',(19.4945,2.54,-1.5875));
#10783=VECTOR('',#13417,1.0);
#10784=CARTESIAN_POINT('',(22.5425,8.0551857182887,-1.5875));
#10785=CARTESIAN_POINT('',(22.5425,2.794,-1.5875));
#10786=VECTOR('',#13418,1.0);
#10787=CARTESIAN_POINT('',(22.479,8.0551857182887,-1.5875));
#10788=VECTOR('',#13419,1.0);
#10789=COLOUR_RGB('',0.705882370471954,0.705882370471954,0.705882370471954);
#10790=CARTESIAN_POINT('',(22.5425,4.44089209850063E-16,-0.9525));
#10791=CARTESIAN_POINT('',(19.4945,2.22044604925031E-16,-0.9525));
#10792=VECTOR('',#13420,1.0);
#10793=CARTESIAN_POINT('',(22.5425,-2.4671857182887,-0.9525));
#10794=CARTESIAN_POINT('',(22.5425,2.794,-0.9525));
#10795=VECTOR('',#13421,1.0);
#10796=CARTESIAN_POINT('',(22.479,-2.4671857182887,-0.9525));
#10797=VECTOR('',#13422,1.0);
#10798=COLOUR_RGB('',0.705882370471954,0.705882370471954,0.705882370471954);
#10799=CARTESIAN_POINT('',(22.5425,2.22044604925031E-16,-0.803022123893805));
#10800=VECTOR('',#13423,1.0);
#10801=CARTESIAN_POINT('',(22.5425,-2.4671857182887,-1.651));
#10802=VECTOR('',#13424,1.0);
#10803=COLOUR_RGB('',0.705882370471954,0.705882370471954,0.705882370471954);
#10804=CARTESIAN_POINT('',(23.0378,-3.302,-1.4478));
#10805=CARTESIAN_POINT('',(23.0578114745518,-3.18241614349354,-1.46781147455181));
#10806=VECTOR('',#13425,0.999999999999999);
#10807=CARTESIAN_POINT('',(22.6822,-3.302,-1.4478));
#10808=CARTESIAN_POINT('',(22.6695,-3.302,-1.4478));
#10809=VECTOR('',#13426,1.0);
#10810=CARTESIAN_POINT('',(22.6520850402328,-3.12204009658703,-1.47791495976717));
#10811=VECTOR('',#13427,0.999999999999999);
#10812=COLOUR_RGB('',0.705882370471954,0.705882370471954,0.705882370471954);
#10813=CARTESIAN_POINT('',(22.6822,-3.302,-1.0922));
#10814=CARTESIAN_POINT('',(22.6621885254482,-3.18241614349354,-1.07218852544819));
#10815=VECTOR('',#13428,0.999999999999999);
#10816=CARTESIAN_POINT('',(23.0378,-3.302,-1.0922));
#10817=CARTESIAN_POINT('',(22.6695,-3.302,-1.0922));
#10818=VECTOR('',#13429,1.0);
#10819=CARTESIAN_POINT('',(23.0477079893365,-3.24279219040005,-1.08229201066355));
#10820=VECTOR('',#13430,0.999999999999999);
#10821=COLOUR_RGB('',0.705882370471954,0.705882370471954,0.705882370471954);
#10822=CARTESIAN_POINT('',(22.6822,-3.302,-1.651));
#10823=VECTOR('',#13431,1.0);
#10824=COLOUR_RGB('',0.705882370471954,0.705882370471954,0.705882370471954);
#10825=CARTESIAN_POINT('',(23.0378,-3.302,-1.651));
#10826=VECTOR('',#13432,1.0);
#10827=COLOUR_RGB('',0.705882370471954,0.705882370471954,0.705882370471954);
#10828=COLOUR_RGB('',1.0,1.0,0.0);
#10829=CARTESIAN_POINT('',(22.5425,2.54,-0.9525));
#10830=CARTESIAN_POINT('',(22.5425,2.54,-3.6068));
#10831=VECTOR('',#13433,1.0);
#10832=CARTESIAN_POINT('',(22.5425,8.05518571828869,-0.9525));
#10833=CARTESIAN_POINT('',(22.5425,2.794,-0.9525));
#10834=VECTOR('',#13434,1.0);
#10835=CARTESIAN_POINT('',(22.5425,8.05518571828869,-1.651));
#10836=VECTOR('',#13435,1.0);
#10837=COLOUR_RGB('',1.0,1.0,0.0);
#10838=CARTESIAN_POINT('',(19.4945,2.54,-0.9525));
#10839=VECTOR('',#13436,1.0);
#10840=CARTESIAN_POINT('',(22.479,8.05518571828869,-0.9525));
#10841=VECTOR('',#13437,1.0);
#10842=COLOUR_RGB('',1.0,1.0,0.0);
#10843=CARTESIAN_POINT('',(23.0378,8.89,-1.4478));
#10844=CARTESIAN_POINT('',(23.0578114745518,8.77041614349354,-1.46781147455181));
#10845=VECTOR('',#13438,0.999999999999999);
#10846=CARTESIAN_POINT('',(22.6822,8.89,-1.4478));
#10847=CARTESIAN_POINT('',(22.6520850402328,8.71004009658702,-1.47791495976717));
#10848=VECTOR('',#13439,0.999999999999999);
#10849=CARTESIAN_POINT('',(22.6695,8.89,-1.4478));
#10850=VECTOR('',#13440,1.0);
#10851=COLOUR_RGB('',1.0,1.0,0.0);
#10852=CARTESIAN_POINT('',(22.6822,8.89,-1.0922));
#10853=CARTESIAN_POINT('',(22.6621885254482,8.77041614349354,-1.07218852544819));
#10854=VECTOR('',#13441,0.999999999999999);
#10855=CARTESIAN_POINT('',(23.0378,8.89,-1.0922));
#10856=CARTESIAN_POINT('',(23.0477079893365,8.83079219040005,-1.08229201066355));
#10857=VECTOR('',#13442,0.999999999999999);
#10858=CARTESIAN_POINT('',(22.6695,8.89,-1.0922));
#10859=VECTOR('',#13443,1.0);
#10860=COLOUR_RGB('',1.0,1.0,0.0);
#10861=CARTESIAN_POINT('',(22.6822,8.89,-1.651));
#10862=VECTOR('',#13444,1.0);
#10863=CARTESIAN_POINT('',(23.0378,8.89,-1.651));
#10864=VECTOR('',#13445,1.0);
#10865=COLOUR_RGB('',1.0,1.0,0.0);
#10866=COLOUR_RGB('',1.0,1.0,0.0);
#10867=COLOUR_RGB('',0.705882370471954,0.705882370471954,0.705882370471954);
#10868=CARTESIAN_POINT('',(20.6375,4.44089209850063E-16,-1.5875));
#10869=CARTESIAN_POINT('',(20.0025,4.44089209850063E-16,-1.5875));
#10870=CARTESIAN_POINT('',(18.2245,2.22044604925031E-16,-1.5875));
#10871=VECTOR('',#13446,1.0);
#10872=CARTESIAN_POINT('',(20.6375,-2.4671857182887,-1.5875));
#10873=CARTESIAN_POINT('',(20.6375,2.794,-1.5875));
#10874=VECTOR('',#13447,1.0);
#10875=CARTESIAN_POINT('',(20.0025,-2.4671857182887,-1.5875));
#10876=CARTESIAN_POINT('',(19.939,-2.4671857182887,-1.5875));
#10877=VECTOR('',#13448,1.0);
#10878=CARTESIAN_POINT('',(20.0025,2.794,-1.5875));
#10879=VECTOR('',#13449,1.0);
#10880=COLOUR_RGB('',0.705882370471954,0.705882370471954,0.705882370471954);
#10881=CARTESIAN_POINT('',(20.6375,4.44089209850063E-16,-0.9525));
#10882=CARTESIAN_POINT('',(20.6375,2.22044604925031E-16,-0.803022123893805));
#10883=VECTOR('',#13450,1.0);
#10884=CARTESIAN_POINT('',(20.6375,-2.4671857182887,-0.9525));
#10885=CARTESIAN_POINT('',(20.6375,2.794,-0.9525));
#10886=VECTOR('',#13451,1.0);
#10887=CARTESIAN_POINT('',(20.6375,-2.4671857182887,-1.651));
#10888=VECTOR('',#13452,1.0);
#10889=COLOUR_RGB('',1.0,1.0,0.0);
#10890=CARTESIAN_POINT('',(20.6375,2.54,-1.5875));
#10891=CARTESIAN_POINT('',(20.6375,2.54,-0.9525));
#10892=CARTESIAN_POINT('',(20.6375,2.54,-3.6068));
#10893=VECTOR('',#13453,1.0);
#10894=CARTESIAN_POINT('',(20.6375,8.0551857182887,-1.5875));
#10895=CARTESIAN_POINT('',(20.6375,2.794,-1.5875));
#10896=VECTOR('',#13454,1.0);
#10897=CARTESIAN_POINT('',(20.6375,8.05518571828869,-0.9525));
#10898=CARTESIAN_POINT('',(20.6375,8.0551857182887,-1.651));
#10899=VECTOR('',#13455,1.0);
#10900=CARTESIAN_POINT('',(20.6375,2.794,-0.9525));
#10901=VECTOR('',#13456,1.0);
#10902=COLOUR_RGB('',1.0,1.0,0.0);
#10903=CARTESIAN_POINT('',(20.0025,2.54,-1.5875));
#10904=CARTESIAN_POINT('',(18.2245,2.54,-1.5875));
#10905=VECTOR('',#13457,1.0);
#10906=CARTESIAN_POINT('',(20.0025,8.0551857182887,-1.5875));
#10907=CARTESIAN_POINT('',(20.0025,2.794,-1.5875));
#10908=VECTOR('',#13458,1.0);
#10909=CARTESIAN_POINT('',(19.939,8.0551857182887,-1.5875));
#10910=VECTOR('',#13459,1.0);
#10911=COLOUR_RGB('',0.705882370471954,0.705882370471954,0.705882370471954);
#10912=CARTESIAN_POINT('',(20.0025,4.44089209850063E-16,-0.9525));
#10913=CARTESIAN_POINT('',(18.2245,2.22044604925031E-16,-0.9525));
#10914=VECTOR('',#13460,1.0);
#10915=CARTESIAN_POINT('',(20.0025,-2.4671857182887,-0.9525));
#10916=CARTESIAN_POINT('',(20.0025,2.794,-0.9525));
#10917=VECTOR('',#13461,1.0);
#10918=CARTESIAN_POINT('',(19.939,-2.4671857182887,-0.9525));
#10919=VECTOR('',#13462,1.0);
#10920=COLOUR_RGB('',0.705882370471954,0.705882370471954,0.705882370471954);
#10921=CARTESIAN_POINT('',(20.0025,2.22044604925031E-16,-0.803022123893805));
#10922=VECTOR('',#13463,1.0);
#10923=CARTESIAN_POINT('',(20.0025,-2.4671857182887,-1.651));
#10924=VECTOR('',#13464,1.0);
#10925=COLOUR_RGB('',0.705882370471954,0.705882370471954,0.705882370471954);
#10926=CARTESIAN_POINT('',(20.4978,-3.302,-1.4478));
#10927=CARTESIAN_POINT('',(20.5178114745518,-3.18241614349354,-1.46781147455181));
#10928=VECTOR('',#13465,0.999999999999999);
#10929=CARTESIAN_POINT('',(20.1422,-3.302,-1.4478));
#10930=CARTESIAN_POINT('',(20.1295,-3.302,-1.4478));
#10931=VECTOR('',#13466,1.0);
#10932=CARTESIAN_POINT('',(20.1120850402328,-3.12204009658703,-1.47791495976717));
#10933=VECTOR('',#13467,0.999999999999999);
#10934=COLOUR_RGB('',0.705882370471954,0.705882370471954,0.705882370471954);
#10935=CARTESIAN_POINT('',(20.1422,-3.302,-1.0922));
#10936=CARTESIAN_POINT('',(20.1221885254482,-3.18241614349354,-1.07218852544819));
#10937=VECTOR('',#13468,0.999999999999999);
#10938=CARTESIAN_POINT('',(20.4978,-3.302,-1.0922));
#10939=CARTESIAN_POINT('',(20.1295,-3.302,-1.0922));
#10940=VECTOR('',#13469,1.0);
#10941=CARTESIAN_POINT('',(20.5077079893364,-3.24279219040005,-1.08229201066355));
#10942=VECTOR('',#13470,0.999999999999999);
#10943=COLOUR_RGB('',0.705882370471954,0.705882370471954,0.705882370471954);
#10944=CARTESIAN_POINT('',(20.1422,-3.302,-1.651));
#10945=VECTOR('',#13471,1.0);
#10946=COLOUR_RGB('',0.705882370471954,0.705882370471954,0.705882370471954);
#10947=CARTESIAN_POINT('',(20.4978,-3.302,-1.651));
#10948=VECTOR('',#13472,1.0);
#10949=COLOUR_RGB('',0.705882370471954,0.705882370471954,0.705882370471954);
#10950=COLOUR_RGB('',1.0,1.0,0.0);
#10951=CARTESIAN_POINT('',(20.0025,2.54,-0.9525));
#10952=CARTESIAN_POINT('',(20.0025,2.54,-3.6068));
#10953=VECTOR('',#13473,1.0);
#10954=CARTESIAN_POINT('',(20.0025,8.05518571828869,-0.9525));
#10955=CARTESIAN_POINT('',(20.0025,2.794,-0.9525));
#10956=VECTOR('',#13474,1.0);
#10957=CARTESIAN_POINT('',(20.0025,8.05518571828869,-1.651));
#10958=VECTOR('',#13475,1.0);
#10959=COLOUR_RGB('',1.0,1.0,0.0);
#10960=CARTESIAN_POINT('',(18.2245,2.54,-0.9525));
#10961=VECTOR('',#13476,1.0);
#10962=CARTESIAN_POINT('',(19.939,8.05518571828869,-0.9525));
#10963=VECTOR('',#13477,1.0);
#10964=COLOUR_RGB('',1.0,1.0,0.0);
#10965=CARTESIAN_POINT('',(20.4978,8.89,-1.4478));
#10966=CARTESIAN_POINT('',(20.5178114745518,8.77041614349354,-1.46781147455181));
#10967=VECTOR('',#13478,0.999999999999999);
#10968=CARTESIAN_POINT('',(20.1422,8.89,-1.4478));
#10969=CARTESIAN_POINT('',(20.1120850402328,8.71004009658702,-1.47791495976717));
#10970=VECTOR('',#13479,0.999999999999999);
#10971=CARTESIAN_POINT('',(20.1295,8.89,-1.4478));
#10972=VECTOR('',#13480,1.0);
#10973=COLOUR_RGB('',1.0,1.0,0.0);
#10974=CARTESIAN_POINT('',(20.1422,8.89,-1.0922));
#10975=CARTESIAN_POINT('',(20.1221885254482,8.77041614349354,-1.07218852544819));
#10976=VECTOR('',#13481,0.999999999999999);
#10977=CARTESIAN_POINT('',(20.4978,8.89,-1.0922));
#10978=CARTESIAN_POINT('',(20.5077079893364,8.83079219040005,-1.08229201066355));
#10979=VECTOR('',#13482,0.999999999999999);
#10980=CARTESIAN_POINT('',(20.1295,8.89,-1.0922));
#10981=VECTOR('',#13483,1.0);
#10982=COLOUR_RGB('',1.0,1.0,0.0);
#10983=CARTESIAN_POINT('',(20.1422,8.89,-1.651));
#10984=VECTOR('',#13484,1.0);
#10985=CARTESIAN_POINT('',(20.4978,8.89,-1.651));
#10986=VECTOR('',#13485,1.0);
#10987=COLOUR_RGB('',1.0,1.0,0.0);
#10988=COLOUR_RGB('',1.0,1.0,0.0);
#10989=COLOUR_RGB('',0.705882370471954,0.705882370471954,0.705882370471954);
#10990=CARTESIAN_POINT('',(18.0975,4.44089209850063E-16,-1.5875));
#10991=CARTESIAN_POINT('',(17.4625,4.44089209850063E-16,-1.5875));
#10992=CARTESIAN_POINT('',(16.9545,2.22044604925031E-16,-1.5875));
#10993=VECTOR('',#13486,1.0);
#10994=CARTESIAN_POINT('',(18.0975,-2.4671857182887,-1.5875));
#10995=CARTESIAN_POINT('',(18.0975,2.794,-1.5875));
#10996=VECTOR('',#13487,1.0);
#10997=CARTESIAN_POINT('',(17.4625,-2.4671857182887,-1.5875));
#10998=CARTESIAN_POINT('',(17.399,-2.4671857182887,-1.5875));
#10999=VECTOR('',#13488,1.0);
#11000=CARTESIAN_POINT('',(17.4625,2.794,-1.5875));
#11001=VECTOR('',#13489,1.0);
#11002=COLOUR_RGB('',0.705882370471954,0.705882370471954,0.705882370471954);
#11003=CARTESIAN_POINT('',(18.0975,4.44089209850063E-16,-0.9525));
#11004=CARTESIAN_POINT('',(18.0975,2.22044604925031E-16,-0.803022123893805));
#11005=VECTOR('',#13490,1.0);
#11006=CARTESIAN_POINT('',(18.0975,-2.4671857182887,-0.9525));
#11007=CARTESIAN_POINT('',(18.0975,2.794,-0.9525));
#11008=VECTOR('',#13491,1.0);
#11009=CARTESIAN_POINT('',(18.0975,-2.4671857182887,-1.651));
#11010=VECTOR('',#13492,1.0);
#11011=COLOUR_RGB('',1.0,1.0,0.0);
#11012=CARTESIAN_POINT('',(18.0975,2.54,-1.5875));
#11013=CARTESIAN_POINT('',(18.0975,2.54,-0.9525));
#11014=CARTESIAN_POINT('',(18.0975,2.54,-3.6068));
#11015=VECTOR('',#13493,1.0);
#11016=CARTESIAN_POINT('',(18.0975,8.0551857182887,-1.5875));
#11017=CARTESIAN_POINT('',(18.0975,2.794,-1.5875));
#11018=VECTOR('',#13494,1.0);
#11019=CARTESIAN_POINT('',(18.0975,8.05518571828869,-0.9525));
#11020=CARTESIAN_POINT('',(18.0975,8.0551857182887,-1.651));
#11021=VECTOR('',#13495,1.0);
#11022=CARTESIAN_POINT('',(18.0975,2.794,-0.9525));
#11023=VECTOR('',#13496,1.0);
#11024=COLOUR_RGB('',1.0,1.0,0.0);
#11025=CARTESIAN_POINT('',(17.4625,2.54,-1.5875));
#11026=CARTESIAN_POINT('',(16.9545,2.54,-1.5875));
#11027=VECTOR('',#13497,1.0);
#11028=CARTESIAN_POINT('',(17.4625,8.0551857182887,-1.5875));
#11029=CARTESIAN_POINT('',(17.4625,2.794,-1.5875));
#11030=VECTOR('',#13498,1.0);
#11031=CARTESIAN_POINT('',(17.399,8.0551857182887,-1.5875));
#11032=VECTOR('',#13499,1.0);
#11033=COLOUR_RGB('',0.705882370471954,0.705882370471954,0.705882370471954);
#11034=CARTESIAN_POINT('',(17.4625,4.44089209850063E-16,-0.9525));
#11035=CARTESIAN_POINT('',(16.9545,2.22044604925031E-16,-0.9525));
#11036=VECTOR('',#13500,1.0);
#11037=CARTESIAN_POINT('',(17.4625,-2.4671857182887,-0.9525));
#11038=CARTESIAN_POINT('',(17.4625,2.794,-0.9525));
#11039=VECTOR('',#13501,1.0);
#11040=CARTESIAN_POINT('',(17.399,-2.4671857182887,-0.9525));
#11041=VECTOR('',#13502,1.0);
#11042=COLOUR_RGB('',0.705882370471954,0.705882370471954,0.705882370471954);
#11043=CARTESIAN_POINT('',(17.4625,2.22044604925031E-16,-0.803022123893805));
#11044=VECTOR('',#13503,1.0);
#11045=CARTESIAN_POINT('',(17.4625,-2.4671857182887,-1.651));
#11046=VECTOR('',#13504,1.0);
#11047=COLOUR_RGB('',0.705882370471954,0.705882370471954,0.705882370471954);
#11048=CARTESIAN_POINT('',(17.9578,-3.302,-1.4478));
#11049=CARTESIAN_POINT('',(17.9778114745518,-3.18241614349354,-1.46781147455181));
#11050=VECTOR('',#13505,0.999999999999999);
#11051=CARTESIAN_POINT('',(17.6022,-3.302,-1.4478));
#11052=CARTESIAN_POINT('',(17.5895,-3.302,-1.4478));
#11053=VECTOR('',#13506,1.0);
#11054=CARTESIAN_POINT('',(17.5720850402328,-3.12204009658703,-1.47791495976717));
#11055=VECTOR('',#13507,0.999999999999999);
#11056=COLOUR_RGB('',0.705882370471954,0.705882370471954,0.705882370471954);
#11057=CARTESIAN_POINT('',(17.6022,-3.302,-1.0922));
#11058=CARTESIAN_POINT('',(17.5821885254482,-3.18241614349354,-1.07218852544819));
#11059=VECTOR('',#13508,0.999999999999999);
#11060=CARTESIAN_POINT('',(17.9578,-3.302,-1.0922));
#11061=CARTESIAN_POINT('',(17.5895,-3.302,-1.0922));
#11062=VECTOR('',#13509,1.0);
#11063=CARTESIAN_POINT('',(17.9677079893364,-3.24279219040005,-1.08229201066355));
#11064=VECTOR('',#13510,0.999999999999999);
#11065=COLOUR_RGB('',0.705882370471954,0.705882370471954,0.705882370471954);
#11066=CARTESIAN_POINT('',(17.6022,-3.302,-1.651));
#11067=VECTOR('',#13511,1.0);
#11068=COLOUR_RGB('',0.705882370471954,0.705882370471954,0.705882370471954);
#11069=CARTESIAN_POINT('',(17.9578,-3.302,-1.651));
#11070=VECTOR('',#13512,1.0);
#11071=COLOUR_RGB('',0.705882370471954,0.705882370471954,0.705882370471954);
#11072=COLOUR_RGB('',1.0,1.0,0.0);
#11073=CARTESIAN_POINT('',(17.4625,2.54,-0.9525));
#11074=CARTESIAN_POINT('',(17.4625,2.54,-3.6068));
#11075=VECTOR('',#13513,1.0);
#11076=CARTESIAN_POINT('',(17.4625,8.05518571828869,-0.9525));
#11077=CARTESIAN_POINT('',(17.4625,2.794,-0.9525));
#11078=VECTOR('',#13514,1.0);
#11079=CARTESIAN_POINT('',(17.4625,8.05518571828869,-1.651));
#11080=VECTOR('',#13515,1.0);
#11081=COLOUR_RGB('',1.0,1.0,0.0);
#11082=CARTESIAN_POINT('',(16.9545,2.54,-0.9525));
#11083=VECTOR('',#13516,1.0);
#11084=CARTESIAN_POINT('',(17.399,8.05518571828869,-0.9525));
#11085=VECTOR('',#13517,1.0);
#11086=COLOUR_RGB('',1.0,1.0,0.0);
#11087=CARTESIAN_POINT('',(17.9578,8.89,-1.4478));
#11088=CARTESIAN_POINT('',(17.9778114745518,8.77041614349354,-1.46781147455181));
#11089=VECTOR('',#13518,0.999999999999999);
#11090=CARTESIAN_POINT('',(17.6022,8.89,-1.4478));
#11091=CARTESIAN_POINT('',(17.5720850402328,8.71004009658702,-1.47791495976717));
#11092=VECTOR('',#13519,0.999999999999999);
#11093=CARTESIAN_POINT('',(17.5895,8.89,-1.4478));
#11094=VECTOR('',#13520,1.0);
#11095=COLOUR_RGB('',1.0,1.0,0.0);
#11096=CARTESIAN_POINT('',(17.6022,8.89,-1.0922));
#11097=CARTESIAN_POINT('',(17.5821885254482,8.77041614349354,-1.07218852544819));
#11098=VECTOR('',#13521,0.999999999999999);
#11099=CARTESIAN_POINT('',(17.9578,8.89,-1.0922));
#11100=CARTESIAN_POINT('',(17.9677079893364,8.83079219040005,-1.08229201066355));
#11101=VECTOR('',#13522,0.999999999999999);
#11102=CARTESIAN_POINT('',(17.5895,8.89,-1.0922));
#11103=VECTOR('',#13523,1.0);
#11104=COLOUR_RGB('',1.0,1.0,0.0);
#11105=CARTESIAN_POINT('',(17.6022,8.89,-1.651));
#11106=VECTOR('',#13524,1.0);
#11107=CARTESIAN_POINT('',(17.9578,8.89,-1.651));
#11108=VECTOR('',#13525,1.0);
#11109=COLOUR_RGB('',1.0,1.0,0.0);
#11110=COLOUR_RGB('',1.0,1.0,0.0);
#11111=COLOUR_RGB('',0.705882370471954,0.705882370471954,0.705882370471954);
#11112=CARTESIAN_POINT('',(15.5575,4.44089209850063E-16,-1.5875));
#11113=CARTESIAN_POINT('',(14.9225,4.44089209850063E-16,-1.5875));
#11114=CARTESIAN_POINT('',(15.6845,2.22044604925031E-16,-1.5875));
#11115=VECTOR('',#13526,1.0);
#11116=CARTESIAN_POINT('',(15.5575,-2.4671857182887,-1.5875));
#11117=CARTESIAN_POINT('',(15.5575,2.794,-1.5875));
#11118=VECTOR('',#13527,1.0);
#11119=CARTESIAN_POINT('',(14.9225,-2.4671857182887,-1.5875));
#11120=CARTESIAN_POINT('',(14.859,-2.4671857182887,-1.5875));
#11121=VECTOR('',#13528,1.0);
#11122=CARTESIAN_POINT('',(14.9225,2.794,-1.5875));
#11123=VECTOR('',#13529,1.0);
#11124=COLOUR_RGB('',0.705882370471954,0.705882370471954,0.705882370471954);
#11125=CARTESIAN_POINT('',(15.5575,4.44089209850063E-16,-0.9525));
#11126=CARTESIAN_POINT('',(15.5575,2.22044604925031E-16,-0.803022123893805));
#11127=VECTOR('',#13530,1.0);
#11128=CARTESIAN_POINT('',(15.5575,-2.4671857182887,-0.9525));
#11129=CARTESIAN_POINT('',(15.5575,2.794,-0.9525));
#11130=VECTOR('',#13531,1.0);
#11131=CARTESIAN_POINT('',(15.5575,-2.4671857182887,-1.651));
#11132=VECTOR('',#13532,1.0);
#11133=COLOUR_RGB('',1.0,1.0,0.0);
#11134=CARTESIAN_POINT('',(15.5575,2.54,-1.5875));
#11135=CARTESIAN_POINT('',(15.5575,2.54,-0.9525));
#11136=CARTESIAN_POINT('',(15.5575,2.54,-3.6068));
#11137=VECTOR('',#13533,1.0);
#11138=CARTESIAN_POINT('',(15.5575,8.0551857182887,-1.5875));
#11139=CARTESIAN_POINT('',(15.5575,2.794,-1.5875));
#11140=VECTOR('',#13534,1.0);
#11141=CARTESIAN_POINT('',(15.5575,8.05518571828869,-0.9525));
#11142=CARTESIAN_POINT('',(15.5575,8.0551857182887,-1.651));
#11143=VECTOR('',#13535,1.0);
#11144=CARTESIAN_POINT('',(15.5575,2.794,-0.9525));
#11145=VECTOR('',#13536,1.0);
#11146=COLOUR_RGB('',1.0,1.0,0.0);
#11147=CARTESIAN_POINT('',(14.9225,2.54,-1.5875));
#11148=CARTESIAN_POINT('',(15.6845,2.54,-1.5875));
#11149=VECTOR('',#13537,1.0);
#11150=CARTESIAN_POINT('',(14.9225,8.0551857182887,-1.5875));
#11151=CARTESIAN_POINT('',(14.9225,2.794,-1.5875));
#11152=VECTOR('',#13538,1.0);
#11153=CARTESIAN_POINT('',(14.859,8.0551857182887,-1.5875));
#11154=VECTOR('',#13539,1.0);
#11155=COLOUR_RGB('',0.705882370471954,0.705882370471954,0.705882370471954);
#11156=CARTESIAN_POINT('',(14.9225,4.44089209850063E-16,-0.9525));
#11157=CARTESIAN_POINT('',(15.6845,2.22044604925031E-16,-0.9525));
#11158=VECTOR('',#13540,1.0);
#11159=CARTESIAN_POINT('',(14.9225,-2.4671857182887,-0.9525));
#11160=CARTESIAN_POINT('',(14.9225,2.794,-0.9525));
#11161=VECTOR('',#13541,1.0);
#11162=CARTESIAN_POINT('',(14.859,-2.4671857182887,-0.9525));
#11163=VECTOR('',#13542,1.0);
#11164=COLOUR_RGB('',0.705882370471954,0.705882370471954,0.705882370471954);
#11165=CARTESIAN_POINT('',(14.9225,2.22044604925031E-16,-0.803022123893805));
#11166=VECTOR('',#13543,1.0);
#11167=CARTESIAN_POINT('',(14.9225,-2.4671857182887,-1.651));
#11168=VECTOR('',#13544,1.0);
#11169=COLOUR_RGB('',0.705882370471954,0.705882370471954,0.705882370471954);
#11170=CARTESIAN_POINT('',(15.4178,-3.302,-1.4478));
#11171=CARTESIAN_POINT('',(15.4378114745518,-3.18241614349354,-1.46781147455181));
#11172=VECTOR('',#13545,0.999999999999999);
#11173=CARTESIAN_POINT('',(15.0622,-3.302,-1.4478));
#11174=CARTESIAN_POINT('',(15.0495,-3.302,-1.4478));
#11175=VECTOR('',#13546,1.0);
#11176=CARTESIAN_POINT('',(15.0320850402328,-3.12204009658703,-1.47791495976717));
#11177=VECTOR('',#13547,0.999999999999999);
#11178=COLOUR_RGB('',0.705882370471954,0.705882370471954,0.705882370471954);
#11179=CARTESIAN_POINT('',(15.0622,-3.302,-1.0922));
#11180=CARTESIAN_POINT('',(15.0421885254482,-3.18241614349354,-1.07218852544819));
#11181=VECTOR('',#13548,0.999999999999999);
#11182=CARTESIAN_POINT('',(15.4178,-3.302,-1.0922));
#11183=CARTESIAN_POINT('',(15.0495,-3.302,-1.0922));
#11184=VECTOR('',#13549,1.0);
#11185=CARTESIAN_POINT('',(15.4277079893364,-3.24279219040005,-1.08229201066355));
#11186=VECTOR('',#13550,0.999999999999999);
#11187=COLOUR_RGB('',0.705882370471954,0.705882370471954,0.705882370471954);
#11188=CARTESIAN_POINT('',(15.0622,-3.302,-1.651));
#11189=VECTOR('',#13551,1.0);
#11190=COLOUR_RGB('',0.705882370471954,0.705882370471954,0.705882370471954);
#11191=CARTESIAN_POINT('',(15.4178,-3.302,-1.651));
#11192=VECTOR('',#13552,1.0);
#11193=COLOUR_RGB('',0.705882370471954,0.705882370471954,0.705882370471954);
#11194=COLOUR_RGB('',1.0,1.0,0.0);
#11195=CARTESIAN_POINT('',(14.9225,2.54,-0.9525));
#11196=CARTESIAN_POINT('',(14.9225,2.54,-3.6068));
#11197=VECTOR('',#13553,1.0);
#11198=CARTESIAN_POINT('',(14.9225,8.05518571828869,-0.9525));
#11199=CARTESIAN_POINT('',(14.9225,2.794,-0.9525));
#11200=VECTOR('',#13554,1.0);
#11201=CARTESIAN_POINT('',(14.9225,8.05518571828869,-1.651));
#11202=VECTOR('',#13555,1.0);
#11203=COLOUR_RGB('',1.0,1.0,0.0);
#11204=CARTESIAN_POINT('',(15.6845,2.54,-0.9525));
#11205=VECTOR('',#13556,1.0);
#11206=CARTESIAN_POINT('',(14.859,8.05518571828869,-0.9525));
#11207=VECTOR('',#13557,1.0);
#11208=COLOUR_RGB('',1.0,1.0,0.0);
#11209=CARTESIAN_POINT('',(15.4178,8.89,-1.4478));
#11210=CARTESIAN_POINT('',(15.4378114745518,8.77041614349354,-1.46781147455181));
#11211=VECTOR('',#13558,0.999999999999999);
#11212=CARTESIAN_POINT('',(15.0622,8.89,-1.4478));
#11213=CARTESIAN_POINT('',(15.0320850402328,8.71004009658702,-1.47791495976717));
#11214=VECTOR('',#13559,0.999999999999999);
#11215=CARTESIAN_POINT('',(15.0495,8.89,-1.4478));
#11216=VECTOR('',#13560,1.0);
#11217=COLOUR_RGB('',1.0,1.0,0.0);
#11218=CARTESIAN_POINT('',(15.0622,8.89,-1.0922));
#11219=CARTESIAN_POINT('',(15.0421885254482,8.77041614349354,-1.07218852544819));
#11220=VECTOR('',#13561,0.999999999999999);
#11221=CARTESIAN_POINT('',(15.4178,8.89,-1.0922));
#11222=CARTESIAN_POINT('',(15.4277079893365,8.83079219040005,-1.08229201066355));
#11223=VECTOR('',#13562,0.999999999999999);
#11224=CARTESIAN_POINT('',(15.0495,8.89,-1.0922));
#11225=VECTOR('',#13563,1.0);
#11226=COLOUR_RGB('',1.0,1.0,0.0);
#11227=CARTESIAN_POINT('',(15.0622,8.89,-1.651));
#11228=VECTOR('',#13564,1.0);
#11229=CARTESIAN_POINT('',(15.4178,8.89,-1.651));
#11230=VECTOR('',#13565,1.0);
#11231=COLOUR_RGB('',1.0,1.0,0.0);
#11232=COLOUR_RGB('',1.0,1.0,0.0);
#11233=COLOUR_RGB('',0.705882370471954,0.705882370471954,0.705882370471954);
#11234=CARTESIAN_POINT('',(13.0175,4.44089209850063E-16,-1.5875));
#11235=CARTESIAN_POINT('',(12.3825,4.44089209850063E-16,-1.5875));
#11236=CARTESIAN_POINT('',(14.4145,2.22044604925031E-16,-1.5875));
#11237=VECTOR('',#13566,1.0);
#11238=CARTESIAN_POINT('',(13.0175,-2.4671857182887,-1.5875));
#11239=CARTESIAN_POINT('',(13.0175,2.794,-1.5875));
#11240=VECTOR('',#13567,1.0);
#11241=CARTESIAN_POINT('',(12.3825,-2.4671857182887,-1.5875));
#11242=CARTESIAN_POINT('',(12.319,-2.4671857182887,-1.5875));
#11243=VECTOR('',#13568,1.0);
#11244=CARTESIAN_POINT('',(12.3825,2.794,-1.5875));
#11245=VECTOR('',#13569,1.0);
#11246=COLOUR_RGB('',0.705882370471954,0.705882370471954,0.705882370471954);
#11247=CARTESIAN_POINT('',(13.0175,4.44089209850063E-16,-0.9525));
#11248=CARTESIAN_POINT('',(13.0175,2.22044604925031E-16,-0.803022123893805));
#11249=VECTOR('',#13570,1.0);
#11250=CARTESIAN_POINT('',(13.0175,-2.4671857182887,-0.9525));
#11251=CARTESIAN_POINT('',(13.0175,2.794,-0.9525));
#11252=VECTOR('',#13571,1.0);
#11253=CARTESIAN_POINT('',(13.0175,-2.4671857182887,-1.651));
#11254=VECTOR('',#13572,1.0);
#11255=COLOUR_RGB('',1.0,1.0,0.0);
#11256=CARTESIAN_POINT('',(13.0175,2.54,-1.5875));
#11257=CARTESIAN_POINT('',(13.0175,2.54,-0.9525));
#11258=CARTESIAN_POINT('',(13.0175,2.54,-3.6068));
#11259=VECTOR('',#13573,1.0);
#11260=CARTESIAN_POINT('',(13.0175,8.0551857182887,-1.5875));
#11261=CARTESIAN_POINT('',(13.0175,2.794,-1.5875));
#11262=VECTOR('',#13574,1.0);
#11263=CARTESIAN_POINT('',(13.0175,8.05518571828869,-0.9525));
#11264=CARTESIAN_POINT('',(13.0175,8.0551857182887,-1.651));
#11265=VECTOR('',#13575,1.0);
#11266=CARTESIAN_POINT('',(13.0175,2.794,-0.9525));
#11267=VECTOR('',#13576,1.0);
#11268=COLOUR_RGB('',1.0,1.0,0.0);
#11269=CARTESIAN_POINT('',(12.3825,2.54,-1.5875));
#11270=CARTESIAN_POINT('',(14.4145,2.54,-1.5875));
#11271=VECTOR('',#13577,1.0);
#11272=CARTESIAN_POINT('',(12.3825,8.0551857182887,-1.5875));
#11273=CARTESIAN_POINT('',(12.3825,2.794,-1.5875));
#11274=VECTOR('',#13578,1.0);
#11275=CARTESIAN_POINT('',(12.319,8.0551857182887,-1.5875));
#11276=VECTOR('',#13579,1.0);
#11277=COLOUR_RGB('',0.705882370471954,0.705882370471954,0.705882370471954);
#11278=CARTESIAN_POINT('',(12.3825,4.44089209850063E-16,-0.9525));
#11279=CARTESIAN_POINT('',(14.4145,2.22044604925031E-16,-0.9525));
#11280=VECTOR('',#13580,1.0);
#11281=CARTESIAN_POINT('',(12.3825,-2.4671857182887,-0.9525));
#11282=CARTESIAN_POINT('',(12.3825,2.794,-0.9525));
#11283=VECTOR('',#13581,1.0);
#11284=CARTESIAN_POINT('',(12.319,-2.4671857182887,-0.9525));
#11285=VECTOR('',#13582,1.0);
#11286=COLOUR_RGB('',0.705882370471954,0.705882370471954,0.705882370471954);
#11287=CARTESIAN_POINT('',(12.3825,2.22044604925031E-16,-0.803022123893805));
#11288=VECTOR('',#13583,1.0);
#11289=CARTESIAN_POINT('',(12.3825,-2.4671857182887,-1.651));
#11290=VECTOR('',#13584,1.0);
#11291=COLOUR_RGB('',0.705882370471954,0.705882370471954,0.705882370471954);
#11292=CARTESIAN_POINT('',(12.8778,-3.302,-1.4478));
#11293=CARTESIAN_POINT('',(12.8978114745518,-3.18241614349354,-1.46781147455181));
#11294=VECTOR('',#13585,0.999999999999999);
#11295=CARTESIAN_POINT('',(12.5222,-3.302,-1.4478));
#11296=CARTESIAN_POINT('',(12.5095,-3.302,-1.4478));
#11297=VECTOR('',#13586,1.0);
#11298=CARTESIAN_POINT('',(12.4920850402328,-3.12204009658703,-1.47791495976717));
#11299=VECTOR('',#13587,0.999999999999999);
#11300=COLOUR_RGB('',0.705882370471954,0.705882370471954,0.705882370471954);
#11301=CARTESIAN_POINT('',(12.5222,-3.302,-1.0922));
#11302=CARTESIAN_POINT('',(12.5021885254482,-3.18241614349354,-1.07218852544819));
#11303=VECTOR('',#13588,0.999999999999999);
#11304=CARTESIAN_POINT('',(12.8778,-3.302,-1.0922));
#11305=CARTESIAN_POINT('',(12.5095,-3.302,-1.0922));
#11306=VECTOR('',#13589,1.0);
#11307=CARTESIAN_POINT('',(12.8877079893364,-3.24279219040005,-1.08229201066355));
#11308=VECTOR('',#13590,0.999999999999999);
#11309=COLOUR_RGB('',0.705882370471954,0.705882370471954,0.705882370471954);
#11310=CARTESIAN_POINT('',(12.5222,-3.302,-1.651));
#11311=VECTOR('',#13591,1.0);
#11312=COLOUR_RGB('',0.705882370471954,0.705882370471954,0.705882370471954);
#11313=CARTESIAN_POINT('',(12.8778,-3.302,-1.651));
#11314=VECTOR('',#13592,1.0);
#11315=COLOUR_RGB('',0.705882370471954,0.705882370471954,0.705882370471954);
#11316=COLOUR_RGB('',1.0,1.0,0.0);
#11317=CARTESIAN_POINT('',(12.3825,2.54,-0.9525));
#11318=CARTESIAN_POINT('',(12.3825,2.54,-3.6068));
#11319=VECTOR('',#13593,1.0);
#11320=CARTESIAN_POINT('',(12.3825,8.05518571828869,-0.9525));
#11321=CARTESIAN_POINT('',(12.3825,2.794,-0.9525));
#11322=VECTOR('',#13594,1.0);
#11323=CARTESIAN_POINT('',(12.3825,8.05518571828869,-1.651));
#11324=VECTOR('',#13595,1.0);
#11325=COLOUR_RGB('',1.0,1.0,0.0);
#11326=CARTESIAN_POINT('',(14.4145,2.54,-0.9525));
#11327=VECTOR('',#13596,1.0);
#11328=CARTESIAN_POINT('',(12.319,8.05518571828869,-0.9525));
#11329=VECTOR('',#13597,1.0);
#11330=COLOUR_RGB('',1.0,1.0,0.0);
#11331=CARTESIAN_POINT('',(12.8778,8.89,-1.4478));
#11332=CARTESIAN_POINT('',(12.8978114745518,8.77041614349354,-1.46781147455181));
#11333=VECTOR('',#13598,0.999999999999999);
#11334=CARTESIAN_POINT('',(12.5222,8.89,-1.4478));
#11335=CARTESIAN_POINT('',(12.4920850402328,8.71004009658702,-1.47791495976717));
#11336=VECTOR('',#13599,0.999999999999999);
#11337=CARTESIAN_POINT('',(12.5095,8.89,-1.4478));
#11338=VECTOR('',#13600,1.0);
#11339=COLOUR_RGB('',1.0,1.0,0.0);
#11340=CARTESIAN_POINT('',(12.5222,8.89,-1.0922));
#11341=CARTESIAN_POINT('',(12.5021885254482,8.77041614349354,-1.07218852544819));
#11342=VECTOR('',#13601,0.999999999999999);
#11343=CARTESIAN_POINT('',(12.8778,8.89,-1.0922));
#11344=CARTESIAN_POINT('',(12.8877079893364,8.83079219040005,-1.08229201066355));
#11345=VECTOR('',#13602,0.999999999999999);
#11346=CARTESIAN_POINT('',(12.5095,8.89,-1.0922));
#11347=VECTOR('',#13603,1.0);
#11348=COLOUR_RGB('',1.0,1.0,0.0);
#11349=CARTESIAN_POINT('',(12.5222,8.89,-1.651));
#11350=VECTOR('',#13604,1.0);
#11351=CARTESIAN_POINT('',(12.8778,8.89,-1.651));
#11352=VECTOR('',#13605,1.0);
#11353=COLOUR_RGB('',1.0,1.0,0.0);
#11354=COLOUR_RGB('',1.0,1.0,0.0);
#11355=COLOUR_RGB('',0.705882370471954,0.705882370471954,0.705882370471954);
#11356=CARTESIAN_POINT('',(10.4775,4.44089209850063E-16,-1.5875));
#11357=CARTESIAN_POINT('',(9.8425,4.44089209850063E-16,-1.5875));
#11358=CARTESIAN_POINT('',(13.1445,2.22044604925031E-16,-1.5875));
#11359=VECTOR('',#13606,1.0);
#11360=CARTESIAN_POINT('',(10.4775,-2.4671857182887,-1.5875));
#11361=CARTESIAN_POINT('',(10.4775,2.794,-1.5875));
#11362=VECTOR('',#13607,1.0);
#11363=CARTESIAN_POINT('',(9.8425,-2.4671857182887,-1.5875));
#11364=CARTESIAN_POINT('',(9.779,-2.4671857182887,-1.5875));
#11365=VECTOR('',#13608,1.0);
#11366=CARTESIAN_POINT('',(9.8425,2.794,-1.5875));
#11367=VECTOR('',#13609,1.0);
#11368=COLOUR_RGB('',0.705882370471954,0.705882370471954,0.705882370471954);
#11369=CARTESIAN_POINT('',(10.4775,4.44089209850063E-16,-0.9525));
#11370=CARTESIAN_POINT('',(10.4775,2.22044604925031E-16,-0.803022123893805));
#11371=VECTOR('',#13610,1.0);
#11372=CARTESIAN_POINT('',(10.4775,-2.4671857182887,-0.9525));
#11373=CARTESIAN_POINT('',(10.4775,2.794,-0.9525));
#11374=VECTOR('',#13611,1.0);
#11375=CARTESIAN_POINT('',(10.4775,-2.4671857182887,-1.651));
#11376=VECTOR('',#13612,1.0);
#11377=COLOUR_RGB('',1.0,1.0,0.0);
#11378=CARTESIAN_POINT('',(10.4775,2.54,-1.5875));
#11379=CARTESIAN_POINT('',(10.4775,2.54,-0.9525));
#11380=CARTESIAN_POINT('',(10.4775,2.54,-3.6068));
#11381=VECTOR('',#13613,1.0);
#11382=CARTESIAN_POINT('',(10.4775,8.0551857182887,-1.5875));
#11383=CARTESIAN_POINT('',(10.4775,2.794,-1.5875));
#11384=VECTOR('',#13614,1.0);
#11385=CARTESIAN_POINT('',(10.4775,8.05518571828869,-0.9525));
#11386=CARTESIAN_POINT('',(10.4775,8.0551857182887,-1.651));
#11387=VECTOR('',#13615,1.0);
#11388=CARTESIAN_POINT('',(10.4775,2.794,-0.9525));
#11389=VECTOR('',#13616,1.0);
#11390=COLOUR_RGB('',1.0,1.0,0.0);
#11391=CARTESIAN_POINT('',(9.8425,2.54,-1.5875));
#11392=CARTESIAN_POINT('',(13.1445,2.54,-1.5875));
#11393=VECTOR('',#13617,1.0);
#11394=CARTESIAN_POINT('',(9.8425,8.0551857182887,-1.5875));
#11395=CARTESIAN_POINT('',(9.8425,2.794,-1.5875));
#11396=VECTOR('',#13618,1.0);
#11397=CARTESIAN_POINT('',(9.779,8.0551857182887,-1.5875));
#11398=VECTOR('',#13619,1.0);
#11399=COLOUR_RGB('',0.705882370471954,0.705882370471954,0.705882370471954);
#11400=CARTESIAN_POINT('',(9.8425,4.44089209850063E-16,-0.9525));
#11401=CARTESIAN_POINT('',(13.1445,2.22044604925031E-16,-0.9525));
#11402=VECTOR('',#13620,1.0);
#11403=CARTESIAN_POINT('',(9.8425,-2.4671857182887,-0.9525));
#11404=CARTESIAN_POINT('',(9.8425,2.794,-0.9525));
#11405=VECTOR('',#13621,1.0);
#11406=CARTESIAN_POINT('',(9.779,-2.4671857182887,-0.9525));
#11407=VECTOR('',#13622,1.0);
#11408=COLOUR_RGB('',0.705882370471954,0.705882370471954,0.705882370471954);
#11409=CARTESIAN_POINT('',(9.8425,2.22044604925031E-16,-0.803022123893805));
#11410=VECTOR('',#13623,1.0);
#11411=CARTESIAN_POINT('',(9.8425,-2.4671857182887,-1.651));
#11412=VECTOR('',#13624,1.0);
#11413=COLOUR_RGB('',0.705882370471954,0.705882370471954,0.705882370471954);
#11414=CARTESIAN_POINT('',(10.3378,-3.302,-1.4478));
#11415=CARTESIAN_POINT('',(10.3578114745518,-3.18241614349354,-1.46781147455181));
#11416=VECTOR('',#13625,0.999999999999999);
#11417=CARTESIAN_POINT('',(9.9822,-3.302,-1.4478));
#11418=CARTESIAN_POINT('',(9.9695,-3.302,-1.4478));
#11419=VECTOR('',#13626,1.0);
#11420=CARTESIAN_POINT('',(9.95208504023283,-3.12204009658703,-1.47791495976717));
#11421=VECTOR('',#13627,0.999999999999999);
#11422=COLOUR_RGB('',0.705882370471954,0.705882370471954,0.705882370471954);
#11423=CARTESIAN_POINT('',(9.9822,-3.302,-1.0922));
#11424=CARTESIAN_POINT('',(9.96218852544819,-3.18241614349354,-1.07218852544819));
#11425=VECTOR('',#13628,0.999999999999999);
#11426=CARTESIAN_POINT('',(10.3378,-3.302,-1.0922));
#11427=CARTESIAN_POINT('',(9.9695,-3.302,-1.0922));
#11428=VECTOR('',#13629,1.0);
#11429=CARTESIAN_POINT('',(10.3477079893364,-3.24279219040005,-1.08229201066355));
#11430=VECTOR('',#13630,0.999999999999999);
#11431=COLOUR_RGB('',0.705882370471954,0.705882370471954,0.705882370471954);
#11432=CARTESIAN_POINT('',(9.9822,-3.302,-1.651));
#11433=VECTOR('',#13631,1.0);
#11434=COLOUR_RGB('',0.705882370471954,0.705882370471954,0.705882370471954);
#11435=CARTESIAN_POINT('',(10.3378,-3.302,-1.651));
#11436=VECTOR('',#13632,1.0);
#11437=COLOUR_RGB('',0.705882370471954,0.705882370471954,0.705882370471954);
#11438=COLOUR_RGB('',1.0,1.0,0.0);
#11439=CARTESIAN_POINT('',(9.8425,2.54,-0.9525));
#11440=CARTESIAN_POINT('',(9.8425,2.54,-3.6068));
#11441=VECTOR('',#13633,1.0);
#11442=CARTESIAN_POINT('',(9.8425,8.05518571828869,-0.9525));
#11443=CARTESIAN_POINT('',(9.8425,2.794,-0.9525));
#11444=VECTOR('',#13634,1.0);
#11445=CARTESIAN_POINT('',(9.8425,8.05518571828869,-1.651));
#11446=VECTOR('',#13635,1.0);
#11447=COLOUR_RGB('',1.0,1.0,0.0);
#11448=CARTESIAN_POINT('',(13.1445,2.54,-0.9525));
#11449=VECTOR('',#13636,1.0);
#11450=CARTESIAN_POINT('',(9.779,8.05518571828869,-0.9525));
#11451=VECTOR('',#13637,1.0);
#11452=COLOUR_RGB('',1.0,1.0,0.0);
#11453=CARTESIAN_POINT('',(10.3378,8.89,-1.4478));
#11454=CARTESIAN_POINT('',(10.3578114745518,8.77041614349354,-1.46781147455181));
#11455=VECTOR('',#13638,0.999999999999999);
#11456=CARTESIAN_POINT('',(9.9822,8.89,-1.4478));
#11457=CARTESIAN_POINT('',(9.95208504023283,8.71004009658702,-1.47791495976717));
#11458=VECTOR('',#13639,0.999999999999999);
#11459=CARTESIAN_POINT('',(9.9695,8.89,-1.4478));
#11460=VECTOR('',#13640,1.0);
#11461=COLOUR_RGB('',1.0,1.0,0.0);
#11462=CARTESIAN_POINT('',(9.9822,8.89,-1.0922));
#11463=CARTESIAN_POINT('',(9.96218852544819,8.77041614349354,-1.07218852544819));
#11464=VECTOR('',#13641,0.999999999999999);
#11465=CARTESIAN_POINT('',(10.3378,8.89,-1.0922));
#11466=CARTESIAN_POINT('',(10.3477079893364,8.83079219040005,-1.08229201066355));
#11467=VECTOR('',#13642,0.999999999999999);
#11468=CARTESIAN_POINT('',(9.9695,8.89,-1.0922));
#11469=VECTOR('',#13643,1.0);
#11470=COLOUR_RGB('',1.0,1.0,0.0);
#11471=CARTESIAN_POINT('',(9.9822,8.89,-1.651));
#11472=VECTOR('',#13644,1.0);
#11473=CARTESIAN_POINT('',(10.3378,8.89,-1.651));
#11474=VECTOR('',#13645,1.0);
#11475=COLOUR_RGB('',1.0,1.0,0.0);
#11476=COLOUR_RGB('',1.0,1.0,0.0);
#11477=COLOUR_RGB('',0.705882370471954,0.705882370471954,0.705882370471954);
#11478=CARTESIAN_POINT('',(7.9375,4.44089209850063E-16,-1.5875));
#11479=CARTESIAN_POINT('',(7.3025,4.44089209850063E-16,-1.5875));
#11480=CARTESIAN_POINT('',(11.8745,2.22044604925031E-16,-1.5875));
#11481=VECTOR('',#13646,1.0);
#11482=CARTESIAN_POINT('',(7.9375,-2.4671857182887,-1.5875));
#11483=CARTESIAN_POINT('',(7.9375,2.794,-1.5875));
#11484=VECTOR('',#13647,1.0);
#11485=CARTESIAN_POINT('',(7.3025,-2.4671857182887,-1.5875));
#11486=CARTESIAN_POINT('',(7.239,-2.4671857182887,-1.5875));
#11487=VECTOR('',#13648,1.0);
#11488=CARTESIAN_POINT('',(7.3025,2.794,-1.5875));
#11489=VECTOR('',#13649,1.0);
#11490=COLOUR_RGB('',0.705882370471954,0.705882370471954,0.705882370471954);
#11491=CARTESIAN_POINT('',(7.9375,4.44089209850063E-16,-0.9525));
#11492=CARTESIAN_POINT('',(7.9375,2.22044604925031E-16,-0.803022123893805));
#11493=VECTOR('',#13650,1.0);
#11494=CARTESIAN_POINT('',(7.9375,-2.4671857182887,-0.9525));
#11495=CARTESIAN_POINT('',(7.9375,2.794,-0.9525));
#11496=VECTOR('',#13651,1.0);
#11497=CARTESIAN_POINT('',(7.9375,-2.4671857182887,-1.651));
#11498=VECTOR('',#13652,1.0);
#11499=COLOUR_RGB('',1.0,1.0,0.0);
#11500=CARTESIAN_POINT('',(7.9375,2.54,-1.5875));
#11501=CARTESIAN_POINT('',(7.9375,2.54,-0.9525));
#11502=CARTESIAN_POINT('',(7.9375,2.54,-3.6068));
#11503=VECTOR('',#13653,1.0);
#11504=CARTESIAN_POINT('',(7.9375,8.0551857182887,-1.5875));
#11505=CARTESIAN_POINT('',(7.9375,2.794,-1.5875));
#11506=VECTOR('',#13654,1.0);
#11507=CARTESIAN_POINT('',(7.9375,8.05518571828869,-0.9525));
#11508=CARTESIAN_POINT('',(7.9375,8.0551857182887,-1.651));
#11509=VECTOR('',#13655,1.0);
#11510=CARTESIAN_POINT('',(7.9375,2.794,-0.9525));
#11511=VECTOR('',#13656,1.0);
#11512=COLOUR_RGB('',1.0,1.0,0.0);
#11513=CARTESIAN_POINT('',(7.3025,2.54,-1.5875));
#11514=CARTESIAN_POINT('',(11.8745,2.54,-1.5875));
#11515=VECTOR('',#13657,1.0);
#11516=CARTESIAN_POINT('',(7.3025,8.0551857182887,-1.5875));
#11517=CARTESIAN_POINT('',(7.3025,2.794,-1.5875));
#11518=VECTOR('',#13658,1.0);
#11519=CARTESIAN_POINT('',(7.239,8.0551857182887,-1.5875));
#11520=VECTOR('',#13659,1.0);
#11521=COLOUR_RGB('',0.705882370471954,0.705882370471954,0.705882370471954);
#11522=CARTESIAN_POINT('',(7.3025,4.44089209850063E-16,-0.9525));
#11523=CARTESIAN_POINT('',(11.8745,2.22044604925031E-16,-0.9525));
#11524=VECTOR('',#13660,1.0);
#11525=CARTESIAN_POINT('',(7.3025,-2.4671857182887,-0.9525));
#11526=CARTESIAN_POINT('',(7.3025,2.794,-0.9525));
#11527=VECTOR('',#13661,1.0);
#11528=CARTESIAN_POINT('',(7.239,-2.4671857182887,-0.9525));
#11529=VECTOR('',#13662,1.0);
#11530=COLOUR_RGB('',0.705882370471954,0.705882370471954,0.705882370471954);
#11531=CARTESIAN_POINT('',(7.3025,2.22044604925031E-16,-0.803022123893805));
#11532=VECTOR('',#13663,1.0);
#11533=CARTESIAN_POINT('',(7.3025,-2.4671857182887,-1.651));
#11534=VECTOR('',#13664,1.0);
#11535=COLOUR_RGB('',0.705882370471954,0.705882370471954,0.705882370471954);
#11536=CARTESIAN_POINT('',(7.7978,-3.302,-1.4478));
#11537=CARTESIAN_POINT('',(7.81781147455181,-3.18241614349354,-1.46781147455181));
#11538=VECTOR('',#13665,0.999999999999999);
#11539=CARTESIAN_POINT('',(7.4422,-3.302,-1.4478));
#11540=CARTESIAN_POINT('',(7.4295,-3.302,-1.4478));
#11541=VECTOR('',#13666,1.0);
#11542=CARTESIAN_POINT('',(7.41208504023283,-3.12204009658703,-1.47791495976717));
#11543=VECTOR('',#13667,0.999999999999999);
#11544=COLOUR_RGB('',0.705882370471954,0.705882370471954,0.705882370471954);
#11545=CARTESIAN_POINT('',(7.4422,-3.302,-1.0922));
#11546=CARTESIAN_POINT('',(7.42218852544819,-3.18241614349354,-1.07218852544819));
#11547=VECTOR('',#13668,0.999999999999999);
#11548=CARTESIAN_POINT('',(7.7978,-3.302,-1.0922));
#11549=CARTESIAN_POINT('',(7.4295,-3.302,-1.0922));
#11550=VECTOR('',#13669,1.0);
#11551=CARTESIAN_POINT('',(7.80770798933645,-3.24279219040005,-1.08229201066355));
#11552=VECTOR('',#13670,0.999999999999999);
#11553=COLOUR_RGB('',0.705882370471954,0.705882370471954,0.705882370471954);
#11554=CARTESIAN_POINT('',(7.4422,-3.302,-1.651));
#11555=VECTOR('',#13671,1.0);
#11556=COLOUR_RGB('',0.705882370471954,0.705882370471954,0.705882370471954);
#11557=CARTESIAN_POINT('',(7.7978,-3.302,-1.651));
#11558=VECTOR('',#13672,1.0);
#11559=COLOUR_RGB('',0.705882370471954,0.705882370471954,0.705882370471954);
#11560=COLOUR_RGB('',1.0,1.0,0.0);
#11561=CARTESIAN_POINT('',(7.3025,2.54,-0.9525));
#11562=CARTESIAN_POINT('',(7.3025,2.54,-3.6068));
#11563=VECTOR('',#13673,1.0);
#11564=CARTESIAN_POINT('',(7.3025,8.05518571828869,-0.9525));
#11565=CARTESIAN_POINT('',(7.3025,2.794,-0.9525));
#11566=VECTOR('',#13674,1.0);
#11567=CARTESIAN_POINT('',(7.3025,8.05518571828869,-1.651));
#11568=VECTOR('',#13675,1.0);
#11569=COLOUR_RGB('',1.0,1.0,0.0);
#11570=CARTESIAN_POINT('',(11.8745,2.54,-0.952499999999999));
#11571=VECTOR('',#13676,1.0);
#11572=CARTESIAN_POINT('',(7.239,8.05518571828869,-0.9525));
#11573=VECTOR('',#13677,1.0);
#11574=COLOUR_RGB('',1.0,1.0,0.0);
#11575=CARTESIAN_POINT('',(7.7978,8.89,-1.4478));
#11576=CARTESIAN_POINT('',(7.81781147455181,8.77041614349354,-1.46781147455181));
#11577=VECTOR('',#13678,0.999999999999999);
#11578=CARTESIAN_POINT('',(7.4422,8.89,-1.4478));
#11579=CARTESIAN_POINT('',(7.41208504023283,8.71004009658702,-1.47791495976717));
#11580=VECTOR('',#13679,0.999999999999999);
#11581=CARTESIAN_POINT('',(7.4295,8.89,-1.4478));
#11582=VECTOR('',#13680,1.0);
#11583=COLOUR_RGB('',1.0,1.0,0.0);
#11584=CARTESIAN_POINT('',(7.4422,8.89,-1.0922));
#11585=CARTESIAN_POINT('',(7.42218852544819,8.77041614349354,-1.07218852544819));
#11586=VECTOR('',#13681,0.999999999999999);
#11587=CARTESIAN_POINT('',(7.7978,8.89,-1.0922));
#11588=CARTESIAN_POINT('',(7.80770798933645,8.83079219040005,-1.08229201066355));
#11589=VECTOR('',#13682,0.999999999999999);
#11590=CARTESIAN_POINT('',(7.4295,8.89,-1.0922));
#11591=VECTOR('',#13683,1.0);
#11592=COLOUR_RGB('',1.0,1.0,0.0);
#11593=CARTESIAN_POINT('',(7.4422,8.89,-1.651));
#11594=VECTOR('',#13684,1.0);
#11595=CARTESIAN_POINT('',(7.7978,8.89,-1.651));
#11596=VECTOR('',#13685,1.0);
#11597=COLOUR_RGB('',1.0,1.0,0.0);
#11598=COLOUR_RGB('',1.0,1.0,0.0);
#11599=COLOUR_RGB('',0.705882370471954,0.705882370471954,0.705882370471954);
#11600=CARTESIAN_POINT('',(5.3975,4.44089209850063E-16,-1.5875));
#11601=CARTESIAN_POINT('',(4.7625,4.44089209850063E-16,-1.5875));
#11602=CARTESIAN_POINT('',(10.6045,2.22044604925031E-16,-1.5875));
#11603=VECTOR('',#13686,1.0);
#11604=CARTESIAN_POINT('',(5.3975,-2.4671857182887,-1.5875));
#11605=CARTESIAN_POINT('',(5.3975,2.794,-1.5875));
#11606=VECTOR('',#13687,1.0);
#11607=CARTESIAN_POINT('',(4.7625,-2.4671857182887,-1.5875));
#11608=CARTESIAN_POINT('',(4.699,-2.4671857182887,-1.5875));
#11609=VECTOR('',#13688,1.0);
#11610=CARTESIAN_POINT('',(4.7625,2.794,-1.5875));
#11611=VECTOR('',#13689,1.0);
#11612=COLOUR_RGB('',0.705882370471954,0.705882370471954,0.705882370471954);
#11613=CARTESIAN_POINT('',(5.3975,4.44089209850063E-16,-0.9525));
#11614=CARTESIAN_POINT('',(5.3975,2.22044604925031E-16,-0.803022123893805));
#11615=VECTOR('',#13690,1.0);
#11616=CARTESIAN_POINT('',(5.3975,-2.4671857182887,-0.9525));
#11617=CARTESIAN_POINT('',(5.3975,2.794,-0.9525));
#11618=VECTOR('',#13691,1.0);
#11619=CARTESIAN_POINT('',(5.3975,-2.4671857182887,-1.651));
#11620=VECTOR('',#13692,1.0);
#11621=COLOUR_RGB('',1.0,1.0,0.0);
#11622=CARTESIAN_POINT('',(5.3975,2.54,-1.5875));
#11623=CARTESIAN_POINT('',(5.3975,2.54,-0.9525));
#11624=CARTESIAN_POINT('',(5.3975,2.54,-3.6068));
#11625=VECTOR('',#13693,1.0);
#11626=CARTESIAN_POINT('',(5.3975,8.0551857182887,-1.5875));
#11627=CARTESIAN_POINT('',(5.3975,2.794,-1.5875));
#11628=VECTOR('',#13694,1.0);
#11629=CARTESIAN_POINT('',(5.3975,8.05518571828869,-0.9525));
#11630=CARTESIAN_POINT('',(5.3975,8.0551857182887,-1.651));
#11631=VECTOR('',#13695,1.0);
#11632=CARTESIAN_POINT('',(5.3975,2.794,-0.9525));
#11633=VECTOR('',#13696,1.0);
#11634=COLOUR_RGB('',1.0,1.0,0.0);
#11635=CARTESIAN_POINT('',(4.7625,2.54,-1.5875));
#11636=CARTESIAN_POINT('',(10.6045,2.54,-1.5875));
#11637=VECTOR('',#13697,1.0);
#11638=CARTESIAN_POINT('',(4.7625,8.0551857182887,-1.5875));
#11639=CARTESIAN_POINT('',(4.7625,2.794,-1.5875));
#11640=VECTOR('',#13698,1.0);
#11641=CARTESIAN_POINT('',(4.699,8.0551857182887,-1.5875));
#11642=VECTOR('',#13699,1.0);
#11643=COLOUR_RGB('',0.705882370471954,0.705882370471954,0.705882370471954);
#11644=CARTESIAN_POINT('',(4.7625,4.44089209850063E-16,-0.9525));
#11645=CARTESIAN_POINT('',(10.6045,2.22044604925031E-16,-0.9525));
#11646=VECTOR('',#13700,1.0);
#11647=CARTESIAN_POINT('',(4.7625,-2.4671857182887,-0.9525));
#11648=CARTESIAN_POINT('',(4.7625,2.794,-0.9525));
#11649=VECTOR('',#13701,1.0);
#11650=CARTESIAN_POINT('',(4.699,-2.4671857182887,-0.9525));
#11651=VECTOR('',#13702,1.0);
#11652=COLOUR_RGB('',0.705882370471954,0.705882370471954,0.705882370471954);
#11653=CARTESIAN_POINT('',(4.7625,2.22044604925031E-16,-0.803022123893805));
#11654=VECTOR('',#13703,1.0);
#11655=CARTESIAN_POINT('',(4.7625,-2.4671857182887,-1.651));
#11656=VECTOR('',#13704,1.0);
#11657=COLOUR_RGB('',0.705882370471954,0.705882370471954,0.705882370471954);
#11658=CARTESIAN_POINT('',(5.2578,-3.302,-1.4478));
#11659=CARTESIAN_POINT('',(5.27781147455181,-3.18241614349354,-1.46781147455181));
#11660=VECTOR('',#13705,1.0);
#11661=CARTESIAN_POINT('',(4.9022,-3.302,-1.4478));
#11662=CARTESIAN_POINT('',(4.8895,-3.302,-1.4478));
#11663=VECTOR('',#13706,1.0);
#11664=CARTESIAN_POINT('',(4.87208504023283,-3.12204009658703,-1.47791495976717));
#11665=VECTOR('',#13707,1.0);
#11666=COLOUR_RGB('',0.705882370471954,0.705882370471954,0.705882370471954);
#11667=CARTESIAN_POINT('',(4.9022,-3.302,-1.0922));
#11668=CARTESIAN_POINT('',(4.88218852544819,-3.18241614349354,-1.07218852544819));
#11669=VECTOR('',#13708,0.999999999999999);
#11670=CARTESIAN_POINT('',(5.2578,-3.302,-1.0922));
#11671=CARTESIAN_POINT('',(4.8895,-3.302,-1.0922));
#11672=VECTOR('',#13709,1.0);
#11673=CARTESIAN_POINT('',(5.26770798933645,-3.24279219040005,-1.08229201066355));
#11674=VECTOR('',#13710,1.0);
#11675=COLOUR_RGB('',0.705882370471954,0.705882370471954,0.705882370471954);
#11676=CARTESIAN_POINT('',(4.9022,-3.302,-1.651));
#11677=VECTOR('',#13711,1.0);
#11678=COLOUR_RGB('',0.705882370471954,0.705882370471954,0.705882370471954);
#11679=CARTESIAN_POINT('',(5.2578,-3.302,-1.651));
#11680=VECTOR('',#13712,1.0);
#11681=COLOUR_RGB('',0.705882370471954,0.705882370471954,0.705882370471954);
#11682=COLOUR_RGB('',1.0,1.0,0.0);
#11683=CARTESIAN_POINT('',(4.7625,2.54,-0.9525));
#11684=CARTESIAN_POINT('',(4.7625,2.54,-3.6068));
#11685=VECTOR('',#13713,1.0);
#11686=CARTESIAN_POINT('',(4.7625,8.05518571828869,-0.9525));
#11687=CARTESIAN_POINT('',(4.7625,2.794,-0.9525));
#11688=VECTOR('',#13714,1.0);
#11689=CARTESIAN_POINT('',(4.7625,8.05518571828869,-1.651));
#11690=VECTOR('',#13715,1.0);
#11691=COLOUR_RGB('',1.0,1.0,0.0);
#11692=CARTESIAN_POINT('',(10.6045,2.54,-0.952499999999999));
#11693=VECTOR('',#13716,1.0);
#11694=CARTESIAN_POINT('',(4.699,8.05518571828869,-0.9525));
#11695=VECTOR('',#13717,1.0);
#11696=COLOUR_RGB('',1.0,1.0,0.0);
#11697=CARTESIAN_POINT('',(5.2578,8.89,-1.4478));
#11698=CARTESIAN_POINT('',(5.27781147455181,8.77041614349354,-1.46781147455181));
#11699=VECTOR('',#13718,1.0);
#11700=CARTESIAN_POINT('',(4.9022,8.89,-1.4478));
#11701=CARTESIAN_POINT('',(4.87208504023283,8.71004009658702,-1.47791495976717));
#11702=VECTOR('',#13719,1.0);
#11703=CARTESIAN_POINT('',(4.8895,8.89,-1.4478));
#11704=VECTOR('',#13720,1.0);
#11705=COLOUR_RGB('',1.0,1.0,0.0);
#11706=CARTESIAN_POINT('',(4.9022,8.89,-1.0922));
#11707=CARTESIAN_POINT('',(4.88218852544819,8.77041614349354,-1.07218852544819));
#11708=VECTOR('',#13721,1.0);
#11709=CARTESIAN_POINT('',(5.2578,8.89,-1.0922));
#11710=CARTESIAN_POINT('',(5.26770798933645,8.83079219040005,-1.08229201066355));
#11711=VECTOR('',#13722,1.0);
#11712=CARTESIAN_POINT('',(4.8895,8.89,-1.0922));
#11713=VECTOR('',#13723,1.0);
#11714=COLOUR_RGB('',1.0,1.0,0.0);
#11715=CARTESIAN_POINT('',(4.9022,8.89,-1.651));
#11716=VECTOR('',#13724,1.0);
#11717=CARTESIAN_POINT('',(5.2578,8.89,-1.651));
#11718=VECTOR('',#13725,1.0);
#11719=COLOUR_RGB('',1.0,1.0,0.0);
#11720=COLOUR_RGB('',1.0,1.0,0.0);
#11721=COLOUR_RGB('',0.705882370471954,0.705882370471954,0.705882370471954);
#11722=CARTESIAN_POINT('',(28.2575,4.44089209850063E-16,0.9525));
#11723=CARTESIAN_POINT('',(27.6225,4.44089209850063E-16,0.9525));
#11724=CARTESIAN_POINT('',(22.0345,2.22044604925031E-16,0.9525));
#11725=VECTOR('',#13726,1.0);
#11726=CARTESIAN_POINT('',(28.2575,-2.4671857182887,0.9525));
#11727=CARTESIAN_POINT('',(28.2575,2.794,0.9525));
#11728=VECTOR('',#13727,1.0);
#11729=CARTESIAN_POINT('',(27.6225,-2.4671857182887,0.9525));
#11730=CARTESIAN_POINT('',(27.559,-2.4671857182887,0.9525));
#11731=VECTOR('',#13728,1.0);
#11732=CARTESIAN_POINT('',(27.6225,2.794,0.9525));
#11733=VECTOR('',#13729,1.0);
#11734=COLOUR_RGB('',0.705882370471954,0.705882370471954,0.705882370471954);
#11735=CARTESIAN_POINT('',(28.2575,4.44089209850063E-16,1.5875));
#11736=CARTESIAN_POINT('',(28.2575,2.22044604925031E-16,0.466977876106195));
#11737=VECTOR('',#13730,1.0);
#11738=CARTESIAN_POINT('',(28.2575,-2.4671857182887,1.5875));
#11739=CARTESIAN_POINT('',(28.2575,2.794,1.5875));
#11740=VECTOR('',#13731,1.0);
#11741=CARTESIAN_POINT('',(28.2575,-2.4671857182887,0.889));
#11742=VECTOR('',#13732,1.0);
#11743=COLOUR_RGB('',1.0,1.0,0.0);
#11744=CARTESIAN_POINT('',(28.2575,2.54,0.9525));
#11745=CARTESIAN_POINT('',(28.2575,2.54,1.5875));
#11746=CARTESIAN_POINT('',(28.2575,2.54,-2.3368));
#11747=VECTOR('',#13733,1.0);
#11748=CARTESIAN_POINT('',(28.2575,8.0551857182887,0.9525));
#11749=CARTESIAN_POINT('',(28.2575,2.794,0.9525));
#11750=VECTOR('',#13734,1.0);
#11751=CARTESIAN_POINT('',(28.2575,8.05518571828869,1.5875));
#11752=CARTESIAN_POINT('',(28.2575,8.0551857182887,0.889));
#11753=VECTOR('',#13735,1.0);
#11754=CARTESIAN_POINT('',(28.2575,2.794,1.5875));
#11755=VECTOR('',#13736,1.0);
#11756=COLOUR_RGB('',1.0,1.0,0.0);
#11757=CARTESIAN_POINT('',(27.6225,2.54,0.9525));
#11758=CARTESIAN_POINT('',(22.0345,2.54,0.952499999999999));
#11759=VECTOR('',#13737,1.0);
#11760=CARTESIAN_POINT('',(27.6225,8.0551857182887,0.9525));
#11761=CARTESIAN_POINT('',(27.6225,2.794,0.9525));
#11762=VECTOR('',#13738,1.0);
#11763=CARTESIAN_POINT('',(27.559,8.0551857182887,0.9525));
#11764=VECTOR('',#13739,1.0);
#11765=COLOUR_RGB('',0.705882370471954,0.705882370471954,0.705882370471954);
#11766=CARTESIAN_POINT('',(27.6225,4.44089209850063E-16,1.5875));
#11767=CARTESIAN_POINT('',(22.0345,2.22044604925031E-16,1.5875));
#11768=VECTOR('',#13740,1.0);
#11769=CARTESIAN_POINT('',(27.6225,-2.4671857182887,1.5875));
#11770=CARTESIAN_POINT('',(27.6225,2.794,1.5875));
#11771=VECTOR('',#13741,1.0);
#11772=CARTESIAN_POINT('',(27.559,-2.4671857182887,1.5875));
#11773=VECTOR('',#13742,1.0);
#11774=COLOUR_RGB('',0.705882370471954,0.705882370471954,0.705882370471954);
#11775=CARTESIAN_POINT('',(27.6225,2.22044604925031E-16,0.466977876106195));
#11776=VECTOR('',#13743,1.0);
#11777=CARTESIAN_POINT('',(27.6225,-2.4671857182887,0.889));
#11778=VECTOR('',#13744,1.0);
#11779=COLOUR_RGB('',0.705882370471954,0.705882370471954,0.705882370471954);
#11780=CARTESIAN_POINT('',(28.1178,-3.302,1.0922));
#11781=CARTESIAN_POINT('',(28.1378114745518,-3.18241614349354,1.07218852544819));
#11782=VECTOR('',#13745,1.0);
#11783=CARTESIAN_POINT('',(27.7622,-3.302,1.0922));
#11784=CARTESIAN_POINT('',(27.7495,-3.302,1.0922));
#11785=VECTOR('',#13746,1.0);
#11786=CARTESIAN_POINT('',(27.7320850402328,-3.12204009658703,1.06208504023283));
#11787=VECTOR('',#13747,1.0);
#11788=COLOUR_RGB('',0.705882370471954,0.705882370471954,0.705882370471954);
#11789=CARTESIAN_POINT('',(27.7622,-3.302,1.4478));
#11790=CARTESIAN_POINT('',(27.7421885254482,-3.18241614349354,1.46781147455181));
#11791=VECTOR('',#13748,0.999999999999999);
#11792=CARTESIAN_POINT('',(28.1178,-3.302,1.4478));
#11793=CARTESIAN_POINT('',(27.7495,-3.302,1.4478));
#11794=VECTOR('',#13749,1.0);
#11795=CARTESIAN_POINT('',(28.1277079893365,-3.24279219040005,1.45770798933645));
#11796=VECTOR('',#13750,1.0);
#11797=COLOUR_RGB('',0.705882370471954,0.705882370471954,0.705882370471954);
#11798=CARTESIAN_POINT('',(27.7622,-3.302,0.889));
#11799=VECTOR('',#13751,1.0);
#11800=COLOUR_RGB('',0.705882370471954,0.705882370471954,0.705882370471954);
#11801=CARTESIAN_POINT('',(28.1178,-3.302,0.889));
#11802=VECTOR('',#13752,1.0);
#11803=COLOUR_RGB('',0.705882370471954,0.705882370471954,0.705882370471954);
#11804=COLOUR_RGB('',1.0,1.0,0.0);
#11805=CARTESIAN_POINT('',(27.6225,2.54,1.5875));
#11806=CARTESIAN_POINT('',(27.6225,2.54,-2.3368));
#11807=VECTOR('',#13753,1.0);
#11808=CARTESIAN_POINT('',(27.6225,8.05518571828869,1.5875));
#11809=CARTESIAN_POINT('',(27.6225,2.794,1.5875));
#11810=VECTOR('',#13754,1.0);
#11811=CARTESIAN_POINT('',(27.6225,8.05518571828869,0.889));
#11812=VECTOR('',#13755,1.0);
#11813=COLOUR_RGB('',1.0,1.0,0.0);
#11814=CARTESIAN_POINT('',(22.0345,2.54,1.5875));
#11815=VECTOR('',#13756,1.0);
#11816=CARTESIAN_POINT('',(27.559,8.05518571828869,1.5875));
#11817=VECTOR('',#13757,1.0);
#11818=COLOUR_RGB('',1.0,1.0,0.0);
#11819=CARTESIAN_POINT('',(28.1178,8.89,1.0922));
#11820=CARTESIAN_POINT('',(28.1378114745518,8.77041614349354,1.07218852544819));
#11821=VECTOR('',#13758,1.0);
#11822=CARTESIAN_POINT('',(27.7622,8.89,1.0922));
#11823=CARTESIAN_POINT('',(27.7320850402328,8.71004009658702,1.06208504023283));
#11824=VECTOR('',#13759,1.0);
#11825=CARTESIAN_POINT('',(27.7495,8.89,1.0922));
#11826=VECTOR('',#13760,1.0);
#11827=COLOUR_RGB('',1.0,1.0,0.0);
#11828=CARTESIAN_POINT('',(27.7622,8.89,1.4478));
#11829=CARTESIAN_POINT('',(27.7421885254482,8.77041614349354,1.46781147455181));
#11830=VECTOR('',#13761,1.0);
#11831=CARTESIAN_POINT('',(28.1178,8.89,1.4478));
#11832=CARTESIAN_POINT('',(28.1277079893365,8.83079219040005,1.45770798933645));
#11833=VECTOR('',#13762,1.0);
#11834=CARTESIAN_POINT('',(27.7495,8.89,1.4478));
#11835=VECTOR('',#13763,1.0);
#11836=COLOUR_RGB('',1.0,1.0,0.0);
#11837=CARTESIAN_POINT('',(27.7622,8.89,0.889));
#11838=VECTOR('',#13764,1.0);
#11839=CARTESIAN_POINT('',(28.1178,8.89,0.889));
#11840=VECTOR('',#13765,1.0);
#11841=COLOUR_RGB('',1.0,1.0,0.0);
#11842=COLOUR_RGB('',1.0,1.0,0.0);
#11843=COLOUR_RGB('',0.705882370471954,0.705882370471954,0.705882370471954);
#11844=CARTESIAN_POINT('',(25.7175,4.44089209850063E-16,0.9525));
#11845=CARTESIAN_POINT('',(25.0825,4.44089209850063E-16,0.9525));
#11846=CARTESIAN_POINT('',(20.7645,2.22044604925031E-16,0.9525));
#11847=VECTOR('',#13766,1.0);
#11848=CARTESIAN_POINT('',(25.7175,-2.4671857182887,0.9525));
#11849=CARTESIAN_POINT('',(25.7175,2.794,0.9525));
#11850=VECTOR('',#13767,1.0);
#11851=CARTESIAN_POINT('',(25.0825,-2.4671857182887,0.9525));
#11852=CARTESIAN_POINT('',(25.019,-2.4671857182887,0.9525));
#11853=VECTOR('',#13768,1.0);
#11854=CARTESIAN_POINT('',(25.0825,2.794,0.9525));
#11855=VECTOR('',#13769,1.0);
#11856=COLOUR_RGB('',0.705882370471954,0.705882370471954,0.705882370471954);
#11857=CARTESIAN_POINT('',(25.7175,4.44089209850063E-16,1.5875));
#11858=CARTESIAN_POINT('',(25.7175,2.22044604925031E-16,0.466977876106195));
#11859=VECTOR('',#13770,1.0);
#11860=CARTESIAN_POINT('',(25.7175,-2.4671857182887,1.5875));
#11861=CARTESIAN_POINT('',(25.7175,2.794,1.5875));
#11862=VECTOR('',#13771,1.0);
#11863=CARTESIAN_POINT('',(25.7175,-2.4671857182887,0.889));
#11864=VECTOR('',#13772,1.0);
#11865=COLOUR_RGB('',1.0,1.0,0.0);
#11866=CARTESIAN_POINT('',(25.7175,2.54,0.9525));
#11867=CARTESIAN_POINT('',(25.7175,2.54,1.5875));
#11868=CARTESIAN_POINT('',(25.7175,2.54,-2.3368));
#11869=VECTOR('',#13773,1.0);
#11870=CARTESIAN_POINT('',(25.7175,8.0551857182887,0.9525));
#11871=CARTESIAN_POINT('',(25.7175,2.794,0.9525));
#11872=VECTOR('',#13774,1.0);
#11873=CARTESIAN_POINT('',(25.7175,8.05518571828869,1.5875));
#11874=CARTESIAN_POINT('',(25.7175,8.0551857182887,0.889));
#11875=VECTOR('',#13775,1.0);
#11876=CARTESIAN_POINT('',(25.7175,2.794,1.5875));
#11877=VECTOR('',#13776,1.0);
#11878=COLOUR_RGB('',1.0,1.0,0.0);
#11879=CARTESIAN_POINT('',(25.0825,2.54,0.9525));
#11880=CARTESIAN_POINT('',(20.7645,2.54,0.952499999999999));
#11881=VECTOR('',#13777,1.0);
#11882=CARTESIAN_POINT('',(25.0825,8.0551857182887,0.9525));
#11883=CARTESIAN_POINT('',(25.0825,2.794,0.9525));
#11884=VECTOR('',#13778,1.0);
#11885=CARTESIAN_POINT('',(25.019,8.0551857182887,0.9525));
#11886=VECTOR('',#13779,1.0);
#11887=COLOUR_RGB('',0.705882370471954,0.705882370471954,0.705882370471954);
#11888=CARTESIAN_POINT('',(25.0825,4.44089209850063E-16,1.5875));
#11889=CARTESIAN_POINT('',(20.7645,2.22044604925031E-16,1.5875));
#11890=VECTOR('',#13780,1.0);
#11891=CARTESIAN_POINT('',(25.0825,-2.4671857182887,1.5875));
#11892=CARTESIAN_POINT('',(25.0825,2.794,1.5875));
#11893=VECTOR('',#13781,1.0);
#11894=CARTESIAN_POINT('',(25.019,-2.4671857182887,1.5875));
#11895=VECTOR('',#13782,1.0);
#11896=COLOUR_RGB('',0.705882370471954,0.705882370471954,0.705882370471954);
#11897=CARTESIAN_POINT('',(25.0825,2.22044604925031E-16,0.466977876106195));
#11898=VECTOR('',#13783,1.0);
#11899=CARTESIAN_POINT('',(25.0825,-2.4671857182887,0.889));
#11900=VECTOR('',#13784,1.0);
#11901=COLOUR_RGB('',0.705882370471954,0.705882370471954,0.705882370471954);
#11902=CARTESIAN_POINT('',(25.5778,-3.302,1.0922));
#11903=CARTESIAN_POINT('',(25.5978114745518,-3.18241614349354,1.07218852544819));
#11904=VECTOR('',#13785,1.0);
#11905=CARTESIAN_POINT('',(25.2222,-3.302,1.0922));
#11906=CARTESIAN_POINT('',(25.2095,-3.302,1.0922));
#11907=VECTOR('',#13786,1.0);
#11908=CARTESIAN_POINT('',(25.1920850402328,-3.12204009658703,1.06208504023283));
#11909=VECTOR('',#13787,1.0);
#11910=COLOUR_RGB('',0.705882370471954,0.705882370471954,0.705882370471954);
#11911=CARTESIAN_POINT('',(25.2222,-3.302,1.4478));
#11912=CARTESIAN_POINT('',(25.2021885254482,-3.18241614349354,1.46781147455181));
#11913=VECTOR('',#13788,0.999999999999999);
#11914=CARTESIAN_POINT('',(25.5778,-3.302,1.4478));
#11915=CARTESIAN_POINT('',(25.2095,-3.302,1.4478));
#11916=VECTOR('',#13789,1.0);
#11917=CARTESIAN_POINT('',(25.5877079893365,-3.24279219040005,1.45770798933645));
#11918=VECTOR('',#13790,1.0);
#11919=COLOUR_RGB('',0.705882370471954,0.705882370471954,0.705882370471954);
#11920=CARTESIAN_POINT('',(25.2222,-3.302,0.889));
#11921=VECTOR('',#13791,1.0);
#11922=COLOUR_RGB('',0.705882370471954,0.705882370471954,0.705882370471954);
#11923=CARTESIAN_POINT('',(25.5778,-3.302,0.889));
#11924=VECTOR('',#13792,1.0);
#11925=COLOUR_RGB('',0.705882370471954,0.705882370471954,0.705882370471954);
#11926=COLOUR_RGB('',1.0,1.0,0.0);
#11927=CARTESIAN_POINT('',(25.0825,2.54,1.5875));
#11928=CARTESIAN_POINT('',(25.0825,2.54,-2.3368));
#11929=VECTOR('',#13793,1.0);
#11930=CARTESIAN_POINT('',(25.0825,8.05518571828869,1.5875));
#11931=CARTESIAN_POINT('',(25.0825,2.794,1.5875));
#11932=VECTOR('',#13794,1.0);
#11933=CARTESIAN_POINT('',(25.0825,8.05518571828869,0.889));
#11934=VECTOR('',#13795,1.0);
#11935=COLOUR_RGB('',1.0,1.0,0.0);
#11936=CARTESIAN_POINT('',(20.7645,2.54,1.5875));
#11937=VECTOR('',#13796,1.0);
#11938=CARTESIAN_POINT('',(25.019,8.05518571828869,1.5875));
#11939=VECTOR('',#13797,1.0);
#11940=COLOUR_RGB('',1.0,1.0,0.0);
#11941=CARTESIAN_POINT('',(25.5778,8.89,1.0922));
#11942=CARTESIAN_POINT('',(25.5978114745518,8.77041614349354,1.07218852544819));
#11943=VECTOR('',#13798,1.0);
#11944=CARTESIAN_POINT('',(25.2222,8.89,1.0922));
#11945=CARTESIAN_POINT('',(25.1920850402328,8.71004009658702,1.06208504023283));
#11946=VECTOR('',#13799,1.0);
#11947=CARTESIAN_POINT('',(25.2095,8.89,1.0922));
#11948=VECTOR('',#13800,1.0);
#11949=COLOUR_RGB('',1.0,1.0,0.0);
#11950=CARTESIAN_POINT('',(25.2222,8.89,1.4478));
#11951=CARTESIAN_POINT('',(25.2021885254482,8.77041614349354,1.46781147455181));
#11952=VECTOR('',#13801,1.0);
#11953=CARTESIAN_POINT('',(25.5778,8.89,1.4478));
#11954=CARTESIAN_POINT('',(25.5877079893365,8.83079219040005,1.45770798933645));
#11955=VECTOR('',#13802,1.0);
#11956=CARTESIAN_POINT('',(25.2095,8.89,1.4478));
#11957=VECTOR('',#13803,1.0);
#11958=COLOUR_RGB('',1.0,1.0,0.0);
#11959=CARTESIAN_POINT('',(25.2222,8.89,0.889));
#11960=VECTOR('',#13804,1.0);
#11961=CARTESIAN_POINT('',(25.5778,8.89,0.889));
#11962=VECTOR('',#13805,1.0);
#11963=COLOUR_RGB('',1.0,1.0,0.0);
#11964=COLOUR_RGB('',1.0,1.0,0.0);
#11965=COLOUR_RGB('',0.705882370471954,0.705882370471954,0.705882370471954);
#11966=CARTESIAN_POINT('',(23.1775,4.44089209850063E-16,0.9525));
#11967=CARTESIAN_POINT('',(22.5425,4.44089209850063E-16,0.9525));
#11968=CARTESIAN_POINT('',(19.4945,2.22044604925031E-16,0.9525));
#11969=VECTOR('',#13806,1.0);
#11970=CARTESIAN_POINT('',(23.1775,-2.4671857182887,0.9525));
#11971=CARTESIAN_POINT('',(23.1775,2.794,0.9525));
#11972=VECTOR('',#13807,1.0);
#11973=CARTESIAN_POINT('',(22.5425,-2.4671857182887,0.9525));
#11974=CARTESIAN_POINT('',(22.479,-2.4671857182887,0.9525));
#11975=VECTOR('',#13808,1.0);
#11976=CARTESIAN_POINT('',(22.5425,2.794,0.9525));
#11977=VECTOR('',#13809,1.0);
#11978=COLOUR_RGB('',0.705882370471954,0.705882370471954,0.705882370471954);
#11979=CARTESIAN_POINT('',(23.1775,4.44089209850063E-16,1.5875));
#11980=CARTESIAN_POINT('',(23.1775,2.22044604925031E-16,0.466977876106195));
#11981=VECTOR('',#13810,1.0);
#11982=CARTESIAN_POINT('',(23.1775,-2.4671857182887,1.5875));
#11983=CARTESIAN_POINT('',(23.1775,2.794,1.5875));
#11984=VECTOR('',#13811,1.0);
#11985=CARTESIAN_POINT('',(23.1775,-2.4671857182887,0.889));
#11986=VECTOR('',#13812,1.0);
#11987=COLOUR_RGB('',1.0,1.0,0.0);
#11988=CARTESIAN_POINT('',(23.1775,2.54,0.9525));
#11989=CARTESIAN_POINT('',(23.1775,2.54,1.5875));
#11990=CARTESIAN_POINT('',(23.1775,2.54,-2.3368));
#11991=VECTOR('',#13813,1.0);
#11992=CARTESIAN_POINT('',(23.1775,8.0551857182887,0.9525));
#11993=CARTESIAN_POINT('',(23.1775,2.794,0.9525));
#11994=VECTOR('',#13814,1.0);
#11995=CARTESIAN_POINT('',(23.1775,8.05518571828869,1.5875));
#11996=CARTESIAN_POINT('',(23.1775,8.0551857182887,0.889));
#11997=VECTOR('',#13815,1.0);
#11998=CARTESIAN_POINT('',(23.1775,2.794,1.5875));
#11999=VECTOR('',#13816,1.0);
#12000=COLOUR_RGB('',1.0,1.0,0.0);
#12001=CARTESIAN_POINT('',(22.5425,2.54,0.9525));
#12002=CARTESIAN_POINT('',(19.4945,2.54,0.9525));
#12003=VECTOR('',#13817,1.0);
#12004=CARTESIAN_POINT('',(22.5425,8.0551857182887,0.9525));
#12005=CARTESIAN_POINT('',(22.5425,2.794,0.9525));
#12006=VECTOR('',#13818,1.0);
#12007=CARTESIAN_POINT('',(22.479,8.0551857182887,0.9525));
#12008=VECTOR('',#13819,1.0);
#12009=COLOUR_RGB('',0.705882370471954,0.705882370471954,0.705882370471954);
#12010=CARTESIAN_POINT('',(22.5425,4.44089209850063E-16,1.5875));
#12011=CARTESIAN_POINT('',(19.4945,2.22044604925031E-16,1.5875));
#12012=VECTOR('',#13820,1.0);
#12013=CARTESIAN_POINT('',(22.5425,-2.4671857182887,1.5875));
#12014=CARTESIAN_POINT('',(22.5425,2.794,1.5875));
#12015=VECTOR('',#13821,1.0);
#12016=CARTESIAN_POINT('',(22.479,-2.4671857182887,1.5875));
#12017=VECTOR('',#13822,1.0);
#12018=COLOUR_RGB('',0.705882370471954,0.705882370471954,0.705882370471954);
#12019=CARTESIAN_POINT('',(22.5425,2.22044604925031E-16,0.466977876106195));
#12020=VECTOR('',#13823,1.0);
#12021=CARTESIAN_POINT('',(22.5425,-2.4671857182887,0.889));
#12022=VECTOR('',#13824,1.0);
#12023=COLOUR_RGB('',0.705882370471954,0.705882370471954,0.705882370471954);
#12024=CARTESIAN_POINT('',(23.0378,-3.302,1.0922));
#12025=CARTESIAN_POINT('',(23.0578114745518,-3.18241614349354,1.07218852544819));
#12026=VECTOR('',#13825,1.0);
#12027=CARTESIAN_POINT('',(22.6822,-3.302,1.0922));
#12028=CARTESIAN_POINT('',(22.6695,-3.302,1.0922));
#12029=VECTOR('',#13826,1.0);
#12030=CARTESIAN_POINT('',(22.6520850402328,-3.12204009658703,1.06208504023283));
#12031=VECTOR('',#13827,1.0);
#12032=COLOUR_RGB('',0.705882370471954,0.705882370471954,0.705882370471954);
#12033=CARTESIAN_POINT('',(22.6822,-3.302,1.4478));
#12034=CARTESIAN_POINT('',(22.6621885254482,-3.18241614349354,1.46781147455181));
#12035=VECTOR('',#13828,0.999999999999999);
#12036=CARTESIAN_POINT('',(23.0378,-3.302,1.4478));
#12037=CARTESIAN_POINT('',(22.6695,-3.302,1.4478));
#12038=VECTOR('',#13829,1.0);
#12039=CARTESIAN_POINT('',(23.0477079893365,-3.24279219040005,1.45770798933645));
#12040=VECTOR('',#13830,1.0);
#12041=COLOUR_RGB('',0.705882370471954,0.705882370471954,0.705882370471954);
#12042=CARTESIAN_POINT('',(22.6822,-3.302,0.889));
#12043=VECTOR('',#13831,1.0);
#12044=COLOUR_RGB('',0.705882370471954,0.705882370471954,0.705882370471954);
#12045=CARTESIAN_POINT('',(23.0378,-3.302,0.889));
#12046=VECTOR('',#13832,1.0);
#12047=COLOUR_RGB('',0.705882370471954,0.705882370471954,0.705882370471954);
#12048=COLOUR_RGB('',1.0,1.0,0.0);
#12049=CARTESIAN_POINT('',(22.5425,2.54,1.5875));
#12050=CARTESIAN_POINT('',(22.5425,2.54,-2.3368));
#12051=VECTOR('',#13833,1.0);
#12052=CARTESIAN_POINT('',(22.5425,8.05518571828869,1.5875));
#12053=CARTESIAN_POINT('',(22.5425,2.794,1.5875));
#12054=VECTOR('',#13834,1.0);
#12055=CARTESIAN_POINT('',(22.5425,8.05518571828869,0.889));
#12056=VECTOR('',#13835,1.0);
#12057=COLOUR_RGB('',1.0,1.0,0.0);
#12058=CARTESIAN_POINT('',(19.4945,2.54,1.5875));
#12059=VECTOR('',#13836,1.0);
#12060=CARTESIAN_POINT('',(22.479,8.05518571828869,1.5875));
#12061=VECTOR('',#13837,1.0);
#12062=COLOUR_RGB('',1.0,1.0,0.0);
#12063=CARTESIAN_POINT('',(23.0378,8.89,1.0922));
#12064=CARTESIAN_POINT('',(23.0578114745518,8.77041614349354,1.07218852544819));
#12065=VECTOR('',#13838,1.0);
#12066=CARTESIAN_POINT('',(22.6822,8.89,1.0922));
#12067=CARTESIAN_POINT('',(22.6520850402328,8.71004009658702,1.06208504023283));
#12068=VECTOR('',#13839,1.0);
#12069=CARTESIAN_POINT('',(22.6695,8.89,1.0922));
#12070=VECTOR('',#13840,1.0);
#12071=COLOUR_RGB('',1.0,1.0,0.0);
#12072=CARTESIAN_POINT('',(22.6822,8.89,1.4478));
#12073=CARTESIAN_POINT('',(22.6621885254482,8.77041614349354,1.46781147455181));
#12074=VECTOR('',#13841,1.0);
#12075=CARTESIAN_POINT('',(23.0378,8.89,1.4478));
#12076=CARTESIAN_POINT('',(23.0477079893365,8.83079219040005,1.45770798933645));
#12077=VECTOR('',#13842,1.0);
#12078=CARTESIAN_POINT('',(22.6695,8.89,1.4478));
#12079=VECTOR('',#13843,1.0);
#12080=COLOUR_RGB('',1.0,1.0,0.0);
#12081=CARTESIAN_POINT('',(22.6822,8.89,0.889));
#12082=VECTOR('',#13844,1.0);
#12083=CARTESIAN_POINT('',(23.0378,8.89,0.889));
#12084=VECTOR('',#13845,1.0);
#12085=COLOUR_RGB('',1.0,1.0,0.0);
#12086=COLOUR_RGB('',1.0,1.0,0.0);
#12087=COLOUR_RGB('',0.705882370471954,0.705882370471954,0.705882370471954);
#12088=CARTESIAN_POINT('',(20.6375,4.44089209850063E-16,0.9525));
#12089=CARTESIAN_POINT('',(20.0025,4.44089209850063E-16,0.9525));
#12090=CARTESIAN_POINT('',(18.2245,2.22044604925031E-16,0.9525));
#12091=VECTOR('',#13846,1.0);
#12092=CARTESIAN_POINT('',(20.6375,-2.4671857182887,0.9525));
#12093=CARTESIAN_POINT('',(20.6375,2.794,0.9525));
#12094=VECTOR('',#13847,1.0);
#12095=CARTESIAN_POINT('',(20.0025,-2.4671857182887,0.9525));
#12096=CARTESIAN_POINT('',(19.939,-2.4671857182887,0.9525));
#12097=VECTOR('',#13848,1.0);
#12098=CARTESIAN_POINT('',(20.0025,2.794,0.9525));
#12099=VECTOR('',#13849,1.0);
#12100=COLOUR_RGB('',0.705882370471954,0.705882370471954,0.705882370471954);
#12101=CARTESIAN_POINT('',(20.6375,4.44089209850063E-16,1.5875));
#12102=CARTESIAN_POINT('',(20.6375,2.22044604925031E-16,0.466977876106195));
#12103=VECTOR('',#13850,1.0);
#12104=CARTESIAN_POINT('',(20.6375,-2.4671857182887,1.5875));
#12105=CARTESIAN_POINT('',(20.6375,2.794,1.5875));
#12106=VECTOR('',#13851,1.0);
#12107=CARTESIAN_POINT('',(20.6375,-2.4671857182887,0.889));
#12108=VECTOR('',#13852,1.0);
#12109=COLOUR_RGB('',1.0,1.0,0.0);
#12110=CARTESIAN_POINT('',(20.6375,2.54,0.9525));
#12111=CARTESIAN_POINT('',(20.6375,2.54,1.5875));
#12112=CARTESIAN_POINT('',(20.6375,2.54,-2.3368));
#12113=VECTOR('',#13853,1.0);
#12114=CARTESIAN_POINT('',(20.6375,8.0551857182887,0.9525));
#12115=CARTESIAN_POINT('',(20.6375,2.794,0.9525));
#12116=VECTOR('',#13854,1.0);
#12117=CARTESIAN_POINT('',(20.6375,8.05518571828869,1.5875));
#12118=CARTESIAN_POINT('',(20.6375,8.0551857182887,0.889));
#12119=VECTOR('',#13855,1.0);
#12120=CARTESIAN_POINT('',(20.6375,2.794,1.5875));
#12121=VECTOR('',#13856,1.0);
#12122=COLOUR_RGB('',1.0,1.0,0.0);
#12123=CARTESIAN_POINT('',(20.0025,2.54,0.9525));
#12124=CARTESIAN_POINT('',(18.2245,2.54,0.9525));
#12125=VECTOR('',#13857,1.0);
#12126=CARTESIAN_POINT('',(20.0025,8.0551857182887,0.9525));
#12127=CARTESIAN_POINT('',(20.0025,2.794,0.9525));
#12128=VECTOR('',#13858,1.0);
#12129=CARTESIAN_POINT('',(19.939,8.0551857182887,0.9525));
#12130=VECTOR('',#13859,1.0);
#12131=COLOUR_RGB('',0.705882370471954,0.705882370471954,0.705882370471954);
#12132=CARTESIAN_POINT('',(20.0025,4.44089209850063E-16,1.5875));
#12133=CARTESIAN_POINT('',(18.2245,2.22044604925031E-16,1.5875));
#12134=VECTOR('',#13860,1.0);
#12135=CARTESIAN_POINT('',(20.0025,-2.4671857182887,1.5875));
#12136=CARTESIAN_POINT('',(20.0025,2.794,1.5875));
#12137=VECTOR('',#13861,1.0);
#12138=CARTESIAN_POINT('',(19.939,-2.4671857182887,1.5875));
#12139=VECTOR('',#13862,1.0);
#12140=COLOUR_RGB('',0.705882370471954,0.705882370471954,0.705882370471954);
#12141=CARTESIAN_POINT('',(20.0025,2.22044604925031E-16,0.466977876106195));
#12142=VECTOR('',#13863,1.0);
#12143=CARTESIAN_POINT('',(20.0025,-2.4671857182887,0.889));
#12144=VECTOR('',#13864,1.0);
#12145=COLOUR_RGB('',0.705882370471954,0.705882370471954,0.705882370471954);
#12146=CARTESIAN_POINT('',(20.4978,-3.302,1.0922));
#12147=CARTESIAN_POINT('',(20.5178114745518,-3.18241614349354,1.07218852544819));
#12148=VECTOR('',#13865,1.0);
#12149=CARTESIAN_POINT('',(20.1422,-3.302,1.0922));
#12150=CARTESIAN_POINT('',(20.1295,-3.302,1.0922));
#12151=VECTOR('',#13866,1.0);
#12152=CARTESIAN_POINT('',(20.1120850402328,-3.12204009658703,1.06208504023283));
#12153=VECTOR('',#13867,1.0);
#12154=COLOUR_RGB('',0.705882370471954,0.705882370471954,0.705882370471954);
#12155=CARTESIAN_POINT('',(20.1422,-3.302,1.4478));
#12156=CARTESIAN_POINT('',(20.1221885254482,-3.18241614349354,1.46781147455181));
#12157=VECTOR('',#13868,0.999999999999999);
#12158=CARTESIAN_POINT('',(20.4978,-3.302,1.4478));
#12159=CARTESIAN_POINT('',(20.1295,-3.302,1.4478));
#12160=VECTOR('',#13869,1.0);
#12161=CARTESIAN_POINT('',(20.5077079893364,-3.24279219040005,1.45770798933645));
#12162=VECTOR('',#13870,1.0);
#12163=COLOUR_RGB('',0.705882370471954,0.705882370471954,0.705882370471954);
#12164=CARTESIAN_POINT('',(20.1422,-3.302,0.889));
#12165=VECTOR('',#13871,1.0);
#12166=COLOUR_RGB('',0.705882370471954,0.705882370471954,0.705882370471954);
#12167=CARTESIAN_POINT('',(20.4978,-3.302,0.889));
#12168=VECTOR('',#13872,1.0);
#12169=COLOUR_RGB('',0.705882370471954,0.705882370471954,0.705882370471954);
#12170=COLOUR_RGB('',1.0,1.0,0.0);
#12171=CARTESIAN_POINT('',(20.0025,2.54,1.5875));
#12172=CARTESIAN_POINT('',(20.0025,2.54,-2.3368));
#12173=VECTOR('',#13873,1.0);
#12174=CARTESIAN_POINT('',(20.0025,8.05518571828869,1.5875));
#12175=CARTESIAN_POINT('',(20.0025,2.794,1.5875));
#12176=VECTOR('',#13874,1.0);
#12177=CARTESIAN_POINT('',(20.0025,8.05518571828869,0.889));
#12178=VECTOR('',#13875,1.0);
#12179=COLOUR_RGB('',1.0,1.0,0.0);
#12180=CARTESIAN_POINT('',(18.2245,2.54,1.5875));
#12181=VECTOR('',#13876,1.0);
#12182=CARTESIAN_POINT('',(19.939,8.05518571828869,1.5875));
#12183=VECTOR('',#13877,1.0);
#12184=COLOUR_RGB('',1.0,1.0,0.0);
#12185=CARTESIAN_POINT('',(20.4978,8.89,1.0922));
#12186=CARTESIAN_POINT('',(20.5178114745518,8.77041614349354,1.07218852544819));
#12187=VECTOR('',#13878,1.0);
#12188=CARTESIAN_POINT('',(20.1422,8.89,1.0922));
#12189=CARTESIAN_POINT('',(20.1120850402328,8.71004009658702,1.06208504023283));
#12190=VECTOR('',#13879,1.0);
#12191=CARTESIAN_POINT('',(20.1295,8.89,1.0922));
#12192=VECTOR('',#13880,1.0);
#12193=COLOUR_RGB('',1.0,1.0,0.0);
#12194=CARTESIAN_POINT('',(20.1422,8.89,1.4478));
#12195=CARTESIAN_POINT('',(20.1221885254482,8.77041614349354,1.46781147455181));
#12196=VECTOR('',#13881,1.0);
#12197=CARTESIAN_POINT('',(20.4978,8.89,1.4478));
#12198=CARTESIAN_POINT('',(20.5077079893364,8.83079219040005,1.45770798933645));
#12199=VECTOR('',#13882,1.0);
#12200=CARTESIAN_POINT('',(20.1295,8.89,1.4478));
#12201=VECTOR('',#13883,1.0);
#12202=COLOUR_RGB('',1.0,1.0,0.0);
#12203=CARTESIAN_POINT('',(20.1422,8.89,0.889));
#12204=VECTOR('',#13884,1.0);
#12205=CARTESIAN_POINT('',(20.4978,8.89,0.889));
#12206=VECTOR('',#13885,1.0);
#12207=COLOUR_RGB('',1.0,1.0,0.0);
#12208=COLOUR_RGB('',1.0,1.0,0.0);
#12209=COLOUR_RGB('',0.705882370471954,0.705882370471954,0.705882370471954);
#12210=CARTESIAN_POINT('',(18.0975,4.44089209850063E-16,0.9525));
#12211=CARTESIAN_POINT('',(17.4625,4.44089209850063E-16,0.9525));
#12212=CARTESIAN_POINT('',(16.9545,2.22044604925031E-16,0.9525));
#12213=VECTOR('',#13886,1.0);
#12214=CARTESIAN_POINT('',(18.0975,-2.4671857182887,0.9525));
#12215=CARTESIAN_POINT('',(18.0975,2.794,0.9525));
#12216=VECTOR('',#13887,1.0);
#12217=CARTESIAN_POINT('',(17.4625,-2.4671857182887,0.9525));
#12218=CARTESIAN_POINT('',(17.399,-2.4671857182887,0.9525));
#12219=VECTOR('',#13888,1.0);
#12220=CARTESIAN_POINT('',(17.4625,2.794,0.9525));
#12221=VECTOR('',#13889,1.0);
#12222=COLOUR_RGB('',0.705882370471954,0.705882370471954,0.705882370471954);
#12223=CARTESIAN_POINT('',(18.0975,4.44089209850063E-16,1.5875));
#12224=CARTESIAN_POINT('',(18.0975,2.22044604925031E-16,0.466977876106195));
#12225=VECTOR('',#13890,1.0);
#12226=CARTESIAN_POINT('',(18.0975,-2.4671857182887,1.5875));
#12227=CARTESIAN_POINT('',(18.0975,2.794,1.5875));
#12228=VECTOR('',#13891,1.0);
#12229=CARTESIAN_POINT('',(18.0975,-2.4671857182887,0.889));
#12230=VECTOR('',#13892,1.0);
#12231=COLOUR_RGB('',1.0,1.0,0.0);
#12232=CARTESIAN_POINT('',(18.0975,2.54,0.9525));
#12233=CARTESIAN_POINT('',(18.0975,2.54,1.5875));
#12234=CARTESIAN_POINT('',(18.0975,2.54,-2.3368));
#12235=VECTOR('',#13893,1.0);
#12236=CARTESIAN_POINT('',(18.0975,8.0551857182887,0.9525));
#12237=CARTESIAN_POINT('',(18.0975,2.794,0.9525));
#12238=VECTOR('',#13894,1.0);
#12239=CARTESIAN_POINT('',(18.0975,8.05518571828869,1.5875));
#12240=CARTESIAN_POINT('',(18.0975,8.0551857182887,0.889));
#12241=VECTOR('',#13895,1.0);
#12242=CARTESIAN_POINT('',(18.0975,2.794,1.5875));
#12243=VECTOR('',#13896,1.0);
#12244=COLOUR_RGB('',1.0,1.0,0.0);
#12245=CARTESIAN_POINT('',(17.4625,2.54,0.9525));
#12246=CARTESIAN_POINT('',(16.9545,2.54,0.9525));
#12247=VECTOR('',#13897,1.0);
#12248=CARTESIAN_POINT('',(17.4625,8.0551857182887,0.9525));
#12249=CARTESIAN_POINT('',(17.4625,2.794,0.9525));
#12250=VECTOR('',#13898,1.0);
#12251=CARTESIAN_POINT('',(17.399,8.0551857182887,0.9525));
#12252=VECTOR('',#13899,1.0);
#12253=COLOUR_RGB('',0.705882370471954,0.705882370471954,0.705882370471954);
#12254=CARTESIAN_POINT('',(17.4625,4.44089209850063E-16,1.5875));
#12255=CARTESIAN_POINT('',(16.9545,2.22044604925031E-16,1.5875));
#12256=VECTOR('',#13900,1.0);
#12257=CARTESIAN_POINT('',(17.4625,-2.4671857182887,1.5875));
#12258=CARTESIAN_POINT('',(17.4625,2.794,1.5875));
#12259=VECTOR('',#13901,1.0);
#12260=CARTESIAN_POINT('',(17.399,-2.4671857182887,1.5875));
#12261=VECTOR('',#13902,1.0);
#12262=COLOUR_RGB('',0.705882370471954,0.705882370471954,0.705882370471954);
#12263=CARTESIAN_POINT('',(17.4625,2.22044604925031E-16,0.466977876106195));
#12264=VECTOR('',#13903,1.0);
#12265=CARTESIAN_POINT('',(17.4625,-2.4671857182887,0.889));
#12266=VECTOR('',#13904,1.0);
#12267=COLOUR_RGB('',0.705882370471954,0.705882370471954,0.705882370471954);
#12268=CARTESIAN_POINT('',(17.9578,-3.302,1.0922));
#12269=CARTESIAN_POINT('',(17.9778114745518,-3.18241614349354,1.07218852544819));
#12270=VECTOR('',#13905,1.0);
#12271=CARTESIAN_POINT('',(17.6022,-3.302,1.0922));
#12272=CARTESIAN_POINT('',(17.5895,-3.302,1.0922));
#12273=VECTOR('',#13906,1.0);
#12274=CARTESIAN_POINT('',(17.5720850402328,-3.12204009658703,1.06208504023283));
#12275=VECTOR('',#13907,1.0);
#12276=COLOUR_RGB('',0.705882370471954,0.705882370471954,0.705882370471954);
#12277=CARTESIAN_POINT('',(17.6022,-3.302,1.4478));
#12278=CARTESIAN_POINT('',(17.5821885254482,-3.18241614349354,1.46781147455181));
#12279=VECTOR('',#13908,0.999999999999999);
#12280=CARTESIAN_POINT('',(17.9578,-3.302,1.4478));
#12281=CARTESIAN_POINT('',(17.5895,-3.302,1.4478));
#12282=VECTOR('',#13909,1.0);
#12283=CARTESIAN_POINT('',(17.9677079893364,-3.24279219040005,1.45770798933645));
#12284=VECTOR('',#13910,1.0);
#12285=COLOUR_RGB('',0.705882370471954,0.705882370471954,0.705882370471954);
#12286=CARTESIAN_POINT('',(17.6022,-3.302,0.889));
#12287=VECTOR('',#13911,1.0);
#12288=COLOUR_RGB('',0.705882370471954,0.705882370471954,0.705882370471954);
#12289=CARTESIAN_POINT('',(17.9578,-3.302,0.889));
#12290=VECTOR('',#13912,1.0);
#12291=COLOUR_RGB('',0.705882370471954,0.705882370471954,0.705882370471954);
#12292=COLOUR_RGB('',1.0,1.0,0.0);
#12293=CARTESIAN_POINT('',(17.4625,2.54,1.5875));
#12294=CARTESIAN_POINT('',(17.4625,2.54,-2.3368));
#12295=VECTOR('',#13913,1.0);
#12296=CARTESIAN_POINT('',(17.4625,8.05518571828869,1.5875));
#12297=CARTESIAN_POINT('',(17.4625,2.794,1.5875));
#12298=VECTOR('',#13914,1.0);
#12299=CARTESIAN_POINT('',(17.4625,8.05518571828869,0.889));
#12300=VECTOR('',#13915,1.0);
#12301=COLOUR_RGB('',1.0,1.0,0.0);
#12302=CARTESIAN_POINT('',(16.9545,2.54,1.5875));
#12303=VECTOR('',#13916,1.0);
#12304=CARTESIAN_POINT('',(17.399,8.05518571828869,1.5875));
#12305=VECTOR('',#13917,1.0);
#12306=COLOUR_RGB('',1.0,1.0,0.0);
#12307=CARTESIAN_POINT('',(17.9578,8.89,1.0922));
#12308=CARTESIAN_POINT('',(17.9778114745518,8.77041614349354,1.07218852544819));
#12309=VECTOR('',#13918,1.0);
#12310=CARTESIAN_POINT('',(17.6022,8.89,1.0922));
#12311=CARTESIAN_POINT('',(17.5720850402328,8.71004009658702,1.06208504023283));
#12312=VECTOR('',#13919,1.0);
#12313=CARTESIAN_POINT('',(17.5895,8.89,1.0922));
#12314=VECTOR('',#13920,1.0);
#12315=COLOUR_RGB('',1.0,1.0,0.0);
#12316=CARTESIAN_POINT('',(17.6022,8.89,1.4478));
#12317=CARTESIAN_POINT('',(17.5821885254482,8.77041614349354,1.46781147455181));
#12318=VECTOR('',#13921,1.0);
#12319=CARTESIAN_POINT('',(17.9578,8.89,1.4478));
#12320=CARTESIAN_POINT('',(17.9677079893364,8.83079219040005,1.45770798933645));
#12321=VECTOR('',#13922,1.0);
#12322=CARTESIAN_POINT('',(17.5895,8.89,1.4478));
#12323=VECTOR('',#13923,1.0);
#12324=COLOUR_RGB('',1.0,1.0,0.0);
#12325=CARTESIAN_POINT('',(17.6022,8.89,0.889));
#12326=VECTOR('',#13924,1.0);
#12327=CARTESIAN_POINT('',(17.9578,8.89,0.889));
#12328=VECTOR('',#13925,1.0);
#12329=COLOUR_RGB('',1.0,1.0,0.0);
#12330=COLOUR_RGB('',1.0,1.0,0.0);
#12331=COLOUR_RGB('',0.705882370471954,0.705882370471954,0.705882370471954);
#12332=CARTESIAN_POINT('',(15.5575,4.44089209850063E-16,0.9525));
#12333=CARTESIAN_POINT('',(14.9225,4.44089209850063E-16,0.9525));
#12334=CARTESIAN_POINT('',(15.6845,2.22044604925031E-16,0.9525));
#12335=VECTOR('',#13926,1.0);
#12336=CARTESIAN_POINT('',(15.5575,-2.4671857182887,0.9525));
#12337=CARTESIAN_POINT('',(15.5575,2.794,0.9525));
#12338=VECTOR('',#13927,1.0);
#12339=CARTESIAN_POINT('',(14.9225,-2.4671857182887,0.9525));
#12340=CARTESIAN_POINT('',(14.859,-2.4671857182887,0.9525));
#12341=VECTOR('',#13928,1.0);
#12342=CARTESIAN_POINT('',(14.9225,2.794,0.9525));
#12343=VECTOR('',#13929,1.0);
#12344=COLOUR_RGB('',0.705882370471954,0.705882370471954,0.705882370471954);
#12345=CARTESIAN_POINT('',(15.5575,4.44089209850063E-16,1.5875));
#12346=CARTESIAN_POINT('',(15.5575,2.22044604925031E-16,0.466977876106195));
#12347=VECTOR('',#13930,1.0);
#12348=CARTESIAN_POINT('',(15.5575,-2.4671857182887,1.5875));
#12349=CARTESIAN_POINT('',(15.5575,2.794,1.5875));
#12350=VECTOR('',#13931,1.0);
#12351=CARTESIAN_POINT('',(15.5575,-2.4671857182887,0.889));
#12352=VECTOR('',#13932,1.0);
#12353=COLOUR_RGB('',1.0,1.0,0.0);
#12354=CARTESIAN_POINT('',(15.5575,2.54,0.9525));
#12355=CARTESIAN_POINT('',(15.5575,2.54,1.5875));
#12356=CARTESIAN_POINT('',(15.5575,2.54,-2.3368));
#12357=VECTOR('',#13933,1.0);
#12358=CARTESIAN_POINT('',(15.5575,8.0551857182887,0.9525));
#12359=CARTESIAN_POINT('',(15.5575,2.794,0.9525));
#12360=VECTOR('',#13934,1.0);
#12361=CARTESIAN_POINT('',(15.5575,8.05518571828869,1.5875));
#12362=CARTESIAN_POINT('',(15.5575,8.0551857182887,0.889));
#12363=VECTOR('',#13935,1.0);
#12364=CARTESIAN_POINT('',(15.5575,2.794,1.5875));
#12365=VECTOR('',#13936,1.0);
#12366=COLOUR_RGB('',1.0,1.0,0.0);
#12367=CARTESIAN_POINT('',(14.9225,2.54,0.9525));
#12368=CARTESIAN_POINT('',(15.6845,2.54,0.9525));
#12369=VECTOR('',#13937,1.0);
#12370=CARTESIAN_POINT('',(14.9225,8.0551857182887,0.9525));
#12371=CARTESIAN_POINT('',(14.9225,2.794,0.9525));
#12372=VECTOR('',#13938,1.0);
#12373=CARTESIAN_POINT('',(14.859,8.0551857182887,0.9525));
#12374=VECTOR('',#13939,1.0);
#12375=COLOUR_RGB('',0.705882370471954,0.705882370471954,0.705882370471954);
#12376=CARTESIAN_POINT('',(14.9225,4.44089209850063E-16,1.5875));
#12377=CARTESIAN_POINT('',(15.6845,2.22044604925031E-16,1.5875));
#12378=VECTOR('',#13940,1.0);
#12379=CARTESIAN_POINT('',(14.9225,-2.4671857182887,1.5875));
#12380=CARTESIAN_POINT('',(14.9225,2.794,1.5875));
#12381=VECTOR('',#13941,1.0);
#12382=CARTESIAN_POINT('',(14.859,-2.4671857182887,1.5875));
#12383=VECTOR('',#13942,1.0);
#12384=COLOUR_RGB('',0.705882370471954,0.705882370471954,0.705882370471954);
#12385=CARTESIAN_POINT('',(14.9225,2.22044604925031E-16,0.466977876106195));
#12386=VECTOR('',#13943,1.0);
#12387=CARTESIAN_POINT('',(14.9225,-2.4671857182887,0.889));
#12388=VECTOR('',#13944,1.0);
#12389=COLOUR_RGB('',0.705882370471954,0.705882370471954,0.705882370471954);
#12390=CARTESIAN_POINT('',(15.4178,-3.302,1.0922));
#12391=CARTESIAN_POINT('',(15.4378114745518,-3.18241614349354,1.07218852544819));
#12392=VECTOR('',#13945,1.0);
#12393=CARTESIAN_POINT('',(15.0622,-3.302,1.0922));
#12394=CARTESIAN_POINT('',(15.0495,-3.302,1.0922));
#12395=VECTOR('',#13946,1.0);
#12396=CARTESIAN_POINT('',(15.0320850402328,-3.12204009658703,1.06208504023283));
#12397=VECTOR('',#13947,1.0);
#12398=COLOUR_RGB('',0.705882370471954,0.705882370471954,0.705882370471954);
#12399=CARTESIAN_POINT('',(15.0622,-3.302,1.4478));
#12400=CARTESIAN_POINT('',(15.0421885254482,-3.18241614349354,1.46781147455181));
#12401=VECTOR('',#13948,0.999999999999999);
#12402=CARTESIAN_POINT('',(15.4178,-3.302,1.4478));
#12403=CARTESIAN_POINT('',(15.0495,-3.302,1.4478));
#12404=VECTOR('',#13949,1.0);
#12405=CARTESIAN_POINT('',(15.4277079893364,-3.24279219040005,1.45770798933645));
#12406=VECTOR('',#13950,1.0);
#12407=COLOUR_RGB('',0.705882370471954,0.705882370471954,0.705882370471954);
#12408=CARTESIAN_POINT('',(15.0622,-3.302,0.889));
#12409=VECTOR('',#13951,1.0);
#12410=COLOUR_RGB('',0.705882370471954,0.705882370471954,0.705882370471954);
#12411=CARTESIAN_POINT('',(15.4178,-3.302,0.889));
#12412=VECTOR('',#13952,1.0);
#12413=COLOUR_RGB('',0.705882370471954,0.705882370471954,0.705882370471954);
#12414=COLOUR_RGB('',1.0,1.0,0.0);
#12415=CARTESIAN_POINT('',(14.9225,2.54,1.5875));
#12416=CARTESIAN_POINT('',(14.9225,2.54,-2.3368));
#12417=VECTOR('',#13953,1.0);
#12418=CARTESIAN_POINT('',(14.9225,8.05518571828869,1.5875));
#12419=CARTESIAN_POINT('',(14.9225,2.794,1.5875));
#12420=VECTOR('',#13954,1.0);
#12421=CARTESIAN_POINT('',(14.9225,8.05518571828869,0.889));
#12422=VECTOR('',#13955,1.0);
#12423=COLOUR_RGB('',1.0,1.0,0.0);
#12424=CARTESIAN_POINT('',(15.6845,2.54,1.5875));
#12425=VECTOR('',#13956,1.0);
#12426=CARTESIAN_POINT('',(14.859,8.05518571828869,1.5875));
#12427=VECTOR('',#13957,1.0);
#12428=COLOUR_RGB('',1.0,1.0,0.0);
#12429=CARTESIAN_POINT('',(15.4178,8.89,1.0922));
#12430=CARTESIAN_POINT('',(15.4378114745518,8.77041614349354,1.07218852544819));
#12431=VECTOR('',#13958,1.0);
#12432=CARTESIAN_POINT('',(15.0622,8.89,1.0922));
#12433=CARTESIAN_POINT('',(15.0320850402328,8.71004009658702,1.06208504023283));
#12434=VECTOR('',#13959,1.0);
#12435=CARTESIAN_POINT('',(15.0495,8.89,1.0922));
#12436=VECTOR('',#13960,1.0);
#12437=COLOUR_RGB('',1.0,1.0,0.0);
#12438=CARTESIAN_POINT('',(15.0622,8.89,1.4478));
#12439=CARTESIAN_POINT('',(15.0421885254482,8.77041614349354,1.46781147455181));
#12440=VECTOR('',#13961,1.0);
#12441=CARTESIAN_POINT('',(15.4178,8.89,1.4478));
#12442=CARTESIAN_POINT('',(15.4277079893365,8.83079219040005,1.45770798933645));
#12443=VECTOR('',#13962,1.0);
#12444=CARTESIAN_POINT('',(15.0495,8.89,1.4478));
#12445=VECTOR('',#13963,1.0);
#12446=COLOUR_RGB('',1.0,1.0,0.0);
#12447=CARTESIAN_POINT('',(15.0622,8.89,0.889));
#12448=VECTOR('',#13964,1.0);
#12449=CARTESIAN_POINT('',(15.4178,8.89,0.889));
#12450=VECTOR('',#13965,1.0);
#12451=COLOUR_RGB('',1.0,1.0,0.0);
#12452=COLOUR_RGB('',1.0,1.0,0.0);
#12453=COLOUR_RGB('',0.705882370471954,0.705882370471954,0.705882370471954);
#12454=CARTESIAN_POINT('',(13.0175,4.44089209850063E-16,0.9525));
#12455=CARTESIAN_POINT('',(12.3825,4.44089209850063E-16,0.9525));
#12456=CARTESIAN_POINT('',(14.4145,2.22044604925031E-16,0.9525));
#12457=VECTOR('',#13966,1.0);
#12458=CARTESIAN_POINT('',(13.0175,-2.4671857182887,0.9525));
#12459=CARTESIAN_POINT('',(13.0175,2.794,0.9525));
#12460=VECTOR('',#13967,1.0);
#12461=CARTESIAN_POINT('',(12.3825,-2.4671857182887,0.9525));
#12462=CARTESIAN_POINT('',(12.319,-2.4671857182887,0.9525));
#12463=VECTOR('',#13968,1.0);
#12464=CARTESIAN_POINT('',(12.3825,2.794,0.9525));
#12465=VECTOR('',#13969,1.0);
#12466=COLOUR_RGB('',0.705882370471954,0.705882370471954,0.705882370471954);
#12467=CARTESIAN_POINT('',(13.0175,4.44089209850063E-16,1.5875));
#12468=CARTESIAN_POINT('',(13.0175,2.22044604925031E-16,0.466977876106195));
#12469=VECTOR('',#13970,1.0);
#12470=CARTESIAN_POINT('',(13.0175,-2.4671857182887,1.5875));
#12471=CARTESIAN_POINT('',(13.0175,2.794,1.5875));
#12472=VECTOR('',#13971,1.0);
#12473=CARTESIAN_POINT('',(13.0175,-2.4671857182887,0.889));
#12474=VECTOR('',#13972,1.0);
#12475=COLOUR_RGB('',1.0,1.0,0.0);
#12476=CARTESIAN_POINT('',(13.0175,2.54,0.9525));
#12477=CARTESIAN_POINT('',(13.0175,2.54,1.5875));
#12478=CARTESIAN_POINT('',(13.0175,2.54,-2.3368));
#12479=VECTOR('',#13973,1.0);
#12480=CARTESIAN_POINT('',(13.0175,8.0551857182887,0.9525));
#12481=CARTESIAN_POINT('',(13.0175,2.794,0.9525));
#12482=VECTOR('',#13974,1.0);
#12483=CARTESIAN_POINT('',(13.0175,8.05518571828869,1.5875));
#12484=CARTESIAN_POINT('',(13.0175,8.0551857182887,0.889));
#12485=VECTOR('',#13975,1.0);
#12486=CARTESIAN_POINT('',(13.0175,2.794,1.5875));
#12487=VECTOR('',#13976,1.0);
#12488=COLOUR_RGB('',1.0,1.0,0.0);
#12489=CARTESIAN_POINT('',(12.3825,2.54,0.9525));
#12490=CARTESIAN_POINT('',(14.4145,2.54,0.9525));
#12491=VECTOR('',#13977,1.0);
#12492=CARTESIAN_POINT('',(12.3825,8.0551857182887,0.9525));
#12493=CARTESIAN_POINT('',(12.3825,2.794,0.9525));
#12494=VECTOR('',#13978,1.0);
#12495=CARTESIAN_POINT('',(12.319,8.0551857182887,0.9525));
#12496=VECTOR('',#13979,1.0);
#12497=COLOUR_RGB('',0.705882370471954,0.705882370471954,0.705882370471954);
#12498=CARTESIAN_POINT('',(12.3825,4.44089209850063E-16,1.5875));
#12499=CARTESIAN_POINT('',(14.4145,2.22044604925031E-16,1.5875));
#12500=VECTOR('',#13980,1.0);
#12501=CARTESIAN_POINT('',(12.3825,-2.4671857182887,1.5875));
#12502=CARTESIAN_POINT('',(12.3825,2.794,1.5875));
#12503=VECTOR('',#13981,1.0);
#12504=CARTESIAN_POINT('',(12.319,-2.4671857182887,1.5875));
#12505=VECTOR('',#13982,1.0);
#12506=COLOUR_RGB('',0.705882370471954,0.705882370471954,0.705882370471954);
#12507=CARTESIAN_POINT('',(12.3825,2.22044604925031E-16,0.466977876106195));
#12508=VECTOR('',#13983,1.0);
#12509=CARTESIAN_POINT('',(12.3825,-2.4671857182887,0.889));
#12510=VECTOR('',#13984,1.0);
#12511=COLOUR_RGB('',0.705882370471954,0.705882370471954,0.705882370471954);
#12512=CARTESIAN_POINT('',(12.8778,-3.302,1.0922));
#12513=CARTESIAN_POINT('',(12.8978114745518,-3.18241614349354,1.07218852544819));
#12514=VECTOR('',#13985,1.0);
#12515=CARTESIAN_POINT('',(12.5222,-3.302,1.0922));
#12516=CARTESIAN_POINT('',(12.5095,-3.302,1.0922));
#12517=VECTOR('',#13986,1.0);
#12518=CARTESIAN_POINT('',(12.4920850402328,-3.12204009658703,1.06208504023283));
#12519=VECTOR('',#13987,1.0);
#12520=COLOUR_RGB('',0.705882370471954,0.705882370471954,0.705882370471954);
#12521=CARTESIAN_POINT('',(12.5222,-3.302,1.4478));
#12522=CARTESIAN_POINT('',(12.5021885254482,-3.18241614349354,1.46781147455181));
#12523=VECTOR('',#13988,0.999999999999999);
#12524=CARTESIAN_POINT('',(12.8778,-3.302,1.4478));
#12525=CARTESIAN_POINT('',(12.5095,-3.302,1.4478));
#12526=VECTOR('',#13989,1.0);
#12527=CARTESIAN_POINT('',(12.8877079893364,-3.24279219040005,1.45770798933645));
#12528=VECTOR('',#13990,1.0);
#12529=COLOUR_RGB('',0.705882370471954,0.705882370471954,0.705882370471954);
#12530=CARTESIAN_POINT('',(12.5222,-3.302,0.889));
#12531=VECTOR('',#13991,1.0);
#12532=COLOUR_RGB('',0.705882370471954,0.705882370471954,0.705882370471954);
#12533=CARTESIAN_POINT('',(12.8778,-3.302,0.889));
#12534=VECTOR('',#13992,1.0);
#12535=COLOUR_RGB('',0.705882370471954,0.705882370471954,0.705882370471954);
#12536=COLOUR_RGB('',1.0,1.0,0.0);
#12537=CARTESIAN_POINT('',(12.3825,2.54,1.5875));
#12538=CARTESIAN_POINT('',(12.3825,2.54,-2.3368));
#12539=VECTOR('',#13993,1.0);
#12540=CARTESIAN_POINT('',(12.3825,8.05518571828869,1.5875));
#12541=CARTESIAN_POINT('',(12.3825,2.794,1.5875));
#12542=VECTOR('',#13994,1.0);
#12543=CARTESIAN_POINT('',(12.3825,8.05518571828869,0.889));
#12544=VECTOR('',#13995,1.0);
#12545=COLOUR_RGB('',1.0,1.0,0.0);
#12546=CARTESIAN_POINT('',(14.4145,2.54,1.5875));
#12547=VECTOR('',#13996,1.0);
#12548=CARTESIAN_POINT('',(12.319,8.05518571828869,1.5875));
#12549=VECTOR('',#13997,1.0);
#12550=COLOUR_RGB('',1.0,1.0,0.0);
#12551=CARTESIAN_POINT('',(12.8778,8.89,1.0922));
#12552=CARTESIAN_POINT('',(12.8978114745518,8.77041614349354,1.07218852544819));
#12553=VECTOR('',#13998,1.0);
#12554=CARTESIAN_POINT('',(12.5222,8.89,1.0922));
#12555=CARTESIAN_POINT('',(12.4920850402328,8.71004009658702,1.06208504023283));
#12556=VECTOR('',#13999,1.0);
#12557=CARTESIAN_POINT('',(12.5095,8.89,1.0922));
#12558=VECTOR('',#14000,1.0);
#12559=COLOUR_RGB('',1.0,1.0,0.0);
#12560=CARTESIAN_POINT('',(12.5222,8.89,1.4478));
#12561=CARTESIAN_POINT('',(12.5021885254482,8.77041614349354,1.46781147455181));
#12562=VECTOR('',#14001,1.0);
#12563=CARTESIAN_POINT('',(12.8778,8.89,1.4478));
#12564=CARTESIAN_POINT('',(12.8877079893364,8.83079219040005,1.45770798933645));
#12565=VECTOR('',#14002,1.0);
#12566=CARTESIAN_POINT('',(12.5095,8.89,1.4478));
#12567=VECTOR('',#14003,1.0);
#12568=COLOUR_RGB('',1.0,1.0,0.0);
#12569=CARTESIAN_POINT('',(12.5222,8.89,0.889));
#12570=VECTOR('',#14004,1.0);
#12571=CARTESIAN_POINT('',(12.8778,8.89,0.889));
#12572=VECTOR('',#14005,1.0);
#12573=COLOUR_RGB('',1.0,1.0,0.0);
#12574=COLOUR_RGB('',1.0,1.0,0.0);
#12575=COLOUR_RGB('',0.705882370471954,0.705882370471954,0.705882370471954);
#12576=CARTESIAN_POINT('',(10.4775,4.44089209850063E-16,0.9525));
#12577=CARTESIAN_POINT('',(9.8425,4.44089209850063E-16,0.9525));
#12578=CARTESIAN_POINT('',(13.1445,2.22044604925031E-16,0.9525));
#12579=VECTOR('',#14006,1.0);
#12580=CARTESIAN_POINT('',(10.4775,-2.4671857182887,0.9525));
#12581=CARTESIAN_POINT('',(10.4775,2.794,0.9525));
#12582=VECTOR('',#14007,1.0);
#12583=CARTESIAN_POINT('',(9.8425,-2.4671857182887,0.9525));
#12584=CARTESIAN_POINT('',(9.779,-2.4671857182887,0.9525));
#12585=VECTOR('',#14008,1.0);
#12586=CARTESIAN_POINT('',(9.8425,2.794,0.9525));
#12587=VECTOR('',#14009,1.0);
#12588=COLOUR_RGB('',0.705882370471954,0.705882370471954,0.705882370471954);
#12589=CARTESIAN_POINT('',(10.4775,4.44089209850063E-16,1.5875));
#12590=CARTESIAN_POINT('',(10.4775,2.22044604925031E-16,0.466977876106195));
#12591=VECTOR('',#14010,1.0);
#12592=CARTESIAN_POINT('',(10.4775,-2.4671857182887,1.5875));
#12593=CARTESIAN_POINT('',(10.4775,2.794,1.5875));
#12594=VECTOR('',#14011,1.0);
#12595=CARTESIAN_POINT('',(10.4775,-2.4671857182887,0.889));
#12596=VECTOR('',#14012,1.0);
#12597=COLOUR_RGB('',1.0,1.0,0.0);
#12598=CARTESIAN_POINT('',(10.4775,2.54,0.9525));
#12599=CARTESIAN_POINT('',(10.4775,2.54,1.5875));
#12600=CARTESIAN_POINT('',(10.4775,2.54,-2.3368));
#12601=VECTOR('',#14013,1.0);
#12602=CARTESIAN_POINT('',(10.4775,8.0551857182887,0.9525));
#12603=CARTESIAN_POINT('',(10.4775,2.794,0.9525));
#12604=VECTOR('',#14014,1.0);
#12605=CARTESIAN_POINT('',(10.4775,8.05518571828869,1.5875));
#12606=CARTESIAN_POINT('',(10.4775,8.0551857182887,0.889));
#12607=VECTOR('',#14015,1.0);
#12608=CARTESIAN_POINT('',(10.4775,2.794,1.5875));
#12609=VECTOR('',#14016,1.0);
#12610=COLOUR_RGB('',1.0,1.0,0.0);
#12611=CARTESIAN_POINT('',(9.8425,2.54,0.9525));
#12612=CARTESIAN_POINT('',(13.1445,2.54,0.9525));
#12613=VECTOR('',#14017,1.0);
#12614=CARTESIAN_POINT('',(9.8425,8.0551857182887,0.9525));
#12615=CARTESIAN_POINT('',(9.8425,2.794,0.9525));
#12616=VECTOR('',#14018,1.0);
#12617=CARTESIAN_POINT('',(9.779,8.0551857182887,0.9525));
#12618=VECTOR('',#14019,1.0);
#12619=COLOUR_RGB('',0.705882370471954,0.705882370471954,0.705882370471954);
#12620=CARTESIAN_POINT('',(9.8425,4.44089209850063E-16,1.5875));
#12621=CARTESIAN_POINT('',(13.1445,2.22044604925031E-16,1.5875));
#12622=VECTOR('',#14020,1.0);
#12623=CARTESIAN_POINT('',(9.8425,-2.4671857182887,1.5875));
#12624=CARTESIAN_POINT('',(9.8425,2.794,1.5875));
#12625=VECTOR('',#14021,1.0);
#12626=CARTESIAN_POINT('',(9.779,-2.4671857182887,1.5875));
#12627=VECTOR('',#14022,1.0);
#12628=COLOUR_RGB('',0.705882370471954,0.705882370471954,0.705882370471954);
#12629=CARTESIAN_POINT('',(9.8425,2.22044604925031E-16,0.466977876106195));
#12630=VECTOR('',#14023,1.0);
#12631=CARTESIAN_POINT('',(9.8425,-2.4671857182887,0.889));
#12632=VECTOR('',#14024,1.0);
#12633=COLOUR_RGB('',0.705882370471954,0.705882370471954,0.705882370471954);
#12634=CARTESIAN_POINT('',(10.3378,-3.302,1.0922));
#12635=CARTESIAN_POINT('',(10.3578114745518,-3.18241614349354,1.07218852544819));
#12636=VECTOR('',#14025,1.0);
#12637=CARTESIAN_POINT('',(9.9822,-3.302,1.0922));
#12638=CARTESIAN_POINT('',(9.9695,-3.302,1.0922));
#12639=VECTOR('',#14026,1.0);
#12640=CARTESIAN_POINT('',(9.95208504023283,-3.12204009658703,1.06208504023283));
#12641=VECTOR('',#14027,1.0);
#12642=COLOUR_RGB('',0.705882370471954,0.705882370471954,0.705882370471954);
#12643=CARTESIAN_POINT('',(9.9822,-3.302,1.4478));
#12644=CARTESIAN_POINT('',(9.96218852544819,-3.18241614349354,1.46781147455181));
#12645=VECTOR('',#14028,0.999999999999999);
#12646=CARTESIAN_POINT('',(10.3378,-3.302,1.4478));
#12647=CARTESIAN_POINT('',(9.9695,-3.302,1.4478));
#12648=VECTOR('',#14029,1.0);
#12649=CARTESIAN_POINT('',(10.3477079893364,-3.24279219040005,1.45770798933645));
#12650=VECTOR('',#14030,1.0);
#12651=COLOUR_RGB('',0.705882370471954,0.705882370471954,0.705882370471954);
#12652=CARTESIAN_POINT('',(9.9822,-3.302,0.889));
#12653=VECTOR('',#14031,1.0);
#12654=COLOUR_RGB('',0.705882370471954,0.705882370471954,0.705882370471954);
#12655=CARTESIAN_POINT('',(10.3378,-3.302,0.889));
#12656=VECTOR('',#14032,1.0);
#12657=COLOUR_RGB('',0.705882370471954,0.705882370471954,0.705882370471954);
#12658=COLOUR_RGB('',1.0,1.0,0.0);
#12659=CARTESIAN_POINT('',(9.8425,2.54,1.5875));
#12660=CARTESIAN_POINT('',(9.8425,2.54,-2.3368));
#12661=VECTOR('',#14033,1.0);
#12662=CARTESIAN_POINT('',(9.8425,8.05518571828869,1.5875));
#12663=CARTESIAN_POINT('',(9.8425,2.794,1.5875));
#12664=VECTOR('',#14034,1.0);
#12665=CARTESIAN_POINT('',(9.8425,8.05518571828869,0.889));
#12666=VECTOR('',#14035,1.0);
#12667=COLOUR_RGB('',1.0,1.0,0.0);
#12668=CARTESIAN_POINT('',(13.1445,2.54,1.5875));
#12669=VECTOR('',#14036,1.0);
#12670=CARTESIAN_POINT('',(9.779,8.05518571828869,1.5875));
#12671=VECTOR('',#14037,1.0);
#12672=COLOUR_RGB('',1.0,1.0,0.0);
#12673=CARTESIAN_POINT('',(10.3378,8.89,1.0922));
#12674=CARTESIAN_POINT('',(10.3578114745518,8.77041614349354,1.07218852544819));
#12675=VECTOR('',#14038,1.0);
#12676=CARTESIAN_POINT('',(9.9822,8.89,1.0922));
#12677=CARTESIAN_POINT('',(9.95208504023283,8.71004009658702,1.06208504023283));
#12678=VECTOR('',#14039,1.0);
#12679=CARTESIAN_POINT('',(9.9695,8.89,1.0922));
#12680=VECTOR('',#14040,1.0);
#12681=COLOUR_RGB('',1.0,1.0,0.0);
#12682=CARTESIAN_POINT('',(9.9822,8.89,1.4478));
#12683=CARTESIAN_POINT('',(9.96218852544819,8.77041614349354,1.46781147455181));
#12684=VECTOR('',#14041,1.0);
#12685=CARTESIAN_POINT('',(10.3378,8.89,1.4478));
#12686=CARTESIAN_POINT('',(10.3477079893364,8.83079219040005,1.45770798933645));
#12687=VECTOR('',#14042,1.0);
#12688=CARTESIAN_POINT('',(9.9695,8.89,1.4478));
#12689=VECTOR('',#14043,1.0);
#12690=COLOUR_RGB('',1.0,1.0,0.0);
#12691=CARTESIAN_POINT('',(9.9822,8.89,0.889));
#12692=VECTOR('',#14044,1.0);
#12693=CARTESIAN_POINT('',(10.3378,8.89,0.889));
#12694=VECTOR('',#14045,1.0);
#12695=COLOUR_RGB('',1.0,1.0,0.0);
#12696=COLOUR_RGB('',1.0,1.0,0.0);
#12697=COLOUR_RGB('',0.705882370471954,0.705882370471954,0.705882370471954);
#12698=CARTESIAN_POINT('',(7.9375,4.44089209850063E-16,0.9525));
#12699=CARTESIAN_POINT('',(7.3025,4.44089209850063E-16,0.9525));
#12700=CARTESIAN_POINT('',(11.8745,2.22044604925031E-16,0.9525));
#12701=VECTOR('',#14046,1.0);
#12702=CARTESIAN_POINT('',(7.9375,-2.4671857182887,0.9525));
#12703=CARTESIAN_POINT('',(7.9375,2.794,0.9525));
#12704=VECTOR('',#14047,1.0);
#12705=CARTESIAN_POINT('',(7.3025,-2.4671857182887,0.9525));
#12706=CARTESIAN_POINT('',(7.239,-2.4671857182887,0.9525));
#12707=VECTOR('',#14048,1.0);
#12708=CARTESIAN_POINT('',(7.3025,2.794,0.9525));
#12709=VECTOR('',#14049,1.0);
#12710=COLOUR_RGB('',0.705882370471954,0.705882370471954,0.705882370471954);
#12711=CARTESIAN_POINT('',(7.9375,4.44089209850063E-16,1.5875));
#12712=CARTESIAN_POINT('',(7.9375,2.22044604925031E-16,0.466977876106195));
#12713=VECTOR('',#14050,1.0);
#12714=CARTESIAN_POINT('',(7.9375,-2.4671857182887,1.5875));
#12715=CARTESIAN_POINT('',(7.9375,2.794,1.5875));
#12716=VECTOR('',#14051,1.0);
#12717=CARTESIAN_POINT('',(7.9375,-2.4671857182887,0.889));
#12718=VECTOR('',#14052,1.0);
#12719=COLOUR_RGB('',1.0,1.0,0.0);
#12720=CARTESIAN_POINT('',(7.9375,2.54,0.9525));
#12721=CARTESIAN_POINT('',(7.9375,2.54,1.5875));
#12722=CARTESIAN_POINT('',(7.9375,2.54,-2.3368));
#12723=VECTOR('',#14053,1.0);
#12724=CARTESIAN_POINT('',(7.9375,8.0551857182887,0.9525));
#12725=CARTESIAN_POINT('',(7.9375,2.794,0.9525));
#12726=VECTOR('',#14054,1.0);
#12727=CARTESIAN_POINT('',(7.9375,8.05518571828869,1.5875));
#12728=CARTESIAN_POINT('',(7.9375,8.0551857182887,0.889));
#12729=VECTOR('',#14055,1.0);
#12730=CARTESIAN_POINT('',(7.9375,2.794,1.5875));
#12731=VECTOR('',#14056,1.0);
#12732=COLOUR_RGB('',1.0,1.0,0.0);
#12733=CARTESIAN_POINT('',(7.3025,2.54,0.9525));
#12734=CARTESIAN_POINT('',(11.8745,2.54,0.9525));
#12735=VECTOR('',#14057,1.0);
#12736=CARTESIAN_POINT('',(7.3025,8.0551857182887,0.9525));
#12737=CARTESIAN_POINT('',(7.3025,2.794,0.9525));
#12738=VECTOR('',#14058,1.0);
#12739=CARTESIAN_POINT('',(7.239,8.0551857182887,0.9525));
#12740=VECTOR('',#14059,1.0);
#12741=COLOUR_RGB('',0.705882370471954,0.705882370471954,0.705882370471954);
#12742=CARTESIAN_POINT('',(7.3025,4.44089209850063E-16,1.5875));
#12743=CARTESIAN_POINT('',(11.8745,2.22044604925031E-16,1.5875));
#12744=VECTOR('',#14060,1.0);
#12745=CARTESIAN_POINT('',(7.3025,-2.4671857182887,1.5875));
#12746=CARTESIAN_POINT('',(7.3025,2.794,1.5875));
#12747=VECTOR('',#14061,1.0);
#12748=CARTESIAN_POINT('',(7.239,-2.4671857182887,1.5875));
#12749=VECTOR('',#14062,1.0);
#12750=COLOUR_RGB('',0.705882370471954,0.705882370471954,0.705882370471954);
#12751=CARTESIAN_POINT('',(7.3025,2.22044604925031E-16,0.466977876106195));
#12752=VECTOR('',#14063,1.0);
#12753=CARTESIAN_POINT('',(7.3025,-2.4671857182887,0.889));
#12754=VECTOR('',#14064,1.0);
#12755=COLOUR_RGB('',0.705882370471954,0.705882370471954,0.705882370471954);
#12756=CARTESIAN_POINT('',(7.7978,-3.302,1.0922));
#12757=CARTESIAN_POINT('',(7.81781147455181,-3.18241614349354,1.07218852544819));
#12758=VECTOR('',#14065,1.0);
#12759=CARTESIAN_POINT('',(7.4422,-3.302,1.0922));
#12760=CARTESIAN_POINT('',(7.4295,-3.302,1.0922));
#12761=VECTOR('',#14066,1.0);
#12762=CARTESIAN_POINT('',(7.41208504023283,-3.12204009658703,1.06208504023283));
#12763=VECTOR('',#14067,1.0);
#12764=COLOUR_RGB('',0.705882370471954,0.705882370471954,0.705882370471954);
#12765=CARTESIAN_POINT('',(7.4422,-3.302,1.4478));
#12766=CARTESIAN_POINT('',(7.42218852544819,-3.18241614349354,1.46781147455181));
#12767=VECTOR('',#14068,0.999999999999999);
#12768=CARTESIAN_POINT('',(7.7978,-3.302,1.4478));
#12769=CARTESIAN_POINT('',(7.4295,-3.302,1.4478));
#12770=VECTOR('',#14069,1.0);
#12771=CARTESIAN_POINT('',(7.80770798933645,-3.24279219040005,1.45770798933645));
#12772=VECTOR('',#14070,1.0);
#12773=COLOUR_RGB('',0.705882370471954,0.705882370471954,0.705882370471954);
#12774=CARTESIAN_POINT('',(7.4422,-3.302,0.889));
#12775=VECTOR('',#14071,1.0);
#12776=COLOUR_RGB('',0.705882370471954,0.705882370471954,0.705882370471954);
#12777=CARTESIAN_POINT('',(7.7978,-3.302,0.889));
#12778=VECTOR('',#14072,1.0);
#12779=COLOUR_RGB('',0.705882370471954,0.705882370471954,0.705882370471954);
#12780=COLOUR_RGB('',1.0,1.0,0.0);
#12781=CARTESIAN_POINT('',(7.3025,2.54,1.5875));
#12782=CARTESIAN_POINT('',(7.3025,2.54,-2.3368));
#12783=VECTOR('',#14073,1.0);
#12784=CARTESIAN_POINT('',(7.3025,8.05518571828869,1.5875));
#12785=CARTESIAN_POINT('',(7.3025,2.794,1.5875));
#12786=VECTOR('',#14074,1.0);
#12787=CARTESIAN_POINT('',(7.3025,8.05518571828869,0.889));
#12788=VECTOR('',#14075,1.0);
#12789=COLOUR_RGB('',1.0,1.0,0.0);
#12790=CARTESIAN_POINT('',(11.8745,2.54,1.5875));
#12791=VECTOR('',#14076,1.0);
#12792=CARTESIAN_POINT('',(7.239,8.05518571828869,1.5875));
#12793=VECTOR('',#14077,1.0);
#12794=COLOUR_RGB('',1.0,1.0,0.0);
#12795=CARTESIAN_POINT('',(7.7978,8.89,1.0922));
#12796=CARTESIAN_POINT('',(7.81781147455181,8.77041614349354,1.07218852544819));
#12797=VECTOR('',#14078,1.0);
#12798=CARTESIAN_POINT('',(7.4422,8.89,1.0922));
#12799=CARTESIAN_POINT('',(7.41208504023283,8.71004009658702,1.06208504023283));
#12800=VECTOR('',#14079,1.0);
#12801=CARTESIAN_POINT('',(7.4295,8.89,1.0922));
#12802=VECTOR('',#14080,1.0);
#12803=COLOUR_RGB('',1.0,1.0,0.0);
#12804=CARTESIAN_POINT('',(7.4422,8.89,1.4478));
#12805=CARTESIAN_POINT('',(7.42218852544819,8.77041614349354,1.46781147455181));
#12806=VECTOR('',#14081,1.0);
#12807=CARTESIAN_POINT('',(7.7978,8.89,1.4478));
#12808=CARTESIAN_POINT('',(7.80770798933645,8.83079219040005,1.45770798933645));
#12809=VECTOR('',#14082,1.0);
#12810=CARTESIAN_POINT('',(7.4295,8.89,1.4478));
#12811=VECTOR('',#14083,1.0);
#12812=COLOUR_RGB('',1.0,1.0,0.0);
#12813=CARTESIAN_POINT('',(7.4422,8.89,0.889));
#12814=VECTOR('',#14084,1.0);
#12815=CARTESIAN_POINT('',(7.7978,8.89,0.889));
#12816=VECTOR('',#14085,1.0);
#12817=COLOUR_RGB('',1.0,1.0,0.0);
#12818=COLOUR_RGB('',1.0,1.0,0.0);
#12819=COLOUR_RGB('',0.705882370471954,0.705882370471954,0.705882370471954);
#12820=CARTESIAN_POINT('',(5.3975,4.44089209850063E-16,0.9525));
#12821=CARTESIAN_POINT('',(4.7625,4.44089209850063E-16,0.9525));
#12822=CARTESIAN_POINT('',(10.6045,2.22044604925031E-16,0.9525));
#12823=VECTOR('',#14086,1.0);
#12824=CARTESIAN_POINT('',(5.3975,-2.4671857182887,0.9525));
#12825=CARTESIAN_POINT('',(5.3975,2.794,0.9525));
#12826=VECTOR('',#14087,1.0);
#12827=CARTESIAN_POINT('',(4.7625,-2.4671857182887,0.9525));
#12828=CARTESIAN_POINT('',(4.699,-2.4671857182887,0.9525));
#12829=VECTOR('',#14088,1.0);
#12830=CARTESIAN_POINT('',(4.7625,2.794,0.9525));
#12831=VECTOR('',#14089,1.0);
#12832=COLOUR_RGB('',0.705882370471954,0.705882370471954,0.705882370471954);
#12833=CARTESIAN_POINT('',(5.3975,4.44089209850063E-16,1.5875));
#12834=CARTESIAN_POINT('',(5.3975,2.22044604925031E-16,0.466977876106195));
#12835=VECTOR('',#14090,1.0);
#12836=CARTESIAN_POINT('',(5.3975,-2.4671857182887,1.5875));
#12837=CARTESIAN_POINT('',(5.3975,2.794,1.5875));
#12838=VECTOR('',#14091,1.0);
#12839=CARTESIAN_POINT('',(5.3975,-2.4671857182887,0.889));
#12840=VECTOR('',#14092,1.0);
#12841=COLOUR_RGB('',1.0,1.0,0.0);
#12842=CARTESIAN_POINT('',(5.3975,2.54,0.9525));
#12843=CARTESIAN_POINT('',(5.3975,2.54,1.5875));
#12844=CARTESIAN_POINT('',(5.3975,2.54,-2.3368));
#12845=VECTOR('',#14093,1.0);
#12846=CARTESIAN_POINT('',(5.3975,8.0551857182887,0.9525));
#12847=CARTESIAN_POINT('',(5.3975,2.794,0.9525));
#12848=VECTOR('',#14094,1.0);
#12849=CARTESIAN_POINT('',(5.3975,8.05518571828869,1.5875));
#12850=CARTESIAN_POINT('',(5.3975,8.0551857182887,0.889));
#12851=VECTOR('',#14095,1.0);
#12852=CARTESIAN_POINT('',(5.3975,2.794,1.5875));
#12853=VECTOR('',#14096,1.0);
#12854=COLOUR_RGB('',1.0,1.0,0.0);
#12855=CARTESIAN_POINT('',(4.7625,2.54,0.9525));
#12856=CARTESIAN_POINT('',(10.6045,2.54,0.9525));
#12857=VECTOR('',#14097,1.0);
#12858=CARTESIAN_POINT('',(4.7625,8.0551857182887,0.9525));
#12859=CARTESIAN_POINT('',(4.7625,2.794,0.9525));
#12860=VECTOR('',#14098,1.0);
#12861=CARTESIAN_POINT('',(4.699,8.0551857182887,0.9525));
#12862=VECTOR('',#14099,1.0);
#12863=COLOUR_RGB('',0.705882370471954,0.705882370471954,0.705882370471954);
#12864=CARTESIAN_POINT('',(4.7625,4.44089209850063E-16,1.5875));
#12865=CARTESIAN_POINT('',(10.6045,2.22044604925031E-16,1.5875));
#12866=VECTOR('',#14100,1.0);
#12867=CARTESIAN_POINT('',(4.7625,-2.4671857182887,1.5875));
#12868=CARTESIAN_POINT('',(4.7625,2.794,1.5875));
#12869=VECTOR('',#14101,1.0);
#12870=CARTESIAN_POINT('',(4.699,-2.4671857182887,1.5875));
#12871=VECTOR('',#14102,1.0);
#12872=COLOUR_RGB('',0.705882370471954,0.705882370471954,0.705882370471954);
#12873=CARTESIAN_POINT('',(4.7625,2.22044604925031E-16,0.466977876106195));
#12874=VECTOR('',#14103,1.0);
#12875=CARTESIAN_POINT('',(4.7625,-2.4671857182887,0.889));
#12876=VECTOR('',#14104,1.0);
#12877=COLOUR_RGB('',0.705882370471954,0.705882370471954,0.705882370471954);
#12878=CARTESIAN_POINT('',(5.2578,-3.302,1.0922));
#12879=CARTESIAN_POINT('',(5.27781147455181,-3.18241614349354,1.07218852544819));
#12880=VECTOR('',#14105,1.0);
#12881=CARTESIAN_POINT('',(4.9022,-3.302,1.0922));
#12882=CARTESIAN_POINT('',(4.8895,-3.302,1.0922));
#12883=VECTOR('',#14106,1.0);
#12884=CARTESIAN_POINT('',(4.87208504023283,-3.12204009658703,1.06208504023283));
#12885=VECTOR('',#14107,1.0);
#12886=COLOUR_RGB('',0.705882370471954,0.705882370471954,0.705882370471954);
#12887=CARTESIAN_POINT('',(4.9022,-3.302,1.4478));
#12888=CARTESIAN_POINT('',(4.88218852544819,-3.18241614349354,1.46781147455181));
#12889=VECTOR('',#14108,1.0);
#12890=CARTESIAN_POINT('',(5.2578,-3.302,1.4478));
#12891=CARTESIAN_POINT('',(4.8895,-3.302,1.4478));
#12892=VECTOR('',#14109,1.0);
#12893=CARTESIAN_POINT('',(5.26770798933645,-3.24279219040005,1.45770798933645));
#12894=VECTOR('',#14110,1.0);
#12895=COLOUR_RGB('',0.705882370471954,0.705882370471954,0.705882370471954);
#12896=CARTESIAN_POINT('',(4.9022,-3.302,0.889));
#12897=VECTOR('',#14111,1.0);
#12898=COLOUR_RGB('',0.705882370471954,0.705882370471954,0.705882370471954);
#12899=CARTESIAN_POINT('',(5.2578,-3.302,0.889));
#12900=VECTOR('',#14112,1.0);
#12901=COLOUR_RGB('',0.705882370471954,0.705882370471954,0.705882370471954);
#12902=COLOUR_RGB('',1.0,1.0,0.0);
#12903=CARTESIAN_POINT('',(4.7625,2.54,1.5875));
#12904=CARTESIAN_POINT('',(4.7625,2.54,-2.3368));
#12905=VECTOR('',#14113,1.0);
#12906=CARTESIAN_POINT('',(4.7625,8.05518571828869,1.5875));
#12907=CARTESIAN_POINT('',(4.7625,2.794,1.5875));
#12908=VECTOR('',#14114,1.0);
#12909=CARTESIAN_POINT('',(4.7625,8.05518571828869,0.889));
#12910=VECTOR('',#14115,1.0);
#12911=COLOUR_RGB('',1.0,1.0,0.0);
#12912=CARTESIAN_POINT('',(10.6045,2.54,1.5875));
#12913=VECTOR('',#14116,1.0);
#12914=CARTESIAN_POINT('',(4.699,8.05518571828869,1.5875));
#12915=VECTOR('',#14117,1.0);
#12916=COLOUR_RGB('',1.0,1.0,0.0);
#12917=CARTESIAN_POINT('',(5.2578,8.89,1.0922));
#12918=CARTESIAN_POINT('',(5.27781147455181,8.77041614349354,1.07218852544819));
#12919=VECTOR('',#14118,1.0);
#12920=CARTESIAN_POINT('',(4.9022,8.89,1.0922));
#12921=CARTESIAN_POINT('',(4.87208504023283,8.71004009658702,1.06208504023283));
#12922=VECTOR('',#14119,1.0);
#12923=CARTESIAN_POINT('',(4.8895,8.89,1.0922));
#12924=VECTOR('',#14120,1.0);
#12925=COLOUR_RGB('',1.0,1.0,0.0);
#12926=CARTESIAN_POINT('',(4.9022,8.89,1.4478));
#12927=CARTESIAN_POINT('',(4.88218852544819,8.77041614349354,1.46781147455181));
#12928=VECTOR('',#14121,1.0);
#12929=CARTESIAN_POINT('',(5.2578,8.89,1.4478));
#12930=CARTESIAN_POINT('',(5.26770798933645,8.83079219040005,1.45770798933645));
#12931=VECTOR('',#14122,1.0);
#12932=CARTESIAN_POINT('',(4.8895,8.89,1.4478));
#12933=VECTOR('',#14123,1.0);
#12934=COLOUR_RGB('',1.0,1.0,0.0);
#12935=CARTESIAN_POINT('',(4.9022,8.89,0.889));
#12936=VECTOR('',#14124,1.0);
#12937=CARTESIAN_POINT('',(5.2578,8.89,0.889));
#12938=VECTOR('',#14125,1.0);
#12939=COLOUR_RGB('',1.0,1.0,0.0);
#12940=COLOUR_RGB('',1.0,1.0,0.0);
#12941=COLOUR_RGB('',0.196078434586525,0.196078434586525,0.196078434586525);
#12942=CARTESIAN_POINT('',(6.09333333333333,8.88,4.6355));
#12943=CARTESIAN_POINT('',(5.08,5.08,4.6355));
#12944=CARTESIAN_POINT('',(5.08038727524205,5.08145228215768,4.6355));
#12945=VECTOR('',#14126,1.0);
#12946=CARTESIAN_POINT('',(6.09333333333333,8.88,4.8387));
#12947=CARTESIAN_POINT('',(6.09333333333333,8.88,4.4323));
#12948=VECTOR('',#14127,1.0);
#12949=CARTESIAN_POINT('',(5.08,5.08,4.8387));
#12950=CARTESIAN_POINT('',(5.08,5.08,4.8387));
#12951=VECTOR('',#14128,1.0);
#12952=CARTESIAN_POINT('',(5.08,5.08,4.4323));
#12953=VECTOR('',#14129,1.0);
#12954=COLOUR_RGB('',0.196078434586525,0.196078434586525,0.196078434586525);
#12955=CARTESIAN_POINT('',(4.06666666666666,8.88,4.6355));
#12956=CARTESIAN_POINT('',(10.795,8.88,4.6355));
#12957=VECTOR('',#14130,1.0);
#12958=CARTESIAN_POINT('',(4.06666666666666,8.88,4.8387));
#12959=CARTESIAN_POINT('',(4.06666666666666,8.88,4.4323));
#12960=VECTOR('',#14131,1.0);
#12961=CARTESIAN_POINT('',(4.06666666666666,8.88,4.8387));
#12962=VECTOR('',#14132,1.0);
#12963=COLOUR_RGB('',0.196078434586525,0.196078434586525,0.196078434586525);
#12964=CARTESIAN_POINT('',(5.83845089903181,2.2358091286307,4.6355));
#12965=VECTOR('',#14133,1.0);
#12966=CARTESIAN_POINT('',(4.06666666666666,8.88,4.8387));
#12967=VECTOR('',#14134,1.0);
#12968=COLOUR_RGB('',0.196078434586525,0.196078434586525,0.196078434586525);
#12969=COLOUR_RGB('',0.196078434586525,0.196078434586525,0.196078434586525);
#12970=CARTESIAN_POINT('',(33.02,6.35,-1.651));
#12971=CARTESIAN_POINT('',(33.02,3.84924392165219E-16,-1.651));
#12972=CARTESIAN_POINT('',(33.02,1.27,-1.651));
#12973=VECTOR('',#14135,1.0);
#12974=CARTESIAN_POINT('',(31.75,6.35,-1.651));
#12975=CARTESIAN_POINT('',(32.749,6.35,-1.651));
#12976=VECTOR('',#14136,1.0);
#12977=CARTESIAN_POINT('',(31.75,2.54,-1.651));
#12978=CARTESIAN_POINT('',(31.75,4.0005,-1.651));
#12979=VECTOR('',#14137,1.0);
#12980=CARTESIAN_POINT('',(31.749,2.54,-1.651));
#12981=CARTESIAN_POINT('',(24.6295,2.54,-1.651));
#12982=VECTOR('',#14138,1.0);
#12983=CARTESIAN_POINT('',(31.749,4.44089209850063E-16,-1.651));
#12984=CARTESIAN_POINT('',(31.749,2.54,-1.651));
#12985=VECTOR('',#14139,1.0);
#12986=CARTESIAN_POINT('',(24.6295,2.22044604925031E-16,-1.651));
#12987=VECTOR('',#14140,1.0);
#12988=COLOUR_RGB('',0.196078434586525,0.196078434586525,0.196078434586525);
#12989=CARTESIAN_POINT('',(31.749,4.44089209850063E-16,1.651));
#12990=CARTESIAN_POINT('',(31.749,2.22044604925031E-16,0.0224778761061968));
#12991=VECTOR('',#14141,1.0);
#12992=CARTESIAN_POINT('',(31.749,2.54,1.651));
#12993=CARTESIAN_POINT('',(31.749,2.54,-2.7813));
#12994=VECTOR('',#14142,1.0);
#12995=CARTESIAN_POINT('',(31.749,2.54,1.651));
#12996=VECTOR('',#14143,1.0);
#12997=COLOUR_RGB('',0.196078434586525,0.196078434586525,0.196078434586525);
#12998=CARTESIAN_POINT('',(33.02,1.82741883149144E-16,1.651));
#12999=CARTESIAN_POINT('',(33.02,6.35,1.651));
#13000=CARTESIAN_POINT('',(33.02,1.27,1.651));
#13001=VECTOR('',#14144,1.0);
#13002=CARTESIAN_POINT('',(24.6295,2.22044604925031E-16,1.651));
#13003=VECTOR('',#14145,1.0);
#13004=CARTESIAN_POINT('',(31.75,2.54,1.651));
#13005=CARTESIAN_POINT('',(24.6295,2.54,1.651));
#13006=VECTOR('',#14146,1.0);
#13007=CARTESIAN_POINT('',(31.75,6.35,1.651));
#13008=CARTESIAN_POINT('',(31.75,4.0005,1.651));
#13009=VECTOR('',#14147,1.0);
#13010=CARTESIAN_POINT('',(32.749,6.35,1.651));
#13011=VECTOR('',#14148,1.0);
#13012=COLOUR_RGB('',0.196078434586525,0.196078434586525,0.196078434586525);
#13013=CARTESIAN_POINT('',(33.02,6.35,9.94319128986079E-16));
#13014=VECTOR('',#14149,1.0);
#13015=CARTESIAN_POINT('',(31.75,6.35,-2.7813));
#13016=VECTOR('',#14150,1.0);
#13017=COLOUR_RGB('',0.196078434586525,0.196078434586525,0.196078434586525);
#13018=CARTESIAN_POINT('',(30.48,1.39972506241898E-16,2.3495));
#13019=CARTESIAN_POINT('',(30.48,0.0,3.1115));
#13020=AXIS2_PLACEMENT_3D('',#14151,#14152,#14153);
#13021=AXIS2_PLACEMENT_3D('',#14154,#14155,#14156);
#13022=CARTESIAN_POINT('',(30.48,4.74351271153098E-16,-3.1115));
#13023=CARTESIAN_POINT('',(30.48,0.0,-2.3495));
#13024=AXIS2_PLACEMENT_3D('',#14157,#14158,#14159);
#13025=AXIS2_PLACEMENT_3D('',#14160,#14161,#14162);
#13026=CARTESIAN_POINT('',(2.54,1.39972506241898E-16,2.3495));
#13027=CARTESIAN_POINT('',(2.54,0.0,3.1115));
#13028=AXIS2_PLACEMENT_3D('',#14163,#14164,#14165);
#13029=AXIS2_PLACEMENT_3D('',#14166,#14167,#14168);
#13030=CARTESIAN_POINT('',(2.54,4.74351271153098E-16,-3.1115));
#13031=CARTESIAN_POINT('',(2.54,0.0,-2.3495));
#13032=AXIS2_PLACEMENT_3D('',#14169,#14170,#14171);
#13033=AXIS2_PLACEMENT_3D('',#14172,#14173,#14174);
#13034=CARTESIAN_POINT('',(33.02,0.0,4.6355));
#13035=CARTESIAN_POINT('',(33.02,0.0,4.6355));
#13036=VECTOR('',#14175,1.0);
#13037=CARTESIAN_POINT('',(0.0,0.0,4.6355));
#13038=CARTESIAN_POINT('',(0.0,0.0,4.6355));
#13039=VECTOR('',#14176,1.0);
#13040=CARTESIAN_POINT('',(5.48225649447433E-16,1.82741883149144E-16,1.651));
#13041=CARTESIAN_POINT('',(1.70299882594309E-15,5.67666275314363E-16,-4.6355));
#13042=VECTOR('',#14177,1.0);
#13043=CARTESIAN_POINT('',(1.271,4.44089209850063E-16,1.651));
#13044=CARTESIAN_POINT('',(8.3905,2.22044604925031E-16,1.651));
#13045=VECTOR('',#14178,1.0);
#13046=CARTESIAN_POINT('',(1.271,4.44089209850063E-16,-1.651));
#13047=CARTESIAN_POINT('',(1.271,2.22044604925031E-16,0.0224778761061949));
#13048=VECTOR('',#14179,1.0);
#13049=CARTESIAN_POINT('',(1.15477317649566E-15,3.84924392165219E-16,-1.651));
#13050=CARTESIAN_POINT('',(8.3905,2.22044604925031E-16,-1.651));
#13051=VECTOR('',#14180,1.0);
#13052=CARTESIAN_POINT('',(1.77635683940025E-15,5.67666275314363E-16,-4.6355));
#13053=CARTESIAN_POINT('',(1.70299882594309E-15,5.67666275314363E-16,-4.6355));
#13054=VECTOR('',#14181,1.0);
#13055=CARTESIAN_POINT('',(1.27,5.67666275314363E-16,-4.6355));
#13056=CARTESIAN_POINT('',(1.27,5.67666275314363E-16,-4.6355));
#13057=VECTOR('',#14182,1.0);
#13058=CARTESIAN_POINT('',(1.27,5.44337524274047E-16,-4.2545));
#13059=CARTESIAN_POINT('',(1.27,5.44337524274047E-16,-4.2545));
#13060=VECTOR('',#14183,1.0);
#13061=CARTESIAN_POINT('',(15.24,5.44337524274047E-16,-4.2545));
#13062=CARTESIAN_POINT('',(15.24,5.44337524274047E-16,-4.2545));
#13063=VECTOR('',#14184,1.0);
#13064=CARTESIAN_POINT('',(15.24,5.67666275314363E-16,-4.6355));
#13065=CARTESIAN_POINT('',(15.24,5.67666275314363E-16,-4.6355));
#13066=VECTOR('',#14185,1.0);
#13067=CARTESIAN_POINT('',(17.78,5.67666275314363E-16,-4.6355));
#13068=CARTESIAN_POINT('',(17.78,5.67666275314363E-16,-4.6355));
#13069=VECTOR('',#14186,1.0);
#13070=CARTESIAN_POINT('',(17.78,5.44337524274047E-16,-4.2545));
#13071=CARTESIAN_POINT('',(17.78,5.44337524274047E-16,-4.2545));
#13072=VECTOR('',#14187,1.0);
#13073=CARTESIAN_POINT('',(31.75,5.44337524274047E-16,-4.2545));
#13074=CARTESIAN_POINT('',(31.75,5.44337524274047E-16,-4.2545));
#13075=VECTOR('',#14188,1.0);
#13076=CARTESIAN_POINT('',(31.75,5.67666275314363E-16,-4.6355));
#13077=CARTESIAN_POINT('',(31.75,5.67666275314363E-16,-4.6355));
#13078=VECTOR('',#14189,1.0);
#13079=CARTESIAN_POINT('',(33.02,5.67666275314363E-16,-4.6355));
#13080=CARTESIAN_POINT('',(33.02,5.67666275314363E-16,-4.6355));
#13081=VECTOR('',#14190,1.0);
#13082=CARTESIAN_POINT('',(33.02,0.0,4.6355));
#13083=VECTOR('',#14191,1.0);
#13084=COLOUR_RGB('',0.196078434586525,0.196078434586525,0.196078434586525);
#13085=CARTESIAN_POINT('',(31.75,2.54,3.175));
#13086=CARTESIAN_POINT('',(31.75,2.54,-5.5626));
#13087=VECTOR('',#14192,1.0);
#13088=CARTESIAN_POINT('',(31.75,8.382,3.175));
#13089=CARTESIAN_POINT('',(31.75,5.461,3.175));
#13090=VECTOR('',#14193,1.0);
#13091=CARTESIAN_POINT('',(31.75,8.382,-3.175));
#13092=CARTESIAN_POINT('',(31.75,8.382,-5.5626));
#13093=VECTOR('',#14194,1.0);
#13094=CARTESIAN_POINT('',(31.75,2.54,-3.175));
#13095=CARTESIAN_POINT('',(31.75,5.461,-3.175));
#13096=VECTOR('',#14195,1.0);
#13097=CARTESIAN_POINT('',(31.75,2.54,-5.5626));
#13098=VECTOR('',#14196,1.0);
#13099=COLOUR_RGB('',0.196078434586525,0.196078434586525,0.196078434586525);
#13100=CARTESIAN_POINT('',(1.27,6.35,1.651));
#13101=CARTESIAN_POINT('',(1.27,6.35,-1.651));
#13102=CARTESIAN_POINT('',(1.27,6.35,-2.7813));
#13103=VECTOR('',#14197,1.0);
#13104=CARTESIAN_POINT('',(5.55111512312578E-16,6.35,1.651));
#13105=CARTESIAN_POINT('',(0.270999999999999,6.35,1.651));
#13106=VECTOR('',#14198,1.0);
#13107=CARTESIAN_POINT('',(1.11022302462516E-15,6.35,-1.651));
#13108=CARTESIAN_POINT('',(8.60422844084496E-16,6.35,-2.48901241414397E-17));
#13109=VECTOR('',#14199,1.0);
#13110=CARTESIAN_POINT('',(0.270999999999999,6.35,-1.651));
#13111=VECTOR('',#14200,1.0);
#13112=COLOUR_RGB('',0.196078434586525,0.196078434586525,0.196078434586525);
#13113=CARTESIAN_POINT('',(1.27,2.54,-1.651));
#13114=CARTESIAN_POINT('',(1.27,4.0005,-1.651));
#13115=VECTOR('',#14201,1.0);
#13116=CARTESIAN_POINT('',(1.16573417585641E-15,1.27,-1.651));
#13117=VECTOR('',#14202,1.0);
#13118=CARTESIAN_POINT('',(1.271,2.54,-1.651));
#13119=CARTESIAN_POINT('',(1.271,2.54,-1.651));
#13120=VECTOR('',#14203,1.0);
#13121=CARTESIAN_POINT('',(8.3905,2.54,-1.651));
#13122=VECTOR('',#14204,1.0);
#13123=COLOUR_RGB('',0.196078434586525,0.196078434586525,0.196078434586525);
#13124=CARTESIAN_POINT('',(1.27,2.54,1.651));
#13125=CARTESIAN_POINT('',(1.27,4.0005,1.651));
#13126=VECTOR('',#14205,1.0);
#13127=CARTESIAN_POINT('',(1.271,2.54,1.651));
#13128=CARTESIAN_POINT('',(8.3905,2.54,1.651));
#13129=VECTOR('',#14206,1.0);
#13130=CARTESIAN_POINT('',(1.271,2.54,1.651));
#13131=VECTOR('',#14207,1.0);
#13132=CARTESIAN_POINT('',(5.55111512312578E-16,1.27,1.651));
#13133=VECTOR('',#14208,1.0);
#13134=COLOUR_RGB('',0.196078434586525,0.196078434586525,0.196078434586525);
#13135=CARTESIAN_POINT('',(1.271,2.54,-2.7813));
#13136=VECTOR('',#14209,1.0);
#13137=COLOUR_RGB('',0.196078434586525,0.196078434586525,0.196078434586525);
#13138=CARTESIAN_POINT('',(1.27,2.54,-3.175));
#13139=CARTESIAN_POINT('',(1.27,2.54,-5.5626));
#13140=VECTOR('',#14210,1.0);
#13141=CARTESIAN_POINT('',(1.27,8.382,-3.175));
#13142=CARTESIAN_POINT('',(1.27,5.461,-3.175));
#13143=VECTOR('',#14211,1.0);
#13144=CARTESIAN_POINT('',(1.27,8.382,3.175));
#13145=CARTESIAN_POINT('',(1.27,8.382,-5.5626));
#13146=VECTOR('',#14212,1.0);
#13147=CARTESIAN_POINT('',(1.27,2.54,3.175));
#13148=CARTESIAN_POINT('',(1.27,5.461,3.175));
#13149=VECTOR('',#14213,1.0);
#13150=CARTESIAN_POINT('',(1.27,2.54,-5.5626));
#13151=VECTOR('',#14214,1.0);
#13152=COLOUR_RGB('',0.196078434586525,0.196078434586525,0.196078434586525);
#13153=CARTESIAN_POINT('',(13.97,1.27,4.6355));
#13154=CARTESIAN_POINT('',(13.97,8.89,4.6355));
#13155=CARTESIAN_POINT('',(13.97,2.8575,4.6355));
#13156=VECTOR('',#14215,1.0);
#13157=CARTESIAN_POINT('',(13.97,1.27,3.174));
#13158=CARTESIAN_POINT('',(13.97,1.27,4.7615));
#13159=VECTOR('',#14216,1.0);
#13160=CARTESIAN_POINT('',(13.97,2.54,3.174));
#13161=CARTESIAN_POINT('',(13.97,5.715,3.174));
#13162=VECTOR('',#14217,1.0);
#13163=CARTESIAN_POINT('',(13.97,2.54,3.175));
#13164=CARTESIAN_POINT('',(13.97,2.54,-0.40055));
#13165=VECTOR('',#14218,1.0);
#13166=CARTESIAN_POINT('',(13.97,8.382,3.175));
#13167=CARTESIAN_POINT('',(13.97,5.588,3.175));
#13168=VECTOR('',#14219,1.0);
#13169=CARTESIAN_POINT('',(13.97,8.89,3.60126261263806));
#13170=CARTESIAN_POINT('',(13.97,9.00206945257904,3.69530004896337));
#13171=VECTOR('',#14220,1.0);
#13172=CARTESIAN_POINT('',(13.97,8.89,2.4032278761062));
#13173=VECTOR('',#14221,1.0);
#13174=COLOUR_RGB('',0.196078434586525,0.196078434586525,0.196078434586525);
#13175=CARTESIAN_POINT('',(19.05,2.54,3.174));
#13176=CARTESIAN_POINT('',(16.51,2.54,3.174));
#13177=VECTOR('',#14222,1.0);
#13178=CARTESIAN_POINT('',(19.05,1.27,3.174));
#13179=CARTESIAN_POINT('',(16.51,1.27,3.174));
#13180=VECTOR('',#14223,1.0);
#13181=CARTESIAN_POINT('',(19.05,5.715,3.174));
#13182=VECTOR('',#14224,1.0);
#13183=COLOUR_RGB('',0.196078434586525,0.196078434586525,0.196078434586525);
#13184=CARTESIAN_POINT('',(19.05,1.27,4.6355));
#13185=CARTESIAN_POINT('',(16.51,1.27,4.6355));
#13186=VECTOR('',#14225,1.0);
#13187=CARTESIAN_POINT('',(19.05,1.27,4.7615));
#13188=VECTOR('',#14226,1.0);
#13189=COLOUR_RGB('',0.196078434586525,0.196078434586525,0.196078434586525);
#13190=CARTESIAN_POINT('',(19.05,8.89,4.6355));
#13191=CARTESIAN_POINT('',(19.05,2.8575,4.6355));
#13192=VECTOR('',#14227,1.0);
#13193=CARTESIAN_POINT('',(19.05,8.89,3.60126261263806));
#13194=CARTESIAN_POINT('',(19.05,8.89,2.4032278761062));
#13195=VECTOR('',#14228,1.0);
#13196=CARTESIAN_POINT('',(19.05,8.382,3.175));
#13197=CARTESIAN_POINT('',(19.05,9.00206945257904,3.69530004896337));
#13198=VECTOR('',#14229,1.0);
#13199=CARTESIAN_POINT('',(19.05,2.54,3.175));
#13200=CARTESIAN_POINT('',(19.05,5.588,3.175));
#13201=VECTOR('',#14230,1.0);
#13202=CARTESIAN_POINT('',(19.05,2.54,-0.40055));
#13203=VECTOR('',#14231,1.0);
#13204=COLOUR_RGB('',0.196078434586525,0.196078434586525,0.196078434586525);
#13205=CARTESIAN_POINT('',(6.604,2.54,-3.175));
#13206=VECTOR('',#14232,1.0);
#13207=CARTESIAN_POINT('',(6.604,2.54,3.175));
#13208=VECTOR('',#14233,1.0);
#13209=CARTESIAN_POINT('',(6.604,2.54,3.175));
#13210=VECTOR('',#14234,1.0);
#13211=COLOUR_RGB('',0.196078434586525,0.196078434586525,0.196078434586525);
#13212=CARTESIAN_POINT('',(-3.302,8.382,3.175));
#13213=VECTOR('',#14235,1.0);
#13214=COLOUR_RGB('',0.196078434586525,0.196078434586525,0.196078434586525);
#13215=CARTESIAN_POINT('',(-3.302,8.382,3.175));
#13216=VECTOR('',#14236,1.0);
#13217=COLOUR_RGB('',0.196078434586525,0.196078434586525,0.196078434586525);
#13218=CARTESIAN_POINT('',(32.1762626126381,8.89,3.60126261263806));
#13219=CARTESIAN_POINT('',(6.604,8.89,3.60126261263806));
#13220=VECTOR('',#14237,1.0);
#13221=CARTESIAN_POINT('',(26.4018751597869,2.00835300803368,-2.17312484021312));
#13222=VECTOR('',#14238,1.0);
#13223=COLOUR_RGB('',0.196078434586525,0.196078434586525,0.196078434586525);
#13224=CARTESIAN_POINT('',(0.84373738736194,8.89,3.60126261263806));
#13225=CARTESIAN_POINT('',(0.825610909463887,8.91160229515608,3.61938909053611));
#13226=VECTOR('',#14239,1.0);
#13227=CARTESIAN_POINT('',(6.604,8.89,3.60126261263806));
#13228=VECTOR('',#14240,1.0);
#13229=COLOUR_RGB('',0.196078434586525,0.196078434586525,0.196078434586525);
#13230=COLOUR_RGB('',0.196078434586525,0.196078434586525,0.196078434586525);
#13231=COLOUR_RGB('',0.196078434586525,0.196078434586525,0.196078434586525);
#13232=COLOUR_RGB('',0.196078434586525,0.196078434586525,0.196078434586525);
#13233=COLOUR_RGB('',0.196078434586525,0.196078434586525,0.196078434586525);
#13234=CARTESIAN_POINT('',(0.843737387361939,8.89,-3.60126261263806));
#13235=CARTESIAN_POINT('',(0.843737387361941,8.89,-2.7588221238938));
#13236=VECTOR('',#14241,1.0);
#13237=CARTESIAN_POINT('',(-0.800748771092628,10.8498222873097,-5.24574877109262));
#13238=VECTOR('',#14242,1.0);
#13239=COLOUR_RGB('',0.196078434586525,0.196078434586525,0.196078434586525);
#13240=CARTESIAN_POINT('',(-3.302,8.382,-3.175));
#13241=VECTOR('',#14243,1.0);
#13242=COLOUR_RGB('',0.196078434586525,0.196078434586525,0.196078434586525);
#13243=CARTESIAN_POINT('',(32.1762626126381,8.89,-3.60126261263805));
#13244=CARTESIAN_POINT('',(6.604,8.89,-3.60126261263806));
#13245=VECTOR('',#14244,1.0);
#13246=CARTESIAN_POINT('',(28.0282348403434,3.94657300018727,0.546765159656608));
#13247=VECTOR('',#14245,1.0);
#13248=COLOUR_RGB('',0.196078434586525,0.196078434586525,0.196078434586525);
#13249=CARTESIAN_POINT('',(32.1762626126381,8.89,-2.7588221238938));
#13250=VECTOR('',#14246,1.0);
#13251=COLOUR_RGB('',0.196078434586525,0.196078434586525,0.196078434586525);
#13252=CARTESIAN_POINT('',(0.0,8.89,4.6355));
#13253=CARTESIAN_POINT('',(0.0,0.0,4.6355));
#13254=VECTOR('',#14247,1.0);
#13255=CARTESIAN_POINT('',(1.77635683940025E-15,8.89,-4.6355));
#13256=CARTESIAN_POINT('',(1.70299882594309E-15,8.89,-4.6355));
#13257=VECTOR('',#14248,1.0);
#13258=CARTESIAN_POINT('',(1.77635683940025E-15,5.67666275314363E-16,-4.6355));
#13259=VECTOR('',#14249,1.0);
#13260=COLOUR_RGB('',0.196078434586525,0.196078434586525,0.196078434586525);
#13261=CARTESIAN_POINT('',(1.27,8.89,-4.6355));
#13262=CARTESIAN_POINT('',(1.27,8.89,-4.6355));
#13263=VECTOR('',#14250,1.0);
#13264=CARTESIAN_POINT('',(1.27,5.67666275314363E-16,-4.6355));
#13265=VECTOR('',#14251,1.0);
#13266=COLOUR_RGB('',0.196078434586525,0.196078434586525,0.196078434586525);
#13267=CARTESIAN_POINT('',(1.27,8.89,-4.2545));
#13268=CARTESIAN_POINT('',(1.27,8.89,-4.2545));
#13269=VECTOR('',#14252,1.0);
#13270=CARTESIAN_POINT('',(1.27,5.44337524274047E-16,-4.2545));
#13271=VECTOR('',#14253,1.0);
#13272=COLOUR_RGB('',0.196078434586525,0.196078434586525,0.196078434586525);
#13273=CARTESIAN_POINT('',(15.24,8.89,-4.2545));
#13274=CARTESIAN_POINT('',(15.24,8.89,-4.2545));
#13275=VECTOR('',#14254,1.0);
#13276=CARTESIAN_POINT('',(15.24,5.44337524274047E-16,-4.2545));
#13277=VECTOR('',#14255,1.0);
#13278=COLOUR_RGB('',0.196078434586525,0.196078434586525,0.196078434586525);
#13279=CARTESIAN_POINT('',(15.24,8.89,-4.6355));
#13280=CARTESIAN_POINT('',(15.24,8.89,-4.6355));
#13281=VECTOR('',#14256,1.0);
#13282=CARTESIAN_POINT('',(15.24,5.67666275314363E-16,-4.6355));
#13283=VECTOR('',#14257,1.0);
#13284=COLOUR_RGB('',0.196078434586525,0.196078434586525,0.196078434586525);
#13285=CARTESIAN_POINT('',(17.78,8.89,-4.6355));
#13286=CARTESIAN_POINT('',(17.78,8.89,-4.6355));
#13287=VECTOR('',#14258,1.0);
#13288=CARTESIAN_POINT('',(17.78,5.67666275314363E-16,-4.6355));
#13289=VECTOR('',#14259,1.0);
#13290=COLOUR_RGB('',0.196078434586525,0.196078434586525,0.196078434586525);
#13291=CARTESIAN_POINT('',(17.78,8.89,-4.2545));
#13292=CARTESIAN_POINT('',(17.78,8.89,-4.2545));
#13293=VECTOR('',#14260,1.0);
#13294=CARTESIAN_POINT('',(17.78,5.44337524274047E-16,-4.2545));
#13295=VECTOR('',#14261,1.0);
#13296=COLOUR_RGB('',0.196078434586525,0.196078434586525,0.196078434586525);
#13297=CARTESIAN_POINT('',(31.75,8.89,-4.2545));
#13298=CARTESIAN_POINT('',(31.75,8.89,-4.2545));
#13299=VECTOR('',#14262,1.0);
#13300=CARTESIAN_POINT('',(31.75,5.44337524274047E-16,-4.2545));
#13301=VECTOR('',#14263,1.0);
#13302=COLOUR_RGB('',0.196078434586525,0.196078434586525,0.196078434586525);
#13303=CARTESIAN_POINT('',(31.75,8.89,-4.6355));
#13304=CARTESIAN_POINT('',(31.75,8.89,-4.6355));
#13305=VECTOR('',#14264,1.0);
#13306=CARTESIAN_POINT('',(31.75,5.67666275314363E-16,-4.6355));
#13307=VECTOR('',#14265,1.0);
#13308=COLOUR_RGB('',0.196078434586525,0.196078434586525,0.196078434586525);
#13309=CARTESIAN_POINT('',(33.02,8.89,-4.6355));
#13310=CARTESIAN_POINT('',(33.02,8.89,-4.6355));
#13311=VECTOR('',#14266,1.0);
#13312=CARTESIAN_POINT('',(33.02,5.67666275314363E-16,-4.6355));
#13313=VECTOR('',#14267,1.0);
#13314=COLOUR_RGB('',0.196078434586525,0.196078434586525,0.196078434586525);
#13315=CARTESIAN_POINT('',(33.02,8.89,4.6355));
#13316=CARTESIAN_POINT('',(33.02,8.89,4.6355));
#13317=VECTOR('',#14268,1.0);
#13318=CARTESIAN_POINT('',(33.02,0.0,4.6355));
#13319=VECTOR('',#14269,1.0);
#13320=COLOUR_RGB('',0.196078434586525,0.196078434586525,0.196078434586525);
#13321=CARTESIAN_POINT('',(0.0,8.89,4.6355));
#13322=VECTOR('',#14270,1.0);
#13323=CARTESIAN_POINT('',(0.0,8.89,4.6355));
#13324=VECTOR('',#14271,1.0);
#13325=COLOUR_RGB('',0.196078434586525,0.196078434586525,0.196078434586525);
#13326=DIRECTION('',(-1.0,3.74915180455534E-33,-6.12303176911189E-17));
#13327=DIRECTION('',(0.0,-1.0,0.0));
#13328=DIRECTION('',(1.0,0.0,6.12303176911189E-17));
#13329=DIRECTION('',(-5.27553618172919E-18,1.0,-3.23022756398271E-34));
#13330=DIRECTION('',(0.0,6.12303176911189E-17,-1.0));
#13331=DIRECTION('',(0.0,1.0,5.27553618172919E-18));
#13332=DIRECTION('',(0.0,0.0,1.0));
#13333=DIRECTION('',(-0.0,0.0,1.0));
#13334=DIRECTION('',(0.0,-1.0,0.0));
#13335=DIRECTION('',(0.0,0.0,1.0));
#13336=DIRECTION('',(0.0,1.0,5.27553618172919E-18));
#13337=DIRECTION('',(1.0,0.0,6.12303176911189E-17));
#13338=DIRECTION('',(-5.27553618172919E-18,1.0,-3.23022756398271E-34));
#13339=DIRECTION('',(1.0,0.0,6.12303176911189E-17));
#13340=DIRECTION('',(1.0,-3.74915180455534E-33,6.12303176911189E-17));
#13341=DIRECTION('',(5.27553618172919E-18,-1.0,-5.27553618172919E-18));
#13342=DIRECTION('',(1.0,0.0,6.12303176911189E-17));
#13343=DIRECTION('',(3.23022756398271E-34,-6.12303176911189E-17,1.0));
#13344=DIRECTION('',(0.0,0.0,1.0));
#13345=DIRECTION('',(-0.162844508346391,-0.973120409919987,0.162844508346391));
#13346=DIRECTION('',(-1.0,-0.0,-6.12303176911189E-17));
#13347=DIRECTION('',(-0.162844508346391,0.973120409919987,-0.162844508346391));
#13348=DIRECTION('',(0.162844508346391,-0.973120409919987,-0.162844508346391));
#13349=DIRECTION('',(1.0,0.0,6.12303176911189E-17));
#13350=DIRECTION('',(0.162844508346391,0.973120409919987,0.162844508346391));
#13351=DIRECTION('',(0.0,0.0,1.0));
#13352=DIRECTION('',(0.0,0.0,1.0));
#13353=DIRECTION('',(0.0,-0.0,-1.0));
#13354=DIRECTION('',(5.27553618172919E-18,-1.0,-5.27553618172919E-18));
#13355=DIRECTION('',(0.0,0.0,1.0));
#13356=DIRECTION('',(-1.0,-0.0,-6.12303176911189E-17));
#13357=DIRECTION('',(1.0,0.0,6.12303176911189E-17));
#13358=DIRECTION('',(0.162844508346391,-0.973120409919987,-0.162844508346391));
#13359=DIRECTION('',(0.162844508346391,0.973120409919987,0.162844508346391));
#13360=DIRECTION('',(1.0,0.0,6.12303176911189E-17));
#13361=DIRECTION('',(-0.162844508346391,-0.973120409919987,0.162844508346391));
#13362=DIRECTION('',(-0.162844508346391,0.973120409919987,-0.162844508346391));
#13363=DIRECTION('',(-1.0,0.0,-6.12303176911189E-17));
#13364=DIRECTION('',(0.0,0.0,1.0));
#13365=DIRECTION('',(0.0,0.0,1.0));
#13366=DIRECTION('',(-1.0,3.74915180455534E-33,-6.12303176911189E-17));
#13367=DIRECTION('',(0.0,-1.0,0.0));
#13368=DIRECTION('',(1.0,0.0,6.12303176911189E-17));
#13369=DIRECTION('',(-5.27553618172919E-18,1.0,-3.23022756398271E-34));
#13370=DIRECTION('',(0.0,6.12303176911189E-17,-1.0));
#13371=DIRECTION('',(0.0,1.0,5.27553618172919E-18));
#13372=DIRECTION('',(0.0,0.0,1.0));
#13373=DIRECTION('',(-0.0,0.0,1.0));
#13374=DIRECTION('',(0.0,-1.0,0.0));
#13375=DIRECTION('',(0.0,0.0,1.0));
#13376=DIRECTION('',(0.0,1.0,5.27553618172919E-18));
#13377=DIRECTION('',(1.0,0.0,6.12303176911189E-17));
#13378=DIRECTION('',(-5.27553618172919E-18,1.0,-3.23022756398271E-34));
#13379=DIRECTION('',(1.0,0.0,6.12303176911189E-17));
#13380=DIRECTION('',(1.0,-3.74915180455534E-33,6.12303176911189E-17));
#13381=DIRECTION('',(5.27553618172919E-18,-1.0,-5.27553618172919E-18));
#13382=DIRECTION('',(1.0,0.0,6.12303176911189E-17));
#13383=DIRECTION('',(3.23022756398271E-34,-6.12303176911189E-17,1.0));
#13384=DIRECTION('',(0.0,0.0,1.0));
#13385=DIRECTION('',(-0.162844508346391,-0.973120409919987,0.162844508346391));
#13386=DIRECTION('',(-1.0,-0.0,-6.12303176911189E-17));
#13387=DIRECTION('',(-0.162844508346391,0.973120409919987,-0.162844508346391));
#13388=DIRECTION('',(0.162844508346391,-0.973120409919987,-0.162844508346391));
#13389=DIRECTION('',(1.0,0.0,6.12303176911189E-17));
#13390=DIRECTION('',(0.162844508346391,0.973120409919987,0.162844508346391));
#13391=DIRECTION('',(0.0,0.0,1.0));
#13392=DIRECTION('',(0.0,0.0,1.0));
#13393=DIRECTION('',(0.0,-0.0,-1.0));
#13394=DIRECTION('',(5.27553618172919E-18,-1.0,-5.27553618172919E-18));
#13395=DIRECTION('',(0.0,0.0,1.0));
#13396=DIRECTION('',(-1.0,-0.0,-6.12303176911189E-17));
#13397=DIRECTION('',(1.0,0.0,6.12303176911189E-17));
#13398=DIRECTION('',(0.162844508346391,-0.973120409919987,-0.162844508346391));
#13399=DIRECTION('',(0.162844508346391,0.973120409919987,0.162844508346391));
#13400=DIRECTION('',(1.0,0.0,6.12303176911189E-17));
#13401=DIRECTION('',(-0.162844508346391,-0.973120409919987,0.162844508346391));
#13402=DIRECTION('',(-0.162844508346391,0.973120409919987,-0.162844508346391));
#13403=DIRECTION('',(-1.0,0.0,-6.12303176911189E-17));
#13404=DIRECTION('',(0.0,0.0,1.0));
#13405=DIRECTION('',(0.0,0.0,1.0));
#13406=DIRECTION('',(-1.0,3.74915180455534E-33,-6.12303176911189E-17));
#13407=DIRECTION('',(0.0,-1.0,0.0));
#13408=DIRECTION('',(1.0,0.0,6.12303176911189E-17));
#13409=DIRECTION('',(-5.27553618172919E-18,1.0,-3.23022756398271E-34));
#13410=DIRECTION('',(0.0,6.12303176911189E-17,-1.0));
#13411=DIRECTION('',(0.0,1.0,5.27553618172919E-18));
#13412=DIRECTION('',(0.0,0.0,1.0));
#13413=DIRECTION('',(-0.0,0.0,1.0));
#13414=DIRECTION('',(0.0,-1.0,0.0));
#13415=DIRECTION('',(0.0,0.0,1.0));
#13416=DIRECTION('',(0.0,1.0,5.27553618172919E-18));
#13417=DIRECTION('',(1.0,0.0,6.12303176911189E-17));
#13418=DIRECTION('',(-5.27553618172919E-18,1.0,-3.23022756398271E-34));
#13419=DIRECTION('',(1.0,0.0,6.12303176911189E-17));
#13420=DIRECTION('',(1.0,-3.74915180455534E-33,6.12303176911189E-17));
#13421=DIRECTION('',(5.27553618172919E-18,-1.0,-5.27553618172919E-18));
#13422=DIRECTION('',(1.0,0.0,6.12303176911189E-17));
#13423=DIRECTION('',(3.23022756398271E-34,-6.12303176911189E-17,1.0));
#13424=DIRECTION('',(0.0,0.0,1.0));
#13425=DIRECTION('',(-0.162844508346391,-0.973120409919987,0.162844508346391));
#13426=DIRECTION('',(-1.0,-0.0,-6.12303176911189E-17));
#13427=DIRECTION('',(-0.162844508346391,0.973120409919987,-0.162844508346391));
#13428=DIRECTION('',(0.162844508346391,-0.973120409919987,-0.162844508346391));
#13429=DIRECTION('',(1.0,0.0,6.12303176911189E-17));
#13430=DIRECTION('',(0.162844508346391,0.973120409919987,0.162844508346391));
#13431=DIRECTION('',(0.0,0.0,1.0));
#13432=DIRECTION('',(0.0,0.0,1.0));
#13433=DIRECTION('',(0.0,-0.0,-1.0));
#13434=DIRECTION('',(5.27553618172919E-18,-1.0,-5.27553618172919E-18));
#13435=DIRECTION('',(0.0,0.0,1.0));
#13436=DIRECTION('',(-1.0,-0.0,-6.12303176911189E-17));
#13437=DIRECTION('',(1.0,0.0,6.12303176911189E-17));
#13438=DIRECTION('',(0.162844508346391,-0.973120409919987,-0.162844508346391));
#13439=DIRECTION('',(0.162844508346391,0.973120409919987,0.162844508346391));
#13440=DIRECTION('',(1.0,0.0,6.12303176911189E-17));
#13441=DIRECTION('',(-0.162844508346391,-0.973120409919987,0.162844508346391));
#13442=DIRECTION('',(-0.162844508346391,0.973120409919987,-0.162844508346391));
#13443=DIRECTION('',(-1.0,0.0,-6.12303176911189E-17));
#13444=DIRECTION('',(0.0,0.0,1.0));
#13445=DIRECTION('',(0.0,0.0,1.0));
#13446=DIRECTION('',(-1.0,3.74915180455534E-33,-6.12303176911189E-17));
#13447=DIRECTION('',(0.0,-1.0,0.0));
#13448=DIRECTION('',(1.0,0.0,6.12303176911189E-17));
#13449=DIRECTION('',(-5.27553618172919E-18,1.0,-3.23022756398271E-34));
#13450=DIRECTION('',(0.0,6.12303176911189E-17,-1.0));
#13451=DIRECTION('',(0.0,1.0,5.27553618172919E-18));
#13452=DIRECTION('',(0.0,0.0,1.0));
#13453=DIRECTION('',(-0.0,0.0,1.0));
#13454=DIRECTION('',(0.0,-1.0,0.0));
#13455=DIRECTION('',(0.0,0.0,1.0));
#13456=DIRECTION('',(0.0,1.0,5.27553618172919E-18));
#13457=DIRECTION('',(1.0,0.0,6.12303176911189E-17));
#13458=DIRECTION('',(-5.27553618172919E-18,1.0,-3.23022756398271E-34));
#13459=DIRECTION('',(1.0,0.0,6.12303176911189E-17));
#13460=DIRECTION('',(1.0,-3.74915180455534E-33,6.12303176911189E-17));
#13461=DIRECTION('',(5.27553618172919E-18,-1.0,-5.27553618172919E-18));
#13462=DIRECTION('',(1.0,0.0,6.12303176911189E-17));
#13463=DIRECTION('',(3.23022756398271E-34,-6.12303176911189E-17,1.0));
#13464=DIRECTION('',(0.0,0.0,1.0));
#13465=DIRECTION('',(-0.162844508346391,-0.973120409919987,0.162844508346391));
#13466=DIRECTION('',(-1.0,-0.0,-6.12303176911189E-17));
#13467=DIRECTION('',(-0.162844508346391,0.973120409919987,-0.162844508346391));
#13468=DIRECTION('',(0.162844508346391,-0.973120409919987,-0.162844508346391));
#13469=DIRECTION('',(1.0,0.0,6.12303176911189E-17));
#13470=DIRECTION('',(0.162844508346391,0.973120409919987,0.162844508346391));
#13471=DIRECTION('',(0.0,0.0,1.0));
#13472=DIRECTION('',(0.0,0.0,1.0));
#13473=DIRECTION('',(0.0,-0.0,-1.0));
#13474=DIRECTION('',(5.27553618172919E-18,-1.0,-5.27553618172919E-18));
#13475=DIRECTION('',(0.0,0.0,1.0));
#13476=DIRECTION('',(-1.0,-0.0,-6.12303176911189E-17));
#13477=DIRECTION('',(1.0,0.0,6.12303176911189E-17));
#13478=DIRECTION('',(0.162844508346391,-0.973120409919987,-0.162844508346391));
#13479=DIRECTION('',(0.162844508346391,0.973120409919987,0.162844508346391));
#13480=DIRECTION('',(1.0,0.0,6.12303176911189E-17));
#13481=DIRECTION('',(-0.162844508346391,-0.973120409919987,0.162844508346391));
#13482=DIRECTION('',(-0.162844508346391,0.973120409919987,-0.162844508346391));
#13483=DIRECTION('',(-1.0,0.0,-6.12303176911189E-17));
#13484=DIRECTION('',(0.0,0.0,1.0));
#13485=DIRECTION('',(0.0,0.0,1.0));
#13486=DIRECTION('',(-1.0,3.74915180455534E-33,-6.12303176911189E-17));
#13487=DIRECTION('',(0.0,-1.0,0.0));
#13488=DIRECTION('',(1.0,0.0,6.12303176911189E-17));
#13489=DIRECTION('',(-5.27553618172919E-18,1.0,-3.23022756398271E-34));
#13490=DIRECTION('',(0.0,6.12303176911189E-17,-1.0));
#13491=DIRECTION('',(0.0,1.0,5.27553618172919E-18));
#13492=DIRECTION('',(0.0,0.0,1.0));
#13493=DIRECTION('',(-0.0,0.0,1.0));
#13494=DIRECTION('',(0.0,-1.0,0.0));
#13495=DIRECTION('',(0.0,0.0,1.0));
#13496=DIRECTION('',(0.0,1.0,5.27553618172919E-18));
#13497=DIRECTION('',(1.0,0.0,6.12303176911189E-17));
#13498=DIRECTION('',(-5.27553618172919E-18,1.0,-3.23022756398271E-34));
#13499=DIRECTION('',(1.0,0.0,6.12303176911189E-17));
#13500=DIRECTION('',(1.0,-3.74915180455534E-33,6.12303176911189E-17));
#13501=DIRECTION('',(5.27553618172919E-18,-1.0,-5.27553618172919E-18));
#13502=DIRECTION('',(1.0,0.0,6.12303176911189E-17));
#13503=DIRECTION('',(3.23022756398271E-34,-6.12303176911189E-17,1.0));
#13504=DIRECTION('',(0.0,0.0,1.0));
#13505=DIRECTION('',(-0.162844508346391,-0.973120409919987,0.162844508346391));
#13506=DIRECTION('',(-1.0,-0.0,-6.12303176911189E-17));
#13507=DIRECTION('',(-0.162844508346391,0.973120409919987,-0.162844508346391));
#13508=DIRECTION('',(0.162844508346391,-0.973120409919987,-0.162844508346391));
#13509=DIRECTION('',(1.0,0.0,6.12303176911189E-17));
#13510=DIRECTION('',(0.162844508346391,0.973120409919987,0.162844508346391));
#13511=DIRECTION('',(0.0,0.0,1.0));
#13512=DIRECTION('',(0.0,0.0,1.0));
#13513=DIRECTION('',(0.0,-0.0,-1.0));
#13514=DIRECTION('',(5.27553618172919E-18,-1.0,-5.27553618172919E-18));
#13515=DIRECTION('',(0.0,0.0,1.0));
#13516=DIRECTION('',(-1.0,-0.0,-6.12303176911189E-17));
#13517=DIRECTION('',(1.0,0.0,6.12303176911189E-17));
#13518=DIRECTION('',(0.162844508346391,-0.973120409919987,-0.162844508346391));
#13519=DIRECTION('',(0.162844508346391,0.973120409919987,0.162844508346391));
#13520=DIRECTION('',(1.0,0.0,6.12303176911189E-17));
#13521=DIRECTION('',(-0.162844508346391,-0.973120409919987,0.162844508346391));
#13522=DIRECTION('',(-0.162844508346391,0.973120409919987,-0.162844508346391));
#13523=DIRECTION('',(-1.0,0.0,-6.12303176911189E-17));
#13524=DIRECTION('',(0.0,0.0,1.0));
#13525=DIRECTION('',(0.0,0.0,1.0));
#13526=DIRECTION('',(-1.0,3.74915180455534E-33,-6.12303176911189E-17));
#13527=DIRECTION('',(0.0,-1.0,0.0));
#13528=DIRECTION('',(1.0,0.0,6.12303176911189E-17));
#13529=DIRECTION('',(-5.27553618172919E-18,1.0,-3.23022756398271E-34));
#13530=DIRECTION('',(0.0,6.12303176911189E-17,-1.0));
#13531=DIRECTION('',(0.0,1.0,5.27553618172919E-18));
#13532=DIRECTION('',(0.0,0.0,1.0));
#13533=DIRECTION('',(-0.0,0.0,1.0));
#13534=DIRECTION('',(0.0,-1.0,0.0));
#13535=DIRECTION('',(0.0,0.0,1.0));
#13536=DIRECTION('',(0.0,1.0,5.27553618172919E-18));
#13537=DIRECTION('',(1.0,0.0,6.12303176911189E-17));
#13538=DIRECTION('',(-5.27553618172919E-18,1.0,-3.23022756398271E-34));
#13539=DIRECTION('',(1.0,0.0,6.12303176911189E-17));
#13540=DIRECTION('',(1.0,-3.74915180455534E-33,6.12303176911189E-17));
#13541=DIRECTION('',(5.27553618172919E-18,-1.0,-5.27553618172919E-18));
#13542=DIRECTION('',(1.0,0.0,6.12303176911189E-17));
#13543=DIRECTION('',(3.23022756398271E-34,-6.12303176911189E-17,1.0));
#13544=DIRECTION('',(0.0,0.0,1.0));
#13545=DIRECTION('',(-0.162844508346391,-0.973120409919987,0.162844508346391));
#13546=DIRECTION('',(-1.0,-0.0,-6.12303176911189E-17));
#13547=DIRECTION('',(-0.162844508346391,0.973120409919987,-0.162844508346391));
#13548=DIRECTION('',(0.162844508346391,-0.973120409919987,-0.162844508346391));
#13549=DIRECTION('',(1.0,0.0,6.12303176911189E-17));
#13550=DIRECTION('',(0.162844508346391,0.973120409919987,0.162844508346391));
#13551=DIRECTION('',(0.0,0.0,1.0));
#13552=DIRECTION('',(0.0,0.0,1.0));
#13553=DIRECTION('',(0.0,-0.0,-1.0));
#13554=DIRECTION('',(5.27553618172919E-18,-1.0,-5.27553618172919E-18));
#13555=DIRECTION('',(0.0,0.0,1.0));
#13556=DIRECTION('',(-1.0,-0.0,-6.12303176911189E-17));
#13557=DIRECTION('',(1.0,0.0,6.12303176911189E-17));
#13558=DIRECTION('',(0.162844508346391,-0.973120409919987,-0.162844508346391));
#13559=DIRECTION('',(0.162844508346391,0.973120409919987,0.162844508346391));
#13560=DIRECTION('',(1.0,0.0,6.12303176911189E-17));
#13561=DIRECTION('',(-0.162844508346391,-0.973120409919987,0.162844508346391));
#13562=DIRECTION('',(-0.162844508346391,0.973120409919987,-0.162844508346391));
#13563=DIRECTION('',(-1.0,0.0,-6.12303176911189E-17));
#13564=DIRECTION('',(0.0,0.0,1.0));
#13565=DIRECTION('',(0.0,0.0,1.0));
#13566=DIRECTION('',(-1.0,3.74915180455534E-33,-6.12303176911189E-17));
#13567=DIRECTION('',(0.0,-1.0,0.0));
#13568=DIRECTION('',(1.0,0.0,6.12303176911189E-17));
#13569=DIRECTION('',(-5.27553618172919E-18,1.0,-3.23022756398271E-34));
#13570=DIRECTION('',(0.0,6.12303176911189E-17,-1.0));
#13571=DIRECTION('',(0.0,1.0,5.27553618172919E-18));
#13572=DIRECTION('',(0.0,0.0,1.0));
#13573=DIRECTION('',(-0.0,0.0,1.0));
#13574=DIRECTION('',(0.0,-1.0,0.0));
#13575=DIRECTION('',(0.0,0.0,1.0));
#13576=DIRECTION('',(0.0,1.0,5.27553618172919E-18));
#13577=DIRECTION('',(1.0,0.0,6.12303176911189E-17));
#13578=DIRECTION('',(-5.27553618172919E-18,1.0,-3.23022756398271E-34));
#13579=DIRECTION('',(1.0,0.0,6.12303176911189E-17));
#13580=DIRECTION('',(1.0,-3.74915180455534E-33,6.12303176911189E-17));
#13581=DIRECTION('',(5.27553618172919E-18,-1.0,-5.27553618172919E-18));
#13582=DIRECTION('',(1.0,0.0,6.12303176911189E-17));
#13583=DIRECTION('',(3.23022756398271E-34,-6.12303176911189E-17,1.0));
#13584=DIRECTION('',(0.0,0.0,1.0));
#13585=DIRECTION('',(-0.162844508346391,-0.973120409919987,0.162844508346391));
#13586=DIRECTION('',(-1.0,-0.0,-6.12303176911189E-17));
#13587=DIRECTION('',(-0.162844508346391,0.973120409919987,-0.162844508346391));
#13588=DIRECTION('',(0.162844508346391,-0.973120409919987,-0.162844508346391));
#13589=DIRECTION('',(1.0,0.0,6.12303176911189E-17));
#13590=DIRECTION('',(0.162844508346391,0.973120409919987,0.162844508346391));
#13591=DIRECTION('',(0.0,0.0,1.0));
#13592=DIRECTION('',(0.0,0.0,1.0));
#13593=DIRECTION('',(0.0,-0.0,-1.0));
#13594=DIRECTION('',(5.27553618172919E-18,-1.0,-5.27553618172919E-18));
#13595=DIRECTION('',(0.0,0.0,1.0));
#13596=DIRECTION('',(-1.0,-0.0,-6.12303176911189E-17));
#13597=DIRECTION('',(1.0,0.0,6.12303176911189E-17));
#13598=DIRECTION('',(0.162844508346391,-0.973120409919987,-0.162844508346391));
#13599=DIRECTION('',(0.162844508346391,0.973120409919987,0.162844508346391));
#13600=DIRECTION('',(1.0,0.0,6.12303176911189E-17));
#13601=DIRECTION('',(-0.162844508346391,-0.973120409919987,0.162844508346391));
#13602=DIRECTION('',(-0.162844508346391,0.973120409919987,-0.162844508346391));
#13603=DIRECTION('',(-1.0,0.0,-6.12303176911189E-17));
#13604=DIRECTION('',(0.0,0.0,1.0));
#13605=DIRECTION('',(0.0,0.0,1.0));
#13606=DIRECTION('',(-1.0,3.74915180455534E-33,-6.12303176911189E-17));
#13607=DIRECTION('',(0.0,-1.0,0.0));
#13608=DIRECTION('',(1.0,0.0,6.12303176911189E-17));
#13609=DIRECTION('',(-5.27553618172919E-18,1.0,-3.23022756398271E-34));
#13610=DIRECTION('',(0.0,6.12303176911189E-17,-1.0));
#13611=DIRECTION('',(0.0,1.0,5.27553618172919E-18));
#13612=DIRECTION('',(0.0,0.0,1.0));
#13613=DIRECTION('',(-0.0,0.0,1.0));
#13614=DIRECTION('',(0.0,-1.0,0.0));
#13615=DIRECTION('',(0.0,0.0,1.0));
#13616=DIRECTION('',(0.0,1.0,5.27553618172919E-18));
#13617=DIRECTION('',(1.0,0.0,6.12303176911189E-17));
#13618=DIRECTION('',(-5.27553618172919E-18,1.0,-3.23022756398271E-34));
#13619=DIRECTION('',(1.0,0.0,6.12303176911189E-17));
#13620=DIRECTION('',(1.0,-3.74915180455534E-33,6.12303176911189E-17));
#13621=DIRECTION('',(5.27553618172919E-18,-1.0,-5.27553618172919E-18));
#13622=DIRECTION('',(1.0,0.0,6.12303176911189E-17));
#13623=DIRECTION('',(3.23022756398271E-34,-6.12303176911189E-17,1.0));
#13624=DIRECTION('',(0.0,0.0,1.0));
#13625=DIRECTION('',(-0.162844508346391,-0.973120409919987,0.162844508346391));
#13626=DIRECTION('',(-1.0,-0.0,-6.12303176911189E-17));
#13627=DIRECTION('',(-0.162844508346391,0.973120409919987,-0.162844508346391));
#13628=DIRECTION('',(0.162844508346391,-0.973120409919987,-0.162844508346391));
#13629=DIRECTION('',(1.0,0.0,6.12303176911189E-17));
#13630=DIRECTION('',(0.162844508346391,0.973120409919987,0.162844508346391));
#13631=DIRECTION('',(0.0,0.0,1.0));
#13632=DIRECTION('',(0.0,0.0,1.0));
#13633=DIRECTION('',(0.0,-0.0,-1.0));
#13634=DIRECTION('',(5.27553618172919E-18,-1.0,-5.27553618172919E-18));
#13635=DIRECTION('',(0.0,0.0,1.0));
#13636=DIRECTION('',(-1.0,-0.0,-6.12303176911189E-17));
#13637=DIRECTION('',(1.0,0.0,6.12303176911189E-17));
#13638=DIRECTION('',(0.162844508346391,-0.973120409919987,-0.162844508346391));
#13639=DIRECTION('',(0.162844508346391,0.973120409919987,0.162844508346391));
#13640=DIRECTION('',(1.0,0.0,6.12303176911189E-17));
#13641=DIRECTION('',(-0.162844508346391,-0.973120409919987,0.162844508346391));
#13642=DIRECTION('',(-0.162844508346391,0.973120409919987,-0.162844508346391));
#13643=DIRECTION('',(-1.0,0.0,-6.12303176911189E-17));
#13644=DIRECTION('',(0.0,0.0,1.0));
#13645=DIRECTION('',(0.0,0.0,1.0));
#13646=DIRECTION('',(-1.0,3.74915180455534E-33,-6.12303176911189E-17));
#13647=DIRECTION('',(0.0,-1.0,0.0));
#13648=DIRECTION('',(1.0,0.0,6.12303176911189E-17));
#13649=DIRECTION('',(-5.27553618172919E-18,1.0,-3.23022756398271E-34));
#13650=DIRECTION('',(0.0,6.12303176911189E-17,-1.0));
#13651=DIRECTION('',(0.0,1.0,5.27553618172919E-18));
#13652=DIRECTION('',(0.0,0.0,1.0));
#13653=DIRECTION('',(-0.0,0.0,1.0));
#13654=DIRECTION('',(0.0,-1.0,0.0));
#13655=DIRECTION('',(0.0,0.0,1.0));
#13656=DIRECTION('',(0.0,1.0,5.27553618172919E-18));
#13657=DIRECTION('',(1.0,0.0,6.12303176911189E-17));
#13658=DIRECTION('',(-5.27553618172919E-18,1.0,-3.23022756398271E-34));
#13659=DIRECTION('',(1.0,0.0,6.12303176911189E-17));
#13660=DIRECTION('',(1.0,-3.74915180455534E-33,6.12303176911189E-17));
#13661=DIRECTION('',(5.27553618172919E-18,-1.0,-5.27553618172919E-18));
#13662=DIRECTION('',(1.0,0.0,6.12303176911189E-17));
#13663=DIRECTION('',(3.23022756398271E-34,-6.12303176911189E-17,1.0));
#13664=DIRECTION('',(0.0,0.0,1.0));
#13665=DIRECTION('',(-0.162844508346391,-0.973120409919987,0.162844508346391));
#13666=DIRECTION('',(-1.0,-0.0,-6.12303176911189E-17));
#13667=DIRECTION('',(-0.162844508346391,0.973120409919987,-0.162844508346391));
#13668=DIRECTION('',(0.162844508346391,-0.973120409919987,-0.162844508346391));
#13669=DIRECTION('',(1.0,0.0,6.12303176911189E-17));
#13670=DIRECTION('',(0.162844508346391,0.973120409919987,0.162844508346391));
#13671=DIRECTION('',(0.0,0.0,1.0));
#13672=DIRECTION('',(0.0,0.0,1.0));
#13673=DIRECTION('',(0.0,-0.0,-1.0));
#13674=DIRECTION('',(5.27553618172919E-18,-1.0,-5.27553618172919E-18));
#13675=DIRECTION('',(0.0,0.0,1.0));
#13676=DIRECTION('',(-1.0,-0.0,-6.12303176911189E-17));
#13677=DIRECTION('',(1.0,0.0,6.12303176911189E-17));
#13678=DIRECTION('',(0.162844508346391,-0.973120409919987,-0.162844508346391));
#13679=DIRECTION('',(0.162844508346391,0.973120409919987,0.162844508346391));
#13680=DIRECTION('',(1.0,0.0,6.12303176911189E-17));
#13681=DIRECTION('',(-0.162844508346391,-0.973120409919987,0.162844508346391));
#13682=DIRECTION('',(-0.162844508346391,0.973120409919987,-0.162844508346391));
#13683=DIRECTION('',(-1.0,0.0,-6.12303176911189E-17));
#13684=DIRECTION('',(0.0,0.0,1.0));
#13685=DIRECTION('',(0.0,0.0,1.0));
#13686=DIRECTION('',(-1.0,3.74915180455534E-33,-6.12303176911189E-17));
#13687=DIRECTION('',(0.0,-1.0,0.0));
#13688=DIRECTION('',(1.0,0.0,6.12303176911189E-17));
#13689=DIRECTION('',(-5.27553618172919E-18,1.0,-3.23022756398271E-34));
#13690=DIRECTION('',(0.0,6.12303176911189E-17,-1.0));
#13691=DIRECTION('',(0.0,1.0,5.27553618172919E-18));
#13692=DIRECTION('',(0.0,0.0,1.0));
#13693=DIRECTION('',(-0.0,0.0,1.0));
#13694=DIRECTION('',(0.0,-1.0,0.0));
#13695=DIRECTION('',(0.0,0.0,1.0));
#13696=DIRECTION('',(0.0,1.0,5.27553618172919E-18));
#13697=DIRECTION('',(1.0,0.0,6.12303176911189E-17));
#13698=DIRECTION('',(-5.27553618172919E-18,1.0,-3.23022756398271E-34));
#13699=DIRECTION('',(1.0,0.0,6.12303176911189E-17));
#13700=DIRECTION('',(1.0,-3.74915180455534E-33,6.12303176911189E-17));
#13701=DIRECTION('',(5.27553618172919E-18,-1.0,-5.27553618172919E-18));
#13702=DIRECTION('',(1.0,0.0,6.12303176911189E-17));
#13703=DIRECTION('',(3.23022756398271E-34,-6.12303176911189E-17,1.0));
#13704=DIRECTION('',(0.0,0.0,1.0));
#13705=DIRECTION('',(-0.162844508346391,-0.973120409919987,0.162844508346391));
#13706=DIRECTION('',(-1.0,-0.0,-6.12303176911189E-17));
#13707=DIRECTION('',(-0.162844508346391,0.973120409919987,-0.162844508346391));
#13708=DIRECTION('',(0.162844508346391,-0.973120409919987,-0.162844508346391));
#13709=DIRECTION('',(1.0,0.0,6.12303176911189E-17));
#13710=DIRECTION('',(0.162844508346391,0.973120409919987,0.162844508346391));
#13711=DIRECTION('',(0.0,0.0,1.0));
#13712=DIRECTION('',(0.0,0.0,1.0));
#13713=DIRECTION('',(0.0,-0.0,-1.0));
#13714=DIRECTION('',(5.27553618172919E-18,-1.0,-5.27553618172919E-18));
#13715=DIRECTION('',(0.0,0.0,1.0));
#13716=DIRECTION('',(-1.0,-0.0,-6.12303176911189E-17));
#13717=DIRECTION('',(1.0,0.0,6.12303176911189E-17));
#13718=DIRECTION('',(0.162844508346391,-0.973120409919987,-0.162844508346391));
#13719=DIRECTION('',(0.162844508346391,0.973120409919987,0.162844508346391));
#13720=DIRECTION('',(1.0,0.0,6.12303176911189E-17));
#13721=DIRECTION('',(-0.162844508346391,-0.973120409919987,0.162844508346391));
#13722=DIRECTION('',(-0.162844508346391,0.973120409919987,-0.162844508346391));
#13723=DIRECTION('',(-1.0,0.0,-6.12303176911189E-17));
#13724=DIRECTION('',(0.0,0.0,1.0));
#13725=DIRECTION('',(0.0,0.0,1.0));
#13726=DIRECTION('',(-1.0,3.74915180455534E-33,-6.12303176911189E-17));
#13727=DIRECTION('',(0.0,-1.0,0.0));
#13728=DIRECTION('',(1.0,0.0,6.12303176911189E-17));
#13729=DIRECTION('',(-5.27553618172919E-18,1.0,-3.23022756398271E-34));
#13730=DIRECTION('',(0.0,6.12303176911189E-17,-1.0));
#13731=DIRECTION('',(0.0,1.0,5.27553618172919E-18));
#13732=DIRECTION('',(0.0,0.0,1.0));
#13733=DIRECTION('',(-0.0,0.0,1.0));
#13734=DIRECTION('',(0.0,-1.0,0.0));
#13735=DIRECTION('',(0.0,0.0,1.0));
#13736=DIRECTION('',(0.0,1.0,5.27553618172919E-18));
#13737=DIRECTION('',(1.0,0.0,6.12303176911189E-17));
#13738=DIRECTION('',(-5.27553618172919E-18,1.0,-3.23022756398271E-34));
#13739=DIRECTION('',(1.0,0.0,6.12303176911189E-17));
#13740=DIRECTION('',(1.0,-3.74915180455534E-33,6.12303176911189E-17));
#13741=DIRECTION('',(5.27553618172919E-18,-1.0,-5.27553618172919E-18));
#13742=DIRECTION('',(1.0,0.0,6.12303176911189E-17));
#13743=DIRECTION('',(3.23022756398271E-34,-6.12303176911189E-17,1.0));
#13744=DIRECTION('',(0.0,0.0,1.0));
#13745=DIRECTION('',(-0.162844508346391,-0.973120409919987,0.162844508346391));
#13746=DIRECTION('',(-1.0,-0.0,-6.12303176911189E-17));
#13747=DIRECTION('',(-0.162844508346391,0.973120409919987,-0.162844508346391));
#13748=DIRECTION('',(0.162844508346391,-0.973120409919987,-0.162844508346391));
#13749=DIRECTION('',(1.0,0.0,6.12303176911189E-17));
#13750=DIRECTION('',(0.162844508346391,0.973120409919987,0.162844508346391));
#13751=DIRECTION('',(0.0,0.0,1.0));
#13752=DIRECTION('',(0.0,0.0,1.0));
#13753=DIRECTION('',(0.0,-0.0,-1.0));
#13754=DIRECTION('',(5.27553618172919E-18,-1.0,-5.27553618172919E-18));
#13755=DIRECTION('',(0.0,0.0,1.0));
#13756=DIRECTION('',(-1.0,-0.0,-6.12303176911189E-17));
#13757=DIRECTION('',(1.0,0.0,6.12303176911189E-17));
#13758=DIRECTION('',(0.162844508346391,-0.973120409919987,-0.162844508346391));
#13759=DIRECTION('',(0.162844508346391,0.973120409919987,0.162844508346391));
#13760=DIRECTION('',(1.0,0.0,6.12303176911189E-17));
#13761=DIRECTION('',(-0.162844508346391,-0.973120409919987,0.162844508346391));
#13762=DIRECTION('',(-0.162844508346391,0.973120409919987,-0.162844508346391));
#13763=DIRECTION('',(-1.0,0.0,-6.12303176911189E-17));
#13764=DIRECTION('',(0.0,0.0,1.0));
#13765=DIRECTION('',(0.0,0.0,1.0));
#13766=DIRECTION('',(-1.0,3.74915180455534E-33,-6.12303176911189E-17));
#13767=DIRECTION('',(0.0,-1.0,0.0));
#13768=DIRECTION('',(1.0,0.0,6.12303176911189E-17));
#13769=DIRECTION('',(-5.27553618172919E-18,1.0,-3.23022756398271E-34));
#13770=DIRECTION('',(0.0,6.12303176911189E-17,-1.0));
#13771=DIRECTION('',(0.0,1.0,5.27553618172919E-18));
#13772=DIRECTION('',(0.0,0.0,1.0));
#13773=DIRECTION('',(-0.0,0.0,1.0));
#13774=DIRECTION('',(0.0,-1.0,0.0));
#13775=DIRECTION('',(0.0,0.0,1.0));
#13776=DIRECTION('',(0.0,1.0,5.27553618172919E-18));
#13777=DIRECTION('',(1.0,0.0,6.12303176911189E-17));
#13778=DIRECTION('',(-5.27553618172919E-18,1.0,-3.23022756398271E-34));
#13779=DIRECTION('',(1.0,0.0,6.12303176911189E-17));
#13780=DIRECTION('',(1.0,-3.74915180455534E-33,6.12303176911189E-17));
#13781=DIRECTION('',(5.27553618172919E-18,-1.0,-5.27553618172919E-18));
#13782=DIRECTION('',(1.0,0.0,6.12303176911189E-17));
#13783=DIRECTION('',(3.23022756398271E-34,-6.12303176911189E-17,1.0));
#13784=DIRECTION('',(0.0,0.0,1.0));
#13785=DIRECTION('',(-0.162844508346391,-0.973120409919987,0.162844508346391));
#13786=DIRECTION('',(-1.0,-0.0,-6.12303176911189E-17));
#13787=DIRECTION('',(-0.162844508346391,0.973120409919987,-0.162844508346391));
#13788=DIRECTION('',(0.162844508346391,-0.973120409919987,-0.162844508346391));
#13789=DIRECTION('',(1.0,0.0,6.12303176911189E-17));
#13790=DIRECTION('',(0.162844508346391,0.973120409919987,0.162844508346391));
#13791=DIRECTION('',(0.0,0.0,1.0));
#13792=DIRECTION('',(0.0,0.0,1.0));
#13793=DIRECTION('',(0.0,-0.0,-1.0));
#13794=DIRECTION('',(5.27553618172919E-18,-1.0,-5.27553618172919E-18));
#13795=DIRECTION('',(0.0,0.0,1.0));
#13796=DIRECTION('',(-1.0,-0.0,-6.12303176911189E-17));
#13797=DIRECTION('',(1.0,0.0,6.12303176911189E-17));
#13798=DIRECTION('',(0.162844508346391,-0.973120409919987,-0.162844508346391));
#13799=DIRECTION('',(0.162844508346391,0.973120409919987,0.162844508346391));
#13800=DIRECTION('',(1.0,0.0,6.12303176911189E-17));
#13801=DIRECTION('',(-0.162844508346391,-0.973120409919987,0.162844508346391));
#13802=DIRECTION('',(-0.162844508346391,0.973120409919987,-0.162844508346391));
#13803=DIRECTION('',(-1.0,0.0,-6.12303176911189E-17));
#13804=DIRECTION('',(0.0,0.0,1.0));
#13805=DIRECTION('',(0.0,0.0,1.0));
#13806=DIRECTION('',(-1.0,3.74915180455534E-33,-6.12303176911189E-17));
#13807=DIRECTION('',(0.0,-1.0,0.0));
#13808=DIRECTION('',(1.0,0.0,6.12303176911189E-17));
#13809=DIRECTION('',(-5.27553618172919E-18,1.0,-3.23022756398271E-34));
#13810=DIRECTION('',(0.0,6.12303176911189E-17,-1.0));
#13811=DIRECTION('',(0.0,1.0,5.27553618172919E-18));
#13812=DIRECTION('',(0.0,0.0,1.0));
#13813=DIRECTION('',(-0.0,0.0,1.0));
#13814=DIRECTION('',(0.0,-1.0,0.0));
#13815=DIRECTION('',(0.0,0.0,1.0));
#13816=DIRECTION('',(0.0,1.0,5.27553618172919E-18));
#13817=DIRECTION('',(1.0,0.0,6.12303176911189E-17));
#13818=DIRECTION('',(-5.27553618172919E-18,1.0,-3.23022756398271E-34));
#13819=DIRECTION('',(1.0,0.0,6.12303176911189E-17));
#13820=DIRECTION('',(1.0,-3.74915180455534E-33,6.12303176911189E-17));
#13821=DIRECTION('',(5.27553618172919E-18,-1.0,-5.27553618172919E-18));
#13822=DIRECTION('',(1.0,0.0,6.12303176911189E-17));
#13823=DIRECTION('',(3.23022756398271E-34,-6.12303176911189E-17,1.0));
#13824=DIRECTION('',(0.0,0.0,1.0));
#13825=DIRECTION('',(-0.162844508346391,-0.973120409919987,0.162844508346391));
#13826=DIRECTION('',(-1.0,-0.0,-6.12303176911189E-17));
#13827=DIRECTION('',(-0.162844508346391,0.973120409919987,-0.162844508346391));
#13828=DIRECTION('',(0.162844508346391,-0.973120409919987,-0.162844508346391));
#13829=DIRECTION('',(1.0,0.0,6.12303176911189E-17));
#13830=DIRECTION('',(0.162844508346391,0.973120409919987,0.162844508346391));
#13831=DIRECTION('',(0.0,0.0,1.0));
#13832=DIRECTION('',(0.0,0.0,1.0));
#13833=DIRECTION('',(0.0,-0.0,-1.0));
#13834=DIRECTION('',(5.27553618172919E-18,-1.0,-5.27553618172919E-18));
#13835=DIRECTION('',(0.0,0.0,1.0));
#13836=DIRECTION('',(-1.0,-0.0,-6.12303176911189E-17));
#13837=DIRECTION('',(1.0,0.0,6.12303176911189E-17));
#13838=DIRECTION('',(0.162844508346391,-0.973120409919987,-0.162844508346391));
#13839=DIRECTION('',(0.162844508346391,0.973120409919987,0.162844508346391));
#13840=DIRECTION('',(1.0,0.0,6.12303176911189E-17));
#13841=DIRECTION('',(-0.162844508346391,-0.973120409919987,0.162844508346391));
#13842=DIRECTION('',(-0.162844508346391,0.973120409919987,-0.162844508346391));
#13843=DIRECTION('',(-1.0,0.0,-6.12303176911189E-17));
#13844=DIRECTION('',(0.0,0.0,1.0));
#13845=DIRECTION('',(0.0,0.0,1.0));
#13846=DIRECTION('',(-1.0,3.74915180455534E-33,-6.12303176911189E-17));
#13847=DIRECTION('',(0.0,-1.0,0.0));
#13848=DIRECTION('',(1.0,0.0,6.12303176911189E-17));
#13849=DIRECTION('',(-5.27553618172919E-18,1.0,-3.23022756398271E-34));
#13850=DIRECTION('',(0.0,6.12303176911189E-17,-1.0));
#13851=DIRECTION('',(0.0,1.0,5.27553618172919E-18));
#13852=DIRECTION('',(0.0,0.0,1.0));
#13853=DIRECTION('',(-0.0,0.0,1.0));
#13854=DIRECTION('',(0.0,-1.0,0.0));
#13855=DIRECTION('',(0.0,0.0,1.0));
#13856=DIRECTION('',(0.0,1.0,5.27553618172919E-18));
#13857=DIRECTION('',(1.0,0.0,6.12303176911189E-17));
#13858=DIRECTION('',(-5.27553618172919E-18,1.0,-3.23022756398271E-34));
#13859=DIRECTION('',(1.0,0.0,6.12303176911189E-17));
#13860=DIRECTION('',(1.0,-3.74915180455534E-33,6.12303176911189E-17));
#13861=DIRECTION('',(5.27553618172919E-18,-1.0,-5.27553618172919E-18));
#13862=DIRECTION('',(1.0,0.0,6.12303176911189E-17));
#13863=DIRECTION('',(3.23022756398271E-34,-6.12303176911189E-17,1.0));
#13864=DIRECTION('',(0.0,0.0,1.0));
#13865=DIRECTION('',(-0.162844508346391,-0.973120409919987,0.162844508346391));
#13866=DIRECTION('',(-1.0,-0.0,-6.12303176911189E-17));
#13867=DIRECTION('',(-0.162844508346391,0.973120409919987,-0.162844508346391));
#13868=DIRECTION('',(0.162844508346391,-0.973120409919987,-0.162844508346391));
#13869=DIRECTION('',(1.0,0.0,6.12303176911189E-17));
#13870=DIRECTION('',(0.162844508346391,0.973120409919987,0.162844508346391));
#13871=DIRECTION('',(0.0,0.0,1.0));
#13872=DIRECTION('',(0.0,0.0,1.0));
#13873=DIRECTION('',(0.0,-0.0,-1.0));
#13874=DIRECTION('',(5.27553618172919E-18,-1.0,-5.27553618172919E-18));
#13875=DIRECTION('',(0.0,0.0,1.0));
#13876=DIRECTION('',(-1.0,-0.0,-6.12303176911189E-17));
#13877=DIRECTION('',(1.0,0.0,6.12303176911189E-17));
#13878=DIRECTION('',(0.162844508346391,-0.973120409919987,-0.162844508346391));
#13879=DIRECTION('',(0.162844508346391,0.973120409919987,0.162844508346391));
#13880=DIRECTION('',(1.0,0.0,6.12303176911189E-17));
#13881=DIRECTION('',(-0.162844508346391,-0.973120409919987,0.162844508346391));
#13882=DIRECTION('',(-0.162844508346391,0.973120409919987,-0.162844508346391));
#13883=DIRECTION('',(-1.0,0.0,-6.12303176911189E-17));
#13884=DIRECTION('',(0.0,0.0,1.0));
#13885=DIRECTION('',(0.0,0.0,1.0));
#13886=DIRECTION('',(-1.0,3.74915180455534E-33,-6.12303176911189E-17));
#13887=DIRECTION('',(0.0,-1.0,0.0));
#13888=DIRECTION('',(1.0,0.0,6.12303176911189E-17));
#13889=DIRECTION('',(-5.27553618172919E-18,1.0,-3.23022756398271E-34));
#13890=DIRECTION('',(0.0,6.12303176911189E-17,-1.0));
#13891=DIRECTION('',(0.0,1.0,5.27553618172919E-18));
#13892=DIRECTION('',(0.0,0.0,1.0));
#13893=DIRECTION('',(-0.0,0.0,1.0));
#13894=DIRECTION('',(0.0,-1.0,0.0));
#13895=DIRECTION('',(0.0,0.0,1.0));
#13896=DIRECTION('',(0.0,1.0,5.27553618172919E-18));
#13897=DIRECTION('',(1.0,0.0,6.12303176911189E-17));
#13898=DIRECTION('',(-5.27553618172919E-18,1.0,-3.23022756398271E-34));
#13899=DIRECTION('',(1.0,0.0,6.12303176911189E-17));
#13900=DIRECTION('',(1.0,-3.74915180455534E-33,6.12303176911189E-17));
#13901=DIRECTION('',(5.27553618172919E-18,-1.0,-5.27553618172919E-18));
#13902=DIRECTION('',(1.0,0.0,6.12303176911189E-17));
#13903=DIRECTION('',(3.23022756398271E-34,-6.12303176911189E-17,1.0));
#13904=DIRECTION('',(0.0,0.0,1.0));
#13905=DIRECTION('',(-0.162844508346391,-0.973120409919987,0.162844508346391));
#13906=DIRECTION('',(-1.0,-0.0,-6.12303176911189E-17));
#13907=DIRECTION('',(-0.162844508346391,0.973120409919987,-0.162844508346391));
#13908=DIRECTION('',(0.162844508346391,-0.973120409919987,-0.162844508346391));
#13909=DIRECTION('',(1.0,0.0,6.12303176911189E-17));
#13910=DIRECTION('',(0.162844508346391,0.973120409919987,0.162844508346391));
#13911=DIRECTION('',(0.0,0.0,1.0));
#13912=DIRECTION('',(0.0,0.0,1.0));
#13913=DIRECTION('',(0.0,-0.0,-1.0));
#13914=DIRECTION('',(5.27553618172919E-18,-1.0,-5.27553618172919E-18));
#13915=DIRECTION('',(0.0,0.0,1.0));
#13916=DIRECTION('',(-1.0,-0.0,-6.12303176911189E-17));
#13917=DIRECTION('',(1.0,0.0,6.12303176911189E-17));
#13918=DIRECTION('',(0.162844508346391,-0.973120409919987,-0.162844508346391));
#13919=DIRECTION('',(0.162844508346391,0.973120409919987,0.162844508346391));
#13920=DIRECTION('',(1.0,0.0,6.12303176911189E-17));
#13921=DIRECTION('',(-0.162844508346391,-0.973120409919987,0.162844508346391));
#13922=DIRECTION('',(-0.162844508346391,0.973120409919987,-0.162844508346391));
#13923=DIRECTION('',(-1.0,0.0,-6.12303176911189E-17));
#13924=DIRECTION('',(0.0,0.0,1.0));
#13925=DIRECTION('',(0.0,0.0,1.0));
#13926=DIRECTION('',(-1.0,3.74915180455534E-33,-6.12303176911189E-17));
#13927=DIRECTION('',(0.0,-1.0,0.0));
#13928=DIRECTION('',(1.0,0.0,6.12303176911189E-17));
#13929=DIRECTION('',(-5.27553618172919E-18,1.0,-3.23022756398271E-34));
#13930=DIRECTION('',(0.0,6.12303176911189E-17,-1.0));
#13931=DIRECTION('',(0.0,1.0,5.27553618172919E-18));
#13932=DIRECTION('',(0.0,0.0,1.0));
#13933=DIRECTION('',(-0.0,0.0,1.0));
#13934=DIRECTION('',(0.0,-1.0,0.0));
#13935=DIRECTION('',(0.0,0.0,1.0));
#13936=DIRECTION('',(0.0,1.0,5.27553618172919E-18));
#13937=DIRECTION('',(1.0,0.0,6.12303176911189E-17));
#13938=DIRECTION('',(-5.27553618172919E-18,1.0,-3.23022756398271E-34));
#13939=DIRECTION('',(1.0,0.0,6.12303176911189E-17));
#13940=DIRECTION('',(1.0,-3.74915180455534E-33,6.12303176911189E-17));
#13941=DIRECTION('',(5.27553618172919E-18,-1.0,-5.27553618172919E-18));
#13942=DIRECTION('',(1.0,0.0,6.12303176911189E-17));
#13943=DIRECTION('',(3.23022756398271E-34,-6.12303176911189E-17,1.0));
#13944=DIRECTION('',(0.0,0.0,1.0));
#13945=DIRECTION('',(-0.162844508346391,-0.973120409919987,0.162844508346391));
#13946=DIRECTION('',(-1.0,-0.0,-6.12303176911189E-17));
#13947=DIRECTION('',(-0.162844508346391,0.973120409919987,-0.162844508346391));
#13948=DIRECTION('',(0.162844508346391,-0.973120409919987,-0.162844508346391));
#13949=DIRECTION('',(1.0,0.0,6.12303176911189E-17));
#13950=DIRECTION('',(0.162844508346391,0.973120409919987,0.162844508346391));
#13951=DIRECTION('',(0.0,0.0,1.0));
#13952=DIRECTION('',(0.0,0.0,1.0));
#13953=DIRECTION('',(0.0,-0.0,-1.0));
#13954=DIRECTION('',(5.27553618172919E-18,-1.0,-5.27553618172919E-18));
#13955=DIRECTION('',(0.0,0.0,1.0));
#13956=DIRECTION('',(-1.0,-0.0,-6.12303176911189E-17));
#13957=DIRECTION('',(1.0,0.0,6.12303176911189E-17));
#13958=DIRECTION('',(0.162844508346391,-0.973120409919987,-0.162844508346391));
#13959=DIRECTION('',(0.162844508346391,0.973120409919987,0.162844508346391));
#13960=DIRECTION('',(1.0,0.0,6.12303176911189E-17));
#13961=DIRECTION('',(-0.162844508346391,-0.973120409919987,0.162844508346391));
#13962=DIRECTION('',(-0.162844508346391,0.973120409919987,-0.162844508346391));
#13963=DIRECTION('',(-1.0,0.0,-6.12303176911189E-17));
#13964=DIRECTION('',(0.0,0.0,1.0));
#13965=DIRECTION('',(0.0,0.0,1.0));
#13966=DIRECTION('',(-1.0,3.74915180455534E-33,-6.12303176911189E-17));
#13967=DIRECTION('',(0.0,-1.0,0.0));
#13968=DIRECTION('',(1.0,0.0,6.12303176911189E-17));
#13969=DIRECTION('',(-5.27553618172919E-18,1.0,-3.23022756398271E-34));
#13970=DIRECTION('',(0.0,6.12303176911189E-17,-1.0));
#13971=DIRECTION('',(0.0,1.0,5.27553618172919E-18));
#13972=DIRECTION('',(0.0,0.0,1.0));
#13973=DIRECTION('',(-0.0,0.0,1.0));
#13974=DIRECTION('',(0.0,-1.0,0.0));
#13975=DIRECTION('',(0.0,0.0,1.0));
#13976=DIRECTION('',(0.0,1.0,5.27553618172919E-18));
#13977=DIRECTION('',(1.0,0.0,6.12303176911189E-17));
#13978=DIRECTION('',(-5.27553618172919E-18,1.0,-3.23022756398271E-34));
#13979=DIRECTION('',(1.0,0.0,6.12303176911189E-17));
#13980=DIRECTION('',(1.0,-3.74915180455534E-33,6.12303176911189E-17));
#13981=DIRECTION('',(5.27553618172919E-18,-1.0,-5.27553618172919E-18));
#13982=DIRECTION('',(1.0,0.0,6.12303176911189E-17));
#13983=DIRECTION('',(3.23022756398271E-34,-6.12303176911189E-17,1.0));
#13984=DIRECTION('',(0.0,0.0,1.0));
#13985=DIRECTION('',(-0.162844508346391,-0.973120409919987,0.162844508346391));
#13986=DIRECTION('',(-1.0,-0.0,-6.12303176911189E-17));
#13987=DIRECTION('',(-0.162844508346391,0.973120409919987,-0.162844508346391));
#13988=DIRECTION('',(0.162844508346391,-0.973120409919987,-0.162844508346391));
#13989=DIRECTION('',(1.0,0.0,6.12303176911189E-17));
#13990=DIRECTION('',(0.162844508346391,0.973120409919987,0.162844508346391));
#13991=DIRECTION('',(0.0,0.0,1.0));
#13992=DIRECTION('',(0.0,0.0,1.0));
#13993=DIRECTION('',(0.0,-0.0,-1.0));
#13994=DIRECTION('',(5.27553618172919E-18,-1.0,-5.27553618172919E-18));
#13995=DIRECTION('',(0.0,0.0,1.0));
#13996=DIRECTION('',(-1.0,-0.0,-6.12303176911189E-17));
#13997=DIRECTION('',(1.0,0.0,6.12303176911189E-17));
#13998=DIRECTION('',(0.162844508346391,-0.973120409919987,-0.162844508346391));
#13999=DIRECTION('',(0.162844508346391,0.973120409919987,0.162844508346391));
#14000=DIRECTION('',(1.0,0.0,6.12303176911189E-17));
#14001=DIRECTION('',(-0.162844508346391,-0.973120409919987,0.162844508346391));
#14002=DIRECTION('',(-0.162844508346391,0.973120409919987,-0.162844508346391));
#14003=DIRECTION('',(-1.0,0.0,-6.12303176911189E-17));
#14004=DIRECTION('',(0.0,0.0,1.0));
#14005=DIRECTION('',(0.0,0.0,1.0));
#14006=DIRECTION('',(-1.0,3.74915180455534E-33,-6.12303176911189E-17));
#14007=DIRECTION('',(0.0,-1.0,0.0));
#14008=DIRECTION('',(1.0,0.0,6.12303176911189E-17));
#14009=DIRECTION('',(-5.27553618172919E-18,1.0,-3.23022756398271E-34));
#14010=DIRECTION('',(0.0,6.12303176911189E-17,-1.0));
#14011=DIRECTION('',(0.0,1.0,5.27553618172919E-18));
#14012=DIRECTION('',(0.0,0.0,1.0));
#14013=DIRECTION('',(-0.0,0.0,1.0));
#14014=DIRECTION('',(0.0,-1.0,0.0));
#14015=DIRECTION('',(0.0,0.0,1.0));
#14016=DIRECTION('',(0.0,1.0,5.27553618172919E-18));
#14017=DIRECTION('',(1.0,0.0,6.12303176911189E-17));
#14018=DIRECTION('',(-5.27553618172919E-18,1.0,-3.23022756398271E-34));
#14019=DIRECTION('',(1.0,0.0,6.12303176911189E-17));
#14020=DIRECTION('',(1.0,-3.74915180455534E-33,6.12303176911189E-17));
#14021=DIRECTION('',(5.27553618172919E-18,-1.0,-5.27553618172919E-18));
#14022=DIRECTION('',(1.0,0.0,6.12303176911189E-17));
#14023=DIRECTION('',(3.23022756398271E-34,-6.12303176911189E-17,1.0));
#14024=DIRECTION('',(0.0,0.0,1.0));
#14025=DIRECTION('',(-0.162844508346391,-0.973120409919987,0.162844508346391));
#14026=DIRECTION('',(-1.0,-0.0,-6.12303176911189E-17));
#14027=DIRECTION('',(-0.162844508346391,0.973120409919987,-0.162844508346391));
#14028=DIRECTION('',(0.162844508346391,-0.973120409919987,-0.162844508346391));
#14029=DIRECTION('',(1.0,0.0,6.12303176911189E-17));
#14030=DIRECTION('',(0.162844508346391,0.973120409919987,0.162844508346391));
#14031=DIRECTION('',(0.0,0.0,1.0));
#14032=DIRECTION('',(0.0,0.0,1.0));
#14033=DIRECTION('',(0.0,-0.0,-1.0));
#14034=DIRECTION('',(5.27553618172919E-18,-1.0,-5.27553618172919E-18));
#14035=DIRECTION('',(0.0,0.0,1.0));
#14036=DIRECTION('',(-1.0,-0.0,-6.12303176911189E-17));
#14037=DIRECTION('',(1.0,0.0,6.12303176911189E-17));
#14038=DIRECTION('',(0.162844508346391,-0.973120409919987,-0.162844508346391));
#14039=DIRECTION('',(0.162844508346391,0.973120409919987,0.162844508346391));
#14040=DIRECTION('',(1.0,0.0,6.12303176911189E-17));
#14041=DIRECTION('',(-0.162844508346391,-0.973120409919987,0.162844508346391));
#14042=DIRECTION('',(-0.162844508346391,0.973120409919987,-0.162844508346391));
#14043=DIRECTION('',(-1.0,0.0,-6.12303176911189E-17));
#14044=DIRECTION('',(0.0,0.0,1.0));
#14045=DIRECTION('',(0.0,0.0,1.0));
#14046=DIRECTION('',(-1.0,3.74915180455534E-33,-6.12303176911189E-17));
#14047=DIRECTION('',(0.0,-1.0,0.0));
#14048=DIRECTION('',(1.0,0.0,6.12303176911189E-17));
#14049=DIRECTION('',(-5.27553618172919E-18,1.0,-3.23022756398271E-34));
#14050=DIRECTION('',(0.0,6.12303176911189E-17,-1.0));
#14051=DIRECTION('',(0.0,1.0,5.27553618172919E-18));
#14052=DIRECTION('',(0.0,0.0,1.0));
#14053=DIRECTION('',(-0.0,0.0,1.0));
#14054=DIRECTION('',(0.0,-1.0,0.0));
#14055=DIRECTION('',(0.0,0.0,1.0));
#14056=DIRECTION('',(0.0,1.0,5.27553618172919E-18));
#14057=DIRECTION('',(1.0,0.0,6.12303176911189E-17));
#14058=DIRECTION('',(-5.27553618172919E-18,1.0,-3.23022756398271E-34));
#14059=DIRECTION('',(1.0,0.0,6.12303176911189E-17));
#14060=DIRECTION('',(1.0,-3.74915180455534E-33,6.12303176911189E-17));
#14061=DIRECTION('',(5.27553618172919E-18,-1.0,-5.27553618172919E-18));
#14062=DIRECTION('',(1.0,0.0,6.12303176911189E-17));
#14063=DIRECTION('',(3.23022756398271E-34,-6.12303176911189E-17,1.0));
#14064=DIRECTION('',(0.0,0.0,1.0));
#14065=DIRECTION('',(-0.162844508346391,-0.973120409919987,0.162844508346391));
#14066=DIRECTION('',(-1.0,-0.0,-6.12303176911189E-17));
#14067=DIRECTION('',(-0.162844508346391,0.973120409919987,-0.162844508346391));
#14068=DIRECTION('',(0.162844508346391,-0.973120409919987,-0.162844508346391));
#14069=DIRECTION('',(1.0,0.0,6.12303176911189E-17));
#14070=DIRECTION('',(0.162844508346391,0.973120409919987,0.162844508346391));
#14071=DIRECTION('',(0.0,0.0,1.0));
#14072=DIRECTION('',(0.0,0.0,1.0));
#14073=DIRECTION('',(0.0,-0.0,-1.0));
#14074=DIRECTION('',(5.27553618172919E-18,-1.0,-5.27553618172919E-18));
#14075=DIRECTION('',(0.0,0.0,1.0));
#14076=DIRECTION('',(-1.0,-0.0,-6.12303176911189E-17));
#14077=DIRECTION('',(1.0,0.0,6.12303176911189E-17));
#14078=DIRECTION('',(0.162844508346391,-0.973120409919987,-0.162844508346391));
#14079=DIRECTION('',(0.162844508346391,0.973120409919987,0.162844508346391));
#14080=DIRECTION('',(1.0,0.0,6.12303176911189E-17));
#14081=DIRECTION('',(-0.162844508346391,-0.973120409919987,0.162844508346391));
#14082=DIRECTION('',(-0.162844508346391,0.973120409919987,-0.162844508346391));
#14083=DIRECTION('',(-1.0,0.0,-6.12303176911189E-17));
#14084=DIRECTION('',(0.0,0.0,1.0));
#14085=DIRECTION('',(0.0,0.0,1.0));
#14086=DIRECTION('',(-1.0,3.74915180455534E-33,-6.12303176911189E-17));
#14087=DIRECTION('',(0.0,-1.0,0.0));
#14088=DIRECTION('',(1.0,0.0,6.12303176911189E-17));
#14089=DIRECTION('',(-5.27553618172919E-18,1.0,-3.23022756398271E-34));
#14090=DIRECTION('',(0.0,6.12303176911189E-17,-1.0));
#14091=DIRECTION('',(0.0,1.0,5.27553618172919E-18));
#14092=DIRECTION('',(0.0,0.0,1.0));
#14093=DIRECTION('',(-0.0,0.0,1.0));
#14094=DIRECTION('',(0.0,-1.0,0.0));
#14095=DIRECTION('',(0.0,0.0,1.0));
#14096=DIRECTION('',(0.0,1.0,5.27553618172919E-18));
#14097=DIRECTION('',(1.0,0.0,6.12303176911189E-17));
#14098=DIRECTION('',(-5.27553618172919E-18,1.0,-3.23022756398271E-34));
#14099=DIRECTION('',(1.0,0.0,6.12303176911189E-17));
#14100=DIRECTION('',(1.0,-3.74915180455534E-33,6.12303176911189E-17));
#14101=DIRECTION('',(5.27553618172919E-18,-1.0,-5.27553618172919E-18));
#14102=DIRECTION('',(1.0,0.0,6.12303176911189E-17));
#14103=DIRECTION('',(3.23022756398271E-34,-6.12303176911189E-17,1.0));
#14104=DIRECTION('',(0.0,0.0,1.0));
#14105=DIRECTION('',(-0.162844508346391,-0.973120409919987,0.162844508346391));
#14106=DIRECTION('',(-1.0,-0.0,-6.12303176911189E-17));
#14107=DIRECTION('',(-0.162844508346391,0.973120409919987,-0.162844508346391));
#14108=DIRECTION('',(0.162844508346391,-0.973120409919987,-0.162844508346391));
#14109=DIRECTION('',(1.0,0.0,6.12303176911189E-17));
#14110=DIRECTION('',(0.162844508346391,0.973120409919987,0.162844508346391));
#14111=DIRECTION('',(0.0,0.0,1.0));
#14112=DIRECTION('',(0.0,0.0,1.0));
#14113=DIRECTION('',(0.0,-0.0,-1.0));
#14114=DIRECTION('',(5.27553618172919E-18,-1.0,-5.27553618172919E-18));
#14115=DIRECTION('',(0.0,0.0,1.0));
#14116=DIRECTION('',(-1.0,-0.0,-6.12303176911189E-17));
#14117=DIRECTION('',(1.0,0.0,6.12303176911189E-17));
#14118=DIRECTION('',(0.162844508346391,-0.973120409919987,-0.162844508346391));
#14119=DIRECTION('',(0.162844508346391,0.973120409919987,0.162844508346391));
#14120=DIRECTION('',(1.0,0.0,6.12303176911189E-17));
#14121=DIRECTION('',(-0.162844508346391,-0.973120409919987,0.162844508346391));
#14122=DIRECTION('',(-0.162844508346391,0.973120409919987,-0.162844508346391));
#14123=DIRECTION('',(-1.0,0.0,-6.12303176911189E-17));
#14124=DIRECTION('',(0.0,0.0,1.0));
#14125=DIRECTION('',(0.0,0.0,1.0));
#14126=DIRECTION('',(-0.257662650560332,-0.966234939601246,-5.91628723160434E-17));
#14127=DIRECTION('',(0.0,0.0,1.0));
#14128=DIRECTION('',(-0.257662650560332,-0.966234939601246,-0.0));
#14129=DIRECTION('',(0.0,0.0,1.0));
#14130=DIRECTION('',(1.0,0.0,-0.0));
#14131=DIRECTION('',(0.0,0.0,1.0));
#14132=DIRECTION('',(1.0,0.0,0.0));
#14133=DIRECTION('',(-0.257662650560332,0.966234939601246,5.91628723160434E-17));
#14134=DIRECTION('',(-0.257662650560332,0.966234939601246,0.0));
#14135=DIRECTION('',(0.0,-1.0,0.0));
#14136=DIRECTION('',(1.0,0.0,1.22460635382238E-16));
#14137=DIRECTION('',(-0.0,1.0,0.0));
#14138=DIRECTION('',(1.0,0.0,1.22460635382238E-16));
#14139=DIRECTION('',(0.0,1.0,0.0));
#14140=DIRECTION('',(-1.0,7.49830360911069E-33,-1.22460635382238E-16));
#14141=DIRECTION('',(-1.22460635382238E-16,-6.12303176911189E-17,1.0));
#14142=DIRECTION('',(1.22460635382238E-16,0.0,-1.0));
#14143=DIRECTION('',(0.0,-1.0,-0.0));
#14144=DIRECTION('',(-0.0,1.0,0.0));
#14145=DIRECTION('',(1.0,-7.49830360911069E-33,1.22460635382238E-16));
#14146=DIRECTION('',(-1.0,-0.0,-1.22460635382238E-16));
#14147=DIRECTION('',(0.0,-1.0,0.0));
#14148=DIRECTION('',(-1.0,0.0,-1.22460635382238E-16));
#14149=DIRECTION('',(0.0,0.0,-1.0));
#14150=DIRECTION('',(0.0,-0.0,1.0));
#14151=CARTESIAN_POINT('',(30.48,1.16643755201581E-16,2.7305));
#14152=DIRECTION('',(0.0,1.0,6.12303176911189E-17));
#14153=DIRECTION('',(0.0,-6.12303176911189E-17,1.0));
#14154=CARTESIAN_POINT('',(30.48,1.16643755201581E-16,2.7305));
#14155=DIRECTION('',(0.0,1.0,6.12303176911189E-17));
#14156=DIRECTION('',(0.0,-6.12303176911189E-17,1.0));
#14157=CARTESIAN_POINT('',(30.48,4.51022520112781E-16,-2.7305));
#14158=DIRECTION('',(0.0,1.0,6.12303176911189E-17));
#14159=DIRECTION('',(0.0,-6.12303176911189E-17,1.0));
#14160=CARTESIAN_POINT('',(30.48,4.51022520112781E-16,-2.7305));
#14161=DIRECTION('',(0.0,1.0,6.12303176911189E-17));
#14162=DIRECTION('',(0.0,-6.12303176911189E-17,1.0));
#14163=CARTESIAN_POINT('',(2.54,1.16643755201581E-16,2.7305));
#14164=DIRECTION('',(0.0,1.0,6.12303176911189E-17));
#14165=DIRECTION('',(0.0,-6.12303176911189E-17,1.0));
#14166=CARTESIAN_POINT('',(2.54,1.16643755201581E-16,2.7305));
#14167=DIRECTION('',(0.0,1.0,6.12303176911189E-17));
#14168=DIRECTION('',(0.0,-6.12303176911189E-17,1.0));
#14169=CARTESIAN_POINT('',(2.54,4.51022520112781E-16,-2.7305));
#14170=DIRECTION('',(0.0,1.0,6.12303176911189E-17));
#14171=DIRECTION('',(0.0,-6.12303176911189E-17,1.0));
#14172=CARTESIAN_POINT('',(2.54,4.51022520112781E-16,-2.7305));
#14173=DIRECTION('',(0.0,1.0,6.12303176911189E-17));
#14174=DIRECTION('',(0.0,-6.12303176911189E-17,1.0));
#14175=DIRECTION('',(0.0,6.12303176911189E-17,-1.0));
#14176=DIRECTION('',(1.0,0.0,0.0));
#14177=DIRECTION('',(-1.83690953073357E-16,-6.12303176911189E-17,1.0));
#14178=DIRECTION('',(1.0,0.0,0.0));
#14179=DIRECTION('',(0.0,6.12303176911189E-17,-1.0));
#14180=DIRECTION('',(-1.0,0.0,0.0));
#14181=DIRECTION('',(-1.83690953073357E-16,-6.12303176911189E-17,1.0));
#14182=DIRECTION('',(-1.0,0.0,0.0));
#14183=DIRECTION('',(0.0,6.12303176911189E-17,-1.0));
#14184=DIRECTION('',(-1.0,0.0,0.0));
#14185=DIRECTION('',(0.0,-6.12303176911189E-17,1.0));
#14186=DIRECTION('',(-1.0,0.0,0.0));
#14187=DIRECTION('',(0.0,6.12303176911189E-17,-1.0));
#14188=DIRECTION('',(-1.0,0.0,0.0));
#14189=DIRECTION('',(0.0,-6.12303176911189E-17,1.0));
#14190=DIRECTION('',(-1.0,0.0,0.0));
#14191=DIRECTION('',(0.0,6.12303176911189E-17,-1.0));
#14192=DIRECTION('',(0.0,0.0,1.0));
#14193=DIRECTION('',(0.0,1.0,7.60166398237012E-17));
#14194=DIRECTION('',(0.0,0.0,1.0));
#14195=DIRECTION('',(0.0,-1.0,7.60166398237012E-17));
#14196=DIRECTION('',(0.0,0.0,1.0));
#14197=DIRECTION('',(-0.0,-0.0,-1.0));
#14198=DIRECTION('',(-1.0,0.0,0.0));
#14199=DIRECTION('',(-1.83690953073357E-16,0.0,1.0));
#14200=DIRECTION('',(1.0,0.0,0.0));
#14201=DIRECTION('',(0.0,-1.0,0.0));
#14202=DIRECTION('',(1.1247455413666E-32,1.0,-0.0));
#14203=DIRECTION('',(0.0,-1.0,0.0));
#14204=DIRECTION('',(1.0,0.0,-0.0));
#14205=DIRECTION('',(0.0,1.0,-0.0));
#14206=DIRECTION('',(-1.0,0.0,0.0));
#14207=DIRECTION('',(0.0,1.0,0.0));
#14208=DIRECTION('',(-1.1247455413666E-32,-1.0,0.0));
#14209=DIRECTION('',(0.0,0.0,1.0));
#14210=DIRECTION('',(0.0,0.0,1.0));
#14211=DIRECTION('',(0.0,1.0,-7.60166398237012E-17));
#14212=DIRECTION('',(0.0,0.0,1.0));
#14213=DIRECTION('',(-0.0,-1.0,-7.60166398237012E-17));
#14214=DIRECTION('',(0.0,0.0,1.0));
#14215=DIRECTION('',(-0.0,1.0,6.12303176911189E-17));
#14216=DIRECTION('',(0.0,0.0,-1.0));
#14217=DIRECTION('',(0.0,1.0,0.0));
#14218=DIRECTION('',(0.0,0.0,-1.0));
#14219=DIRECTION('',(0.0,-1.0,-7.60166398237012E-17));
#14220=DIRECTION('',(0.0,-0.766044443118978,-0.642787609686539));
#14221=DIRECTION('',(0.0,6.12303176911189E-17,-1.0));
#14222=DIRECTION('',(1.0,0.0,-0.0));
#14223=DIRECTION('',(-1.0,0.0,0.0));
#14224=DIRECTION('',(0.0,-1.0,0.0));
#14225=DIRECTION('',(-1.0,0.0,0.0));
#14226=DIRECTION('',(0.0,0.0,-1.0));
#14227=DIRECTION('',(-0.0,-1.0,-6.12303176911189E-17));
#14228=DIRECTION('',(0.0,-6.12303176911189E-17,1.0));
#14229=DIRECTION('',(0.0,0.766044443118978,0.642787609686539));
#14230=DIRECTION('',(0.0,1.0,7.60166398237012E-17));
#14231=DIRECTION('',(0.0,0.0,1.0));
#14232=DIRECTION('',(-1.0,-0.0,-6.12303176911189E-17));
#14233=DIRECTION('',(1.0,0.0,6.12303176911189E-17));
#14234=DIRECTION('',(1.0,0.0,6.12303176911189E-17));
#14235=DIRECTION('',(1.0,0.0,6.12303176911189E-17));
#14236=DIRECTION('',(1.0,0.0,6.12303176911189E-17));
#14237=DIRECTION('',(-1.0,3.74915180455534E-33,-6.12303176911189E-17));
#14238=DIRECTION('',(0.540716203060937,0.644400477571772,0.540716203060937));
#14239=DIRECTION('',(0.540716203060937,-0.644400477571772,-0.540716203060937));
#14240=DIRECTION('',(-1.0,3.74915180455534E-33,-6.12303176911189E-17));
#14241=DIRECTION('',(-5.13783369914856E-17,6.12303176911189E-17,-1.0));
#14242=DIRECTION('',(-0.540716203060937,0.644400477571772,-0.540716203060937));
#14243=DIRECTION('',(1.0,0.0,6.12303176911189E-17));
#14244=DIRECTION('',(1.0,-3.74915180455534E-33,6.12303176911189E-17));
#14245=DIRECTION('',(-0.540716203060937,-0.644400477571772,0.540716203060936));
#14246=DIRECTION('',(-5.13783369914856E-17,-6.12303176911189E-17,1.0));
#14247=DIRECTION('',(0.0,1.0,6.12303176911189E-17));
#14248=DIRECTION('',(1.83690953073357E-16,6.12303176911189E-17,-1.0));
#14249=DIRECTION('',(0.0,1.0,6.12303176911189E-17));
#14250=DIRECTION('',(1.0,0.0,0.0));
#14251=DIRECTION('',(0.0,1.0,6.12303176911189E-17));
#14252=DIRECTION('',(0.0,-6.12303176911189E-17,1.0));
#14253=DIRECTION('',(0.0,1.0,6.12303176911189E-17));
#14254=DIRECTION('',(1.0,0.0,0.0));
#14255=DIRECTION('',(0.0,1.0,6.12303176911189E-17));
#14256=DIRECTION('',(0.0,6.12303176911189E-17,-1.0));
#14257=DIRECTION('',(0.0,1.0,6.12303176911189E-17));
#14258=DIRECTION('',(1.0,0.0,0.0));
#14259=DIRECTION('',(0.0,1.0,6.12303176911189E-17));
#14260=DIRECTION('',(0.0,-6.12303176911189E-17,1.0));
#14261=DIRECTION('',(0.0,1.0,6.12303176911189E-17));
#14262=DIRECTION('',(1.0,0.0,0.0));
#14263=DIRECTION('',(0.0,1.0,6.12303176911189E-17));
#14264=DIRECTION('',(0.0,6.12303176911189E-17,-1.0));
#14265=DIRECTION('',(0.0,1.0,6.12303176911189E-17));
#14266=DIRECTION('',(1.0,0.0,0.0));
#14267=DIRECTION('',(0.0,1.0,6.12303176911189E-17));
#14268=DIRECTION('',(0.0,-6.12303176911189E-17,1.0));
#14269=DIRECTION('',(0.0,1.0,6.12303176911189E-17));
#14270=DIRECTION('',(-1.0,0.0,0.0));
#14271=DIRECTION('',(-1.0,0.0,0.0));
ENDSEC;
END-ISO-10303-21;
